A0A024R274,"IRF-3,MH2,MH1"
A0A0S2Z383,Homeobox
A0A0S2Z4N5,"P53_tetramer,P53,Fork_head_N,SAM_2"
A0A140VKC4,MBD
A0A384N5W4,"STAT_int,STAT_bind,STAT_alpha,Hemerythrin,SH2"
A0A7I2PJA1,"zf-C2H2_4,zf-H2C2_2,zf-C2H2,TP1"
A0AVK6,"TrmB,UPF0122,E2F_TDP,B-block_TFIIIC"
A0PJY2,"zf-C2H2_4,zf-RING_3,zf-C2H2,zf-C2H2_jaz,zf-C3HC4_2,zf-CHY,zf-met,zf-H2C2_2,CxxC_CxxC_SSSS,HypA,zf-Sec23_Sec24,GAGA,Zn_Tnp_IS1595,DZR,FYDLN_acid,zf-C2H2_6"
A1A519,"RHH_1,zf-C2H2_jaz"
A6NCS4,"Homeobox,Homez"
A6NI15,HLH
A6NJ46,"Homeobox,Homez"
A6NKF2,ARID
A8K3H3,"Hormone_recep,Troponin-I_N,zf-C4"
A8K8V0,"zf-C2H2_4,zf-C2H2,Zn_ribbon_recom,zf-CHCC,zf-C2H2_jaz,zf-met,zf-H2C2_2,Yippee,zf-DNA_Pol,zf-RING_3,TFIIS_C,zf-CHY,zf-AN1,RRN7,zf-C2H2_6,Prok-RING_1,KRAB,DUF1163,SprT-like,PhnA_Zn_Ribbon,zf-trcl,Plasmod_MYXSPDY,CxxC_CxxC_SSSS,zf-C2HC_2,CpXC,zf-LYAR"
A8MTJ6,"Fork_head,HNH_2"
A8MTQ0,"Homeobox,HTH_23,Homez"
A8MZ59,Homeobox
A9YTQ3,"HLH,PAS,PAS_3,PAS_9,PAS_4"
B2RXF5,"zf-C2H2_4,Elf1,zf-C2H2,zinc_ribbon_5,FYVE,zf-C2H2_jaz,zinc_ribbon_4,Cys_rich_CWC,zf-met,Rad50_zn_hook,zf-H2C2_2,zf-CHY,BTB,GAGA,CpXC,FYDLN_acid,zf-C2H2_6,zf-LYAR"
B6ZGT9,"Hormone_recep,zf-C4"
D0VY79,"HIF-1,HIF-1a_CTAD,PAS,HLH,PAS_3,PAS_9,PAS_4,Dicty_REP"
E9PFV2,"PPARgamma_N,Hormone_recep,zf-C4"
F1D8N4,"Hormone_recep,GCR,zf-C4"
F1D8S3,"ISAV_HA,Hormone_recep,zf-C4"
F1D8S4,"Hormone_recep,zf-C4"
F1D8S6,"FadA,DUF1140,Hormone_recep,CAP_N,zf-C4"
F1DAL1,"Hormone_recep,zf-C4"
F1T0F8,"Homeobox_KN,Homeobox,PAX,HTH_Tnp_IS1"
G4XH65,"ESR1_C,Oest_recep,Hormone_recep,zf-C4"
O00321,Ets
O00327,"HLH,PAS,PAS_2,PAS_3,PAS_9,PAS_4"
O00358,Fork_head
O00409,Fork_head
O00470,"Homeobox,Homeobox_KN"
O00482,"zf-RING_2,Hormone_recep,zf-C4"
O00488,"DUF3073,zf-C2H2_jaz,zf-C2H2_2,zf-met"
O00712,"MH1,NfI_DNAbd_pre-N,CTF_NFI"
O00716,"E2F_TDP,SufE"
O14497,"ARID,DUF3518"
O14503,"HLH,Oscp1,Hairy_orange"
O14529,"Prefoldin_3,Minor_capsid_3,FH2,NPV_P10,Homeobox,Baculo_PEP_C,DUF4279,Homeobox_KN,CUT"
O14593,"Ank_2,Ank_3,Ank,Ank_4,Ank_5"
O14627,"Homeobox,Homeobox_KN,Caudal_act"
O14628,"zf-C2H2_4,C1_4,zf-C2H2,C1_3,zf-C2H2_jaz,KRAB,XPA_N,zf-H2C2_2,CxxC_CxxC_SSSS,HTH_Tnp_ISL3,GAGA,Zn_Tnp_IS1595,DUF164,zf-C2H2_6"
O14770,"Homeobox,Homeobox_KN"
O14771,"zf-C2H2_4,zf-C2H2,zf-C2H2_jaz,zf-met,XPA_N,zf-H2C2_2,C1_1,HTH_Tnp_ISL3,DUF2321,zf-C2H2_6,AAA_22,Prok-RING_1,KRAB,LIM,SCAN,DNA_RNApol_7kD,zf-trcl,CxxC_CxxC_SSSS,CpXC,zf-LYAR"
O14813,"MRP-L20,Homeobox"
O14862,"HIN,tRNA_anti,PYRIN,DUF2950"
O14896,"IRF,IRF-3"
O14901,"zf-C2H2_4,zf-C2H2,zf-BED,zf-C2H2_jaz,zf-met2,zf-met,zf-H2C2_2,RRN7,zf-C2H2_6"
O14948,"HLH,DUF3371"
O14978,"zf-C2H2_4,C1_4,zf-C2H2,SCAN,zf-C2H2_jaz,KRAB,zf-H2C2_2,CxxC_CxxC_SSSS,FYDLN_acid,zf-C2H2_6,BolA"
O15015,"zf-C2H2_4,zf-C2H2,zf-C2H2_jaz,zf-met,zf-H2C2_2,BolA,zf-C2HC_2,zf-C2H2_6,zf-DNA_Pol"
O15060,"zf-C2H2_4,zf-C2H2,zf-H2C2_2,BTB,BolA"
O15062,"zf-C2H2_4,zf-C2H2,Rota_NS35,APP_N,zf-H2C2_2,BTB,DUF3342"
O15119,"TBX,T-box"
O15156,"zf-C2H2_4,zf-C2H2,Mito_fiss_reg,zf-C2H2_jaz,zf-CHY,zf-met,zf-H2C2_2,BTB,zf-C2H2_2,GAGA,C1_1,RRN7,zf-C2H2_6"
O15178,T-box
O15198,"IRF-3,DUF4223,MH2,MH1,DUF605"
O15209,"zf-C2H2_4,DUF2225,Elf1,zf-C2H2,zf-C2H2_jaz,zf-H2C2_2,DUF2256,BTB,Rtf2,zf-C2H2_2,zf-C2H2_6"
O15226,"dsrm,R3H,G-patch,G-patch_2"
O15266,"MRP-L20,Homeobox,Homeobox_KN,OAR"
O15353,Fork_head
O15370,"HMG_box,DUF1898,Ribosomal_60s"
O15391,"zf-C2H2_4,zf-C2H2,zf-C2H2_jaz,zf-met,CCAP,zf-H2C2_2,Transpos_assoc,Closter_coat,zf-C2H2_6"
O15405,"HMG_box,DUF1898,ERM"
O15409,"Fork_head,TT_ORF1,LMBR1,Auxin_repressed,eIF-3_zeta,Med15,Plasmodium_Vir"
O15499,"Homeobox,HA,Homeobox_KN,HTH_32"
O15522,Homeobox
O15525,"Mst1_SARAH,DivIC,TMF_DNA_bd,DUF4140,DUF972,IncA,bZIP_Maf,OmpH,DUF342,bZIP_2,Atg14,Spc24,DUF904,HALZ,APG6,Bap31,bZIP_1,DUF1192"
O15535,"zf-C2H2_4,C1_4,zf-C2H2,SCAN,FYVE,Prok-RING_1,zf-C2H2_jaz,XPA_N,zf-H2C2_2,HTH_Tnp_ISL3,CxxC_CxxC_SSSS,Zn_Tnp_IS1595,zf-C2H2_6,MAT_Alpha1"
O43151,"Tet_JBP,zf-CXXC"
O43167,"zf-C2H2_4,zf-C2H2,DUF2180,zf-C2H2_jaz,zf-met,XPA_N,zf-H2C2_2,CxxC_CxxC_SSSS,BTB,zf-C2HC_2,GAGA,zf-H2C2_5,zf-C2H2_6,zf-FCS,BolA"
O43186,"MRP-L20,REV,Homeobox_KN,Homeobox,TF_Otx"
O43248,"Homeobox_KN,Homeobox,DUF3528"
O43296,"zf-C2H2_4,zf-C2H2,YhfH,zf-C2H2_jaz,C1_3,XPA_N,zf-H2C2_2,C1_1,TFIIS_C,zf-AN1,HTH_Tnp_ISL3,Zn_Tnp_IS1595,zf-C2H2_6,zf-UBP,Prok-RING_1,KRAB,DZR,CxxC_CxxC_SSSS,BolA"
O43298,"zf-C2H2_4,zf-C2H2,zf-CSL,zf-C2H2_jaz,DUF968,zf-met,zf-H2C2_2,DUF2256,BTB"
O43309,"zf-C2H2_4,zf-C2H2,DUF3926,SCAN,zf-C2H2_jaz,zf-met2,XPA_N,ZZ,zf-H2C2_2,CxxC_CxxC_SSSS,HTH_Tnp_ISL3,zf-C2H2_6,LIM,MAT_Alpha1,A2L_zn_ribbon"
O43316,"HTH_Tnp_IS1,HTH_29,Homeobox_KN,Homeobox,HTH_23,PAX"
O43364,Homeobox
O43365,"DUF4074,Homeobox_KN,Homeobox"
O43435,T-box
O43474,"zf-C2H2_4,Zn_Tnp_IS1,zf-C2H2,zf-C2H2_jaz,zf-met,zf-H2C2_2"
O43524,Fork_head
O43593,JmjC
O43623,"zf-C2H2_4,zf-C2H2,zf-CHCC,zf-C2H2_jaz,zf-met,zf-H2C2_2,zf-AN1,zf-CHY,Zn_Tnp_IS1595,zf-C2H2_6,PyrI_C,Trm112p,Elf1,Rpr2,zf-BED,zf-C3HC4_2,CxxC_CxxC_SSSS,zf-C2H2_2,zf-C2HC_2"
O43680,HLH
O43711,"Tubulin_2,Homeobox,Homez"
O43763,"Homeobox,Homez"
O43829,"zf-C2H2_4,C1_4,Elf1,zf-C2H2,zf-C2H2_jaz,zf-CHY,zf-met,zf-H2C2_2,BTB,zf-C2HC_2,RIG-I_C-RD,zf-C2H2_6,LIM,K_tetra"
O43889,"bZIP_2,bZIP_1,IpaB_EvcA"
O43918,"SAND,zf-HC5HC2H,Prok-RING_1,PHD,Sp100,C1_1,PHD_2,zf-HC5HC2H_2"
O60248,"HMG_box,DUF1898"
O60281,"zf-C2H2_4,zf-C2H2,DUF3279,zf-C2H2_jaz,zf-C2H2_6,EutQ"
O60284,"Tropomyosin_1,V_ATPase_I,zf-C2HC,MYT1,DivIC,TBPIP,CENP-H,DUF972,ADIP,IBR,Sina,DUF342,DUF2951,DUF1664"
O60304,"zf-C2H2_4,zf-C2H2,zf-ribbon_3,C1_3,zf-C2H2_jaz,Ogr_Delta,YhfH,XPA_N,zf-met,zf-H2C2_2,HypA,GAGA,FdhE,C1_4,zf-RING_3,TFIIS_C,DUF2180,HTH_Tnp_ISL3,Zn_Tnp_IS1595,RRN7,zinc_ribbon_2,zf-C2H2_6,Prok-RING_1,zf-HIT,cEGF,KRAB,DUF82,DZR,LIM,Elf1,SCAN,CxxC_CxxC_SSSS,HTH_18,DUF164,CpXC,FYDLN_acid,zf-LYAR"
O60315,"zf-C2H2_4,zf-C2H2,zf-C2H2_jaz,zf-met,zf-H2C2_2,Homeobox,zf-C2H2_2,zf-H2C2_5,zf-C2H2_6"
O60356,Phospho_p8
O60381,"HMG_box,DUF1898,MAT_Alpha1,AXH"
O60393,Homeobox
O60479,"Homeobox,Homeobox_KN,DLL_N"
O60481,"zf-C2H2_4,zf-C2H2,zf-C2H2_jaz,zf-met,zf-H2C2_2,PE,zf-C2H2_6"
O60519,"bZIP_2,bZIP_1"
O60548,Fork_head
O60663,"Homeobox,LIM,Homeobox_KN"
O60675,"DUF4164,DivIC,TMF_DNA_bd,DUF4140,Microtub_assoc,DUF972,IncA,bZIP_Maf,HGTP_anticodon2,DUF342,SAGA-Tad1,bZIP_2,Spc24,HALZ,DUF904,bZIP_1,DUF1192"
O60682,"HLH,FXR1P_C"
O60806,T-box
O60829,GAGE
O60869,"HTH_31,HTH_3,HTH_19,MBF1"
O60902,"MRP-L20,Homeobox,OAR,Sporozoite_P67,Homeobox_KN"
O75030,"HLH,DUF3371,DUF3313,5-FTHF_cyc-lig,Ribophorin_I"
O75132,"zf-RING_3,PyrI_C,zf-BED,DUF4413,Dimer_Tnp_hAT"
O75360,"WWbp,Homeobox,Homeobox_KN"
O75362,"zf-C2H2_4,PHF5,zf-C2H2,Prok-RING_1,zf-H2C2_2,zf-C2H2_2,GAGA,zf-H2C2_5"
O75364,"Homeobox,Homeobox_KN,OAR"
O75376,"Myb_DNA-bind_6,Myb_DNA-binding"
O75398,"SAND,zf-MYND"
O75444,"AKNA,Maf_N,GAS,bZIP_Maf,bZIP_2,DUF904,Seryl_tRNA_N,bZIP_1,DUF1192"
O75446,"SAP30_Sin3_bdg,zf-SAP30"
O75461,"TrmB,BRCA-2_OB3,E2F_TDP"
O75469,"Hormone_recep,zf-C4"
O75475,"LEDGF,PWWP"
O75478,"zf-C2H2_4,RPA_C,ZZ,Myb_DNA-bind_6,SWIRM,Myb_DNA-binding"
O75593,Fork_head
O75603,GCM
O75618,DED
O75840,"zf-C2H2_4,zf-C2H2,zf-C2H2_jaz,zf-H2C2_2,zf-H2C2_5"
O94776,"DDA1,BAH,ELM2,GATA,Myb_DNA-binding"
O94842,"HMG_box,DUF1898,YABBY"
O94892,"zf-C2H2_4,zf-C2H2,Zn_ribbon_recom,zf-C2H2_jaz,XPA_N,zf-H2C2_2,Yippee,C1_4,zf-RING_3,zf-CHY,HTH_Tnp_ISL3,Chordopox_RPO7,DUF2321,zf-C2H2_6,zf-UBP,KRAB,SANTA,LIM,DNA_RNApol_7kD,zf-trcl,CxxC_CxxC_SSSS,CpXC,BolA"
O94900,"HMG_box,DUF1898,Mitofilin"
O94916,RHD
O94993,"HMG_box,DUF1898"
O95096,Homeobox
O95125,"zf-C2H2_4,C1_4,zf-C2H2,SCAN,zf-BED,zf-C2H2_jaz,KRAB,zf-met,zf-H2C2_2,CxxC_CxxC_SSSS,zf-C2H2_6,BolA"
O95201,"zf-C2H2_4,C1_4,zf-C2H2,zf-C2H2_jaz,KRAB,zf-met,Rad50_zn_hook,zf-H2C2_2,CxxC_CxxC_SSSS,Yippee,zf-C2H2_6,zf-LYAR"
O95231,"X,Homeobox,Homeobox_KN,Homez"
O95238,"SAM_PNT,Ets"
O95343,"Homeobox,HTH_3,Homeobox_KN,Homez"
O95409,"zf-C2H2_4,zf-C2H2,zf-C2H2_jaz,zf-met,zf-H2C2_2,zf-C2H2_6"
O95416,"HMG_box,DUF1898,SOXp"
O95475,"HTH_3,Homez,Homeobox,HTH_23,Peptidase_S51,Homeobox_KN"
O95600,"zf-C2H2_4,zf-C2H2,zf-met,zf-H2C2_2,zf-C2H2_6"
O95644,"TIG,RHD"
O95718,"Phage_Mu_Gam,Hormone_recep,zf-C4"
O95863,"zf-C2H2_4,Elf1,zf-C2H2,Rpr2,PyrI_C,zf-BED,CAP_N,zf-C2H2_jaz,zf-AN1,zf-met,zf-H2C2_2,CxxC_CxxC_SSSS,DUF2256,zf-C2H2_2,Zn_Tnp_IS1595,zf-C2HC_2,zf-C2H2_6"
O95935,T-box
O95936,"DUF539,T-box"
O95947,"MAGE_N,T-box"
O95948,"SelP_N,Innate_immun,Homeobox,Homeobox_KN,CUT"
O95983,"MBD_C,MBD"
O96004,HLH
P01100,"TMF_TATA_bd,LCD1,DUF2681,bZIP_Maf,bZIP_2,HALZ,Macoilin,DUF2514,bZIP_1"
P01106,"HLH,Myc_N,Myc-LZ,TRH"
P03372,"ESR1_C,Oest_recep,Hormone_recep,zf-C4"
P04150,"Hormone_recep,GCR,zf-C4"
P04198,"HLH,Myc_N,Cenp-B_dimeris,LRS4,BSP_II,TFIIF_alpha,Nucleoplasmin"
P05412,"HAP1_N,Striatin,DivIC,PspA_IM30,TMF_DNA_bd,Jun,bZIP_Maf,FlaC_arch,bZIP_2,DUF904,Seryl_tRNA_N,Jnk-SapK_ap_N,bZIP_1,DUF3450"
P05549,TF_AP-2
P06400,"Rb_C,RB_A,TFIIB,DUF3452,RB_B"
P06401,"Prog_receptor,Hormone_recep,zf-C4"
P08047,"zf-C2H2_4,zf-C2H2,zf-C2H2_jaz,zf-H2C2_2,RRN7,zf-C2H2_6"
P08048,"zf-C2H2_4,zf-C2H2,zf-C2H2_jaz,ROS_MUCR,zf-met,zf-H2C2_2,zf-H2C2_5,Zfx_Zfy_act"
P08151,"zf-C2H2_4,CHORD,zf-C2H2,IL17,zf-H2C2_2,zf-C2H2_6"
P08235,"Hormone_recep,zf-C4"
P08651,"MH1,NfI_DNAbd_pre-N,CTF_NFI"
P09016,"Homeobox,SR-25,Homeobox_KN,DGF-1_C"
P09017,"Homeobox,DUF2209,Homeobox_KN"
P09067,"Homeobox,Terminase_5,Homeobox_KN"
P09086,"Pou,Homeobox,HTH_19,HTH_31,DUF1183"
P09629,"Homeobox,Homeobox_KN"
P0C7T5,AXH
P0C7X2,"zf-C2H2_4,zf-C2H2,Prok-RING_1,zf-C2H2_jaz,DUF1610,KRAB,zf-H2C2_2,CxxC_CxxC_SSSS,HTH_Tnp_ISL3,zf-Mss51,zf-C2H2_6"
P0CB47,"HMG_box,DUF1898,DHC,IncA"
P10070,"zf-C2H2_4,zf-H2C2_2,zf-C2H2,TP1"
P10071,"zf-C2H2_4,zf-H2C2_2,zf-C2H2"
P10073,"zf-C2H2_4,C1_4,zf-C2H2,SCAN,zf-BED,BHD_1,zf-C2H2_jaz,zf-met,XPA_N,zf-H2C2_2,CxxC_CxxC_SSSS,HTH_Tnp_ISL3,Zn_Tnp_IS1595,FYDLN_acid,zf-C2H2_6,BolA"
P10242,"Cmyb_C,Myb_DNA-bind_4,Myb_DNA-bind_6,Myb_DNA-bind_2,LMSTEN,Spore_III_AB,Myb_DNA-binding"
P10243,"Cmyb_C,Myb_DNA-bind_6,LMSTEN,Spore_III_AB,Myb_DNA-binding"
P10244,"Myb_DNA-bind_6,Myb_DNA-binding,Cmyb_C"
P10275,"Gag_spuma,Androgen_recep,Hormone_recep,zf-C3HC4_2,zf-C4"
P10276,"Hormone_recep,zf-C4"
P10588,"Hormone_recep,zf-C4"
P10589,"XS,Hormone_recep,zf-C4"
P10826,"FadA,DUF1140,Hormone_recep,zf-C4"
P10827,"DUF3921,Hormone_recep,zf-C4"
P10828,"Hormone_recep,zf-C4"
P10914,IRF
P11308,"SAM_PNT,SAM_1,Ets,SAM_2"
P11473,"Hormone_recep,zf-C4"
P11474,"Hormone_recep,zf-C4"
P11831,SRF-TF
P12524,"HLH,Myc_N"
P12980,HLH
P13056,"DUF2318,Hormone_recep,zf-C4"
P13349,"DUF1364,Myf5,HLH,Basic"
P13378,Homeobox
P13631,"Hormone_recep,Troponin-I_N,zf-C4"
P13682,"zf-C2H2_4,C1_4,zf-RING_3,zf-C2H2,zf-C2H2_jaz,zf-trcl,IBD,XPA_N,zf-H2C2_2,CxxC_CxxC_SSSS,HTH_Tnp_ISL3,Yippee,Zn_Tnp_IS1595,GAGA,CpXC,zf-C2H2_6,GATA,BolA"
P13984,"Ribosomal_L32e,TFIIF_beta,SRP54,Wound_ind"
P14316,"Heme_oxygenase,IRF"
P14651,"DUF4074,Homeobox"
P14652,Homeobox
P14653,"Homeobox,Homeobox_KN"
P14859,"Homeobox_KN,Homeobox,HTH_31,Pou"
P14921,"SAM_PNT,GluR_Homer-bdg,Ets,HSF_DNA-bind"
P15036,"SAM_PNT,Ets"
P15172,"Myf5,HLH,Basic"
P15173,"Rubella_E1,HLH,DUF3080,Basic"
P15407,"DivIC,LCD1,IncA,bZIP_Maf,bZIP_2,HALZ,Macoilin,bZIP_1,DUF3450"
P15408,"V_ATPase_I,ERM,DivIC,TMF_TATA_bd,Uso1_p115_C,IncA,bZIP_Maf,DUF342,bZIP_2,Atg14,APG6,AAA_13,bZIP_1"
P15622,"zf-C2H2_4,C1_4,zf-C2H2,zf-C2H2_jaz,KRAB,XPA_N,zf-met,zf-H2C2_2,CxxC_CxxC_SSSS,Yippee,Zn_Tnp_IS1595,FYDLN_acid,zf-C2H2_6,GATA"
P15822,"zf-C2H2_4,zf-C2H2,zf-C2H2_jaz,zf-met,zf-H2C2_2,FYDLN_acid,zf-C2H2_6,zf-C4_ClpX"
P15863,"HTH_23,PAX,HTH_32,HTH_29"
P15884,HLH
P15976,"Elf1,Zn_Tnp_IS91,DUF2387,ArfGap,CxxC_CxxC_SSSS,eIF-5_eIF-2B,TF_Zn_Ribbon,Prim_Zn_Ribbon,DZR,GATA,A2L_zn_ribbon"
P16220,"pKID,MHC_II_beta,bZIP_Maf,bZIP_2,bZIP_1"
P16989,"CSD,OB_RNB"
P17010,"zf-C2H2_4,zf-C2H2,zf-C2H2_jaz,ROS_MUCR,zf-met,zf-H2C2_2,zf-H2C2_5,Zfx_Zfy_act"
P17014,"zf-C2H2_4,zf-C2H2,zf-C2H2_jaz,KRAB,zf-H2C2_2,zf-C2H2_6"
P17020,"zf-C2H2_4,zf-C2H2,DNA_RNApol_7kD,zf-BED,zf-C2H2_jaz,XPA_N,zf-met,zf-H2C2_2,CxxC_CxxC_SSSS,HTH_Tnp_ISL3,Yippee,Zn_Tnp_IS1595,A2L_zn_ribbon,FYDLN_acid,zf-C2H2_6,LIM,GATA,BolA"
P17021,"zf-C2H2_4,zf-C2H2,YEATS,C1_3,zf-C2H2_jaz,NUMOD4,KRAB,XPA_N,zf-met,zf-H2C2_2,HTH_Tnp_ISL3,CxxC_CxxC_SSSS,Yippee,zf-H2C2_5,zf-C2H2_6"
P17022,"zf-C2H2_4,UPF0150,zf-C2H2,zf-C2H2_jaz,zf-met2,zf-met,XPA_N,zf-H2C2_2,GAGA,C1_1,zf-RING_3,zf-MYND,zf-C2H2_6,KRAB,Rpr2,SCAN,zf-C3HC4_2,zf-C2HC_2,BolA"
P17023,"zf-C2H2_4,zf-C2H2,Zn_ribbon_recom,YhfH,zf-C2H2_jaz,XPA_N,zf-met,zf-H2C2_2,Yippee,HypA,TFIIS_C,HTH_Tnp_ISL3,Zn_Tnp_IS1595,zf-C2H2_6,KRAB,DZR,LIM,DNA_RNApol_7kD,zf-trcl,CxxC_CxxC_SSSS,BHD_1,zf-LYAR,BolA"
P17024,"zf-C2H2_4,zf-C2H2,zf-C2H2_jaz,zf-trcl,KRAB,zf-H2C2_2,CxxC_CxxC_SSSS,DUF1528,zinc_ribbon_2,Zn_Tnp_IS1595,zf-C2H2_6"
P17027,"zf-C2H2_4,C1_4,zf-C2H2,DNA_RNApol_7kD,BHD_1,zf-C2H2_jaz,zf-CHY,DUF4389,Rapsyn_N,zf-H2C2_2,CxxC_CxxC_SSSS,Zn_Tnp_IS1595,zf-C2H2_6,BolA"
P17028,"zf-C2H2_4,PHF5,zf-C2H2,YhfH,zf-C2H2_jaz,C1_3,XPA_N,zf-H2C2_2,Yippee,C1_1,C1_4,TFIIS_C,HTH_Tnp_ISL3,zf-C2H2_6,zinc_ribbon_2,COX5B,SprT-like,DZR,LIM,SCAN,zf-BED,DUF2072,CxxC_CxxC_SSSS,zf-LYAR"
P17036,"zf-C2H2_4,zf-C2H2,zf-C2H2_jaz,XPA_N,zf-H2C2_2,Yippee,C1_1,C1_4,TFIIS_C,zf-AN1,HTH_Tnp_ISL3,Zn_Tnp_IS1595,DUF2321,zf-C2H2_6,KRAB,ZZ,GATA,zf-BED,DNA_RNApol_7kD,zf-trcl,NUMOD4,CxxC_CxxC_SSSS,Ribosomal_L44,BolA"
P17040,"zf-C2H2_4,DUF4231,zf-C2H2,Myb_DNA-bind_4,SCAN,DNA_RNApol_7kD,zf-C2H2_jaz,XPA_N,zf-H2C2_2,Myb_DNA-bind_6,CxxC_CxxC_SSSS,Myb_DNA-bind_5,MADF_DNA_bdg,Yippee,HTH_Tnp_ISL3,zf-C2H2_6,Myb_DNA-binding"
P17041,"zf-C2H2_4,zf-C2H2,C1_3,zf-C2H2_jaz,zf-met,XPA_N,zf-H2C2_2,Yippee,C1_1,A2L_zn_ribbon,C1_4,TFIIS_C,HNH,zf-AN1,HTH_Tnp_ISL3,Zn_Tnp_IS1595,zinc_ribbon_2,zf-C2H2_6,DUF1407,DUF2688,Tnp_zf-ribbon_2,PHD,SprT-like,LIM,GATA,Elf1,DNA_RNApol_7kD,zf-trcl,zf-C3HC4_2,CxxC_CxxC_SSSS,zf-C2HC_2,CpXC,HTH_Tnp_IS66"
P17275,"PspA_IM30,Jun,bZIP_Maf,bZIP_2,DUF904,Jnk-SapK_ap_N,bZIP_1"
P17480,"HMG_box,DUF1898,Poxvirus_B22R_N"
P17481,"Homeobox,Homeobox_KN"
P17482,"Hox9_act,HTH_23,Homeobox"
P17483,"Homeobox,HTH_23,DUF2209,Homeobox_KN"
P17509,"Homeobox,Homeobox_KN"
P17535,"DivIC,PspA_IM30,Jnk-SapK_ap_N,Jun,ADIP,IncA,bZIP_Maf,FlaC_arch,bZIP_2,DUF904,Seryl_tRNA_N,DUF3450,bZIP_1,HAP1_N"
P17542,"HLH,DUF2763"
P17676,"DivIC,Nup54,bZIP_2,HALZ,I_LWEQ,bZIP_1"
P17861,"GAS,DUF972,TSC22,FtsL,Herpes_BLRF2,HOOK,bZIP_Maf,IncA,DUF2630,bZIP_2,NDUF_B6,Shugoshin_N,UPF0242,CASP_C,bZIP_1"
P17947,Ets
P18146,"zf-C2H2_4,zf-C2H2,C1_2,zf-BED,zf-C2H2_jaz,DUF3432,zf-met,zf-H2C2_2,zf-C2HC_2,zf-UBR,DUF3446,RRN7,zf-C2H2_6"
P18583,"dsrm,A2M,G-patch,G-patch_2"
P18846,"pKID,ASD2,bZIP_Maf,bZIP_2,bZIP_1"
P18847,"DivIC,Seryl_tRNA_N,AOX,SRP14,bZIP_Maf,CDC37_N,bZIP_2,Spc24,Macoilin,APG6,bZIP_1,Vps51"
P18848,"DivIC,V_ATPase_I,GAS,Laminin_II,Mer2,IncA,HOOK,bZIP_2,APG6,AAA_13,bZIP_1,DUF3450"
P18850,"DUF972,bZIP_Maf,bZIP_2,DUF904,bZIP_1"
P19338,"RRM_1,RRM_6,DbpA,Limkain-b1,RRM_5"
P19419,Ets
P19484,"DUF3678,HLH,DUF3371"
P19532,"HLH,DUF3371"
P19544,"zf-C2H2_4,zf-C2H2,CAP_N,zf-met,CCAP,zf-H2C2_2,Ofd1_CTDD,WT1"
P19622,"CENP-B_N,Homeobox,Engrail_1_C_sig,Homeobox_KN,DUF2316"
P19793,"Nuc_recep-AF1,Hormone_recep,zf-C4"
P19838,"Ank_2,GHMP_kinases_C,Ank_3,Ank,Death,HTH_11,RHD,Ank_4,Ank_5"
P20226,"Otopetrin,DUF702,TFIIA,Spore_coat_CotO,Neur_chan_memb,zf-DHHC,DUF106,DUF1501,SAGA-Tad1,FemAB,Med15,Tim54,Cellulose_synt,Pex16,FLO_LFY,DUF2215,DUF966,TBP,Lin-8,Hid1,Ycf1,DUF4045,Hom_end_hint,MMR1,RR_TM4-6,Plasmodium_Vir,OAD_gamma,Gti1_Pac2"
P20264,"Pou,Homeobox,HTH_31,Homeobox_KN,Ribosomal_60s"
P20265,"Pex14_N,Pou,Spt20,Homeobox,Suf,E_Pc_C,HTH_31,Med15,Homeobox_KN"
P20393,"ISAV_HA,Hormone_recep,zf-C4"
P20719,"Homeobox,Homeobox_KN"
P20823,"HNF-1B_C,Homeobox,HNF-1A_C,HNF-1_N"
P22415,"DivIC,HLH,HALZ"
P22670,"RFX_DNA_binding,Nucleoplasmin,RFX1_trans_act"
P22736,"Hormone_recep,zf-C4"
P23193,"TFIIS_M,TFIIS_C,Prok-RING_2,tRNA_synt_1c_R2,Med26,TF_Zn_Ribbon,Baculo_LEF5_C,Sec23_helical"
P23409,"Myf5,HLH,Basic"
P23511,"CBFB_NFYA,Bre5"
P23759,"Homeobox_KN,Homeobox,HTH_32,HTH_23,Pax7,PAX"
P23760,"Homeobox_KN,Homeobox,HTH_32,Pax7,HTH_23,PAX"
P23769,"DUF2387,eIF-5_eIF-2B,TF_Zn_Ribbon,Prim_Zn_Ribbon,DZR,GATA"
P23771,"OrfB_Zn_ribbon,Elf1,DUF2387,CxxC_CxxC_SSSS,eIF-5_eIF-2B,TF_Zn_Ribbon,Zn_Tnp_IS1595,Prim_Zn_Ribbon,DZR,GATA"
P24278,"zf-C2H2_4,PyrI_C,zf-C2H2,Zn_ribbon_recom,UPF0547,FYVE,zf-BED,zf-C2H2_jaz,zf-met,BTB,zf-C2H2_2,SprT-like,zf-C2H2_6,zf-FCS"
P24468,"Hormone_recep,zf-C4"
P25208,"Bromo_TP,TFIID-18kDa,Histone,CBFD_NFYB_HMF,TFIID_20kDa"
P26367,"HTH_Tnp_IS1,HTH_29,Homeobox_KN,Homeobox,HTH_32,HTH_23,PAX"
P26651,"zf-CCHH,zf-CCCH"
P27540,"HLH,PAS,PAS_3,PAS_9,PAS_4"
P28069,"Homeobox_KN,Homeobox,Pou,Lsr2"
P28324,"Ets,HSF_DNA-bind"
P28347,"Myb_DNA-binding,TEA"
P28356,"Hox9_act,HTH_23,Homeobox"
P28358,"Homeobox,Homeobox_KN"
P28360,Homeobox
P28698,"zf-C2H2_4,zf-C2H2,Zn_ribbon_recom,zf-C2H2_jaz,zf-H2C2_2,C1_1,MBD,zf-CHY,Zn_Tnp_IS1595,zf-C2H2_6,Prok-RING_1,DUF1163,zf-H2C2_5,LIM,Elf1,SCAN,CxxC_CxxC_SSSS,FYDLN_acid,zf-LYAR"
P28702,"Nuc_recep-AF1,Hormone_recep,zf-C4"
P29084,"TRAUB,NusG,TFIIE_beta"
P29374,"RBB1NT,ARID,Tudor-knot"
P29692,"Striatin,EF1_GNE,Reo_sigmaC,EF-1_beta_acid,MinC_N"
P31249,"DUF4074,Homeobox_KN,Homeobox"
P31260,"Homeobox,Homeobox_KN"
P31268,"Homeobox,HemY_N,Homeobox_KN,Ribosomal_60s"
P31269,"Hox9_act,HTH_23,Homeobox"
P31270,"Rox3,Homeobox,DUF3528"
P31271,"Homeobox,HoxA13_N,Homeobox_KN,Homez"
P31273,"Homeobox,Homeobox_KN,DUF2380"
P31274,"Hox9_act,HTH_23,Homeobox"
P31276,"Homeobox,HoxA13_N,Homeobox_KN,Homez"
P31314,"Homeobox,Homez"
P31629,"zf-C2H2_4,zf-C2H2,zf-C2H2_jaz,CDC45,zf-met,zf-H2C2_2,zf-C2H2_2,zf-H2C2_5,zf-C4_ClpX,NOA36"
P32242,"Med3,Gag_spuma,Homeobox,DUF2217,TF_Otx"
P32243,"Homeobox,TF_Otx"
P32519,"Ets,Elf-1_N"
P35227,"zf-C3HC4,zf-RING_2,zf-rbx1,zf-C3HC4_2,zf-Nse,zf-Apc11,zf-C3HC4_3"
P35269,TFIIF_alpha
P35398,"Hormone_recep,zf-C4"
P35452,"Homeobox,Homeobox_KN,Homez"
P35453,"Homeobox,HoxA13_N,Homeobox_KN"
P35548,Homeobox
P35638,"DivIC,DUF1003,DUF2201_N,GAS,IFP_35_N,CDC45,Phlebovirus_NSM,T2SF,IncA,Peptidase_S64,bZIP_2,Atg14,RR_TM4-6,HALZ,Bap31,bZIP_1,DUF3450"
P35659,"Syndecan,Pneumo_att_G,DEK_C,SprA-related,Spt5_N,Mem_trans,SAP"
P35680,"HNF-1_N,HNF-1B_C,HTH_5,Homeobox,Homeobox_KN,DUF2183"
P35711,"HemX,Activator_LAG-3,HMG_box,DUF1898,Exonuc_VII_L"
P35712,"HMG_box,DUF1898"
P35713,"Sox_C_TAD,DUF1898,HMG_box"
P35716,"HMG_box,DUF1898"
P35789,"zf-C2H2_4,zf-C2H2,YEATS,C1_3,zf-C2H2_jaz,XPA_N,zf-H2C2_2,C1_1,C1_4,SPARC_Ca_bdg,HTH_Tnp_ISL3,Zn_Tnp_IS1595,zf-C2H2_6,KRAB,ADK_lid,DNA_RNApol_7kD,zf-trcl,CxxC_CxxC_SSSS,zf-C2HC_2,DUF164,FYDLN_acid,BHD_1,Ribosomal_L44,BolA"
P35869,"HLH,PAS,PAS_3,PAS_9,PAS_4"
P36402,"HMG_box,DUF1898,MAT_Alpha1,CTNNB1_binding"
P36508,"zf-C2H2_4,zf-C2H2,DUF1697,zf-C2H2_jaz,zf-TRAF,FecR,zf-met,zf-H2C2_2,CopK,CpXC,FYDLN_acid,zf-C2H2_6"
P36956,HLH
P37231,"PPARgamma_N,Hormone_recep,zf-C4"
P37275,"zf-C2H2_4,zf-C2H2,zf-C2H2_jaz,DUF1610,zf-met,zf-H2C2_2,Homeobox,zf-C2H2_2,zf-C2H2_6"
P39880,"NPV_P10,HOOK,Homeobox,Homeobox_KN,CUT"
P40424,"CENP-B_N,Sec15,DUF1319,HTH_3,UCH,Homez,HTH_26,Homeobox,HTH_19,PBC,Homeobox_KN"
P40425,"CENP-B_N,HTH_3,UCH,Homez,HTH_26,Homeobox,HTH_19,PBC,Homeobox_KN"
P40426,"Sec15,DUF1319,Homez,IMD,Homeobox,HTH_19,PBC,Homeobox_KN"
P40763,"Tropomyosin_1,STAT_int,Fib_alpha,MerR-DNA-bind,STAT_bind,eIF3_N,STAT_alpha,DUF342,Baculo_PEP_C,SH2,Syntaxin-6_N"
P41161,"ETS_PEA3_N,Ets"
P41212,"SAM_PNT,SAM_1,Ets,HSF_DNA-bind"
P41218,"HIN,PYRIN,Seryl_tRNA_N"
P41225,"HMG_box,SOXp,DUF1898"
P41235,"Foamy_virus_ENV,Hormone_recep,Se-cys_synth_N,zf-C4"
P41970,Ets
P42224,"STAT_int,NPV_P10,STAT_bind,STAT_alpha,SH2,Sec20,STAT1_TAZ2bind"
P42229,"STAT_int,STAT_bind,STAT_alpha,Hemerythrin,SH2"
P42568,YEATS
P43268,"ETS_PEA3_N,Ets"
P43354,"Hormone_recep,zf-C4"
P43694,"Elf1,zf-ribbon_3,DUF2387,BaffR-Tall_bind,Golgin_A5,ArfGap,CxxC_CxxC_SSSS,eIF-5_eIF-2B,GATA-N,TF_Zn_Ribbon,Zn_Tnp_IS1595,C1_1,Prim_Zn_Ribbon,DZR,GATA"
P43699,"Homeobox,APC_CDC26,DUF4407,DUF2201_N"
P46013,"K167R,Helitron_like_N,FHA"
P47902,"CC,Homeobox,Homeobox_KN,Caudal_act"
P48378,"RFX_DNA_binding,Pox_D5,RFX1_trans_act"
P48380,"RFX_DNA_binding,Pox_D5,RFX1_trans_act"
P48382,"RFX_DNA_binding,Pox_D5"
P48431,"HMG_box,SOXp,DUF1898"
P48443,"Nuc_recep-AF1,Hormone_recep,zf-C4"
P48742,"Orbi_VP3,SpoIIIAH,Homeobox,LIM,Homeobox_KN"
P49116,"Flagellin_N,Hormone_recep,zf-C4"
P49335,"Homeobox_KN,Homeobox,HTH_31,Pou"
P49639,Homeobox
P49640,Homeobox
P49715,"DivIC,Lipoprotein_20,IBB,GAS,Nup54,bZIP_2,Pox_A_type_inc,HALZ,DUF2514,bZIP_1,Myc-LZ"
P49716,"DivIC,Lipoprotein_20,DUF1180,GAS,Glypican,ATG16,Nup54,IncA,bZIP_2,FTA4,Atg14,CASP_C,Med4,bZIP_1,DUF3450"
P49790,"Nup_retrotrp_bd,Nup153,zf-RanBP"
P49910,"zf-C2H2_4,zf-C2H2,YhfH,zf-C2H2_jaz,XPA_N,zf-H2C2_2,Yippee,HypA,zinc_ribbon_5,HTH_Tnp_ISL3,Zn_Tnp_IS1595,zf-C2H2_6,LIM,SCAN,DNA_RNApol_7kD,zf-trcl,zinc_ribbon_4,CxxC_CxxC_SSSS,CpXC,BolA"
P50219,"Homeobox,QLQ"
P50221,"Homeobox,Trep_dent_lipo,PP_M1"
P50222,"Homeobox,Terminase_5,Trep_dent_lipo"
P50458,"Homeobox,LIM,Homeobox_KN,Homez"
P50539,HLH
P50548,"Ets,HSF_DNA-bind"
P50549,"ETS_PEA3_N,Ets"
P50553,"HLH,RskA,DUF2782,CoA_transf_3,PepSY_2,AflR,DUF3357,PAT1,zf-C4H2"
P51449,"Hormone_recep,zf-C4"
P51608,MBD
P51692,"STAT_alpha,STAT_int,SH2,STAT_bind"
P51814,"zf-C2H2_4,C1_4,zf-RING_3,zf-C2H2,Rpr2,DNA_RNApol_7kD,zf-C2H2_jaz,zf-trcl,KRAB,XPA_N,zf-H2C2_2,CxxC_CxxC_SSSS,HTH_Tnp_ISL3,Zn_Tnp_IS1595,zf-C2H2_6,MAT_Alpha1,BolA"
P51826,AF-4
P51858,PWWP
P52630,"STAT_int,STAT_bind,STAT_alpha,LXG,CorA,STAT2_C,SH2"
P52736,"zf-C2H2_4,zf-RING_3,zf-C2H2,Zn_ribbon_recom,DNA_RNApol_7kD,BHD_1,zf-C2H2_jaz,zf-CHY,KRAB,zf-H2C2_2,Yippee,Chordopox_RPO7,HTH_18,zf-C2H2_6"
P52738,"zf-C2H2_4,zf-C2H2,Zn_ribbon_recom,zf-C2H2_jaz,XPA_N,zf-H2C2_2,Yippee,GAGA,TRH,C1_4,HTH_Tnp_ISL3,Zn_Tnp_IS1595,zf-C2H2_6,DUF2688,KRAB,zf-BED,zf-trcl,CxxC_CxxC_SSSS,BolA"
P52739,"zf-C2H2_4,PyrI_C,zf-C2H2,zf-CHCC,zf-C2H2_jaz,zf-met,zf-H2C2_2,BTB,zf-C2H2_2,GAGA,zf-AD"
P52742,"zf-C2H2_4,zf-C2H2,YEATS,Zn_ribbon_recom,DNA_RNApol_7kD,zf-C2H2_jaz,KRAB,XPA_N,zf-H2C2_2,CxxC_CxxC_SSSS,HTH_Tnp_ISL3,DUF309,Siva,Zn_Tnp_IS1595,zf-C2H2_6,GATA"
P52744,"zf-C2H2_4,zf-C2H2,UPF0547,Prok-RING_2,C1_3,zf-C2H2_jaz,YhfH,XPA_N,zf-H2C2_2,GAGA,C1_1,C1_4,zinc_ribbon_5,TFIIS_C,zf-CHY,HTH_Tnp_ISL3,Zn_Tnp_IS1595,RRN7,zf-C2H2_6,Desulfoferrod_N,Prok-RING_1,zf-HIT,PHD,DUF82,ADK_lid,DZR,DNA_RNApol_7kD,zf-trcl,zinc_ribbon_4,CxxC_CxxC_SSSS,DUF164,FYDLN_acid,BolA"
P52747,"zf-C2H2_4,zf-C2H2,zf-C2H2_jaz,zf-TRAF,zf-H2C2_2,CopK,zf-C2H2_6"
P52945,Homeobox
P52951,Homeobox
P52952,Homeobox
P52954,"Homeobox,Homeobox_KN,Homez"
P53539,"Metal_resist,DivIC,ERM,V_ATPase_I,Uso1_p115_C,IncA,bZIP_Maf,DUF342,bZIP_2,Atg14,HALZ,Macoilin,APG6,bZIP_1"
P53567,"HemX,V_ATPase_I,DivIC,IncA,bZIP_2,Atg14,Herpes_UL6,DUF4094,Seryl_tRNA_N,bZIP_1"
P54821,"Homeobox,Homeobox_KN,OAR"
P54845,"DUF4164,DivIC,AKNA,Maf_N,DUF4140,MscS_porin,bZIP_Maf,bZIP_2,HALZ,bZIP_1"
P55055,"Hormone_recep,CBFNT,zf-C4"
P55197,"PHD_2,zf-HC5HC2H,PHD,zf-HC5HC2H_2"
P55201,"zf-HC5HC2H,Bromodomain,EPL1,PHD,PHD_2,PWWP,zf-HC5HC2H_2"
P55316,"Fork_head,Zip,SelP_N"
P55317,"HNF_C,Fork_head,Fork_head_N"
P55318,"HNF_C,Fork_head,Fork_head_N"
P55347,"Homeobox,Homeobox_KN"
P55771,"HTH_29,HTH_28,HTH_32,HTH_23,PAX"
P56177,"Homeobox,Homeobox_KN,Homez"
P56178,"Homeobox,Homeobox_KN,DLL_N"
P56179,"Homeobox,Homeobox_KN,Homez"
P56270,"zf-C2H2_4,zf-C2H2,DUF1407,FYVE,zf-C2H2_jaz,zf-met,XPA_N,zf-H2C2_2,zf-C2H2_6,zf-C2H2_2,GAGA,zf-Sec23_Sec24,DZR,LIM,zf-DNA_Pol"
P56693,"HMG_box,DUF1898,Sox_N,Beta-lactamase"
P56915,"Homeobox,DUF2151,Homeobox_KN"
P57073,"HMG_box,DUF1898,Sox_N"
P57082,T-box
P57682,"zf-C2H2_4,zf-C2H2,zf-C2H2_jaz,zf-met,zf-H2C2_2,zf-C2H2_6"
P58012,Fork_head
P58304,"Homeobox,Homeobox_KN,OAR"
P58340,Mlf1IP
P59817,"zf-C2H2_4,zf-C2H2_jaz,zf-met,zf-H2C2_2,DUF4195,zf-C2H2_6"
P59923,"zf-C2H2_4,zf-C2H2,SCAN,Ta0938,zf-C2H2_jaz,KRAB,zf-met,zf-H2C2_2,CxxC_CxxC_SSSS,GAGA,DUF2321,zf-C2H2_6,BolA"
P61244,"Filament,SlyX,HLH,DivIC,IncA,CENP-Q,bZIP_2,HALZ,TMF_DNA_bd"
P61296,HLH
P61371,"Homeobox,MerR_1,LIM,Homeobox_KN"
P61978,"Phi-29_GP3,KH_5,KH_1,KH_4,KH_3,KH_2,ROKNT"
P62380,"TBP,DUF3378"
P62508,"GAT,Hormone_recep,zf-C4"
P78337,"Homeobox,Fork_head_N,Homeobox_KN,OAR"
P78347,"DUF605,Herpes_IE68,GTF2I"
P78364,"SAM_1,DUF1471,SAM_PNT,zf-FCS,SAM_2"
P78367,Homeobox
P78411,"Homez,DUF605,Homeobox,Radial_spoke,Homeobox_KN"
P78412,"Homeobox,Homeobox_KN,Homez,SPT2"
P78413,"Homeobox,MRP-S32,Homeobox_KN,Homez"
P78415,"DUF2457,CobT,Homez,Mpp10,Homeobox,BUD22,Pox_Ag35,Radial_spoke,Homeobox_KN,Paf1"
P78424,"Homeobox_KN,Homeobox,Pou"
P78426,Homeobox
P78545,"SAM_PNT,Ets,AT_hook"
P82094,"NHase_beta,TMF_DNA_bd,TMF_TATA_bd"
P82979,"LETM1,Stm1_N,SAP"
P85037,"Fork_head,FHA"
P86452,"zf-BED,Sgf11,zf-C2H2,Dimer_Tnp_hAT"
P98177,Fork_head
Q00056,Homeobox
Q00059,"YABBY,HMG_box,DUF1898,NAD_binding_9,DUF1074"
Q00444,"Homeobox,Homeobox_KN"
Q00653,"Ank_2,Ank_3,Ank,Death,RHD,Ank_4,Ank_5"
Q00978,"IRF,IRF-3"
Q01094,"E2F_TDP,TP1"
Q01101,"zf-C2H2_4,C1_4,zf-C2H2,zf-C2H2_jaz,zf-met,zf-H2C2_2,HTH_Tnp_ISL3,zf-C2H2_2,zf-C2H2_6"
Q01167,"Fork_head,FHA"
Q01196,"RunxI,Runt"
Q01201,RHD
Q01538,"Ly49,zf-C2HC,MYT1,zf-RING-like,IBR,TraH_2,Prominin,DUF1664,Peptidase_C6"
Q01543,"SAM_PNT,Ets"
Q01658,"Matrix,Histone,CBFD_NFYB_HMF"
Q01664,"AAA_23,HLH"
Q01826,"DUF3533,HTH_3,Homeobox,RuvA_C,DUF2360,CUT"
Q01860,"Homeobox_KN,Homeobox,HTH_31,Pou"
Q01892,Ets
Q01954,"zf-C2H2_4,zf-C2H2,DUF2163,zf-C2H2_jaz,Flag1_repress,zf-met,zf-H2C2_2,Cas_DxTHG"
Q02078,"HJURP_C,SRF-TF"
Q02080,SRF-TF
Q02086,"zf-C2H2_4,zf-C2H2,Zn_Tnp_IS1,zf-BED,zf-H2C2_2,zf-C2H2_6,zf-LYAR"
Q02446,"zf-C2H2_4,zf-C2H2,Zn_Tnp_IS1,zf-C2H2_jaz,zf-H2C2_2,RRN7,zf-C2H2_6"
Q02447,"zf-C2H2_4,zf-C2H2,zf-C2H2_jaz,zf-H2C2_2,zf-C2H2_6"
Q02548,"Pax2_C,HTH_Tnp_IS1,HTH_29,Ribosomal_S13_N,Homeobox,HTH_32,HTH_23,PAX"
Q02556,"IRF,IRF-3"
Q02575,"HLH,Metal_resist"
Q02577,HLH
Q02930,"DivIC,DUF3874,bZIP_Maf,bZIP_2,DUF904,HALZ,bZIP_1"
Q02962,"Pax2_C,HTH_Tnp_IS1,Ribosomal_S13_N,Homeobox,HTH_32,HTH_29,HTH_23,PAX"
Q03014,"Homeobox,ArsC,Homeobox_KN,Homez"
Q03052,"Homeobox,HTH_31,Pou"
Q03060,"pKID,bZIP_2,bZIP_1"
Q03181,"Hormone_recep,zf-C4"
Q03923,"zf-C2H2_4,zf-C2H2,YEATS,Prok-RING_2,C1_3,zf-C2H2_jaz,XPA_N,zf-H2C2_2,GAGA,C1_4,HTH_Tnp_ISL3,Zn_Tnp_IS1595,zf-C2H2_6,ROS_MUCR,KRAB,DNA_RNApol_7kD,zf-trcl,CxxC_CxxC_SSSS,BolA"
Q03933,"HSF_DNA-bind,bZIP_2,Vert_HS_TF,HALZ,bZIP_1"
Q03989,ARID
Q04206,RHD
Q04741,Homeobox
Q04743,Homeobox
Q04864,RHD
Q05066,"HMG_box,DUF1908,DUF1898"
Q05195,HLH
Q05215,"zf-C2H2_4,zf-C2H2,zf-BED,zf-met,zf-H2C2_2,zf-C2HC_2,RRN7,zf-C2H2_6"
Q05481,"zf-C2H2_4,zf-C2H2,C1_3,zf-C2H2_jaz,KRAB,XPA_N,zf-H2C2_2,CxxC_CxxC_SSSS,HTH_Tnp_ISL3,Zn_Tnp_IS1595,SprT-like,zf-C2H2_6,BolA"
Q05516,"zf-C2H2_4,zf-C2H2,Endonuclease_7,Prok-RING_1,zf-C2H2_jaz,zf-met,zf-H2C2_2,DZR,BTB,zf-C2H2_2,zf-C2HC_2,zf-C2H2_6,GATA"
Q05925,"Homeobox,Engrail_1_C_sig,Homeobox_KN,DUF2316"
Q06330,"Ig_2,LAG1-DNAbind,TIG,BTD"
Q06413,"HJURP_C,SRF-TF"
Q06416,"Homeobox,Pou,DUF2347"
Q06455,"DUF3731,TAFH,DUF1179,vATP-synt_E,NHR2,DUF2361,zf-MYND,ATP-synt_B"
Q06546,"SAM_PNT,Ets,GABP-alpha"
Q06710,"Pax2_C,HTH_Tnp_IS1,HTH_29,Ribosomal_S13_N,HTH_32,HTH_23,PAX"
Q06730,"zf-C2H2_4,C1_4,zf-C2H2,zf-C2H2_jaz,KRAB,zf-H2C2_2,Siva,HTH_18,Zn_Tnp_IS1595,zf-H2C2_5,zf-C2H2_6,BolA"
Q06889,"zf-C2H2_4,zf-C2H2,zf-BED,zf-C2H2_jaz,zf-met,zf-H2C2_2,zf-C2HC_2,DUF3446,RRN7,zf-C2H2_6"
Q06945,"HMG_box,DUF1898"
Q07352,"zf-CCCH,Tis11B_N"
Q07869,"Hormone_recep,zf-C4"
Q08999,"RB_A,BCS1_N,TFIIB,DUF3452,RB_B,LEM"
Q08AG5,"zf-C2H2_4,zf-C2H2,zf-C2H2_jaz,KRAB,zf-H2C2_2,zf-C2H2_6"
Q09FC8,"zf-C2H2_4,zf-C2H2,UPF0547,C1_3,zf-C2H2_jaz,XPA_N,zf-H2C2_2,GAGA,C1_1,C1_4,zf-RING_3,TFIIS_C,HTH_Tnp_ISL3,Zn_Tnp_IS1595,zf-C2H2_6,C1_2,Desulfoferrod_N,ZZ,zf-BED,DNA_RNApol_7kD,CxxC_CxxC_SSSS,BolA"
Q0VG99,HLH
Q10586,"bZIP_2,bZIP_1"
Q10587,"Microtub_assoc,FlaC_arch,bZIP_2,bZIP_1,DUF2730"
Q12772,HLH
Q12778,Fork_head
Q12789,"SelB-wing_2,B-block_TFIIIC"
Q12800,"CP2,DUF2489"
Q12837,"Pou,Homeobox,HTH_19,HTH_31,Homeobox_KN"
Q12857,"HTH_29,MH1,NfI_DNAbd_pre-N,CTF_NFI"
Q12870,HLH
Q12946,Fork_head
Q12947,Fork_head
Q12948,Fork_head
Q12951,Fork_head
Q12952,Fork_head
Q12968,"TIG,RHD"
Q13105,"zf-C2H2_4,zf-RING_3,zf-C2H2,zf-BED,zf-C2H2_jaz,zf-met,XPA_N,zf-H2C2_2,zf-H2C2_5,BTB,HTH_18,zf-C2HC_2,C1_1,Zn_Tnp_IS1595,CxxC_CxxC_SSSS,zf-C2H2_2,zf-C2H2_6"
Q13118,"zf-C2H2_4,zf-C2H2,zf-met,zf-H2C2_2,RRN7,AAA_33"
Q13129,"zf-C2H2_4,zf-C2H2,zf-met"
Q13133,"Hormone_recep,zf-C4"
Q13148,"RRM_3,RRM_6,RRM_5,RRM_1"
Q13207,"TBX,T-box"
Q13285,"Hormone_recep,UPF0547,zf-C3HC4_2,zf-P11,zf-C4"
Q13342,"SAND,Sp100,PHD,Bromodomain"
Q13351,"zf-C2H2_4,zf-C2H2,CHORD,zf-BED,zf-C2H2_jaz,zf-met,zf-H2C2_2,zf-H2C2_5"
Q13360,"zf-C2H2_4,C1_4,zf-C2H2,DNA_RNApol_7kD,zf-C2H2_jaz,zf-trcl,KRAB,zf-met,XPA_N,zf-H2C2_2,CxxC_CxxC_SSSS,HTH_Tnp_ISL3,zf-C2HC_2,DUF1163,zf-C2H2_6,GATA,zf-LYAR"
Q13422,"zf-C2H2_4,zf-C2H2,zf-C2H2_jaz,zf-met,zf-H2C2_2,zf-C2H2_2,GAGA,AKAP95,zf-H2C2_5,zf-C2H2_6"
Q13461,Fork_head
Q13469,"TIG,RHD"
Q13485,"IRF-3,MH2,MH1"
Q13516,"Period_C,HLH"
Q13562,"HLH,Merozoite_SPAM,DUF2146,Neuro_bHLH,CDC45,CDC27,DUF1742,DUF2890,Daxx,RRN3,Nop53"
Q13568,"IRF,IRF-3"
Q13761,"RunxI,Runt"
Q13765,"RNA_pol_Rpo13,DUF2203,UBA,NAC"
Q13835,"Proteasom_PSMB,V-ATPase_H_C,HEAT,Arm,HEAT_EZ,Arm_2,HEAT_2"
Q13886,"zf-C2H2_4,zf-C2H2,zf-BED,IBR,zf-TRAF,Rad50_zn_hook,zf-met,zf-H2C2_2"
Q13887,"zf-C2H2_4,zf-C2H2,zf-BED,zf-C2H2_jaz,zf-met,zf-H2C2_2,zf-C2H2_6"
Q13901,"Sas10_Utp3,Herpes_V23"
Q13950,"FCP1_C,RunxI,FimP,DUF2828,DUF1501,TFIIA,PsbW,Spt20,Suf,Runt,Folliculin,Med15"
Q13952,"Histone,CBFD_NFYB_HMF"
Q14103,"RRM_1,NID,RRM_6,CBFNT,RRM_3,RRM_5"
Q14119,"zf-C2H2_4,DUF4407,BAF1_ABF1,zf-C2H2,FYVE,zf-BED,Prok-RING_1,zf-met,XPA_N,zf-H2C2_2,DZR,Med15,zf-FCS"
Q14151,"RRM_1,RRM_6,DUF2803,SAP,RRM_5"
Q14186,"DP,E2F_TDP"
Q14188,"DP,E2F_TDP"
Q14190,"SpaB_C,HLH,PAS,PAS_3,SIM_C,PAS_9,PAS_4"
Q14209,E2F_TDP
Q14469,"HLH,Hairy_orange"
Q14494,"bZIP_2,bZIP_1,bZIP_Maf"
Q14526,"zf-C2H2_4,C1_4,zf-C2H2,Prok-RING_1,zf-C2H2_jaz,zf-AN1,LIM,zf-met,zf-H2C2_2,CxxC_CxxC_SSSS,BTB,zf-C2H2_2,C1_1,zf-H2C2_5,SprT-like,zf-C2H2_6,zf-UBP,zf-LYAR"
Q14541,"Foamy_virus_ENV,Hormone_recep,zf-C4"
Q14584,"zf-C2H2_4,zf-C2H2,TFIIS_C,zf-BED,DNA_RNApol_7kD,zf-C2H2_jaz,zf-trcl,XPA_N,zf-met,zf-H2C2_2,CxxC_CxxC_SSSS,HTH_Tnp_ISL3,Zn_Tnp_IS1595,C1_1,zf-C2H2_6"
Q14585,"zf-C2H2_4,zf-C2H2,zf-C2H2_jaz,XPA_N,zf-met,zf-H2C2_2,NAPRTase,Yippee,C1_4,TFIIS_C,zf-AN1,HTH_Tnp_ISL3,Zn_Tnp_IS1595,zf-C2H2_6,FYVE,Prok-RING_1,DUF82,GATA,Rpr2,zf-BED,DNA_RNApol_7kD,zf-trcl,CxxC_CxxC_SSSS,zf-LYAR,BolA"
Q14587,"zf-C2H2_4,C1_4,zf-C2H2,zf-C2H2_jaz,KRAB,zf-H2C2_2,Yippee,CpXC,DrsE,zf-C2H2_6,IGPD"
Q14592,"zf-C2H2_4,zf-C2H2,zf-C2H2_jaz,XPA_N,zf-H2C2_2,zf-RING_3,zf-CHY,Chordopox_RPO7,Zn_Tnp_IS1595,zf-C2H2_6,zf-UBP,KRAB,WAC_Acf1_DNA_bd,LIM,zf-BED,zf-trcl,CxxC_CxxC_SSSS,FYDLN_acid,BHD_1,zf-LYAR,BolA"
Q14653,"IRF,IRF-3"
Q14765,"STAT_int,NPV_P10,STAT_bind,STAT_alpha,CRC_subunit,SH2"
Q14774,"Homeobox,CDC45,Paf1"
Q14781,"DUF755,Tudor-knot,Chromo"
Q14814,"Pex14_N,HJURP_C,SRF-TF"
Q14863,"Pou,Homeobox,HTH_32,Flu_NS1,HTH_31,Homeobox_KN"
Q14865,ARID
Q14872,"zf-C2H2_4,zf-C2H2,Marek_A,zf-C2H2_jaz,zf-H2C2_2"
Q14919,"TAF4,Histone,CBFD_NFYB_HMF,DUF2201_N"
Q14929,"zf-C2H2_4,zf-C2H2,Zn_ribbon_recom,zf-C2H2_jaz,zf-H2C2_2,C1_4,zf-RING_3,zf-C2H2_6,zf-UBP,KRAB,PHD,DZR,zf-trcl,DUF1610,CxxC_CxxC_SSSS,zf-C2HC_2,DUF164,CpXC,FYDLN_acid"
Q14934,"TIG,RHD"
Q14938,"MH1,NfI_DNAbd_pre-N,CTF_NFI"
Q14966,"RRM_6,zf-C2H2_jaz,zf-met,AKAP95,RRM_5,RRM_1"
Q14994,"Hormone_recep,Prok-RING_2,Mac,YdjO,PAPA-1,zf-C4"
Q14995,"Hormone_recep,PAN_3,zf-C4"
Q15072,"zf-C2H2_4,zf-C2H2,Zn_ribbon_recom,UPF0547,YhfH,zf-C2H2_jaz,XPA_N,zf-H2C2_2,Yippee,C1_1,C1_4,TFIIS_C,zf-AN1,HTH_Tnp_ISL3,Zn_Tnp_IS1595,zf-C2H2_6,Prok-RING_1,DUF2688,LIM,GATA,zf-BED,DNA_RNApol_7kD,zf-trcl,CxxC_CxxC_SSSS,Ribosomal_L44,BolA"
Q15109,"Ig_2,I-set,ig,PepSY_TM_2,V-set,Ig_3,DUF1191,C2-set,C2-set_2"
Q15319,"Pou,Homeobox,HTH_19,HTH_31,Homeobox_KN"
Q15326,"DUF4407,Activator-TraM,Bromodomain,Mitofilin,Carbpep_Y_N,PHD,SDH_alpha,zf-MYND,Spore_III_AB,PWWP"
Q15329,E2F_TDP
Q15406,"Hormone_recep,zf-C4"
Q15424,"SAP,RRM_6,RRM_5,RRM_1"
Q15475,"HTH_3,Homez,Homeobox,KilA-N,Homeobox_KN"
Q15560,"Prok-RING_2,TFIIS_M,Med26,TFIIS_C"
Q15561,"Myb_DNA-binding,TEA"
Q15562,"Myb_DNA-binding,TEA"
Q15583,"Homeobox,Homeobox_KN,LRS4,Homez"
Q15672,"HLH,Toxin_trans"
Q15697,"zf-C2H2_4,C1_4,zf-C2H2,SCAN,DNA_RNApol_7kD,zf-C2H2_jaz,zf-trcl,XPA_N,zf-H2C2_2,CxxC_CxxC_SSSS,GAGA,C1_1,SprT-like,zf-C2H2_6,A2L_zn_ribbon"
Q15699,"Homeobox,Staygreen,Homeobox_KN,OAR"
Q15723,"Ets,Elf-1_N"
Q15744,"V_ATPase_I,GAS,Phlebovirus_NSM,bZIP_2,bZIP_1,Myc-LZ"
Q15776,"zf-C2H2_4,zf-C2H2,zf-C2H2_jaz,XPA_N,zf-met,zf-H2C2_2,Yippee,C1_1,SPX,C1_4,TFIIS_C,zf-AN1,HTH_Tnp_ISL3,Zn_Tnp_IS1595,zf-C2H2_6,FYVE,Prok-RING_1,KRAB,ZZ,DZR,SCAN,zf-BED,DNA_RNApol_7kD,zf-trcl,CxxC_CxxC_SSSS,CpXC,Ribosomal_L44,BolA"
Q15784,"Spt5_N,HLH,Neuro_bHLH"
Q15796,"IRF-3,MH2,MH1"
Q15853,"DivIC,HLH,FlxA,DUF972,DUF2100,DUF827,HALZ,TACC,NEMO"
Q15911,"zf-C2H2_4,zf-C2H2,MerR_1,zf-met,Homeobox,zf-C2H2_2,zf-C2H2_6,Homeobox_KN"
Q15915,"zf-C2H2_4,zf-C2H2,zf-C2H2_jaz,zf-met,zf-H2C2_2,zf-C2H2_6"
Q15916,"zf-C2H2_4,zf-C2H2,zf-BED,zf-C2H2_jaz,zf-met,zf-H2C2_2,BTB,zf-C2H2_2,zf-C2H2_6,zf-UBP,zf-LYAR"
Q15928,"zf-C2H2_4,zf-C2H2,C1_3,zf-C2H2_jaz,zf-trcl,zf-AN1,KRAB,XPA_N,zf-H2C2_2,CxxC_CxxC_SSSS,HTH_Tnp_ISL3,DUF164,C1_1,Zn_Tnp_IS1595,GAGA,RRN7,zf-C2H2_6"
Q15973,"zf-C2H2_4,C1_4,zf-C2H2,zf-C2H2_jaz,KRAB,zf-H2C2_2,CxxC_CxxC_SSSS,zf-C2H2_6"
Q16236,"bZIP_2,bZIP_1,bZIP_Maf"
Q16254,"DivIC,ATG16,E2F_TDP,DUF3584"
Q16533,SNAPc_SNAP43
Q16534,"bZIP_2,bZIP_1,Shugoshin_N"
Q16587,"zf-C2H2_4,C1_4,zf-C2H2,Zn_ribbon_recom,zf-CHY,KRAB,zf-H2C2_2,CxxC_CxxC_SSSS,Zn_Tnp_IS1595,zf-C2H2_6"
Q16594,"Bromo_TP,Histone,CBFD_NFYB_HMF,TFIID-31kDa,AAA_32"
Q16600,"zf-C2H2_4,C1_4,zf-C2H2,DNA_RNApol_7kD,zf-C2H2_jaz,XPA_N,zf-H2C2_2,CxxC_CxxC_SSSS,Yippee,HTH_Tnp_ISL3,zf-C2HC_2,CpXC,zf-C2H2_6"
Q16621,"DUF2248,bZIP_Maf,bZIP_2,Hemerythrin,bZIP_1"
Q16649,"Vert_IL3-reg_TF,bZIP_2,bZIP_1,IncA"
Q16650,T-box
Q16656,"Nrf1_DNA-bind,DUF3459,Nrf1_activ_bdg"
Q16665,"HIF-1,HIF-1a_CTAD,PAS,HLH,PAS_3,PAS_9,PAS_4,Dicty_REP"
Q16666,"HIN,tRNA_anti,GET2,PYRIN"
Q16676,"Fork_head,PGA2"
Q2KHR2,"Cdc6_C,RFX_DNA_binding,Pox_D5"
Q2M1K9,"zf-C2H2_4,CdhC,zf-C2H2,zf-C2H2_jaz,zf-met,zf-H2C2_2,zf-C2H2_2,zf-C2H2_6"
Q33E94,"RFX_DNA_binding,Pox_D5"
Q3KNS6,"zf-C2H2_4,C1_4,zf-C2H2,C1_2,Prok-RING_2,zf-BED,zf-C2H2_jaz,KRAB,zf-met,XPA_N,zf-H2C2_2,CxxC_CxxC_SSSS,HTH_Tnp_ISL3,Yippee,Zn_Tnp_IS1595,zf-C2H2_6,GATA,BolA"
Q3KQV3,"zf-C2H2_4,zf-C2H2,zf-C2H2_jaz,KRAB,zf-H2C2_2,CxxC_CxxC_SSSS,HTH_Tnp_ISL3,Yippee,Zn_Tnp_IS1595,C1_1,zf-H2C2_5,GAGA,zf-C2H2_6"
Q3MJ62,"zf-C2H2_4,zf-C2H2,Zn_ribbon_recom,C1_3,zf-C2H2_jaz,XPA_N,zf-met,zf-H2C2_2,Yippee,C1_1,Pyr_redox_3,C1_4,zf-AN1,HTH_Tnp_ISL3,Zn_Tnp_IS1595,zf-C2H2_6,C1_2,DUF1407,FYVE,Siva,DZR,LIM,Rpr2,SCAN,DNA_RNApol_7kD,zf-trcl,CxxC_CxxC_SSSS,Ribosomal_L44"
Q3SY56,"zf-C2H2_4,zf-C2H2,zf-C2H2_jaz,zf-met,zf-H2C2_2,zf-C2H2_2,RRN7,zf-C2H2_6"
Q3SYB3,Fork_head
Q4LE39,"RBB1NT,ARID,Tudor-knot"
Q53T94,RRN7
Q53X93,"pKID,MHC_II_beta,bZIP_Maf,bZIP_2,bZIP_1"
Q53XR6,"IRF-3,MH2,MH1"
Q53YD1,"DivIC,DUF1003,DUF2201_N,GAS,IFP_35_N,CDC45,Phlebovirus_NSM,T2SF,IncA,Peptidase_S64,bZIP_2,Atg14,RR_TM4-6,HALZ,Bap31,bZIP_1,DUF3450"
Q546S1,"zf-C2H2_4,zf-C2H2,C1_2,zf-BED,zf-C2H2_jaz,DUF3432,zf-met,zf-H2C2_2,zf-C2HC_2,zf-UBR,DUF3446,RRN7,zf-C2H2_6"
Q5BKZ1,"TraG_N,zf-C2H2_2,AKAP95,zf-H2C2_5"
Q5H9I0,"DP,E2F_TDP"
Q5JUK2,HLH
Q5SQQ9,"Homeobox,Homeobox_KN,Homez"
Q5SXM2,"Myb_DNA-bind_6,HTH_23,Myb_DNA-binding"
Q5T5X7,BEN
Q5T619,"zf-C2H2_4,C1_4,zf-RING_3,Elf1,zf-C2H2,zf-C2H2_jaz,zf-met,zf-H2C2_2,CxxC_CxxC_SSSS,HypA,Zn_Tnp_IS1595,zf-H2C2_5,SprT-like,zf-C2H2_6,BolA"
Q5T7W0,"zf-C2H2_4,zf-C2H2,zf-BED,zf-met,zf-H2C2_2,TF_Zn_Ribbon,DUF4413,zf-C2H2_6,Dimer_Tnp_hAT"
Q5TA89,"Translin,HLH,Hairy_orange"
Q5VTD9,"zf-C2H2_4,zf-C2H2,zf-CHCC,zf-C2H2_jaz,zf-met,zf-H2C2_2,GAGA,C1_1,zf-AN1,zf-CHY,zf-C2H2_6,C1_2,Ta0938,FYVE,Prok-RING_1,Rpr2,zf-BED,CxxC_CxxC_SSSS,zf-C2H2_2,BolA"
Q5XKR4,"Homeobox,Homeobox_KN,OAR"
Q63HK5,"zf-C2H2_4,PyrI_C,zf-C2H2,zinc_ribbon_5,zf-C2H2_jaz,zf-AN1,zinc_ribbon_4,zf-met,zf-H2C2_2,DUF3505,Homeobox,zf-C2H2_2,DUF678,DUF3222,CxxC_CxxC_SSSS,zf-C2H2_6"
Q68CJ9,"V_ATPase_I,Mit_KHE1,ADIP,IncA,bZIP_Maf,bZIP_2,bZIP_1"
Q68DE3,HLH
Q68EA5,"zf-C2H2_4,zf-C2H2,zf-C2H2_jaz,XPA_N,zf-H2C2_2,C1_1,C1_4,DUF2256,HTH_Tnp_ISL3,Zn_Tnp_IS1595,DUF2321,zf-C2H2_6,Desulfoferrod_N,C1_2,KRAB,Rpr2,DNA_RNApol_7kD,zf-trcl,CxxC_CxxC_SSSS,UBN_AB"
Q68G74,"DUF581,HTH_11,Homeobox,DUF2175,LIM,Homeobox_KN"
Q6DJT9,"zf-C2H2_4,PyrI_C,zf-C2H2,zf-C2H2_jaz,zf-met,zf-H2C2_2,zf-C2H2_2,zf-C2H2_6"
Q6ECI4,"zf-C2H2_4,zf-C2H2,zf-C2H2_jaz,KRAB,XPA_N,zf-H2C2_2,CxxC_CxxC_SSSS,Zn_Tnp_IS1595,zf-C2H2_6,zf-LYAR,BolA"
Q6FG41,"TMF_TATA_bd,LCD1,DUF2681,bZIP_Maf,bZIP_2,HALZ,Macoilin,DUF2514,bZIP_1"
Q6FHW6,"HNF-1_N,HNF-1B_C,HTH_5,Homeobox,Homeobox_KN,DUF2183"
Q6FHY5,"Homeobox,Terminase_5,Trep_dent_lipo"
Q6I9R7,"Hormone_recep,zf-C4"
Q6ISB3,CP2
Q6MZP7,CXC
Q6N021,Tet_JBP
Q6N043,"zf-H2C2_2,DUF4195,zf-C2H2_jaz"
Q6NSW7,"Homeobox,Homez"
Q6NUN9,"zf-C2H2_4,Elf1,zf-C2H2,zinc_ribbon_5,DUF3669,zf-C2H2_jaz,zf-CHY,KRAB,zf-met,XPA_N,zf-H2C2_2,HTH_Tnp_ISL3,zf-C2HC_2,zf-C2H2_6"
Q6NX45,"zf-C2H2_4,zf-C2H2,Zn_ribbon_recom,YhfH,zf-C2H2_jaz,C1_3,XPA_N,zf-met,zf-H2C2_2,Yippee,C1_4,zf-RING_3,HTH_Tnp_ISL3,Zn_Tnp_IS1595,zf-C2H2_6,Prok-RING_1,LIM,DNA_RNApol_7kD,CxxC_CxxC_SSSS,Cren7,CpXC,FYDLN_acid"
Q6P1L6,"zf-C2H2_4,C1_4,zf-RING_3,zf-C2H2,Zn_ribbon_recom,DNA_RNApol_7kD,C1_3,zf-C2H2_jaz,KRAB,LIM,zf-H2C2_2,Yippee,Chordopox_RPO7,zf-H2C2_5,FYDLN_acid,zf-C2H2_6,zf-UBP"
Q6P1N0,"Lsr2,C2"
Q6P2D0,"zf-C2H2_4,zf-C2H2,Zn_ribbon_recom,UPF0547,YhfH,zf-C2H2_jaz,zf-met,XPA_N,zf-H2C2_2,Yippee,GAGA,C1_1,C1_4,zf-RING_3,TFIIS_C,zf-AN1,HTH_Tnp_ISL3,Zn_Tnp_IS1595,zf-C2H2_6,zinc_ribbon_2,Prok-RING_1,KRAB,DZR,DNA_RNApol_7kD,zf-BED,CxxC_CxxC_SSSS,CpXC,Ribosomal_L44,BolA"
Q6P9G9,"zf-C2H2_4,C1_4,zf-RING_3,zf-C2H2,zf-ribbon_3,SCAN,zf-CHCC,zf-C2H2_jaz,ROS_MUCR,zf-met,zf-H2C2_2,CxxC_CxxC_SSSS,zf-C2H2_6"
Q6PCT2,"F-box,LRR_8,LRR_1,PHD,DUF4109,zf-CXXC,C1_1,LRR_4,LRR_6,LRR_7,F-box-like"
Q6PIV2,Fork_head
Q6QHK4,HLH
Q6RFH8,"Homeobox,HTH_26,CENP-B_N,Homeobox_KN"
Q6U7Q0,"zf-C2H2_4,C1_4,zf-C2H2,Ta0938,zf-C2H2_jaz,zf-H2C2_2,Yippee,HTH_Tnp_ISL3,GAGA,zf-C2H2_6,BolA"
Q6VB84,Fork_head
Q6XD76,"DUF4415,HLH"
Q6ZMS7,"zf-C2H2_4,zf-C2H2,zf-CHCC,Zn_ribbon_recom,DUF3669,zf-C2H2_jaz,zf-H2C2_2,zf-TFIIB,Cys_rich_CPXG,OrfB_Zn_ribbon,C1_4,zf-RING_3,zinc_ribbon_5,HNH,Zn_Tnp_IS1595,zf-Mss51,Terminase_GpA,zf-C2H2_6,KRAB,ADK_lid,zf-H2C2_5,DZR,DUF1610,zinc_ribbon_4,CxxC_CxxC_SSSS,zf-C2HC_2,DUF164,CpXC,FYDLN_acid,HTH_Tnp_IS66"
Q6ZN18,"zf-C2H2_4,zf-C2H2,DUF4366,zf-H2C2_2,Nucleoplasmin"
Q6ZN55,"zf-C2H2_4,C1_4,Elf1,zf-C2H2,CpXC,zf-C2H2_jaz,zf-met,DUF4106,zf-H2C2_2,C1_1,zf-H2C2_5,FYDLN_acid,zf-C2H2_6,zf-LYAR,BolA"
Q6ZN57,"zf-C2H2_4,Ribosomal_L37ae,zf-C2H2,C1_3,zf-C2H2_jaz,XPA_N,zf-H2C2_2,Yippee,C1_1,C1_4,zf-RING_3,TFIIS_C,zf-AN1,HTH_Tnp_ISL3,Zn_Tnp_IS1595,zf-C2H2_6,Prok-RING_1,PHD,ZZ,LIM,GATA,Rpr2,zf-BED,DNA_RNApol_7kD,zf-trcl,CxxC_CxxC_SSSS,zf-C2HC_2,CpXC,Ribosomal_L44,BolA"
Q6ZNG0,"zf-C2H2_4,zf-C2H2,zf-C2H2_jaz,zf-met,XPA_N,zf-H2C2_2,Yippee,C1_4,HTH_Tnp_ISL3,Zn_Tnp_IS1595,zf-C2H2_6,KRAB,GATA,Elf1,zf-BED,DNA_RNApol_7kD,zf-trcl,CxxC_CxxC_SSSS,BolA"
Q6ZNH5,"zf-C2H2_4,zf-C2H2,Zn_ribbon_recom,zf-C2H2_jaz,XPA_N,zf-H2C2_2,Yippee,HypA,GAGA,tRNA-synt_2b,C1_4,zf-RING_3,HTH_Tnp_ISL3,Zn_Tnp_IS1595,DUF2321,zf-C2H2_6,zf-UBP,LIM,Elf1,zf-trcl,CxxC_CxxC_SSSS,FYDLN_acid,zf-LYAR"
Q6ZSB9,"zf-C2H2_4,PyrI_C,zf-C2H2,Elf1,zf-C2H2_jaz,zf-met,zf-H2C2_2,BTB,GAGA,zf-C2HC_2,zf-C2H2_6,BolA"
Q6ZSZ6,"zf-C2H2_4,PyrI_C,zf-C2H2,DUF629,SAE2,zf-C2H2_jaz,DUF2002,zf-met,zf-H2C2_2,DUF678,zf-C2H2_2,zf-C2HC_2,zf-C2H2_6"
Q6ZVD7,Stork_head
Q70SY1,"bZIP_2,bZIP_1,DUF3552,bZIP_Maf"
Q7L2R6,"zf-C2H2_4,zf-C2H2,C1_3,zf-C2H2_jaz,XPA_N,zf-met,zf-H2C2_2,C1_1,MBD,zf-AN1,HTH_Tnp_ISL3,Zn_Tnp_IS1595,zf-C2H2_6,DUF1407,DUF3280,Prok-RING_1,KRAB,ZZ,DNA_RNApol_7kD,CxxC_CxxC_SSSS,BolA"
Q7L4P6,"V_ATPase_I,ATG16,DUF964,Streptin-Immun,BEN"
Q7LFL8,zf-CXXC
Q7RTS1,"LRR_4,HLH"
Q7RTS3,"HLH,GPW_gp25"
Q7RTU3,HLH
Q7RTU4,"DUF1010,HLH"
Q7RTU7,"HLH,Mito_fiss_reg,Dscam_C"
Q7RTV0,"PHF5,PolC_DP2"
Q7Z353,Homeobox
Q7Z3I7,"zf-C2H2_4,C1_4,zf-C2H2,C1_3,zf-C2H2_jaz,XPA_N,zf-H2C2_2,HTH_Tnp_ISL3,CxxC_CxxC_SSSS,Yippee,Zn_Tnp_IS1595,MBD,FYDLN_acid,zf-C2H2_6"
Q7Z401,"PPR_2,Papo_T_antigen,PPR,DENN,dDENN,uDENN"
Q7Z4V0,"zf-C2H2_4,zf-C2H2,zf-met,zf-H2C2_2,zf-C2H2_2,Mu-like_Com"
Q7Z591,AKNA
Q7Z6K1,"THAP,ADIP"
Q7Z6R9,TF_AP-2
Q86T24,"zf-C2H2_4,PyrI_C,zf-C2H2,HD-ZIP_N,zf-CHY,zf-met,zf-H2C2_2,BTB,Zn_Tnp_IS1595,zf-C2H2_6"
Q86TG7,"ERM,Kinesin-relat_1,Asp_protease_2,UPF0242,RVP_2,DUF812,HLH,IncA,eIF3g,bZIP_1,DivIC,Retrotrans_gag,TBPIP,DUF972,TSC22,gag-asp_proteas,DUF1664,TMF_DNA_bd,zf-CCHC,DUF904"
Q86U86,"HMG_box,DUF1898,BAH,Bromodomain"
Q86UD4,"zf-C2H2_4,zf-C2H2,YhfH,zf-C2H2_jaz,XPA_N,zf-H2C2_2,C1_4,zf-RING_3,HTH_Tnp_ISL3,Zn_Tnp_IS1595,zinc_ribbon_2,zf-C2H2_6,Prok-RING_1,DUF82,LIM,GATA,DNA_RNApol_7kD,DUF1610,CxxC_CxxC_SSSS,zf-C2HC_2,CpXC"
Q86UP3,"zf-C2H2_4,zf-C2H2,MerR_1,zf-C2H2_jaz,zf-met,Homeobox,zf-C2H2_2,AKAP95,GAGA,zf-H2C2_5,zf-C2H2_6,Homeobox_KN"
Q86UQ0,"zf-C2H2_4,C1_4,zf-RING_3,zf-C2H2,Zn_ribbon_recom,DUF2180,zf-C2H2_jaz,zf-CHY,KRAB,zf-met,zf-H2C2_2,DZR,Chordopox_RPO7,zf-C2HC_2,zf-C2H2_6,zf-UBP,BolA"
Q86VE0,"Myb_DNA-bind_6,Myb_DNA-bind_5,Myb_DNA-bind_4,Myb_DNA-binding"
Q86VK4,"zf-C2H2_4,zf-C2H2,CHORD,zf-C2H2_jaz,zf-met,zf-H2C2_2,zf-C2HC_2"
Q86W54,"ERM,Fib_alpha"
Q86WP2,cwf18
Q86XF7,"zf-C2H2_4,C1_4,zf-C2H2,FYVE,zf-C2H2_jaz,zf-H2C2_2,zf-C2H2_6"
Q86Y25,"zf-C2H2_4,C1_4,zf-C2H2,zf-C2H2_jaz,KRAB,XPA_N,Rapsyn_N,zf-H2C2_2,CxxC_CxxC_SSSS,Siva,Zn_Tnp_IS1595,zf-C2H2_6"
Q8HWS3,"RFX_DNA_binding,Pox_D5"
Q8IUM7,"HLH,PAS,PAS_9,PAS_3"
Q8IUX7,"CarboxypepD_reg,phage_tail_N,Cna_B_2,F5_F8_type_C,Peptidase_M14"
Q8IVH2,Fork_head
Q8IVP9,"zf-C2H2_4,C1_4,zf-C2H2,zf-ribbon_3,DNA_RNApol_7kD,BHD_1,YhfH,KRAB,XPA_N,zf-H2C2_2,HTH_Tnp_ISL3,CxxC_CxxC_SSSS,DZR,Zn_Tnp_IS1595,Yippee,zf-H2C2_5,zf-C2H2_6,GATA"
Q8IVW6,"ARID,DUF3416"
Q8IWI9,"HLH,T-box"
Q8IX07,"zf-C2H2_4,zf-C2H2,zf-C2H2_jaz,zf-met,zf-H2C2_2,zf-C2H2_6,GATA"
Q8IX15,"Homeobox,Homeobox_KN,RNA_pol_3_Rpc31,Homez"
Q8IXF0,"HLH,PAS,PAS_3,PAS_9,Macoilin,PAS_4"
Q8IXK0,"SAM_1,SAM_PNT,SAM_2"
Q8IXZ2,"zf-C3H1,Defensin_beta,zf-CCCH"
Q8IYB3,PWI
Q8IYH5,"Myb_DNA-bind_6,CortBP2,Myb_DNA-binding,ZZ"
Q8IYI8,"zf-C2H2_4,zf-C2H2,zf-C2H2_jaz,KRAB,zf-met,zf-H2C2_2,CxxC_CxxC_SSSS,zf-C2H2_6"
Q8IZ20,"zf-C2H2_4,C1_4,zf-C2H2,C1_2,Desulfoferrod_N,zinc_ribbon_5,zf-C2H2_jaz,zf-C3HC4_2,zf-met,zf-H2C2_2,CxxC_CxxC_SSSS,Baculo_IE-1,RRN7,zf-C2H2_6"
Q8IZC7,"zf-C2H2_4,zf-C2H2,zf-ribbon_3,C1_2,zf-C2H2_jaz,KRAB,zf-met,zf-H2C2_2,CxxC_CxxC_SSSS,zf-C2H2_6"
Q8N0Y2,"zf-C2H2_4,zf-RING_3,zf-C2H2,SCAN,zf-C2H2_jaz,zf-H2C2_2,CxxC_CxxC_SSSS,HypA,GAGA,DUF2321,FYDLN_acid,DZR,HTH_Tnp_IS66,zf-LYAR"
Q8N100,"DUF1295,HLH"
Q8N196,"Homeobox,Homeobox_KN,Homez"
Q8N1G0,"zf-C2H2_4,zf-C2H2,zf-C2H2_jaz,zf-met,zf-H2C2_2,CxxC_CxxC_SSSS,zf-C2H2_6"
Q8N1L9,"DivIC,XhlA,DUF4140,DUF1764,IncA,bZIP_Maf,bZIP_2,DUF4094,HALZ,Bap31,bZIP_1,HAP1_N"
Q8N393,"zf-C2H2_4,C1_4,zf-C2H2,DUF2180,zinc_ribbon_5,zf-C2H2_jaz,Trm112p,zinc_ribbon_4,KRAB,cEGF,zf-H2C2_2,CxxC_CxxC_SSSS,FYDLN_acid,zf-C2H2_6,Ribosomal_L31,zf-DNA_Pol"
Q8N488,"Macoilin,zf-RanBP"
Q8N4W9,"zf-C2H2_4,C1_4,zf-C2H2,Prok-RING_1,C1_3,zf-C2H2_jaz,BHD_1,KRAB,zf-met,XPA_N,zf-H2C2_2,CxxC_CxxC_SSSS,HTH_Tnp_ISL3,HTH_18,Zn_Tnp_IS1595,C1_1,zf-C2H2_6,BolA"
Q8N5A5,"Atg14,Laminin_I,G-patch,zf-CCCH"
Q8N5Y2,"MRG,CDC45,Tudor-knot,Chromo"
Q8N680,"zf-C2H2_4,C1_4,zf-C2H2,Prok-RING_1,zf-C2H2_jaz,zf-met,zf-H2C2_2,CxxC_CxxC_SSSS,BTB,zf-C2H2_2,zf-C2HC_2,zf-C2H2_6"
Q8N693,"Homeobox,Homeobox_KN"
Q8N720,"zf-C2H2_4,zf-C2H2,NuA4,T2SJ,zinc_ribbon_5,zf-C2H2_jaz,zinc_ribbon_4,zf-H2C2_2,CxxC_CxxC_SSSS,Chordopox_RPO7,HTH_Tnp_ISL3,zf-C2H2_6,BolA"
Q8N7U7,Homeobox
Q8N895,"zf-C2H2_4,zf-C2H2,zf-CHCC,FYVE,zf-C2H2_jaz,zf-CHY,zf-met,Rad50_zn_hook,zf-H2C2_2,zf-C2H2_2,zf-C2H2_6"
Q8N8E2,"zf-C2H2_4,zf-C2H2,zf-H2C2_2,DUF3505,GAGA,AKAP95,zf-H2C2_5"
Q8N9N5,"SH3_3,DUF2360,BEN"
Q8NA42,"zf-C2H2_4,zf-C2H2,zf-C2H2_jaz,XPA_N,zf-met,zf-H2C2_2,Yippee,GAGA,C1_4,TFIIS_C,HTH_Tnp_ISL3,Zn_Tnp_IS1595,zf-C2H2_6,Prok-RING_1,KRAB,zf-BED,zf-trcl,CxxC_CxxC_SSSS,BHD_1,BolA"
Q8NAP3,"zf-C2H2_4,zf-C2H2,zf-C2H2_jaz,zf-met,zf-H2C2_2,BTB"
Q8NAP8,"zf-C2H2_4,zf-C2H2,MSP1_C,zf-C2H2_jaz,zf-met,zf-H2C2_2,BTB,zf-H2C2_5,DUF3342,Ribosomal_60s"
Q8NB15,"zf-C2H2_4,RAG2_PHD,zf-C2H2"
Q8NBB4,"zf-C2H2_4,zf-C2H2,UPF0547,zf-C2H2_jaz,zf-H2C2_2,zinc_ribbon_5,zf-AN1,HTH_Tnp_ISL3,DUF2321,RRN7,zf-Mss51,zf-C2H2_6,zinc_ribbon_2,SapB_1,LIM,SCAN,zf-trcl,zinc_ribbon_4,IBR,CxxC_CxxC_SSSS"
Q8NBF1,"zf-C2H2_4,zf-C2H2,zf-C2H2_jaz,zf-met,zf-H2C2_2"
Q8NC26,"zf-C2H2_4,zf-C2H2,zf-ribbon_3,YhfH,zf-C2H2_jaz,XPA_N,zf-H2C2_2,Rubredoxin,zf-AN1,Zn_Tnp_IS1595,DUF2321,zinc_ribbon_2,zf-C2H2_6,KRAB,TF_Zn_Ribbon,PRP21_like_P,DNA_RNApol_7kD,zf-BED,zf-trcl,CxxC_CxxC_SSSS"
Q8NCP5,"zf-C2H2_4,zf-C2H2,Glyco_transf_10,zf-C2H2_jaz,zf-met,zf-H2C2_2,zf-TFIIB,BTB,Yippee,C1_1,C1_4,Zn_Tnp_IS1595,zf-C2H2_6,DUF678,LIM,zf-BED,zinc_ribbon_4,CxxC_CxxC_SSSS,zf-C2H2_2,CpXC,DUF3342"
Q8NDP4,"zf-C2H2_4,zf-C2H2,DNA_RNApol_7kD,zf-C2H2_jaz,zf-trcl,KRAB,zf-met,zf-H2C2_2,CxxC_CxxC_SSSS,Zn_Tnp_IS1595,zf-C2H2_6"
Q8NDQ6,"zf-C2H2_4,C1_4,zf-C2H2,zf-C2H2_jaz,KRAB,XPA_N,zf-H2C2_2,CxxC_CxxC_SSSS,HTH_Tnp_ISL3,Zn_Tnp_IS1595,zf-C2H2_6,HicB,BolA"
Q8NDX5,"SAM_1,SAM_PNT,zf-FCS,SAM_2"
Q8NEA6,"zf-C2H2_4,zf-H2C2_2,zf-C2H2"
Q8NF99,"zf-C2H2_4,zf-C2H2,UPF0547,C1_3,zf-C2H2_jaz,XPA_N,zf-H2C2_2,Yippee,C1_4,TFIIS_C,zinc_ribbon_5,HTH_Tnp_ISL3,Zn_Tnp_IS1595,zf-C2H2_6,Prok-RING_1,ZZ,zf-H2C2_5,LIM,GATA,SCAN,DNA_RNApol_7kD,zf-BED,zinc_ribbon_4,CxxC_CxxC_SSSS,CpXC,Ribosomal_L44,BolA"
Q8NFD5,"Zip,CDK5_activator,ARID,DUF3518"
Q8NFU7,"Tet_JBP,zf-CXXC"
Q8NFW5,"Selenoprotein_S,Homeobox,OAR,HA,Homeobox_KN,LigA"
Q8NHM5,"F-box,LRR_8,LRR_4,PHD,LRR_1,LRR_7,zf-CXXC,Rubredoxin,LRR_6,Cupin_8,JmjC,F-box-like"
Q8NHV9,"Homeobox,HTH_31,Homeobox_KN,Sigma70_r3"
Q8NHW3,"Maf_N,Zip,bZIP_Maf,DUF342,bZIP_2,bZIP_1"
Q8NI51,"zf-C2H2_4,zf-H2C2_2,zf-C2H2,zf-H2C2_5"
Q8TAK6,"HLH,Metal_resist,Mito_fiss_reg,DUF3446"
Q8TAU0,Homeobox
Q8TAU3,"zf-C2H2_4,zf-C2H2,DNA_RNApol_7kD,zf-C2H2_jaz,KRAB,XPA_N,zf-H2C2_2,CxxC_CxxC_SSSS,HTH_Tnp_ISL3,zf-C2H2_6,A2L_zn_ribbon"
Q8TBC5,"zf-H2C2_2,zf-C2H2,Zn_ribbon_recom,SCAN"
Q8TBJ5,"zf-C2H2_4,zf-RING_3,zf-C2H2,zf-C2H2_jaz,zf-met,zf-H2C2_2,zf-Sec23_Sec24,GAGA,Zn_Tnp_IS1595,FYDLN_acid,zf-C2H2_6"
Q8TBZ8,"zf-C2H2_4,C1_4,zf-C2H2,zf-C2H2_jaz,zf-trcl,zf-AN1,KRAB,zf-met,zf-H2C2_2,CxxC_CxxC_SSSS,CTP-dep_RFKase,zf-C2H2_2,Zn_Tnp_IS1595,zf-C2HC_2,AA_permease_N,HTH_18,zf-C2H2_6"
Q8TD17,"zf-C2H2_4,Elf1,zf-C2H2,PyrI_C,zf-BED,DUF3669,zf-C2H2_jaz,zf-HYPF,KRAB,zf-H2C2_2,DZR,zf-C2HC_2,Zn_Tnp_IS1595,zf-MYND,DUF164,FYDLN_acid,zf-C2H2_6,zf-FCS"
Q8TD23,"zf-C2H2_4,zf-C2H2,C1_3,zf-C2H2_jaz,BHD_2,XPA_N,zf-H2C2_2,GAGA,C1_4,zf-CHY,zf-AN1,HTH_Tnp_ISL3,Zn_Tnp_IS1595,zf-C2H2_6,KRAB,ADK_lid,SprT-like,DNA_RNApol_7kD,CxxC_CxxC_SSSS,End_beta_propel,DUF164"
Q8TE12,"Homeobox,LIM,Homeobox_KN,DUF164"
Q8TE85,CP2
Q8TEY5,"EMP24_GP25L,DUF3287,DUF972,ADIP,IncA,bZIP_2,OppC_N,Atg14,DUF724,DUF904,CASP_C,Cas_CXXC_CXXC,AA_kinase,bZIP_1"
Q8TF47,"zf-C2H2_4,C1_4,zf-C2H2,PKD,Prok-RING_1,zf-BED,zf-C2H2_jaz,KRAB,zf-H2C2_2,CxxC_CxxC_SSSS,Siva,zf-C2HC_2,Zn_Tnp_IS1595,zf-C2H2_6,GATA,zf-LYAR,BolA"
Q8TF50,"zf-C2H2_4,zf-C2H2,Mito_fiss_reg,RXT2_N,zf-C2H2_jaz,zf-met,zf-H2C2_2,DUF2890,DUF2457,C1_4,DUF2180,Pox_Ag35,Daxx,zf-C2H2_6,CDC45,Nop14,zf-C2H2_2,FYDLN_acid,zf-LYAR,BolA"
Q8WTR7,"zf-C2H2_4,zf-C2H2,PGAMP,KRAB,XPA_N,zf-H2C2_2,CxxC_CxxC_SSSS,zf-C2H2_6"
Q8WTV1,"Pfg27,THAP"
Q8WVJ9,"HLH,Toxin_trans"
Q8WW38,"zf-C2H2_4,zf-C2H2,zf-C2H2_jaz,zf-met,zf-H2C2_2,zf-H2C2_5,zf-C2H2_6,GATA"
Q8WXF8,DED
Q8WY36,"HMG_box,DUF1898,DUF2028"
Q8WYA1,"HLH,PAS,PAS_2,PAS_3,PAS_9,PAS_4,PAS_8"
Q8WYK2,"V_ATPase_I,IncA,bZIP_Maf,bZIP_2,Atg14,Macoilin,bZIP_1"
Q92481,TF_AP-2
Q92570,"BAF1_ABF1,Zip,Hormone_recep,Innate_immun,zf-C4"
Q92618,"zf-C2H2_4,zf-C2H2,zf-H2C2_2,zf-C2H2_2,zf-H2C2_5"
Q92731,"ERbeta_N,Oest_recep,Hormone_recep,zf-C4"
Q92750,"TAFH,TAF4"
Q92753,"DUF4047,Hormone_recep,zf-C4"
Q92754,TF_AP-2
Q92766,"zf-C2H2_4,zf-C2H2,zf-C2H2_jaz,zf-met,zf-H2C2_2,zf-H2C2_5,zf-C2H2_6"
Q92786,"FliD_N,DUF2968,DUF3138,DUF1640,MIF4G_like_2,Exonuc_VII_L,IncA,DUF342,Nop25,NifQ,Prox1,Metal_resist"
Q92804,"zf-RanBP,RRM_6,RRM_5,RRM_1"
Q92826,"Homeobox,HoxA13_N,Homeobox_KN"
Q92858,HLH
Q92886,"HLH,Transformer"
Q92908,"Elf1,DUF2387,CxxC_CxxC_SSSS,eIF-5_eIF-2B,GATA-N,TF_Zn_Ribbon,Zn_Tnp_IS1595,Prim_Zn_Ribbon,DZR,GATA"
Q92945,"DUF1897,KH_5,KH_1,KH_4,KH_3,KH_2,dUTPase"
Q92949,Fork_head
Q92966,zf-SNAP50_C
Q92985,"IRF,IRF-3"
Q92988,"Homeobox,Homeobox_KN,Homez"
Q969F1,TFIIIC_sub6
Q969G2,"Homeobox,PHF5,LIM,Homeobox_KN"
Q969J2,"zf-C2H2_4,zf-C2H2,zf-C2H2_jaz,XPA_N,zf-met,zf-H2C2_2,Yippee,HypA,C1_1,C1_4,HTH_Tnp_ISL3,zf-C2H2_6,FYVE,KRAB,SCAN,zf-trcl,CxxC_CxxC_SSSS,zf-C2HC_2,BolA"
Q96AV8,"TrmB,E2F_TDP,B-block_TFIIIC"
Q96B42,HemY_N
Q96BA8,"DUF4404,TPR_MLP1_2,ADIP,bZIP_Maf,bZIP_2,Prominin,bZIP_1,DUF3552"
Q96BD5,"ERM,zf-HC5HC2H,zf-RING-like,AT_hook,Prok-RING_1,zf-RING_2,C1_3,PHD,ADK_lid,C1_1,ENT,PHD_2,Vps51,DUF87,Syntaxin-6_N"
Q96BR6,"zf-C2H2_4,C1_4,zf-C2H2,KRAB,zf-H2C2_2,CxxC_CxxC_SSSS,Zn_Tnp_IS1595,zf-C2H2_6,BolA"
Q96BR9,"zf-C2H2_4,zf-C2H2,zf-BED,zf-C2H2_jaz,DUF1722,zf-met,zf-H2C2_2,BTB,Zn_Tnp_IS1595,DUF3342,DUF2296,zf-C2H2_6,K_tetra"
Q96C00,"zf-C2H2_4,zf-C2H2,zf-C2H2_jaz,zf-H2C2_2,BTB,zf-C2HC_2"
Q96C55,"zf-C2H2_4,zf-C2H2,zf-C2H2_jaz,zf-met2,zf-met,zf-H2C2_2,GAGA,C1_1,NinG,zf-CHY,DUF2321,RRN7,zf-C2H2_6,Prok-RING_1,Baculo_IE-1,zf-H2C2_5,zf-RING_2,zf-BED,DUF2072,zf-C2H2_2,zf-C2HC_2,BolA"
Q96CK0,"zf-C2H2_4,zf-C2H2,zf-DNL,zf-C2H2_jaz,IBR,zf-met,zf-H2C2_2,CxxC_CxxC_SSSS,zf-C2H2_6,Rep_fac-A_C"
Q96DT7,"zf-C2H2_4,zf-C2H2,zinc_ribbon_5,DUF2603,zf-H2C2_2,BTB,Zn_Tnp_IS1595,zf-H2C2_5,DUF3342,K_tetra"
Q96E29,"Pex14_N,mTERF"
Q96EG3,"zf-C2H2_4,zf-C2H2,zf-C2H2_jaz,zf-met,XPA_N,zf-H2C2_2,CxxC_CxxC_SSSS,Zn_Tnp_IS1595,SprT-like,FYDLN_acid,zf-C2H2_6,OrfB_Zn_ribbon,zf-LYAR"
Q96EK4,"Gag_spuma,DUF940,DUF702,THAP,APC_CDC26,TFIIA,Neur_chan_memb,Suf,UPF0560,BRF1,DDHD,Med15,PIH1,Pex16,FimP,Spt20,Ctr,eIF-3_zeta,Pex14_N,Mcm10,Hid1,DUF4175,Paramyxo_ncap,RR_TM4-6,Glyco_transf_15,PAT1"
Q96FV9,"Death,efThoc1"
Q96GC6,"zf-C2H2_4,zf-C2H2,SCAN,zf-C2H2_jaz,zf-trcl,zf-AN1,KRAB,XPA_N,zf-met,zf-H2C2_2,CxxC_CxxC_SSSS,HTH_Tnp_ISL3,ADK_lid,C1_1,zf-C2H2_6,LIM"
Q96H86,"zf-C2H2_4,zf-C2H2,zf-C2H2_jaz,zf-met,zf-H2C2_2,HypA,C1_4,DUF2256,RRN7,zf-C2H2_6,zf-UBP,KRAB,zf-trcl,CxxC_CxxC_SSSS,zf-C2H2_2,zf-C2HC_2,DUF164,zf-LYAR,BolA"
Q96IQ9,"zf-C2H2_4,zf-H2C2_2,zf-C2H2_6,zf-C2H2"
Q96IS3,"Homeobox,OAR"
Q96IT1,"zf-C2H2_4,C1_4,zf-C2H2,SCAN,DUF2296,zf-C2H2_jaz,KRAB,zf-H2C2_2,DZR,HypA,CxxC_CxxC_SSSS,GAGA,Cys_rich_CPXG,CpXC,HTH_Tnp_ISL3,FYDLN_acid,zf-C2H2_6,A2L_zn_ribbon"
Q96JB3,"zf-C2H2_4,zf-C2H2,zf-BED,Prok-RING_1,zf-C2H2_jaz,zf-HYPF,zf-CHY,zf-C3HC4_2,zf-met,zf-AN1,zf-H2C2_2,CxxC_CxxC_SSSS,BTB,zf-C2H2_2,GAGA,C1_1,zf-C2H2_6,LIM"
Q96JG9,"zf-C2H2_4,zf-C2H2,zf-C2H2_2,GAGA,zf-H2C2_5,zf-C2H2_6"
Q96JL9,"zf-C2H2_4,C1_4,zf-C2H2,zf-BED,zf-C2H2_jaz,KRAB,zf-H2C2_2,CxxC_CxxC_SSSS,Yippee,Zn_Tnp_IS1595,zf-C2H2_6,LIM,GATA"
Q96JM2,"zf-C2H2_4,zf-H2C2_2,zf-C2H2,zf-H2C2_5"
Q96JN0,HTH_psq
Q96JY0,"HMG_box,Maelstrom,DUF1898"
Q96K83,"zf-C2H2_4,zf-C2H2,zf-C2H2_jaz,zf-met,zf-H2C2_2,zf-C2H2_2,zf-C2H2_6"
Q96KM6,"zf-C2H2_4,zf-C2H2,DUF629,Evr1_Alr,zf-BED,zf-C2H2_jaz,zf-Nse,zf-met,zf-C2H2_2,CpXC,zf-FCS"
Q96KN3,"Homeobox,DUF2890,DUF1053,BSP_II,Homeobox_KN"
Q96LI6,HSF_DNA-bind
Q96LX8,"zf-C2H2_4,zf-C2H2,FYVE,zinc_ribbon_5,zf-C2H2_jaz,zf-CHY,KRAB,zf-met,zinc_ribbon_4,zf-H2C2_2,CxxC_CxxC_SSSS,DUF2321,GAGA,zf-H2C2_5,zf-C2H2_6"
Q96MM3,"zf-C2H2_4,zf-RING_3,zf-C2H2,zf-C2H2_jaz,IBR,zf-TRAF,XPA_N,CCAP,zf-H2C2_2,Transpos_assoc"
Q96MN9,"zf-C2H2_4,zf-C2H2,zf-C2H2_2"
Q96MX3,"zf-C2H2_4,C1_4,zf-RING_3,zf-C2H2,Prok-RING_1,zf-C2H2_jaz,XPA_N,zf-met,zf-H2C2_2,DZR,CxxC_CxxC_SSSS,C1_1,RRN7,FYDLN_acid,zf-C2H2_6"
Q96N58,"zf-C2H2_4,zf-C2H2,DNA_RNApol_7kD,C1_3,zf-C2H2_jaz,Prok-RING_1,KRAB,XPA_N,zf-H2C2_2,CxxC_CxxC_SSSS,HTH_Tnp_ISL3,Zn_Tnp_IS1595,zf-C2H2_6,BolA"
Q96N77,"zf-C2H2_4,zf-RING_3,zf-C2H2,YhfH,zf-C2H2_jaz,KRAB,zf-H2C2_2,DUF2256,CxxC_CxxC_SSSS,DUF2321,zf-C2H2_6,LIM"
Q96N95,"zf-C2H2_4,C1_4,zf-C2H2,SCAN,FYVE,zf-C2H2_jaz,XPA_N,ZZ,zf-H2C2_2,CxxC_CxxC_SSSS,HTH_Tnp_ISL3,ADK_lid,C1_1,Zn_Tnp_IS1595,GAGA,zf-C2H2_6,LIM"
Q96NG5,"zf-C2H2_4,C1_4,zf-C2H2,zf-BED,zf-C2H2_jaz,IBD,KRAB,XPA_N,zf-met,zf-H2C2_2,CxxC_CxxC_SSSS,zf-C2HC_2,Zn_Tnp_IS1595,GAGA,zf-C2H2_6,GATA"
Q96NM4,"HMG_box,DUF1898,AvrE"
Q96NZ1,Fork_head
Q96PM9,"zf-C2H2_4,zf-U1,zf-DBF,Elf1,zf-C2H2,DUF3449,zf-C2H2_jaz,zf-met2,zf-met,zf-C2H2_2,AKAP95,PHD_2"
Q96PN7,"zf-C2H2_4,zf-C2H2,zf-C2H2_jaz,zf-met,zf-H2C2_2,zf-C2H2_2,zf-C2H2_6,ELM2,Myb_DNA-binding"
Q96PQ6,"zf-C2H2_4,C1_4,zf-C2H2,FYVE,zf-C2H2_jaz,KRAB,zf-met,XPA_N,zf-H2C2_2,CxxC_CxxC_SSSS,HypA,zf-C2H2_2,Zn_Tnp_IS1595,FYDLN_acid,zf-C2H2_6,zf-LYAR"
Q96PU8,"KH_1,KH_3"
Q96QC0,"zf-CCCH,Med26"
Q96QS3,"Homeobox,DNA_pol_phi,OAR"
Q96RE9,"zf-C2H2_4,C1_4,zf-C2H2,FYVE,Prok-RING_1,DNA_RNApol_7kD,zf-C2H2_jaz,KRAB,zf-H2C2_2,HTH_Tnp_ISL3,Yippee,CxxC_CxxC_SSSS,MBD,zf-C2H2_6,zf-UBP,BolA"
Q96RI1,"Hormone_recep,zf-C4"
Q96RJ6,HLH
Q96RK0,"HMG_box,DUF1898"
Q96SF7,T-box
Q96SQ5,"zf-C2H2_4,zf-C2H2,TFIIS_C,DNA_RNApol_7kD,zf-C2H2_jaz,KRAB,XPA_N,zf-H2C2_2,CxxC_CxxC_SSSS,HTH_Tnp_ISL3,Yippee,Zn_Tnp_IS1595,zf-C2H2_6,A2L_zn_ribbon"
Q96SQ7,"DUF605,HLH"
Q96SZ4,"zf-C2H2_4,zf-C2H2,SCAN,zf-C2H2_jaz,zf-H2C2_2,CxxC_CxxC_SSSS,zf-C2HC_2,FYDLN_acid,zf-C2H2_6,zf-LYAR"
Q96T58,"RRM_1,RRM_6,RRM_3,SPOC,RRM_5"
Q99081,HLH
Q99453,"Med3,Homeobox,Rotamase_2,Homeobox_KN"
Q99551,"DUF4116,mTERF"
Q99581,Ets
Q99583,"DUF2630,HLH,Sipho_Gp157"
Q99592,"zf-C2H2_4,Elf1,zf-C2H2,zinc_ribbon_5,zf-C2H2_jaz,zf-C3HC4_2,zinc_ribbon_4,zf-met,zf-H2C2_2,BTB,GAGA,CpXC,RRN7,zf-C2H2_6"
Q99593,T-box
Q99594,"Myb_DNA-binding,TEA"
Q99607,"Ets,Elf-1_N"
Q99608,MAGE
Q99612,"zf-C2H2_4,zf-C2H2,zf-C2H2_jaz,zf-H2C2_2,zf-H2C2_5"
Q99626,"Homeobox,DUF1738,Homeobox_KN,Caudal_act"
Q99684,"zf-C2H2_4,zf-C2H2,zf-CHCC,zf-C2H2_jaz,zf-met,zf-H2C2_2,GAGA,C1_1,HNH,zf-C2H2_6,PyrI_C,Ta0938,FYVE,Prok-RING_1,Elf1,zf-BED,Ribosomal_S27e,CxxC_CxxC_SSSS,zf-C2H2_2,zf-C2HC_2,BolA"
Q99687,"Homeobox,KNOX2,Homeobox_KN"
Q99697,"Homeobox,Homeobox_KN,OAR,XRCC4"
Q99732,zf-LITAF-like
Q99743,"HLH,PAS,PAS_3,PAS_9,RNA_pol_Rpb4"
Q99814,"HIF-1,HIF-1a_CTAD,PAS,HLH,PAS_3,PAS_9,PAS_4"
Q99853,Fork_head
Q99856,"SDA1,DUF3416,ARID,Nop14,TRAP_alpha"
Q99929,HLH
Q99941,"DUF4407,DUF972,bZIP_Maf,bZIP_2,bZIP_1,DUF2205"
Q99958,Fork_head
Q9BQW3,TIG
Q9BQY4,"Homeobox,GRP"
Q9BR39,MORN
Q9BRJ9,HLH
Q9BRP0,"zf-C2H2_4,zf-C2H2,FYVE,C1_3,zf-C2H2_jaz,zf-met,XPA_N,zf-H2C2_2,zf-C2H2_2,ADK_lid,C1_1,zf-H2C2_5"
Q9BRQ8,"NAD_binding_8,Pyr_redox_3,Trp_halogenase,AlaDh_PNT_C,TrkA_N,DUF1052,Thi4,Lycopene_cycl,FAD_binding_2,FAD_oxidored,HI0933_like,K_oxygenase,FAD_binding_3,Pyr_redox,GIDA,NAD_binding_9,DUF4147,DAO,Pyr_redox_2"
Q9BRR0,"zf-C2H2_4,C1_4,zf-C2H2,SCAN,FYVE,zf-C2H2_jaz,KRAB,XPA_N,zf-met,zf-H2C2_2,HTH_Tnp_ISL3,CxxC_CxxC_SSSS,Yippee,Zn_Tnp_IS1595,C1_1,zf-C2H2_6,BolA"
Q9BS31,"zf-C2H2_4,zf-RING_3,zf-C2H2,KRAB,zf-H2C2_2,CxxC_CxxC_SSSS,zf-C2H2_6,zf-LYAR"
Q9BS34,"zf-C2H2_4,zf-C2H2,zf-BED,zf-C2H2_jaz,zf-CHY,KRAB,zf-met,zf-H2C2_2,CxxC_CxxC_SSSS,zf-C2HC_2,Zn_Tnp_IS1595,zf-C2H2_6"
Q9BSG1,"zf-C2H2_4,zf-C2H2,Zn_ribbon_recom,YhfH,zf-C2H2_jaz,XPA_N,zf-met,zf-H2C2_2,C1_1,C1_4,zf-AN1,HTH_Tnp_ISL3,Zn_Tnp_IS1595,zf-MYND,zf-C2H2_6,Prok-RING_1,KRAB,Siva,LIM,zf-BED,CxxC_CxxC_SSSS,HTH_18,Ribosomal_L44,BolA"
Q9BT49,"THAP,Tho2"
Q9BT81,"Sox_C_TAD,DUF1898,HMG_box,YABBY"
Q9BTC8,"BAH,Adeno_E1A,ELM2,GATA,Myb_DNA-binding"
Q9BTL4,IER
Q9BTP6,"zf-BED,Sgf11"
Q9BU19,"zf-C2H2_4,zf-C2H2,zf-C2H2_jaz,zf-TRAF,zf-met,zf-H2C2_2,zf-C2HC_2,PAT1"
Q9BUY5,"zf-C2H2_4,zf-RING_3,zf-C2H2,zf-BED,zf-C2H2_jaz,zf-trcl,KRAB,zf-met,XPA_N,zf-H2C2_2,CxxC_CxxC_SSSS,Zn_Tnp_IS1595,zf-C2HC_2,zf-C2H2_6"
Q9BVI0,"DUF3776,Rad9_Rad53_bind,Tudor-knot,PHD"
Q9BW11,"HLH,HTH_20,DUF3287,Kri1,DUF1895,GvpL_GvpF"
Q9BWE0,"zf-C2H2_4,zf-C2H2,Prok-RING_1,zf-C2H2_jaz,zf-met,zf-H2C2_2,CxxC_CxxC_SSSS,Yippee,zf-C2HC_2,MBD,FYDLN_acid,zf-C2H2_6,zf-LYAR"
Q9BWW7,"zf-C2H2_4,zf-C2H2,zf-ribbon_3,zf-C2H2_jaz,zf-met,XPA_N,zf-H2C2_2,HypA,C1_4,zf-CHY,zf-AN1,zf-C2H2_6,zf-FCS,SprT-like,DZR,LIM,Elf1,zf-BED,zf-C3HC4_2,CxxC_CxxC_SSSS,zf-C2H2_2"
Q9BWX5,"OrfB_Zn_ribbon,Elf1,zf-ribbon_3,DUF2387,BaffR-Tall_bind,ArfGap,CxxC_CxxC_SSSS,eIF-5_eIF-2B,GATA-N,TF_Zn_Ribbon,Zn_Tnp_IS1595,Prim_Zn_Ribbon,DZR,GATA"
Q9BYE0,"HLH,Hairy_orange"
Q9BYN7,"zf-C2H2_4,PyrI_C,zf-C2H2,zf-C2H2_jaz,zf-met,zf-H2C2_2,zf-C2H2_2,GAGA,zf-C2H2_6,BolA"
Q9BYU1,"Sec15,DUF1319,UCH,Homez,IncA,Homeobox,Myosin_tail_1,PBC,Homeobox_KN"
Q9BYV9,"bZIP_Maf,bZIP_2,BTB,DUF3342,bZIP_1"
Q9BZE0,"zf-C2H2_4,zf-C2H2,zf-C2H2_jaz,zf-met,zf-H2C2_2,zf-C2H2_2,zf-C2H2_6"
Q9BZM3,"Phage_terminase,Glyco_hydro_9,Homeobox,Terminase_5,DUF2360"
Q9C056,"Homeobox,Homez"
Q9C0A1,"zf-C2H2_jaz,zf-met,Homeobox,zf-C2H2_2,AKAP95,zf-H2C2_5,zf-C2H2_6,Homeobox_KN,Ada_Zn_binding"
Q9C0F3,"zf-C2H2_4,C1_4,zf-C2H2,NuA4,DUF2688,C1_3,zf-C2H2_jaz,KRAB,XPA_N,zf-met,zf-H2C2_2,CxxC_CxxC_SSSS,Yippee,HTH_Tnp_ISL3,Zn_Tnp_IS1595,HTH_18,zf-C2H2_6"
Q9C0G0,"zf-C2H2_4,zf-C2H2,zf-C2H2_jaz,zf-met,zf-H2C2_2,zf-C2H2_2,zf-H2C2_5,Gly-rich_Ago1"
Q9C0J9,"HLH,Oscp1,Hairy_orange"
Q9GZN2,"Homeobox,Homeobox_KN"
Q9GZX5,"zf-C2H2_4,zf-RING_3,zf-C2H2,zf-C2H2_jaz,zf-trcl,KRAB,XPA_N,zf-H2C2_2,CxxC_CxxC_SSSS,Chordopox_RPO7,zinc_ribbon_2,Zn_Tnp_IS1595,C1_1,zf-C2H2_6,LIM"
Q9H116,"zf-C2H2_4,zf-C2H2,Prok-RING_1,zf-C2H2_jaz,zf-met,zf-H2C2_2,BTB,zf-C2HC_2,RRN7,zf-C2H2_6,BolA"
Q9H161,"Homeobox,Homeobox_KN,OAR"
Q9H165,"zf-C2H2_4,DDHD,zf-C2H2,zf-C2H2_jaz,DUF1754,zf-H2C2_2,Daxx,GAGA,DUF4329,zf-H2C2_5,zf-C2H2_6,Nucleoplasmin,NOA36,Ribosomal_60s"
Q9H2C1,"Homeobox,Orbi_VP3,LIM,Homeobox_KN"
Q9H2P0,"zf-C2H2_4,Homeobox,zf-C2H2_2,zf-H2C2_5,Homeobox_KN"
Q9H2S9,"zf-C2H2_4,zf-C2H2,zf-C2H2_jaz,zf-TRAF,zf-met,zf-H2C2_2,GAGA,AKAP95,zf-H2C2_5,Zn_Tnp_IS1595,zf-C2H2_6"
Q9H2W2,"Homeobox,Homeobox_KN"
Q9H307,"DUF1421,Pinin_SDK_N,Pinin_SDK_memA"
Q9H334,"Fork_head,Ribosomal_L27e"
Q9H3D4,"P53_tetramer,P53,Fork_head_N,SAM_2"
Q9H4I2,"C1_3,zf-C2H2_jaz,Homez,Homeobox,Nucleo_P87,zf-H2C2_5,Homeobox_KN"
Q9H4S2,"Homeobox,Terminase_5,Phage_terminase"
Q9H4T2,"zf-C2H2_4,Ribosomal_L37ae,zf-C2H2,YhfH,zf-C2H2_jaz,C1_3,XPA_N,zf-met,zf-H2C2_2,Yippee,C1_1,A2L_zn_ribbon,C1_4,TFIIS_C,zinc_ribbon_5,HTH_Tnp_ISL3,Zn_Tnp_IS1595,zf-Mss51,zf-C2H2_6,C1_2,Prok-RING_1,zf-HIT,ZZ,ADK_lid,SprT-like,DZR,LIM,SCAN,DNA_RNApol_7kD,zf-trcl,zinc_ribbon_4,DUF1610,CxxC_CxxC_SSSS,CpXC"
Q9H4W6,TIG
Q9H4Z2,"zf-C2H2_4,zf-C2H2,zf-C2H2_jaz,zf-H2C2_2,zf-C2H2_2,ADK_lid,zf-H2C2_5,zf-C2H2_6,Ribosomal_60s"
Q9H582,"zf-C2H2_4,zf-C2H2,zf-MYND,zf-C2H2_jaz,Rad50_zn_hook,zf-H2C2_2,zf-H2C2_5,zf-C2H2_6"
Q9H5H4,"zf-C2H2_4,zf-C2H2,C1_3,zf-C2H2_jaz,Ogr_Delta,zf-met,XPA_N,zf-H2C2_2,Yippee,RNA_pol_Rpb1_R,OrfB_Zn_ribbon,C1_4,HTH_Tnp_ISL3,Zn_Tnp_IS1595,zf-C2H2_6,DUF2709,Prok-RING_1,LIM,CxxC_CxxC_SSSS,zf-C2HC_2,FYDLN_acid,BolA"
Q9H5V7,"zf-H2C2_2,zf-C2H2,zf-H2C2_5"
Q9H6I2,"Sox_C_TAD,DUF1898,BAF1_ABF1,HMG_box"
Q9H707,"zf-C2H2_4,zf-C2H2,Evr1_Alr,DNA_RNApol_7kD,zf-C2H2_jaz,KRAB,zf-met,zf-H2C2_2,CxxC_CxxC_SSSS,GAGA,zf-C2HC_2,zf-C2H2_6"
Q9H7X3,"zf-C2H2_4,C1_4,zf-C2H2,Zn_ribbon_recom,DNA_RNApol_7kD,C1_3,zf-C2H2_jaz,zf-trcl,zf-AN1,XPA_N,zf-H2C2_2,CxxC_CxxC_SSSS,HTH_Tnp_ISL3,Yippee,zf-C2H2_6,LIM,zf-LYAR"
Q9H8N7,Cytochrome-c551
Q9H9D4,"zf-C2H2_4,zf-C2H2,zf-C2H2_jaz,zf-met,zf-H2C2_2,GAGA,DUF2180,zf-CHY,Rad50_zn_hook,Zn_Tnp_IS1595,zinc_ribbon_2,zf-C2H2_6,DZR,Elf1,zf-C3HC4_2,CxxC_CxxC_SSSS,zf-C2H2_2,FYDLN_acid,Ribosomal_L44"
Q9H9S0,"Homeobox,Homez"
Q9HAJ7,"SAP30_Sin3_bdg,zf-SAP30"
Q9HAK2,TIG
Q9HAP2,"DivIC,HLH,Perilipin,IncA,DUF342,Troponin,DUF904,BicD"
Q9HB58,"SAND,Bromodomain,PHD,Sp100,Integrase_Zn"
Q9HBE1,"zf-C2H2_4,DUF2225,zf-C2H2,DUF629,Zn_ribbon_2,zf-C2H2_jaz,zf-met,XPA_N,zf-H2C2_2,BTB,zf-C2H2_2,GAGA,zf-C2H2_6"
Q9HBT8,"zf-C2H2_4,zf-RING_3,zf-C2H2,Zn_ribbon_recom,TFIIS_C,Prok-RING_1,DNA_RNApol_7kD,zf-C2H2_jaz,zf-trcl,KRAB,XPA_N,zf-met,zf-H2C2_2,HTH_Tnp_ISL3,CxxC_CxxC_SSSS,Zn_Tnp_IS1595,zf-C2H2_6,LIM"
Q9HBU1,"Homeobox,Homez"
Q9HBZ2,"HLH,PAS,PAS_3,PAS_9,PAS_4,PAS_6"
Q9HC78,"zf-C2H2_4,DUF2225,zf-C2H2,Prok-RING_1,zf-C2H2_jaz,zf-met,zf-H2C2_2,HTH_Tnp_ISL3,BTB,zf-C2H2_2,zf-C2HC_2,zf-Sec23_Sec24,zf-C2H2_6,BolA"
Q9HCK0,"zf-C2H2_4,PyrI_C,zf-C2H2,zf-CHCC,FYVE,zf-BED,zf-C2H2_jaz,zf-met,zf-H2C2_2,HTH_Tnp_ISL3,BTB,zf-C2H2_2,GAGA,DUF899,zf-C2H2_6,zf-LYAR"
Q9HCS4,"HMG_box,DUF1898,Enkurin,MAT_Alpha1,CTNNB1_binding"
Q9HCU5,WD40
Q9HCX3,"zf-C2H2_4,zf-C2H2,Rpr2,zf-C2H2_jaz,KRAB,zf-H2C2_2,CxxC_CxxC_SSSS,Yippee,HTH_Tnp_ISL3,Zn_Tnp_IS1595,zf-H2C2_5,zf-C2H2_6"
Q9HD90,"HLH,Neuro_bHLH"
Q9NP08,"Homeobox,Nha1_C"
Q9NP62,"DUF1272,GCM"
Q9NP66,"HMG_box,DUF1898,LMSTEN"
Q9NP71,"DivIC,HLH,DUF3584,FhuF,DUF904"
Q9NPC7,"zf-C2H2_4,C1_4,zf-C2H2,zf-BED,zf-C2H2_jaz,SMN,DUF1610,zf-met,XPA_N,zf-H2C2_2,BTB,zf-C2H2_2,zf-C2HC_2,GAGA,RRN7,FYDLN_acid,zf-C2H2_6"
Q9NPC8,"HTH_3,Homez,Homeobox,KilA-N,Homeobox_KN"
Q9NQ33,HLH
Q9NQ69,"Homez,Homeobox,Chordopox_RPO7,LIM,Homeobox_KN"
Q9NQ87,"HLH,Hairy_orange"
Q9NQB0,"HMG_box,DUF1898,CTNNB1_binding"
Q9NQL9,"DM,DMA"
Q9NQZ8,"zf-C2H2_4,zf-C2H2,Zn_ribbon_recom,zf-C2H2_jaz,XPA_N,zf-met,zf-H2C2_2,Yippee,Mu-like_Com,C1_4,HTH_Tnp_ISL3,Chordopox_RPO7,Zn_Tnp_IS1595,zf-C2H2_6,DUF3280,DUF1163,LIM,zf-BED,DNA_RNApol_7kD,CxxC_CxxC_SSSS,zf-C2HC_2,FYDLN_acid,Ribosomal_L44,BolA"
Q9NR11,"zf-C2H2_4,C1_4,zf-C2H2,FYVE,zf-BED,DUF843,zf-C2H2_jaz,KRAB,XPA_N,zf-H2C2_2,CxxC_CxxC_SSSS,HTH_Tnp_ISL3,Zn_Tnp_IS1595,zf-C2H2_6,HemY_N"
Q9NR55,"DUF4140,DUF2120,Med21,DUF1515,DUF2681,Spore_YhcN_YlaJ,Ribosomal_L30_N,ADIP,Adeno_PIX,IncA,DUF342,DUF2514,AAA_13,BLOC1_2,bZIP_1,DivIC,V_ATPase_I,DUF972,bZIP_Maf,DivIVA,Prominin,HALZ,Macoilin,TMF_DNA_bd,Prp19,HAP1_N,DUF1640,ATG16,bZIP_2,TPD52,Jnk-SapK_ap_N,CHD5"
Q9NR83,"zf-C2H2_4,zf-C2H2"
Q9NRE2,"zf-C2H2_4,zf-C2H2,zf-C2H2_jaz,zf-met,zf-H2C2_2,DUF3505,zf-C2H2_2,DUF678,zf-C2H2_6"
Q9NSC2,"zf-C2H2_4,Elf1,zf-C2H2,DUF3449,zf-C2H2_jaz,zf-met,zf-H2C2_2,zf-C2H2_2,zf-C2HC_2,zf-C2H2_6,BolA"
Q9NSD4,"zf-C2H2_4,C1_4,Elf1,zf-C2H2,Prok-RING_1,zf-C2H2_jaz,zf-AN1,zf-met,zf-H2C2_2,CxxC_CxxC_SSSS,HypA,Zn_Tnp_IS1595,zf-C2H2_6,BolA"
Q9NTW7,"zf-C2H2_4,zf-C2H2,zf-C2H2_jaz,IBD,zf-met,zf-H2C2_2,zf-H2C2_5,zf-C2H2_6,BolA"
Q9NU39,Fork_head
Q9NU63,"zf-C2H2_4,zf-C2H2,zf-C2H2_jaz,KRAB,zf-H2C2_2,zf-C2H2_6,BolA"
Q9NVV9,"DUF4140,THAP,Phage_min_cap2,FlaC_arch,L31,DUF4391,ADIP,IncA,DUF607,DivIC,FliD_C,Mitofilin,Sec2p,GrpE,Macoilin,TMF_DNA_bd,DUF3373,Cep57_CLD,Erp_C,Atg14,DUF2951,ABC_tran_2,RTBV_P46"
Q9NWB7,"V_ATPase_I,IFT57,Fib_alpha,MCPsignal,Bacillus_HBL,Prominin,DUF1664,Syntaxin-6_N"
Q9NWS9,"zf-C2H2_4,zf-C2H2,SCAN,FYVE,HNH,zf-C2H2_jaz,DUF2321,KRAB,zf-C2H2_6,zf-H2C2_2,DUF2256,CpXC,DZR"
Q9NX58,"Hid1,C1_4,IBR,zf-LYAR"
Q9NX65,"zf-C2H2_4,zf-C2H2,Pox_A3L,zf-C2H2_jaz,zf-met,XPA_N,zf-H2C2_2,Myb_DNA-bind_6,C1_4,zf-RING_3,HTH_Tnp_ISL3,zf-C2H2_6,KRAB,Myb_DNA-bind_4,SCAN,CxxC_CxxC_SSSS,HTH_18,zf-C2HC_2,BolA"
Q9NYD6,"Homeobox,Homeobox_KN"
Q9NYF8,GRP
Q9NZC4,"SAM_PNT,Ets"
Q9NZI5,CP2
Q9NZI6,"CP2,SAM_1"
Q9NZI7,"CP2,SAM_1,Ebola_NP,SAM_PNT"
Q9NZL3,"zf-C2H2_4,zf-C2H2,zf-C2H2_jaz,KRAB,zf-met,XPA_N,zf-H2C2_2,CxxC_CxxC_SSSS,zf-C2H2_6,BolA"
Q9NZR4,"Homeobox,Homeobox_KN"
Q9NZV7,"zf-C2H2_4,zf-C2H2,zf-C2H2_jaz,KRAB,zf-met,XPA_N,zf-H2C2_2"
Q9P0K8,Fork_head
Q9P0L1,"zf-C2H2_4,C1_4,zf-C2H2,SCAN,zf-C2H2_jaz,KRAB,XPA_N,zf-H2C2_2,CxxC_CxxC_SSSS,Yippee,HTH_Tnp_ISL3,Zn_Tnp_IS1595,zf-C2H2_6,GATA"
Q9P0T4,"zf-C2H2_4,C1_4,zf-C2H2,zf-C2H2_jaz,zf-CHY,zf-met2,zf-met,zf-H2C2_2,zf-C2H2_2,zf-C2HC_2,zf-C2H2_6,LIM,BolA"
Q9P0U4,"PHD,zf-CXXC,zf-CpG_bind_C"
Q9P0W2,"HMG_box,DUF1898,IncA,DUF3584"
Q9P1Z0,"zf-C2H2_4,zf-RING_3,zf-C2H2,Cenp-B_dimeris,zf-C2H2_jaz,FYDLN_acid,Nop14,zf-H2C2_2,BTB,zf-C2HC_2,Tmemb_55A,Nucleoplasmin"
Q9P243,"zf-C2H2_4,zf-C2H2,zf-C2H2_jaz,zf-met,Rad50_zn_hook,zf-H2C2_2,zf-H2C2_5"
Q9P2F9,"zf-C2H2_4,zf-C2H2,Antimicrobial_3,zf-C2H2_jaz,zf-met,zf-H2C2_2,GAGA,zf-C2H2_6,BolA"
Q9P2K5,"RRM_1,RRM_6,DUF3932,RRM_3,Limkain-b1,RRM_5"
Q9P2Y4,"zf-C2H2_4,zf-C2H2,C1_3,zf-H2C2_2,HypA,zf-DNA_Pol,DUF2752,Rad50_zn_hook,Zn_Tnp_IS1595,zf-Mss51,Terminase_GpA,zf-C2H2_6,Prok-RING_1,zf-H2C2_5,DUF2225,DZR,Elf1,CxxC_CxxC_SSSS,zf-C2H2_2"
Q9UBB5,"MBD_C,MBD"
Q9UBC0,"Homeobox,Homeobox_KN,CUT"
Q9UBD0,"HSF_DNA-bind,Menin"
Q9UBL3,SPRY
Q9UBP5,"HLH,DUF3772,Hairy_orange"
Q9UBR4,"Homeobox,PHF5,LIM,Homeobox_KN"
Q9UBX0,"Homeobox,Homeobox_KN"
Q9UBX2,"Homeobox,HTH_26,CENP-B_N,Homeobox_KN"
Q9UC07,"zf-C2H2_4,C1_4,zf-C2H2,zf-C2H2_jaz,KRAB,zf-met,zf-H2C2_2,CxxC_CxxC_SSSS,Zn_Tnp_IS1595,zf-C2H2_6"
Q9UDV6,"zf-C2H2_4,zf-C2H2,DNA_RNApol_7kD,DUF3669,zf-C2H2_jaz,KRAB,zf-met,zf-H2C2_2,DZR,zf-C2HC_2,zf-C2H2_6"
Q9UEG4,"zf-C2H2_4,zf-C2H2,Zn_ribbon_recom,C1_3,zf-C2H2_jaz,XPA_N,zf-H2C2_2,Yippee,GAGA,C1_4,zf-RING_3,HTH_Tnp_ISL3,Zn_Tnp_IS1595,zf-C2H2_6,Prok-RING_1,TF_Zn_Ribbon,DZR,Elf1,DNA_RNApol_7kD,CxxC_CxxC_SSSS,CpXC,FYDLN_acid"
Q9UFB7,"zf-C2H2_4,zf-C2H2,zf-C2H2_jaz,zf-met,Spore_coat_CotO,zf-H2C2_2,BTB,zf-CHY,SAPS,RRN7,zf-C2H2_6,zf-FCS,ADK_lid,TFIIF_alpha,DZR,Ycf1,Nop14,zf-C2H2_2,BolA"
Q9UFW8,"zf-met,Peptidase_S76,zf-C2H2_2,AKAP95,DUF82"
Q9UGU0,"DUF3039,zf-HC5HC2H,zf-RING-like,zf-HC5HC2H_2"
Q9UH73,"HLH,TIG"
Q9UH92,"HLH,RNA_pol_Rpb4"
Q9UHF7,"GATA,zf-H2C2_5"
Q9UHL9,"DUSP,SR-25,GTF2I"
Q9UHX1,"RRM_1,RRM_6,OB_RNB,RRM_3,RRM_5"
Q9UI36,Ski_Sno
Q9UID6,"zf-C2H2_4,zf-C2H2,zf-C2H2_jaz,zf-H2C2_2,DZR,zf-C2H2_2,CarbpepA_inh,zf-H2C2_5,zf-C2H2_6"
Q9UIE0,"zf-C2H2_4,zf-C2H2,BHD_1,zf-C2H2_jaz,KRAB,XPA_N,zf-H2C2_2,zf-C2H2_6"
Q9UIF8,"Bromodomain,PHD,DDT,MBD,DUF2457"
Q9UIF9,"Bromodomain,PHD,SAPS,DDT,MBD"
Q9UIH9,"zf-C2H2_4,zf-C2H2,zf-C2H2_jaz,zf-met,zf-C2H2_6,zf-H2C2_2,DUF2225"
Q9UIS9,"zf-CXXC,MBD"
Q9UIU6,"Homeobox,Homeobox_KN,Homez"
Q9UIW0,"Homeobox,Homeobox_KN,Homez"
Q9UJL9,"zf-C2H2_4,Elf1,zf-C2H2,SCAN,zf-BED,YhfH,zf-C2H2_jaz,DNA_RNApol_7kD,KRAB,zf-met,XPA_N,zf-H2C2_2,CxxC_CxxC_SSSS,HTH_Tnp_ISL3,Zn_Tnp_IS1595,zf-C2H2_6"
Q9UJQ4,"zf-C2H2_4,DUF2225,Elf1,zf-C2H2,zf-C2H2_jaz,zf-met,Rad50_zn_hook,zf-H2C2_2,zf-C2HC_2,zf-C2H2_6,NinF"
Q9UJU5,Fork_head
Q9UJW8,"zf-C2H2_4,zf-C2H2,zf-C2H2_jaz,XPA_N,zf-H2C2_2,Yippee,zf-AN1,HTH_Tnp_ISL3,Zn_Tnp_IS1595,zf-C2H2_6,DUF2688,KRAB,Luteo_Vpg,LIM,GATA,Elf1,zf-trcl,CxxC_CxxC_SSSS,CpXC,zf-LYAR,Csm1"
Q9UK33,"zf-C2H2_4,zf-C2H2,C1_3,zf-C2H2_jaz,zf-CHY,zf-met,Rad50_zn_hook,zf-H2C2_2,CxxC_CxxC_SSSS,DUF2256,zf-C2H2_2,GAGA,zf-H2C2_5,SprT-like,zf-C2H2_6,zf-LYAR"
Q9UKD1,"SAND,IncA"
Q9UKI9,"Homeobox_KN,Homeobox,Pou,HTH_19"
Q9UKS7,"zf-C2H2_4,zf-C2H2,zf-CHCC,zf-C2H2_jaz,zf-TRAF,zf-met,zf-H2C2_2,zf-H2C2_5,GAGA,zf-MYND,zf-C2H2_6"
Q9UKT9,"zf-C2H2_4,Cryptochrome_C,zf-C2H2,zf-TRAF,zf-H2C2_2,GAGA,AKAP95,zf-C2HC_2,zf-C2H2_6"
Q9UKW6,"SAM_PNT,Ets"
Q9UKY1,"zf-C2H2_4,zf-C2H2,Homez,Homeobox,DUF4028,Homeobox_KN"
Q9UL49,HLH
Q9UL68,"DivIC,zf-C2HC,MYT1,DUF2968,zf-RING-like,IncA,zf-RAG1,DUF1664,bZIP_1"
Q9ULD5,"zf-C2H2_4,C1_4,zf-RING_3,CpXC,zf-C2H2,Elf1,DNA_RNApol_7kD,DUF3669,zf-C2H2_jaz,KRAB,zf-met,zf-H2C2_2,DZR,HTH_Tnp_ISL3,DUF2321,zf-C2H2_6"
Q9ULJ3,"zf-C2H2_4,zf-C2H2,zf-C2H2_jaz,zf-met,zf-H2C2_2,BTB"
Q9ULM2,"zf-C2H2_4,zf-C2H2,zf-C2H2_jaz,zf-trcl,zf-CHY,KRAB,zf-AN1,XPA_N,zf-H2C2_2,CxxC_CxxC_SSSS,Zn_Tnp_IS1595,zf-C2H2_6"
Q9ULV5,"HSF_DNA-bind,Vert_HS_TF"
Q9ULW3,RRM_6
Q9ULX9,"DivIC,DUF2046,DUF2216,DUF4140,DUF972,IncA,bZIP_Maf,bZIP_2,HALZ,Macoilin,DUF904,bZIP_1"
Q9UM63,"zf-C2H2_4,zf-C2H2,zf-C2H2_jaz,zf-met,zf-H2C2_2,DUF2321,zf-C2H2_6"
Q9UMQ3,"Homeobox,DUF3484,Homez"
Q9UMR3,"Patatin,T-box"
Q9UN79,"HMG_box,AAA_23,DUF1898"
Q9UNY5,"zf-C2H2_4,zf-C2H2,UPF0547,YhfH,zf-C2H2_jaz,XPA_N,zf-H2C2_2,C1_4,TFIIS_C,zinc_ribbon_5,HTH_Tnp_ISL3,Zn_Tnp_IS1595,DUF2321,zf-C2H2_6,Prok-RING_1,LIM,GATA,Rpr2,SCAN,DNA_RNApol_7kD,zf-trcl,CxxC_CxxC_SSSS,CpXC"
Q9UPG8,"zf-C2H2_4,PyrI_C,zf-C2H2,zf-CHCC,zf-C2H2_jaz,zf-met2,zf-met,zf-H2C2_2,zf-C2H2_2,C1_1,zf-C2H2_6"
Q9UPM6,"DUF581,Arc_trans_TRASH,Homeobox,HypA,LIM,Homeobox_KN"
Q9UPW0,"Fork_head,DUF1639"
Q9UPW6,"Homeobox,MEI4-Rec24,CUT"
Q9UQR1,"zf-C2H2_4,zf-RING_3,zf-C2H2,zf-C2H2_jaz,DUF680,XPA_N,zf-H2C2_2,Zn_Tnp_IS1595,zf-MYND,DZR"
Q9Y222,"Myb_DNA-bind_6,Myb_DNA-bind_4,Myb_DNA-binding"
Q9Y237,"Rotamase,Rotamase_3,Rotamase_2"
Q9Y261,"HNF_C,Fork_head,Fork_head_N"
Q9Y2D1,"bZIP_2,bZIP_1"
Q9Y2P0,"zf-C2H2_4,zf-C2H2,Zn_ribbon_recom,zf-C2H2_jaz,BHD_2,XPA_N,zf-H2C2_2,Yippee,GAGA,C1_1,DrsE,C1_4,Zn_Tnp_IS1595,zf-MYND,zf-C2H2_6,Elf1,DNA_RNApol_7kD,CxxC_CxxC_SSSS,zf-LYAR"
Q9Y2P7,"zf-C2H2_4,C1_4,zf-C2H2,Zn_ribbon_recom,zf-C2H2_jaz,KRAB,XPA_N,zf-H2C2_2,HTH_Tnp_ISL3,CxxC_CxxC_SSSS,C1_1,zf-C2H2_6"
Q9Y2T7,"CSD,OB_RNB"
Q9Y2V3,"Homeobox,OAR"
Q9Y2X9,"zf-C2H2_4,Rpr2,zf-C2H2,FYVE,zf-H2C2_2,DZR,Zn_Tnp_IS1595,zf-C2H2_6"
Q9Y2Y4,"zf-C2H2_4,zf-C2H2,C1_2,DUF2180,zf-C2H2_jaz,zf-met,zf-H2C2_2,BTB,zf-C2H2_2,zf-H2C2_5,zf-C2H2_6"
Q9Y2Y9,"zf-C2H2_4,zf-C2H2,zf-BED,zf-C2H2_jaz,zf-TRAF,zf-met,zf-H2C2_2,zf-C2HC_2,RRN7,Rep_fac-A_C"
Q9Y3M9,"zf-C2H2_4,C1_4,zf-C2H2,zf-C2H2_jaz,zf-trcl,zf-CHY,KRAB,cEGF,zf-met,zf-H2C2_2,CpXC,zf-C2H2_6,LIM"
Q9Y458,T-box
Q9Y462,"zf-C2H2_4,zf-C2H2,zf-C2H2_jaz,zf-met,zf-H2C2_2,GAGA,zf-H2C2_5,Zfx_Zfy_act"
Q9Y466,"Hormone_recep,zf-C4"
Q9Y467,"zf-C2H2_4,Elf1,zf-C2H2,Desulfoferrod_N,zf-C2H2_jaz,zf-met,Rad50_zn_hook,zf-H2C2_2,zf-C2H2_2,Daxx,BSP_II,zf-C2H2_6,NOA36"
Q9Y473,"zf-C2H2_4,zf-RING_3,zf-C2H2,zf-C2H2_jaz,KRAB,XPA_N,zf-met,zf-H2C2_2,CxxC_CxxC_SSSS,HTH_Tnp_ISL3,Zn_Tnp_IS1595,zf-C2H2_6,IGPD"
Q9Y483,"DUF1451,Chromo,Mtf2_C,Prok-RING_1,zf-RING_2,zf-C3HC4_2,DUF1325,PHD,C1_1"
Q9Y4A8,"bZIP_2,bZIP_1,bZIP_Maf"
Q9Y4X4,"zf-C2H2_4,zf-C2H2,zf-C2H2_jaz,Herpes_BLLF1,zf-met,zf-H2C2_2,zf-C2H2_6"
Q9Y4Z2,"HLH,Umbravirus_LDM"
Q9Y5A6,"zf-C2H2_4,zf-C2H2,zf-C2H2_jaz,XPA_N,zf-met,zf-H2C2_2,HypA,C1_4,zf-RING_3,zf-AN1,HTH_Tnp_ISL3,Zn_Tnp_IS1595,zf-C2H2_6,SCAN,zf-BED,DNA_RNApol_7kD,zf-trcl,CxxC_CxxC_SSSS,HTH_18"
Q9Y5B6,"Saw1,GCFC"
Q9Y5J3,"HLH,Hairy_orange"
Q9Y5N6,ORC6
Q9Y5Q3,"DUF4164,Maf_N,HOOK,bZIP_Maf,MbeD_MobD,DUF1843,bZIP_2,Spc24,Seryl_tRNA_N,bZIP_1,DUF1192"
Q9Y5Q8,"Tau95,NOA36"
Q9Y5Q9,"TPR_14,Sel1,Apc3,TPR_10,TPR_17,SAPS,Daxx,TPR_2,TPR_8,DUF627,TPR_12,TPR_7,TPR_1,Foie-gras_1,TPR_9,TPR_16,TPR_6,SHNi-TPR,TPR_4,BUD22,TPR_11"
Q9Y5R5,DM
Q9Y5R6,"DUF3482,Dmrt1,DM"
Q9Y5W3,"zf-C2H2_4,zf-C2H2,zf-BED,zf-C2H2_jaz,zf-met,zf-H2C2_2"
Q9Y5X4,"Hormone_recep,zf-C4"
Q9Y603,"SAM_PNT,Ets"
Q9Y618,"Myb_DNA-bind_6,Serinc,Myb_DNA-binding"
Q9Y692,"DUF948,SAND"
Q9Y6X8,"zf-C2H2,Homez,DUF3505,Homeobox,zf-H2C2_2,zf-C2H2_2,ADPrib_exo_Tox,zf-H2C2_5,DUF937,Homeobox_KN"
W6CJ52,Fork_head
X5D2F9,"Homeobox,Homeobox_KN,Homez"
A0A024R3C6,"zf-C2H2_4,zf-C2H2,Endonuclease_7,Prok-RING_1,zf-C2H2_jaz,zf-met,zf-H2C2_2,DZR,BTB,zf-C2H2_2,zf-C2HC_2,zf-C2H2_6,GATA"
A0A087X1Q1,"P53_tetramer,P53"
A0A0S2Z493,"HLH,Merozoite_SPAM,DUF2146,Neuro_bHLH,CDC45,CDC27,DUF1742,DUF2890,Daxx,RRN3,Nop53"
A0A0U1RQC9,"P53_tetramer,P53,DEC-1_N"
A0A140VJP0,"HMG_box,Maelstrom,DUF1898"
A0A386NC20,"P53_tetramer,P53,DEC-1_N,P53_TAD"
A0A386NC22,"P53_tetramer,P53,DEC-1_N,P53_TAD"
A0A386NC55,"P53_tetramer,P53,DEC-1_N,P53_TAD"
A0A386NC62,"P53_tetramer,P53,DEC-1_N,P53_TAD"
A0A386NCA6,"P53_tetramer,P53,DEC-1_N,P53_TAD"
A0A386NCB1,"P53_tetramer,P53,DEC-1_N,P53_TAD"
A0A386NCU2,"P53_tetramer,P53,DEC-1_N,P53_TAD"
A0A386NCW8,"P53_tetramer,P53,DEC-1_N,P53_TAD"
A0A386NCX4,"P53_tetramer,P53,DEC-1_N,P53_TAD"
A0A386NDA8,"P53_tetramer,P53,DEC-1_N,P53_TAD"
A0A386NDB3,"P53_tetramer,P53,DEC-1_N,P53_TAD"
A0A386NFX3,"P53_tetramer,P53,DEC-1_N,P53_TAD"
A0A386NFY2,"P53_tetramer,P53,DEC-1_N,P53_TAD"
A0A386NG45,"P53_tetramer,P53,DEC-1_N,P53_TAD"
A0AAQ5BHX5,"P53_tetramer,P53,DEC-1_N,P53_TAD"
A0AAQ5BHY1,"P53_tetramer,P53,DEC-1_N"
A0AAQ5BHZ9,"P53_tetramer,P53,DEC-1_N,P53_TAD"
A2RRD8,"zf-C2H2_4,C1_4,zf-C2H2,Prok-RING_1,C1_3,zf-C2H2_jaz,BHD_2,KRAB,zf-met,XPA_N,zf-H2C2_2,CxxC_CxxC_SSSS,HTH_Tnp_ISL3,Zn_Tnp_IS1595,A2L_zn_ribbon,zf-C2H2_6,BolA"
A2RU54,Homeobox
A6NFD8,"HLH,RNA_pol_Rpb4,Hairy_orange"
A6NHT5,Homeobox
A6NJT0,Homeobox
A6NLW8,"Homeobox,CENP-B_N,Homeobox_KN,CS"
A6NNA5,"Homeobox,Homeobox_KN,OAR"
E5RMA8,"P53_tetramer,P53,DEC-1_N,P53_TAD"
E7EQX7,"P53,DEC-1_N,P53_TAD"
E9PAV3,"RNA_pol_Rpo13,UBA,NAC"
F1D8N1,"Hormone_recep,zf-C4"
F1D8N6,"Hormone_recep,zf-C4"
F1D8R8,"Hormone_recep,UPF0547,zf-C3HC4_2,zf-P11,zf-C4"
F6TDF5,"zf-C2H2_4,zf-RING_3,Sgf11,zf-C2H2,Zn_ribbon_recom,zinc_ribbon_5,zf-C2H2_jaz,zf-met,zf-H2C2_2,CxxC_CxxC_SSSS,HypA,zf-C2H2_2,zf-H2C2_5,zf-C2H2_6"
H2EHT1,"P53_tetramer,P53,DEC-1_N"
J3KP33,"P53,DEC-1_N,P53_TAD"
J3KP65,T-box
K7PPU4,"P53_tetramer,P53,DEC-1_N,P53_TAD"
O00570,"HMG_box,SOXp,DUF1898"
O14709,"zf-C2H2_4,C1_4,zf-C2H2,SCAN,zf-C2H2_jaz,KRAB,XPA_N,zf-H2C2_2,HTH_Tnp_ISL3,CxxC_CxxC_SSSS,Yippee,Zn_Tnp_IS1595,Chordopox_RPO7,zf-C2H2_6"
O14753,"zf-C2H2_4,zf-C2H2,Rpr2,FYVE,zf-C2H2_jaz,zf-met,zf-H2C2_2,zf-C2H2_2,zf-C2H2_6"
O15090,"zf-C2H2_4,zf-C2H2,zf-CHCC,Di19,zf-C2H2_jaz,C1_3,Rad50_zn_hook,zf-H2C2_2,zf-C2H2_2,GAGA,zf-H2C2_5,zf-DNA_Pol"
O43345,"zf-C2H2_4,Katanin_con80,zf-C2H2,C1_3,zf-C2H2_jaz,KRAB,XPA_N,zf-H2C2_2,CxxC_CxxC_SSSS,Zn_Tnp_IS1595,zf-C2H2_6,BolA"
O43638,Fork_head
O43812,"CENP-B_N,Homeobox,Sigma70_r3,HTH_26,Homeobox_KN"
O60422,"Homeobox,Homeobox_KN,CUT"
O60765,"zf-C2H2_4,C1_4,zf-C2H2,Prok-RING_1,zf-BED,zf-C2H2_jaz,DNA_RNApol_7kD,KRAB,zf-met,zf-met2,zf-H2C2_2,CxxC_CxxC_SSSS,HTH_Tnp_ISL3,Zn_Tnp_IS1595,zf-C2HC_2,zf-C2H2_6,LIM,BolA"
O75123,"zf-C2H2_4,zf-C2H2,zf-C2H2_jaz,XPA_N,Rapsyn_N,zf-H2C2_2,Yippee,C1_4,zf-RING_3,zf-AN1,HTH_Tnp_ISL3,Zn_Tnp_IS1595,zf-C2H2_6,FYVE,Prok-RING_1,DZR,GATA,zf-trcl,CxxC_CxxC_SSSS"
O75346,"zf-C2H2_4,zf-C2H2,C1_3,zf-C2H2_jaz,XPA_N,zf-met,zf-H2C2_2,GAGA,C1_4,zf-AN1,HTH_Tnp_ISL3,Zn_Tnp_IS1595,zf-C2H2_6,Desulfoferrod_N,Prok-RING_1,ROS_MUCR,KRAB,DNA_RNApol_7kD,zf-trcl,DUF1610,CxxC_CxxC_SSSS,DUF164,BolA"
O75437,"zf-C2H2_4,zf-C2H2,C1_3,zf-C2H2_jaz,XPA_N,zf-H2C2_2,C1_4,zf-CHY,HTH_Tnp_ISL3,Zn_Tnp_IS1595,DUF2321,zf-C2H2_6,Desulfoferrod_N,ROS_MUCR,KRAB,ADK_lid,DNA_RNApol_7kD,zf-trcl,DUF1610,CxxC_CxxC_SSSS,DUF164,BolA"
O75541,"zf-C2H2_4,zf-C2H2,Prok-RING_1,zf-C2H2_jaz,zf-met,Rad50_zn_hook,zf-H2C2_2,RRN7,DZR"
O75764,"TFIIS_M,Auxin_repressed,Med26,TFIIS_C"
O75820,"zf-C2H2_4,zf-C2H2,zf-BED,Prok-RING_1,zf-C2H2_jaz,RseC_MucC,KRAB,XPA_N,zf-H2C2_2,CxxC_CxxC_SSSS,DZR,zf-C2HC_2,zf-C2H2_6,IGPD"
O95076,"Homeobox,Homeobox_KN"
O95625,"zf-C2H2_4,zf-C2H2,HNH,zf-C2H2_jaz,zf-H2C2,zf-met,zf-H2C2_2,DZR,BTB,zf-C2H2_2,zf-C2H2_6"
O95780,"zf-C2H2_4,zf-C2H2,NifU_N,C1_3,zf-C2H2_jaz,zf-trcl,KRAB,XPA_N,zf-H2C2_2,CxxC_CxxC_SSSS,zf-C2H2_6,BolA"
P09630,"Homeobox,Homeobox_KN"
P0C7M4,"Homeobox,GRP"
P10072,"zf-C2H2_4,C1_4,zf-C2H2,DNA_RNApol_7kD,zf-C2H2_jaz,zf-trcl,KRAB,zf-H2C2_2,Yippee,HTH_18,zf-H2C2_5,FYDLN_acid,zf-C2H2_6,zf-UBP"
P15621,"zf-C2H2_4,C1_4,zf-C2H2,zf-C2H2_jaz,KRAB,zf-met,zf-H2C2_2,CxxC_CxxC_SSSS,C1_1,zf-C2H2_6"
P17019,"zf-C2H2_4,zf-C2H2,Prok-RING_2,C1_3,zf-C2H2_jaz,XPA_N,zf-H2C2_2,GAGA,C1_4,TFIIS_C,zf-CHY,zf-AN1,HTH_Tnp_ISL3,Zn_Tnp_IS1595,zf-C2H2_6,Desulfoferrod_N,Prok-RING_1,ROS_MUCR,KRAB,DNA_RNApol_7kD,zf-trcl,CxxC_CxxC_SSSS,DUF164,BHD_1,BolA"
P17025,"zf-C2H2_4,zf-C2H2,zf-C2H2_jaz,zf-met,XPA_N,zf-H2C2_2,Yippee,C1_1,MBD,DUF899,C1_4,HTH_Tnp_ISL3,zf-C2H2_6,Prok-RING_1,KRAB,LIM,DNA_RNApol_7kD,CxxC_CxxC_SSSS,CpXC,BolA"
P17026,"zf-C2H2_4,zf-C2H2,YhfH,zf-C2H2_jaz,XPA_N,zf-H2C2_2,Yippee,Fer4_9,GAGA,C1_4,NuA4,HTH_Tnp_ISL3,Zn_Tnp_IS1595,zf-C2H2_6,PHD,DUF82,zf-H2C2_5,PhnJ,DNA_RNApol_7kD,zf-trcl,DUF1610,DUF2072,CxxC_CxxC_SSSS,DUF164,FYDLN_acid"
P17029,"zf-C2H2_4,zf-C2H2,zf-C2H2_jaz,XPA_N,zf-H2C2_2,Yippee,C1_4,zinc_ribbon_5,HTH_Tnp_ISL3,Zn_Tnp_IS1595,DUF3357,zf-C2H2_6,KRAB,GATA,SCAN,DNA_RNApol_7kD,zinc_ribbon_4,CxxC_CxxC_SSSS,CpXC"
P17030,"zf-C2H2_4,C1_4,zf-C2H2,zf-C2H2_jaz,KRAB,zf-H2C2_2,CxxC_CxxC_SSSS,HTH_Tnp_ISL3,Yippee,Zn_Tnp_IS1595,C1_1,HTH_18,zf-C2H2_6"
P17031,"zf-C2H2_4,zf-C2H2,zf-C2H2_jaz,zf-met,zf-H2C2_2,Yippee,MBD,DUF899,C1_4,zf-AN1,HTH_Tnp_ISL3,Zn_Tnp_IS1595,zf-C2H2_6,zf-UBP,KRAB,PhnJ,CxxC_CxxC_SSSS,CpXC,BolA"
P17032,"zf-C2H2_4,C1_4,zf-C2H2,zf-C2H2_jaz,KRAB,XPA_N,zf-H2C2_2,HTH_Tnp_ISL3,DUF309,Siva,CxxC_CxxC_SSSS,zf-C2H2_6,BolA"
P17035,"zf-C2H2_4,zf-C2H2,C1_3,zf-C2H2_jaz,BHD_2,zf-met,XPA_N,zf-H2C2_2,C1_1,MBD,C1_4,HTH_Tnp_ISL3,Zn_Tnp_IS1595,zf-C2H2_6,KRAB,DUP,CxxC_CxxC_SSSS,DUF2213,BolA"
P17038,"zf-C2H2_4,C1_4,zf-C2H2,DNA_RNApol_7kD,C1_3,zf-C2H2_jaz,KRAB,XPA_N,zf-H2C2_2,CxxC_CxxC_SSSS,HTH_Tnp_ISL3,Zn_Tnp_IS1595,GAGA,zf-C2H2_6,BolA"
P17039,"zf-C2H2_4,zf-C2H2,NifU_N,zf-C2H2_jaz,XPA_N,zf-H2C2_2,Yippee,C1_4,zf-AN1,HTH_Tnp_ISL3,Zn_Tnp_IS1595,zf-C2H2_6,KRAB,LIM,zf-BED,DNA_RNApol_7kD,zf-trcl,CxxC_CxxC_SSSS,CpXC"
P17097,"zf-C2H2_4,C1_4,zf-C2H2,zf-C2H2_jaz,KRAB,XPA_N,zf-H2C2_2,CxxC_CxxC_SSSS,HTH_Tnp_ISL3,zf-C2H2_6,BolA"
P17098,"zf-C2H2_4,C1_4,zf-C2H2,zf-C2H2_jaz,zf-trcl,zf-AN1,KRAB,XPA_N,zf-H2C2_2,CxxC_CxxC_SSSS,HTH_Tnp_ISL3,Zn_Tnp_IS1595,zf-C2H2_6"
P21506,"zf-C2H2_4,zf-RING_3,zf-C2H2,DUF2688,zf-C2H2_jaz,zf-trcl,KRAB,zf-H2C2_2,CxxC_CxxC_SSSS,Yippee,HTH_Tnp_ISL3,Zn_Tnp_IS1595,zf-C2H2_6"
P31267,"Homeobox,Homeobox_KN"
P31277,"Homeobox_KN,Homeobox,DUF3528"
P32314,Fork_head
P51504,"zf-C2H2_4,zf-C2H2,YhfH,zf-C2H2_jaz,XPA_N,zf-met,zf-H2C2_2,HypA,A2L_zn_ribbon,TFIIS_C,zinc_ribbon_5,HTH_Tnp_ISL3,Zn_Tnp_IS1595,RRN7,zf-C2H2_6,Prok-RING_1,zf-H2C2_5,DNA_RNApol_7kD,zf-trcl,CxxC_CxxC_SSSS"
P51508,"zf-C2H2_4,zf-C2H2,Zn_ribbon_recom,C1_3,zf-C2H2_jaz,XPA_N,zf-met,zf-H2C2_2,C1_4,zf-RING_3,TFIIS_C,Raffinose_syn,HTH_Tnp_ISL3,Zn_Tnp_IS1595,zf-C2H2_6,Nucleoplasmin,zf-UBP,IGPD,KRAB,DZR,LIM,Rpr2,DNA_RNApol_7kD,zf-trcl,CxxC_CxxC_SSSS"
P51522,"zf-C2H2_4,zf-C2H2,UPF0547,Prok-RING_2,C1_3,zf-C2H2_jaz,BHD_2,XPA_N,zf-met,zf-H2C2_2,CTV_P23,C1_1,C1_4,TFIIS_C,Ribosomal_L17,HTH_Tnp_ISL3,Zn_Tnp_IS1595,zf-C2H2_6,Desulfoferrod_N,Prok-RING_1,COX5B,ZZ,Arc_trans_TRASH,zf-BED,DNA_RNApol_7kD,CxxC_CxxC_SSSS,PDZ_1,BolA"
P51815,"zf-C2H2_4,zf-C2H2,Zn_ribbon_recom,C1_3,zf-C2H2_jaz,XPA_N,zf-met,zf-H2C2_2,Yippee,GAGA,C1_1,C1_4,zf-AN1,HTH_Tnp_ISL3,zf-C2H2_6,Prok-RING_1,KRAB,DZR,Zn_Tnp_IS1,SCAN,Arc_trans_TRASH,DNA_RNApol_7kD,zf-trcl,CxxC_CxxC_SSSS,zf-C2HC_2,CpXC"
P52737,"zf-C2H2_4,C1_4,zf-C2H2,Prok-RING_2,zf-BED,zf-C2H2_jaz,zf-trcl,IBD,KRAB,zf-AN1,zf-H2C2_2,CxxC_CxxC_SSSS,HTH_18,Zn_Tnp_IS1595,C1_1,zf-MYND,zf-C2H2_6"
P52741,"zf-C2H2_4,zf-C2H2,C1_3,zf-C2H2_jaz,YhfH,XPA_N,zf-H2C2_2,Yippee,HypA,C1_4,TFIIS_C,zf-AN1,HTH_Tnp_ISL3,Zn_Tnp_IS1595,zf-C2H2_6,Prok-RING_1,Siva,LIM,GATA,DNA_RNApol_7kD,zf-trcl,CxxC_CxxC_SSSS,Ribosomal_L44"
P52746,"zf-C2H2_4,zf-C2H2,PhnJ,zf-H2C2_2,zf-H2C2_5,zf-C2H2_6"
P57723,"KH_5,KH_1,KH_4,KH_3,KH_2"
P58317,"zf-C2H2_4,zf-C2H2,NifU_N,zf-C2H2_jaz,XPA_N,zf-met,zf-H2C2_2,GAGA,C1_1,A2L_zn_ribbon,TFIIS_C,HTH_Tnp_ISL3,Zn_Tnp_IS1595,zf-C2H2_6,GATA,Rpr2,DNA_RNApol_7kD,zf-BED,zf-trcl,CxxC_CxxC_SSSS,zf-C2H2_2,zf-C2HC_2,Peptidase_C23"
P78414,"TFIIA,Homez,Nop14,Homeobox,Astro_capsid,Homeobox_KN,Dicty_REP"
P81133,"HLH,PAS,PAS_3,SIM_C,PAS_9,PAS_4"
P82970,"HMG14_17,DUF2229"
Q02386,"zf-C2H2_4,C1_4,zf-C2H2,DNA_RNApol_7kD,C1_3,zf-C2H2_jaz,KRAB,XPA_N,zf-met,zf-H2C2_2,CxxC_CxxC_SSSS,C1_1,zf-C2H2_6,BolA"
Q03828,Homeobox
Q03936,"zf-C2H2_4,zf-C2H2,Prok-RING_2,C1_3,zf-C2H2_jaz,XPA_N,zf-H2C2_2,C1_4,HTH_Tnp_ISL3,Zn_Tnp_IS1595,zf-C2H2_6,Desulfoferrod_N,Prok-RING_1,KRAB,ADK_lid,DNA_RNApol_7kD,zf-trcl,DUF1610,CxxC_CxxC_SSSS,DUF164,DUF2213,Ribosomal_L44,BolA"
Q06732,"zf-C2H2_4,C1_4,zf-C2H2,zf-C2H2_jaz,zf-AN1,KRAB,zf-H2C2_2,HTH_Tnp_ISL3,Siva,Zn_Tnp_IS1595,C1_1,zf-H2C2_5,XS,zf-C2H2_6,GATA,BolA"
Q08ER8,"zf-C2H2_4,zf-C2H2,C1_3,zf-C2H2_jaz,YhfH,XPA_N,zf-H2C2_2,C1_4,TFIIS_C,Raffinose_syn,HTH_Tnp_ISL3,Zn_Tnp_IS1595,zf-C2H2_6,KRAB,DNA_RNApol_7kD,CxxC_CxxC_SSSS,BHD_1,Ribosomal_L44,zf-LYAR,BolA"
Q0D2J5,"zf-C2H2_4,zf-C2H2,zf-C2H2_jaz,KRAB,zf-H2C2_2,CxxC_CxxC_SSSS,Zn_Tnp_IS1595,zf-C2H2_6"
Q12901,"zf-C2H2_4,C1_4,zf-C2H2,GCC2_GCC3,zf-C2H2_jaz,KRAB,zf-met,XPA_N,zf-H2C2_2,CxxC_CxxC_SSSS,Myb_DNA-bind_6,zf-C2H2_6,BolA"
Q12950,"Fork_head,Gly-zipper_OmpA"
Q13106,"zf-C2H2_4,zf-C2H2,UPF0547,YhfH,zf-C2H2_jaz,C1_3,XPA_N,zf-met,zf-H2C2_2,Yippee,C1_1,C1_4,TFIIS_C,HTH_Tnp_ISL3,Zn_Tnp_IS1595,zinc_ribbon_2,zf-C2H2_6,DUF2688,KRAB,LIM,DNA_RNApol_7kD,CxxC_CxxC_SSSS,BolA"
Q13398,"zf-C2H2_4,zf-C2H2,Zn_ribbon_recom,zf-C2H2_jaz,KRAB,zf-H2C2_2,CxxC_CxxC_SSSS,HTH_Tnp_ISL3,zinc_ribbon_2,Zn_Tnp_IS1595,zf-C2H2_6"
Q14582,HLH
Q14590,"zf-C2H2_4,C1_4,zf-RING_3,zf-C2H2,zf-C2H2_jaz,zf-trcl,KRAB,zf-met,XPA_N,zf-H2C2_2,CxxC_CxxC_SSSS,Scramblase,zf-C2H2_6,BolA"
Q14593,"zf-C2H2_4,Glyco_transf_20,zf-C2H2,Desulfoferrod_N,TFIIS_C,DNA_RNApol_7kD,C1_3,zf-C2H2_jaz,zf-AN1,KRAB,XPA_N,zf-H2C2_2,CxxC_CxxC_SSSS,HTH_Tnp_ISL3,Zn_Tnp_IS1595,GAGA,zf-C2H2_6,BolA"
Q15651,"HMG14_17,TT_ORF2"
Q15935,"zf-C2H2_4,zf-C2H2,YEATS,zf-C2H2_jaz,zf-CHY,KRAB,ARS2,zf-H2C2_2,CxxC_CxxC_SSSS,HTH_18,Zn_Tnp_IS1595,zf-C2H2_6"
Q15937,"zf-C2H2_4,C1_4,zf-C2H2,Zn_ribbon_recom,TFIIS_C,DNA_RNApol_7kD,C1_3,zf-C2H2_jaz,YhfH,KRAB,XPA_N,zf-H2C2_2,CxxC_CxxC_SSSS,HTH_Tnp_ISL3,Zn_Tnp_IS1595,zf-MYND,zf-C2H2_6,BolA"
Q17RH7,"Homeobox,Terminase_5,Homeobox_KN,Nucleo_P87"
Q2M1V0,"Homeobox,HA,Homeobox_KN"
Q2M3X9,"zf-C2H2_4,zf-C2H2,zf-C2H2_jaz,XPA_N,zf-H2C2_2,Yippee,C1_1,DUF899,C1_4,TFIIS_C,HTH_Tnp_ISL3,Zn_Tnp_IS1595,zf-C2H2_6,KRAB,Siva,LIM,DNA_RNApol_7kD,CxxC_CxxC_SSSS,BolA"
Q2XSC7,"P53_tetramer,P53,DEC-1_N,P53_TAD"
Q32M78,"zf-C2H2_4,C1_4,zf-C2H2,zf-BED,zf-C2H2_jaz,zf-trcl,KRAB,Nepo_coat,XPA_N,zf-H2C2_2,CxxC_CxxC_SSSS,HTH_Tnp_ISL3,HTH_18,Zn_Tnp_IS1595,zf-C2H2_6"
Q3C1V8,"Homeobox,Homez"
Q3SY52,"zf-C2H2_4,zf-C2H2,zinc_ribbon_5,DNA_RNApol_7kD,zf-C2H2_jaz,KRAB,XPA_N,zf-H2C2_2,HTH_Tnp_ISL3,CxxC_CxxC_SSSS,zinc_ribbon_2,Zn_Tnp_IS1595,zf-C2HC_2,Yippee,zf-C2H2_6"
Q3ZCT1,"zf-C2H2_4,C1_4,zf-C2H2,zf-BED,DNA_RNApol_7kD,zf-C2H2_jaz,zf-H2C2_2,CxxC_CxxC_SSSS,HTH_Tnp_ISL3,Yippee,Zn_Tnp_IS1595,C1_1,DUF1528,Chordopox_RPO7,DUF899,zf-C2H2_6,LIM"
Q3ZCX4,"zf-C2H2_4,C1_4,zf-C2H2,zf-BED,zf-C2H2_jaz,zf-AN1,KRAB,Rapsyn_N,zf-H2C2_2,CxxC_CxxC_SSSS,HTH_Tnp_ISL3,Yippee,Zn_Tnp_IS1595,zf-C2H2_6,GATA,BolA"
Q4G112,HSF_DNA-bind
Q53GI3,"zf-C2H2_4,C1_4,zf-C2H2,SCAN,Prok-RING_1,DNA_RNApol_7kD,KRAB,XPA_N,zf-H2C2_2,CxxC_CxxC_SSSS,HTH_Tnp_ISL3,FYDLN_acid,zf-C2H2_6,BolA"
Q569H8,"Hormone_recep,zf-C4"
Q5EBL2,"zf-C2H2_4,zf-C2H2,zf-C2H2_jaz,zf-met,zf-H2C2_2,GAGA,zf-C2HC_2,zf-C2H2_6,BolA"
Q5FWF6,"zf-C2H2_4,PHF5,zf-C2H2,Prok-RING_1,KRAB,zf-H2C2_2,CxxC_CxxC_SSSS,HTH_Tnp_ISL3,zf-C2H2_6,LIM"
Q5JT82,"zf-C2H2_4,zf-H2C2_2,zf-C2H2_6,zf-C2H2"
Q5TC79,"zf-C2H2_4,Elf1,zf-C2H2,zf-BED,zf-C2H2_jaz,zf-DNA_Pol,zf-trcl,zf-met,zf-H2C2_2,BTB,zf-C2H2_2,C1_1,DUF3342,zf-C2H2_6,K_tetra"
Q5TEC3,"zf-C2H2_4,zf-C2H2,zf-C2H2_jaz,XPA_N,zf-H2C2_2,Yippee,HypA,C1_4,zf-RING_3,DUF2256,zf-MYND,DUF2321,RRN7,zf-C2H2_6,DUF2039,DZR,DNA_RNApol_7kD,zf-trcl,CxxC_CxxC_SSSS,Cas_CXXC_CXXC,FYDLN_acid,zf-LYAR"
Q5TYW1,"zf-C2H2_4,C1_4,zf-C2H2,DUF3280,zf-C2H2_jaz,Ham1p_like,KRAB,zf-met,XPA_N,zf-H2C2_2,CxxC_CxxC_SSSS,HTH_Tnp_ISL3,Zn_Tnp_IS1595,zf-C2H2_6"
Q5VV52,"zf-C2H2_4,PHF5,zf-C2H2,C1_3,zf-C2H2_jaz,YhfH,zf-met,XPA_N,zf-H2C2_2,Yippee,C1_1,C1_4,TFIIS_C,HNH,zf-AN1,HTH_Tnp_ISL3,Zn_Tnp_IS1595,zf-C2H2_6,zinc_ribbon_2,Prok-RING_1,zf-HIT,zf-H2C2_5,DZR,LIM,DNA_RNApol_7kD,zf-BED,CxxC_CxxC_SSSS,zf-C2HC_2,FYDLN_acid,BolA"
Q5VZB9,"DM,DMA"
Q63HK3,"zf-C2H2_4,zf-C2H2,Myb_DNA-bind_4,SCAN,Myb_DNA-bind_3,zf-C2H2_jaz,KRAB,XPA_N,zf-H2C2_2,Myb_DNA-bind_6,MADF_DNA_bdg,Myb_DNA-bind_5,zf-C2H2_6"
Q68DY1,"zf-C2H2_4,zf-C2H2,C1_3,zf-C2H2_jaz,XPA_N,zf-met,zf-H2C2_2,C1_4,TFIIS_C,HTH_Tnp_ISL3,Zn_Tnp_IS1595,zf-C2H2_6,Desulfoferrod_N,Prok-RING_1,KRAB,SprT-like,DNA_RNApol_7kD,DUF1610,CxxC_CxxC_SSSS,DUF164,BolA"
Q6AZW8,"zf-C2H2_4,zf-C2H2,YEATS,Zn_ribbon_recom,C1_3,zf-C2H2_jaz,YhfH,XPA_N,zf-met,zf-H2C2_2,Yippee,C1_1,MBD,A2L_zn_ribbon,C1_4,TFIIS_C,HTH_Tnp_ISL3,Zn_Tnp_IS1595,zf-C2H2_6,C1_2,Prok-RING_1,ZZ,DZR,LIM,DNA_RNApol_7kD,zf-BED,zf-trcl,CxxC_CxxC_SSSS,DUF164,CpXC,zf-LYAR,BolA"
Q6FH41,"DUF3921,Hormone_recep,zf-C4"
Q6IQ32,"zf-C2H2_4,Homeobox,PRP21_like_P,zf-H2C2_5"
Q6IV72,"zf-C2H2_4,C1_4,zf-RING_3,zf-C2H2,zf-C2H2_jaz,Trm112p,KRAB,zf-met,zf-H2C2_2,FYDLN_acid,zf-C2H2_6"
Q6NSZ9,"zf-C2H2_4,zf-RING_3,zf-C2H2,SCAN,C1_3,zf-C2H2_jaz,KRAB,Rad50_zn_hook,zf-met,zf-H2C2_2,CxxC_CxxC_SSSS,DZR,zf-C2HC_2,FYDLN_acid,zf-C2H2_6,LIM,BolA"
Q6PF04,"zf-C2H2_4,zf-RING_3,DUF3936,zf-C2H2,zf-C2H2_jaz,zf-trcl,KRAB,XPA_N,zf-H2C2_2,CxxC_CxxC_SSSS,zf-C2H2_6,BolA"
Q6PJG2,"ELM2,Myb_DNA-binding"
Q6PJQ5,Fork_head
Q6SJ96,"TBP,EB1_binding,DUF3378"
Q6VUC0,TF_AP-2
Q6XYB7,Homeobox
Q6ZN11,"zf-C2H2_4,zf-C2H2,FYVE,KRAB,XPA_N,LIM,zf-H2C2_2,CxxC_CxxC_SSSS,Chordopox_RPO7,C1_1,zf-C2H2_6,zf-UBP,BolA"
Q6ZS27,"zf-C2H2_4,C1_4,zf-C2H2,TFIIS_C,zf-C2H2_jaz,zf-trcl,XPA_N,zf-H2C2_2,CxxC_CxxC_SSSS,HTH_Tnp_ISL3,Yippee,Zn_Tnp_IS1595,zf-C2H2_6"
Q7L3S4,"zf-C2H2_4,zf-C2H2,Zn_ribbon_recom,zf-C2H2_jaz,zf-met,XPA_N,zf-H2C2_2,C1_4,zf-RING_3,HTH_Tnp_ISL3,RRN7,zf-C2H2_6,zf-UBP,DUF1163,LIM,DNA_RNApol_7kD,CxxC_CxxC_SSSS,zf-C2H2_2,zf-C2HC_2,FYDLN_acid,zf-LYAR,BolA"
Q7RTV3,"zf-C2H2_4,zf-C2H2,zf-C2H2_jaz,zf-met,zf-H2C2_2,zf-C2H2_6"
Q7Z340,"zf-C2H2_4,C1_4,zf-C2H2,Zn_ribbon_recom,TFIIS_C,DNA_RNApol_7kD,Prok-RING_1,zf-C2H2_jaz,KRAB,zf-met,XPA_N,zf-H2C2_2,HTH_Tnp_ISL3,CxxC_CxxC_SSSS,Yippee,zf-C2H2_6,BolA"
Q7Z398,"zf-C2H2_4,zf-C2H2,C1_3,zf-C2H2_jaz,XPA_N,zf-met,zf-H2C2_2,Yippee,C1_1,C1_4,TFIIS_C,HTH_Tnp_ISL3,Zn_Tnp_IS1595,zf-C2H2_6,KRAB,DZR,LIM,CxxC_CxxC_SSSS,HTH_18,zf-LYAR,BolA"
Q7Z7L9,"zf-C2H2_4,zf-C2H2,Zn_ribbon_recom,C1_3,zf-C2H2_jaz,zf-met,XPA_N,zf-H2C2_2,Yippee,C1_4,TFIIS_C,HTH_Tnp_ISL3,Zn_Tnp_IS1595,zf-C2H2_6,DZR,LIM,SCAN,zf-BED,DNA_RNApol_7kD,zf-trcl,CxxC_CxxC_SSSS,CpXC"
Q86TJ5,"zf-C2H2_4,C1_4,zf-C2H2,Prok-RING_2,DNA_RNApol_7kD,C1_3,zf-C2H2_jaz,zf-AN1,KRAB,XPA_N,zf-H2C2_2,CxxC_CxxC_SSSS,HTH_Tnp_ISL3,Siva,Yippee,Zn_Tnp_IS1595,zf-C2H2_6,LIM"
Q86UE3,"zf-C2H2_4,C1_4,zf-C2H2,Rpr2,TFIIS_C,DNA_RNApol_7kD,zf-C2H2_jaz,zf-CHY,KRAB,XPA_N,zf-met,zf-H2C2_2,CxxC_CxxC_SSSS,HTH_Tnp_ISL3,Zn_Tnp_IS1595,zf-C2H2_6"
Q86UP8,"DUF4371,GTF2I"
Q86W11,"zf-C2H2_4,C1_4,zf-C2H2,SCAN,DNA_RNApol_7kD,zf-C2H2_jaz,XPA_N,zf-H2C2_2,Yippee,IclR,HTH_Tnp_ISL3,Zn_Tnp_IS1595,CxxC_CxxC_SSSS,zf-H2C2_5,zf-C2H2_6,BolA"
Q86YE8,"zf-C2H2_4,C1_4,zf-C2H2,Rpr2,FYVE,DUF3850,zf-C2H2_jaz,zf-trcl,KRAB,XPA_N,zf-H2C2_2,CxxC_CxxC_SSSS,HTH_Tnp_ISL3,Yippee,Zn_Tnp_IS1595,DUF3172,zf-C2H2_6,LIM"
Q86YH2,"zf-C2H2_4,zf-C2H2_jaz,zf-met,zf-H2C2_2,DUF4195,zf-C2H2_6"
Q8IUE0,"Homeobox,Homeobox_KN"
Q8IUE1,"Homeobox,Homeobox_KN,Homez"
Q8IWY8,"zf-C2H2_4,Senescence_reg,zf-C2H2,Myb_DNA-bind_4,SCAN,DNA_RNApol_7kD,zf-C2H2_jaz,XPA_N,zf-H2C2_2,MADF_DNA_bdg,Myb_DNA-bind_6,CxxC_CxxC_SSSS,Zn_Tnp_IS1595,HTH_Tnp_ISL3,FYDLN_acid,zf-C2H2_6"
Q8IXT2,DM
Q8IXZ3,"zf-C2H2_4,Elf1,zf-C2H2,Zn_Tnp_IS1,zf-BED,zf-C2H2_jaz,zf-met,zf-H2C2_2,zf-C2H2_2,zf-H2C2_5,RRN7,zf-C2H2_6,Ribosomal_60s"
Q8IYX0,"zf-C2H2_4,zf-C2H2,C1_3,zf-C2H2_jaz,Ogr_Delta,XPA_N,zf-H2C2_2,C1_4,HTH_Tnp_ISL3,Zn_Tnp_IS1595,zf-C2H2_6,KRAB,DNA_RNApol_7kD,zf-trcl,DUF1610,CxxC_CxxC_SSSS,DUF164,CpXC,BHD_1,BolA"
Q8IZ26,"zf-C2H2_4,zf-C2H2,C1_3,zf-C2H2_jaz,BHD_2,XPA_N,zf-H2C2_2,Yippee,C1_1,C1_4,TFIIS_C,HTH_Tnp_ISL3,Zn_Tnp_IS1595,zf-C2H2_6,KRAB,DZR,LIM,DNA_RNApol_7kD,CxxC_CxxC_SSSS"
Q8N184,"zf-C2H2_4,zf-C2H2,zf-C2H2_jaz,XPA_N,zf-H2C2_2,C1_1,Cys_rich_CPXG,A2L_zn_ribbon,C1_4,zf-RING_3,HTH_Tnp_ISL3,Zn_Tnp_IS1595,zf-C2H2_6,Prok-RING_1,KRAB,PHD,DZR,GATA,DNA_RNApol_7kD,CxxC_CxxC_SSSS,CpXC,FYDLN_acid"
Q8N3J9,"zf-C2H2_4,C1_4,zf-C2H2,TFIIS_C,zf-C2H2_jaz,zf-trcl,XPA_N,zf-H2C2_2,CxxC_CxxC_SSSS,DZR,C1_1,zf-C2H2_6,BolA"
Q8N3X6,HTH_psq
Q8N7K0,"zf-C2H2_4,C1_4,zf-C2H2,C1_3,zf-C2H2_jaz,FA,KRAB,zf-met,zf-H2C2_2,CxxC_CxxC_SSSS,Zn_Tnp_IS1595,C1_1,zf-C2H2_6"
Q8N7M2,"zf-C2H2_4,GVQW,C1_4,zf-C2H2,zf-C2H2_jaz,zf-trcl,zf-AN1,KRAB,XPA_N,DUF4389,zf-H2C2_2,CxxC_CxxC_SSSS,Zn_Tnp_IS1595,zf-C2H2_6,Csm1"
Q8N823,"zf-C2H2_4,C1_4,zf-C2H2,DUF3280,Prok-RING_1,C1_3,zf-C2H2_jaz,KRAB,zf-met,XPA_N,zf-H2C2_2,HTH_Tnp_ISL3,CxxC_CxxC_SSSS,C1_1,zf-C2H2_6,BolA"
Q8N859,"zf-C2H2_4,zf-C2H2,Evr1_Alr,C1_3,zf-C2H2_jaz,XPA_N,zf-met,zf-H2C2_2,C1_4,zf-RING_3,TFIIS_C,HTH_Tnp_ISL3,Zn_Tnp_IS1595,zf-C2H2_6,KRAB,ZZ,GATA,zf-BED,DNA_RNApol_7kD,CxxC_CxxC_SSSS"
Q8N883,"zf-C2H2_4,zf-C2H2,Zn_ribbon_recom,C1_3,zf-C2H2_jaz,XPA_N,zf-H2C2_2,C1_4,zf-RING_3,HTH_Tnp_ISL3,Chordopox_RPO7,zf-C2H2_6,C1_2,Prok-RING_1,KRAB,GATA,DNA_RNApol_7kD,CxxC_CxxC_SSSS,CpXC"
Q8N8J6,"zf-C2H2_4,C1_4,zf-RING_3,zf-C2H2,DNA_RNApol_7kD,zf-C2H2_jaz,KRAB,XPA_N,zf-H2C2_2,CxxC_CxxC_SSSS,CpXC,zf-C2H2_6,LIM"
Q8N8L2,"zf-C2H2_4,C1_4,HTH_AraC,zf-C2H2,zf-C2H2_jaz,zf-trcl,zf-met,zf-H2C2_2,CxxC_CxxC_SSSS,Zn_Tnp_IS1595,zf-C2H2_6"
Q8N8Y5,"zf-C2H2_4,zf-C2H2,Zn_ribbon_recom,YhfH,zf-C2H2_jaz,XPA_N,zf-H2C2_2,Yippee,C1_1,C1_4,TFIIS_C,zf-AN1,Zn_Tnp_IS1595,zf-MYND,RRN7,zinc_ribbon_2,zf-C2H2_6,Desulfoferrod_N,COX5B,LIM,zf-BED,DNA_RNApol_7kD,zf-trcl,CxxC_CxxC_SSSS,DUF164,CpXC"
Q8N8Z8,"zf-C2H2_4,zf-C2H2,zf-C2H2_jaz,KRAB,zf-met,zf-H2C2_2,C1_1,zf-C2H2_6"
Q8N988,"zf-C2H2_4,zf-C2H2,zf-C2H2_jaz,zf-met,XPA_N,zf-H2C2_2,HypA,C1_1,C1_4,zf-RING_3,zf-AN1,HTH_Tnp_ISL3,Zn_Tnp_IS1595,zf-C2H2_6,Kua-UEV1_localn,KRAB,Siva,Baculo_IE-1,Prim_Zn_Ribbon,LIM,GATA,zf-BED,DNA_RNApol_7kD,zf-trcl,CxxC_CxxC_SSSS,zf-C2HC_2,CpXC,zf-LYAR"
Q8N9L1,"zf-C2H2_4,zf-C2H2,zf-C2H2_jaz,zf-H2C2_2,zf-H2C2_5"
Q8N9Z0,"zf-C2H2_4,zf-C2H2,C1_3,zf-C2H2_jaz,XPA_N,zf-met,zf-H2C2_2,C1_1,TFIIS_C,zinc_ribbon_5,zf-AN1,HTH_Tnp_ISL3,Zn_Tnp_IS1595,zf-C2H2_6,Desulfoferrod_N,Prok-RING_1,KRAB,ZZ,zf-H2C2_5,DNA_RNApol_7kD,CxxC_CxxC_SSSS,BHD_1,BolA"
Q8NAF0,"zf-C2H2_4,zf-C2H2,zf-C2H2_jaz,zf-CHY,zf-met,zf-H2C2_2,CpXC,zf-C2H2_6,zf-LYAR"
Q8NCA9,"zf-C2H2_4,zf-C2H2,zf-C2H2_jaz,zf-met,zf-H2C2_2,zf-C2H2_2,C1_1,zf-C2H2_6,zf-FCS"
Q8NCK3,"zf-C2H2_4,zf-C2H2,tRNA-synt_2d,Prok-RING_2,zf-C2H2_jaz,XPA_N,zf-H2C2_2,Yippee,A2L_zn_ribbon,TFIIS_C,HTH_Tnp_ISL3,Zn_Tnp_IS1595,DUF2321,zf-C2H2_6,DUF3280,KRAB,GATA,DNA_RNApol_7kD,zf-trcl,CxxC_CxxC_SSSS,FYDLN_acid"
Q8NCN2,"zf-C2H2_4,PyrI_C,zf-C2H2,BIR,DUF4187,zf-BED,zf-C2H2_jaz,zf-trcl,ROS_MUCR,zf-met,zf-H2C2_2,BTB,zf-C2H2_2,zf-C2HC_2,C1_1,DUF3342,FYDLN_acid"
Q8ND82,"zf-C2H2_4,SelR,zf-H2C2_2,DUF4195,zf-H2C2_5"
Q8NEP9,"zf-C2H2_4,zf-C2H2,Rpr2,zf-MYND,Prok-RING_2,zf-BED,zf-C2H2_jaz,zf-trcl,zf-CHY,KRAB,zf-met,zf-H2C2_2,CxxC_CxxC_SSSS,Zn_Tnp_IS1595,C1_1,AAA_14,zf-C2H2_6"
Q8NHY6,"zf-C2H2_4,C1_4,zf-C2H2,zf-C2H2_jaz,KRAB,zf-met2,zf-H2C2_2,CxxC_CxxC_SSSS,HTH_Tnp_ISL3,Zn_Tnp_IS1595,zf-C2H2_6,BolA"
Q8TAF7,"zf-C2H2_4,zf-C2H2,BHD_1,zf-C2H2_jaz,KRAB,zf-H2C2_2,CxxC_CxxC_SSSS,zf-C2H2_6"
Q8TAQ5,"zf-C2H2_4,C1_4,zf-C2H2,Rpr2,zf-BED,BHD_1,zf-C2H2_jaz,zf-trcl,KRAB,XPA_N,zf-H2C2_2,CxxC_CxxC_SSSS,HTH_Tnp_ISL3,Yippee,Zn_Tnp_IS1595,DUF82,zf-C2H2_6,BolA"
Q8TBZ5,"zf-C2H2_4,zf-RING_3,zf-C2H2,NifU_N,DNA_RNApol_7kD,C1_3,zf-C2H2_jaz,XPA_N,zf-H2C2_2,CxxC_CxxC_SSSS,HTH_Tnp_ISL3,Zn_Tnp_IS1595,C1_1,zf-C2H2_6"
Q8TC21,"zf-C2H2_4,DUF3936,zf-C2H2,BHD_1,zf-C2H2_jaz,KRAB,zf-met,XPA_N,zf-H2C2_2,GAGA,Endonuclea_NS_2,FYDLN_acid,zf-C2H2_6,BolA"
Q8TD94,"zf-C2H2_4,zf-C2H2,zf-BED,zf-C2H2_jaz,zf-met,zf-H2C2_2,TP1"
Q8TF39,"zf-C2H2_4,zf-C2H2,SCAN,zf-C2H2_jaz,KRAB,XPA_N,zf-H2C2_2,CxxC_CxxC_SSSS,Zn_Tnp_IS1595,zf-C2HC_2,zf-C2H2_6,BolA"
Q8TF45,"zf-C2H2_4,zf-C2H2,DUF2944,DNA_RNApol_7kD,zf-C2H2_jaz,KRAB,zf-met,XPA_N,zf-H2C2_2,HTH_Tnp_ISL3,CxxC_CxxC_SSSS,C1_1,zf-C2H2_6"
Q8TF68,"zf-C2H2_4,zf-RING_3,zf-C2H2,zf-C2H2_jaz,zf-met,zf-H2C2_2,zf-C2HC_2,Pex14_N,zf-C2H2_6,zf-FCS"
Q8WXB4,"zf-C2H2_4,C1_4,zf-C2H2,Dict-STAT-coil,zf-C2H2_jaz,KRAB,zf-H2C2_2,CxxC_CxxC_SSSS,DUF4372,zf-C2H2_6"
Q8WYN3,Nop25
Q92610,"zf-C2H2_4,zf-H2C2_2,zf-C2H2"
Q92664,"zf-C2H2_4,zf-C2H2,CHORD,zf-C2H2_jaz,zf-met,zf-H2C2_2,zf-C2H2_2"
Q969W8,"zf-C2H2_4,zf-C2H2,zf-C2H2_jaz,XPA_N,zf-H2C2_2,Yippee,C1_1,C1_4,TFIIS_C,zf-AN1,HTH_Tnp_ISL3,Zn_Tnp_IS1595,zf-C2H2_6,EPTP,KRAB,DUF82,DZR,Rpr2,zf-BED,DNA_RNApol_7kD,zf-trcl,CxxC_CxxC_SSSS,DUF2175,BolA"
Q96A47,"Homeobox,LIM,Homeobox_KN"
Q96BV0,"zf-C2H2_4,zf-RING_3,zf-C2H2,zf-C2H2_jaz,ArfGap,zf-H2C2_2,CxxC_CxxC_SSSS,DZR,HypA,zf-C2HC_2,MBD,CpXC,HTH_Tnp_ISL3,zf-C2H2_6,zf-C4_ClpX,zf-LYAR"
Q96C28,"zf-C2H2_4,zf-C2H2,zf-C2H2_jaz,zf-H2C2_2,HypA,zf-DNA_Pol,C1_4,zf-CHY,DUF3133,DUF2321,zf-C2H2_6,OGG_N,Tnp_zf-ribbon_2,KRAB,Trm112p,Elf1,DNA_RNApol_7kD,CxxC_CxxC_SSSS,CpXC,FYDLN_acid,HTH_Tnp_IS66,zf-LYAR,BolA"
Q96CX3,"zf-C2H2_4,zf-C2H2,C1_3,zf-C2H2_jaz,XPA_N,zf-met,zf-H2C2_2,C1_1,C1_4,zf-RING_3,TFIIS_C,Raffinose_syn,HTH_Tnp_ISL3,Zn_Tnp_IS1595,zf-C2H2_6,Prok-RING_1,Siva,zf-H2C2_5,DNA_RNApol_7kD,zf-trcl,CxxC_CxxC_SSSS,FYDLN_acid,Minor_capsid_1"
Q96HQ0,"zf-C2H2_4,zf-C2H2,C1_3,zf-C2H2_jaz,XPA_N,zf-H2C2_2,C1_1,C1_4,HTH_Tnp_ISL3,Zn_Tnp_IS1595,NADH_oxidored,zinc_ribbon_2,zf-C2H2_6,KRAB,Siva,zf-H2C2_5,Trm112p,LIM,DNA_RNApol_7kD,CxxC_CxxC_SSSS,DUF164"
Q96I27,"zf-C2H2_4,C1_4,zf-C2H2,Prok-RING_2,C1_3,zf-C2H2_jaz,zf-trcl,zf-AN1,XPA_N,zf-H2C2_2,CxxC_CxxC_SSSS,Zn_Tnp_IS1595,C1_1,zf-C2H2_6,A2L_zn_ribbon"
Q96JC4,"zf-C2H2_4,zf-C2H2,C1_3,zf-C2H2_jaz,XPA_N,zf-H2C2_2,C1_4,zinc_ribbon_5,HTH_Tnp_ISL3,zf-C2H2_6,KRAB,DNA_RNApol_7kD,zf-trcl,DUF1610,zinc_ribbon_4,CxxC_CxxC_SSSS,DUF164,BHD_1,BolA"
Q96K62,"zf-C2H2_4,zf-C2H2,zf-C2H2_jaz,zf-met,zf-H2C2_2,BTB,C1_4,zf-CHY,DUF2256,Zn_Tnp_IS1595,RRN7,zf-C2H2_6,zf-UBP,Prok-RING_1,LIM,zf-BED,zf-RING_2,zf-C3HC4_2,CxxC_CxxC_SSSS,zf-C2H2_2,zf-C2HC_2"
Q96LU7,"MRF_C1,MRF_C2,NDT80_PhoG,Peptidase_S74"
Q96LW9,"zf-C2H2_4,zf-C2H2,zf-C2H2_jaz,Ribosomal_L44,Ogr_Delta,XPA_N,zf-H2C2_2,A2L_zn_ribbon,C1_4,zf-AN1,HTH_Tnp_ISL3,Zn_Tnp_IS1595,zf-C2H2_6,FYVE,Prok-RING_1,zf-H2C2_5,SCAN,zf-BED,DNA_RNApol_7kD,CxxC_CxxC_SSSS,DUF2336,BolA"
Q96MA1,DM
Q96N38,"zf-C2H2_4,zf-C2H2,C1_3,zf-C2H2_jaz,XPA_N,zf-H2C2_2,IL6,C1_4,HTH_Tnp_ISL3,Zn_Tnp_IS1595,zf-C2H2_6,DUF3557,KRAB,SprT-like,DNA_RNApol_7kD,CxxC_CxxC_SSSS,DUF164,Ribosomal_L44,Rep_fac-A_C,BolA"
Q96NK8,"HLH,Neuro_bHLH"
Q96NL3,"zf-C2H2_4,zf-C2H2,zf-C2H2_jaz,XPA_N,Rapsyn_N,zf-H2C2_2,zf-met,Yippee,C1_4,Raffinose_syn,zf-CHY,HTH_Tnp_ISL3,Zn_Tnp_IS1595,zf-MYND,zf-C2H2_6,KRAB,Peptidase_U40,DNA_RNApol_7kD,zf-trcl,CxxC_CxxC_SSSS"
Q96NX9,"Ski_Sno,Orbi_VP5"
Q96PE6,"zf-C2H2_4,C1_4,zf-C2H2,zf-BED,zf-C2H2_jaz,KRAB,zf-met,XPA_N,zf-H2C2_2,HTH_Tnp_ISL3,CxxC_CxxC_SSSS,Yippee,zf-C2HC_2,zf-C2H2_6,BolA"
Q96SC8,"CUE,DM,DMA"
Q96SE7,"zf-C2H2_4,zf-C2H2,Sigma_reg_C,UPF0547,tRNA-synt_2d,C1_3,zf-C2H2_jaz,BHD_2,XPA_N,Rapsyn_N,zf-H2C2_2,CTV_P23,C1_1,C1_4,TFIIS_C,HTH_Tnp_ISL3,Zn_Tnp_IS1595,zf-C2H2_6,Prok-RING_1,KRAB,ZZ,DNA_RNApol_7kD,CxxC_CxxC_SSSS,BHD_1,BolA"
Q96SK3,"zf-C2H2_4,C1_4,zf-C2H2,zf-C2H2_jaz,KRAB,zf-met,zf-H2C2_2,CxxC_CxxC_SSSS,Ring_hydroxyl_B,Zn_Tnp_IS1595,CpXC,zf-C2H2_6,GATA"
Q96SR6,"zf-C2H2_4,zf-C2H2,zf-C2H2_jaz,zf-H2C2_2,C1_4,zf-RING_3,HNH,HTH_Tnp_ISL3,Zn_Tnp_IS1595,zf-C2H2_6,zf-C4_ClpX,KRAB,DZR,GATA,zf-C3HC4_2,CxxC_CxxC_SSSS,CpXC,FYDLN_acid,zf-LYAR"
Q96T92,"zf-C2H2_4,C1_4,zf-C2H2,zf-BED,Prok-RING_1,zf-C2H2_jaz,zf-AN1,zf-met,zf-H2C2_2,Zn_Tnp_IS1595,CpXC,zf-C2H2_6,HTH_Tnp_IS66"
Q99742,"HLH,PAS,PAS_3,PAS_9,PAS_4"
Q99811,"REV,Homeobox,Homeobox_KN,OAR"
Q9BR84,"zf-C2H2_4,zf-C2H2,zf-BED,zf-C2H2_jaz,KRAB,XPA_N,zf-met,zf-H2C2_2,CxxC_CxxC_SSSS,HTH_Tnp_ISL3,zf-C2H2_6,IGPD"
Q9BSK1,"zf-C2H2_4,C1_4,Hydrophobin_2,zf-C2H2,Zn_ribbon_recom,C1_3,zf-C2H2_jaz,FdhD-NarQ,KRAB,zf-met,XPA_N,zf-H2C2_2,CxxC_CxxC_SSSS,HTH_Tnp_ISL3,C1_1,zf-C2H2_6,LIM,BolA"
Q9BUG6,"zf-C2H2_4,zf-C2H2,SCAN,zf-C2H2_jaz,zf-met,zf-H2C2_2,CxxC_CxxC_SSSS,YchF-GTPase_C,zf-C2H2_6"
Q9BX82,"zf-C2H2_4,C1_4,zf-C2H2,zf-C2H2_jaz,KRAB,XPA_N,zf-H2C2_2,CxxC_CxxC_SSSS,HTH_Tnp_ISL3,Zn_Tnp_IS1595,zf-C2H2_6,BolA"
Q9BXA9,"zf-C2H2_4,DUF2225,zf-LITAF-like,zf-C2H2,zf-C2H2_jaz,zf-met,zf-H2C2_2,zf-C2H2_2,zf-C2H2_6,BolA"
Q9BXK1,"zf-C2H2_4,zf-C2H2,zf-BED,zf-C2H2_jaz,zf-met,zf-H2C2_2,zf-C2HC_2"
Q9BZI1,"Homeobox,MRP-S32,Homeobox_KN,Homez"
Q9C009,Fork_head
Q9GZZ0,Homeobox
Q9H175,DUF2352
Q9H2A3,"HLH,Pacs-1"
Q9H609,"zf-C2H2_4,Sgf11,zf-C2H2,Evr1_Alr,YhfH,zf-C2H2_jaz,zf-met,XPA_N,zf-H2C2_2,HypA,C1_4,zf-RING_3,zf-AN1,HTH_Tnp_ISL3,Zn_Tnp_IS1595,Terminase_GpA,zf-C2H2_6,TF_Zn_Ribbon,Elf1,CxxC_CxxC_SSSS,zf-C2H2_2,zf-C2HC_2,Baculo_ME53,zf-LYAR"
Q9H7R0,"zf-C2H2_4,C1_4,zf-C2H2,zf-BED,zf-C2H2_jaz,KRAB,zf-met,zf-H2C2_2,CxxC_CxxC_SSSS,Zn_Tnp_IS1595,zf-C2H2_6"
Q9H8Y1,"HTH_psq,HTH_29,HTH_17,DUF1492,HTH_28,HTH_36,HTH_Tnp_1,HTH_23,HTH_7"
Q9HCC6,"Corona_nucleoca,HLH,Hairy_orange"
Q9HCG1,"zf-C2H2_4,zf-C2H2,tRNA-synt_2d,C1_3,zf-C2H2_jaz,BHD_2,XPA_N,zf-H2C2_2,C1_1,C1_4,TFIIS_C,zf-CHY,HTH_Tnp_ISL3,Zn_Tnp_IS1595,zf-C2H2_6,Desulfoferrod_N,Prok-RING_1,KRAB,ZZ,DNA_RNApol_7kD,CxxC_CxxC_SSSS,BHD_1"
Q9NQ03,"zf-C2H2_4,zf-C2H2,zf-ribbon_3,zf-C2H2_jaz,zf-met,XPA_N,zf-H2C2_2,HypA,zf-C2H2_6,FYVE,zf-HIT,SprT-like,DZR,Rpr2,zf-BED,zf-C3HC4_2,CxxC_CxxC_SSSS,zf-C2H2_2,zf-LYAR"
Q9NQX6,"zf-C2H2_4,C1_4,zf-C2H2,TFIIS_C,zf-C2H2_jaz,zf-trcl,zf-AN1,KRAB,XPA_N,zf-H2C2_2,CxxC_CxxC_SSSS,Zn_Tnp_IS1595,zf-C2H2_6,zf-LYAR"
Q9NRM2,"zf-C2H2_4,zf-DBF,zf-C2H2,BIR,zf-BED,zf-C2H2_jaz,zf-met,zf-C2H2_2"
Q9NUA8,"zf-C2H2_4,zf-C2H2,zf-C2H2_jaz,zf-met,zf-H2C2_2,BTB,GAGA,zf-C2HC_2,zf-C2H2_6"
Q9NV72,"zf-C2H2_4,zf-C2H2,C1_3,zf-C2H2_jaz,YhfH,BHD_2,zf-met,XPA_N,zf-H2C2_2,GAGA,C1_1,A2L_zn_ribbon,C1_4,HTH_Tnp_ISL3,Zn_Tnp_IS1595,zf-C2H2_6,C1_2,Desulfoferrod_N,Prok-RING_1,KRAB,ZZ,ADK_lid,zf-BED,CxxC_CxxC_SSSS,BolA"
Q9NX45,"HLH,Luteo_PO"
Q9NY43,"Homeobox,Homez"
Q9P2J8,"zf-C2H2_4,C1_4,zf-C2H2,zf-C2H2_jaz,KRAB,XPA_N,PHD,zf-H2C2_2,CxxC_CxxC_SSSS,Zn_Tnp_IS1595,C1_1,zf-C2H2_6,GATA,BolA"
Q9UBG7,"LAG1-DNAbind,BTD"
Q9UDV7,"zf-C2H2_4,zf-C2H2,Zn_ribbon_recom,DUF3669,zf-C2H2_jaz,DUF1898,zf-met,zf-H2C2_2,Yippee,C1_4,zinc_ribbon_5,zf-CHY,Zn_Tnp_IS1595,zf-C2H2_6,KRAB,Elf1,DNA_RNApol_7kD,DUF1610,CpXC"
Q9UJU3,"zf-C2H2_4,zf-C2H2,NuA4,zf-C2H2_jaz,KRAB,zf-met,XPA_N,zf-H2C2_2,CxxC_CxxC_SSSS,zf-C2H2_6,BolA"
Q9UJV8,"DUF3276,PurA"
Q9UJW7,"zf-C2H2_4,C1_4,zf-C2H2,zf-C2H2_jaz,KRAB,zf-met,zf-H2C2_2,zf-C2H2_6"
Q9UK11,"zf-C2H2_4,zf-C2H2,zf-C2H2_jaz,KRAB,XPA_N,zf-H2C2_2,CxxC_CxxC_SSSS,zf-C2H2_6,BolA"
Q9UK13,"zf-C2H2_4,zf-C2H2,zf-C2H2_jaz,KRAB,XPA_N,zf-H2C2_2,CxxC_CxxC_SSSS,zf-C2H2_6,BolA"
Q9UL36,"zf-C2H2_4,zf-RING_3,zf-C2H2,zf-C2H2_jaz,zf-met,zf-H2C2_2,zf-C2H2_2,Zn_Tnp_IS1595,zf-C2HC_2,zf-C2H2_6"
Q9UL58,"zf-C2H2_4,C1_4,zf-C2H2,zf-MYND,SCAN,zf-C2H2_jaz,IBR,KRAB,Ribosomal_L17,zf-H2C2_2,HTH_Tnp_ISL3,CxxC_CxxC_SSSS,Yippee,Zn_Tnp_IS1595,zf-C2HC_2,zf-H2C2_5,zf-C2H2_6"
Q9UNN4,TFIIA
Q9Y2A4,"zf-C2H2_4,zf-C2H2,Prok-RING_2,zf-C2H2_jaz,zf-CHY,KRAB,zf-met,zf-H2C2_2,CxxC_CxxC_SSSS,Zn_Tnp_IS1595,C1_1,zf-C2H2_6"
Q9Y2D9,"zf-C2H2_4,Mem_trans,C1_4,zf-C2H2,zf-C2H2_jaz,zf-met,zf-H2C2_2,zf-C2H2_2,ADK_lid,zf-C2HC_2,RRN7,zf-C2H2_6,zf-FCS,BolA"
Q9Y2H8,"zf-C2H2_4,C1_4,zf-RING_3,zf-C2H2,Prok-RING_1,DNA_RNApol_7kD,zf-C2H2_jaz,zf-trcl,KRAB,XPA_N,zf-H2C2_2,HTH_Tnp_ISL3,CxxC_CxxC_SSSS,Zn_Tnp_IS1595,RRN7,zf-C2H2_6,LIM"
Q9Y2L8,"zf-C2H2_4,zf-C2H2,SCAN,Prok-RING_1,BHD_1,zf-C2H2_jaz,KRAB,XPA_N,zf-H2C2_2,CxxC_CxxC_SSSS,zf-C2H2_6,BolA"
Q9Y2Q1,"zf-C2H2_4,zf-C2H2,C1_3,zf-C2H2_jaz,XPA_N,zf-H2C2_2,HTH_Tnp_ISL3,zf-C2H2_6,IGPD,Prok-RING_1,KRAB,SprT-like,DNA_RNApol_7kD,zf-trcl,DUF1610,CxxC_CxxC_SSSS,DUF164,BHD_1,Ribosomal_L44,BolA"
Q9Y330,"zf-C2H2_4,zf-C2H2,Mito_fiss_reg,zf-CHCC,zinc_ribbon_5,zf-C2H2_jaz,zinc_ribbon_4,zf-met,zf-H2C2_2,BTB,zf-C2H2_2,zf-H2C2_5,zf-C2H2_6"
Q9Y543,"HLH,DEC-1_N,Hairy_orange"
Q9Y651,"HMG_box,DUF1898,SOXp"
Q9Y6Q3,"zf-C2H2_4,zf-C2H2,DNA_RNApol_7kD,zf-BED,zf-C2H2_jaz,KRAB,Dehydratase_MU,XPA_N,zf-H2C2_2,CxxC_CxxC_SSSS,HTH_18,Zn_Tnp_IS1595,DUF899,zf-C2H2_6,GATA"
R9W7C9,"Pax2_C,HTH_Tnp_IS1,HTH_29,Ribosomal_S13_N,HTH_32,HTH_23,PAX"
S4R334,"P53_tetramer,P53,DEC-1_N,P53_TAD,Hanta_G2"
X5D982,MAGE
A0A024R0Y4,"zf-C2H2_4,RPA_C,ZZ,Myb_DNA-bind_6,SWIRM,Myb_DNA-binding"
A0A087WT22,P53
A0A087WXZ1,P53
A0A087WZ09,"Elf1,DUF2387,BaffR-Tall_bind,Golgin_A5,ArfGap,CxxC_CxxC_SSSS,eIF-5_eIF-2B,GATA-N,TF_Zn_Ribbon,Zn_Tnp_IS1595,Prim_Zn_Ribbon,DZR,GATA"
A0A087WZC2,"HNF-1_N,HNF-1B_C,HTH_5,Homeobox,DUF2183"
A0A087X1B6,"zf-C3HC4_2,Androgen_recep,Hormone_recep,zf-C4"
A0A0A0MRX8,"MH1,DIX,NfI_DNAbd_pre-N,CTF_NFI"
A0A0A0MT46,"Homeobox_KN,Homeobox,Pou"
A0A0A0MT54,"zf-C2H2_4,zf-C2H2,CAP_N,zf-met,CCAP,zf-H2C2_2,Ofd1_CTDD,WT1"
A0A0C4DFW9,"P53_tetramer,P53"
A0A0C4DG88,"Homeobox_KN,Homeobox,HTH_31,Pou"
A0A0C4DGS8,"HNF-1_N,TBD,HNF-1B_C,HTH_5,Homeobox,DUF2183"
A0A0D9SEN7,"FCP1_C,RunxI,FimP,DUF2828,PsbW,Spt20,Suf,Runt,Folliculin,Med15"
A0A0D9SGD6,"DUF4407,Activator-TraM,Bromodomain,Mitofilin,Carbpep_Y_N,PHD,SDH_alpha,zf-MYND,Spore_III_AB,PWWP"
A0A0S2Z3C9,"SAM_PNT,SAM_1,Ets,HSF_DNA-bind"
A0A0S2Z4N0,"PAT1,HJURP_C,SRF-TF"
A0A0S2Z4N6,"P53_tetramer,P53,Fork_head_N,SAM_2"
A0A0S2Z4U5,"DivIC,HLH,HALZ"
A0A0S2Z4Z9,"RRM_1,RRM_6,VIT1,NOPS,RRM_5"
A0A0S2Z5C2,"SH3_3,DUF2360,BEN"
A0A0S2Z5M2,"SH3_3,DUF2360,BEN"
A0A140VKG3,"zf-C2H2_4,zf-RING_3,zf-C2H2,zf-C2H2_jaz,zf-met,zf-H2C2_2,zf-Sec23_Sec24,GAGA,Zn_Tnp_IS1595,FYDLN_acid,zf-C2H2_6"
A0A141PNN3,"P53_tetramer,P53"
A0A141PNN4,"P53_tetramer,P53"
A0A1B0GU97,"MH1,NfI_DNAbd_pre-N,CTF_NFI"
A0A1B0GV02,"zf-C2H2_4,zf-C2H2,zf-C2H2_jaz,zf-met,zf-H2C2_2,Homeobox,zf-C2H2_2,zf-H2C2_5,zf-C2H2_6"
A0A1B0GVV8,"zf-C2H2_4,zf-C2H2,zf-C2H2_jaz,zf-met,zf-H2C2_2,Homeobox,zf-C2H2_2,zf-H2C2_5,zf-C2H2_6"
A0A1B0GW37,"MH1,NfI_DNAbd_pre-N,CTF_NFI"
A0A1B0GW50,"zf-C2H2_4,zf-C2H2,zf-C2H2_jaz,zf-met,zf-H2C2_2,Homeobox,zf-C2H2_2,zf-H2C2_5,zf-C2H2_6"
A0A1B0GWI9,"MH1,NfI_DNAbd_pre-N,CTF_NFI"
A0A1B0GWJ4,"MH1,NfI_DNAbd_pre-N,CTF_NFI"
A0A1U9X8R9,"zf-C3HC4,PRY,zf-RING_2,zf-C3HC4_2,zf-AN1,zf-RING_LisH,Baculo_IE-1,zf-C3HC4_3,SPRY,Mer2,zf-B_box,DUF325"
A0A1W2PPM1,"Homeobox,Homeobox_KN,CPSF73-100_C"
A0A1W2PQA8,"HTH_Tnp_IS1,HTH_29,Homeobox_KN,Homeobox,HTH_32,HTH_23,PAX"
A0A1W2PQG7,"HTH_Tnp_IS1,HTH_29,Homeobox_KN,Homeobox,HTH_32,HTH_23,PAX"
A0A1W2PQQ0,"zf-C2H2_4,zf-C2H2,CAP_N,zf-met,CCAP,zf-H2C2_2,Ofd1_CTDD,WT1"
A0A1W2PR07,"zf-C2H2_4,zf-C2H2,zf-C2H2_jaz,zf-met,CCAP,zf-H2C2_2,Ofd1_CTDD,WT1,zf-C2HC_2"
A0A1W2PSA8,"HTH_Tnp_IS1,HTH_29,Homeobox_KN,Homeobox,HTH_32,HTH_23,PAX"
A0A218MJB0,"P53,CEP1-DNA_bind"
A0A218MJC8,"P53,CEP1-DNA_bind"
A0A218MJD5,"P53,CEP1-DNA_bind"
A0A218MJD9,P53
A0A218MJE1,"P53,CEP1-DNA_bind"
A0A218MJE5,"P53,CEP1-DNA_bind"
A0A218MJF3,P53
A0A223PQI5,"P53,DEC-1_N,P53_TAD"
A0A286YEX4,"MH1,NfI_DNAbd_pre-N,CTF_NFI"
A0A2R8Y739,"Homeobox_KN,Homeobox,HTH_31,Pou"
A0A2R8Y7V8,"MH1,NfI_DNAbd_pre-N,CTF_NFI"
A0A2Z4LIS9,Fork_head
A0A384MTX4,"TFIIS_M,TFIIS_C,Prok-RING_2,tRNA_synt_1c_R2,Med26,TF_Zn_Ribbon,Baculo_LEF5_C,Sec23_helical"
A0A386NC25,"P53,DEC-1_N,P53_TAD"
A0A3P3ZKM0,"PPARgamma_N,DUF1319,zf-C4"
A0A411ELD0,"HMG_box,DUF1908,DUF1898"
A0A411ELD1,"HMG_box,DUF1908,DUF1898"
A0A411ELD8,"HMG_box,DUF1908,DUF1898"
A0A411ELE5,"HMG_box,DUF1908,DUF1898"
A0A411ELF4,"HMG_box,DUF1908,DUF1898"
A0A411ELH3,"HMG_box,DUF1908,DUF1898"
A0A411ELN9,"HMG_box,DUF1908,DUF1898"
A0A411ELP6,"HMG_box,DUF1908,DUF1898"
A0A411ELP9,"HMG_box,DUF1908,DUF1898"
A0A411ELQ6,"HMG_box,DUF1908,DUF1898"
A0A411ELR1,"HMG_box,DUF1908,DUF1898"
A0A411ELS2,"HMG_box,DUF1908,DUF1898"
A0A494C012,Hormone_recep
A0A494C0D9,"PPARgamma_N,Hormone_recep,zf-C4"
A0A494C0P1,"Hormone_recep,GCR,zf-C4"
A0A494C0T3,"Hormone_recep,zf-C4"
A0A590UK09,"HTH_29,MH1,NfI_DNAbd_pre-N,CTF_NFI"
A0A5B9RIM3,"Hormone_recep,GCR,zf-C4"
A0A5K1VW50,"Hormone_recep,zf-C4"
A0A669KB29,"PHD,zf-CXXC,zf-CpG_bind_C"
A0A669KB72,"Homeobox,Homeobox_KN,Homez"
A0A6E1WCP9,"Hormone_recep,zf-C4"
A0A7I2V3F3,"RRM_1,RRM_6,DbpA,Limkain-b1,RRM_5"
A0A7I2V428,"RRM_1,RRM_6,DbpA,Limkain-b1,RRM_5"
A0A7I2V5M5,"RRM_3,RRM_6,RRM_5,RRM_1"
A0A7P0Q1F0,"zf-C2H2_4,CdhC,zf-C2H2,zf-C2H2_jaz,zf-met,zf-H2C2_2,zf-C2H2_2,zf-C2H2_6"
A0A804HKG3,"DUF2360,BEN"
A0A804HL89,"PPARgamma_N,Hormone_recep,DUF1319,zf-C4"
A0A8I5KYI5,"zf-C2H2_4,zf-C2H2,zf-CHCC,zf-BED,zf-C2H2_jaz,zf-H2C2_2,zf-C2HC_2,zf-UBR,DUF3446,RRN7,zf-C2H2_6"
A0A8I5KYI8,"Homeobox,HTH_31,Pou"
A0A8J9FQ52,"zf-C2H2_4,Elf1,zf-C2H2,zinc_ribbon_5,DUF3669,zf-C2H2_jaz,DUF1898,zf-CHY,KRAB,zf-met,XPA_N,zf-H2C2_2,HTH_Tnp_ISL3,zf-C2HC_2,zf-C2H2_6"
A0AA34QVX2,HLH
A0JP08,"zf-C2H2_4,zf-C2H2,zf-C2H2_jaz,zf-met,zf-H2C2_2,Homeobox,zf-C2H2_2,zf-H2C2_5,zf-C2H2_6"
A6NDR6,"Homeobox,Homeobox_KN"
A6NDX5,"zf-C2H2_4,C1_4,zf-C2H2,HTH_OrfB_IS605,zf-C2H2_jaz,zf-CHY,KRAB,zf-H2C2_2,CxxC_CxxC_SSSS,Zn_Tnp_IS1595,zf-C2H2_6,NADH-G_4Fe-4S_3,BolA"
A6NFI3,"zf-C2H2_4,Elf1,zf-C2H2,zf-C2H2_jaz,zf-trcl,KRAB,zf-met,zf-H2C2_2,CxxC_CxxC_SSSS,zf-C2HC_2,zf-C2H2_6,zf-LYAR"
A6NFQ7,"Homeobox,Homeobox_KN"
A6NHJ4,"zf-C2H2_4,zf-C2H2,Prok-RING_1,C1_3,zf-C2H2_jaz,KRAB,zf-met,XPA_N,zf-H2C2_2,CxxC_CxxC_SSSS,HTH_Tnp_ISL3,Zn_Tnp_IS1595,C1_1,zf-H2C2_5,GAGA,zf-C2H2_6,BolA"
A6NJG6,"Homeobox,mRNA_triPase,Phostensin_N"
A6NJL1,"zf-C2H2_4,C1_4,PyrI_C,zf-C2H2,DUF3268,SCAN,DUF1407,zf-C2H2_jaz,zf-AN1,zf-met,zf-H2C2_2,GAGA,C1_1,zf-MYND,RRN7,zf-C2H2_6,BolA"
A6NK53,"zf-C2H2_4,zf-C2H2,zf-C2H2_jaz,KRAB,zf-met,zf-H2C2_2,zf-C2H2_6,BolA"
A6NK75,"zf-C2H2_4,C1_4,zf-C2H2,Desulfoferrod_N,DNA_RNApol_7kD,C1_3,zf-C2H2_jaz,DUF1610,KRAB,XPA_N,ROS_MUCR,zf-H2C2_2,CxxC_CxxC_SSSS,HTH_Tnp_ISL3,DUF164,Zn_Tnp_IS1595,zf-C2H2_6,BolA"
A6NM28,"zf-C2H2_4,zf-C2H2,Acetone_carb_G,C1_3,zf-C2H2_jaz,XPA_N,zf-met,zf-H2C2_2,Yippee,GAGA,C1_1,DrsE,C1_4,zf-CHY,zf-AN1,HTH_Tnp_ISL3,Zn_Tnp_IS1595,zf-MYND,RRN7,zf-C2H2_6,zf-UBP,zf-CSL,KRAB,zf-H2C2_5,DZR,CxxC_CxxC_SSSS,FYDLN_acid,zf-LYAR,BolA"
A6NMT0,"Homeobox,DUF2986,Homez"
A6NN14,"zf-C2H2_4,zf-C2H2,BHD_1,zf-C2H2_jaz,KRAB,XPA_N,zf-H2C2_2,CxxC_CxxC_SSSS,Zn_Tnp_IS1595,C1_1,DUF2790,zf-C2H2_6,BolA"
A6NNF4,"zf-C2H2_4,C1_4,zf-C2H2,DNA_RNApol_7kD,C1_3,zf-C2H2_jaz,zf-trcl,zf-AN1,KRAB,XPA_N,zf-H2C2_2,CxxC_CxxC_SSSS,HTH_Tnp_ISL3,Zn_Tnp_IS1595,zf-C2H2_6,DUF2213,BolA"
A6NP11,"zf-C2H2_4,zf-C2H2,C1_3,zf-C2H2_jaz,Ogr_Delta,XPA_N,zf-met,zf-H2C2_2,Ribosomal_L31,C1_4,zinc_ribbon_5,zf-CHY,HTH_Tnp_ISL3,Zn_Tnp_IS1595,zf-C2H2_6,C1_2,Desulfoferrod_N,KRAB,DNA_RNApol_7kD,zf-trcl,DUF1610,zinc_ribbon_4,CxxC_CxxC_SSSS,DUF164,CpXC,BolA"
A7WPU7,"HMG_box,DUF1908,DUF1898"
A7WPU8,"HMG_box,DUF1908,DUF1898"
A7WPU9,"HMG_box,DUF1908,DUF1898"
A7WPV0,"HMG_box,DUF1908,DUF1898"
A7WPV2,"HMG_box,DUF1908,DUF1898"
A8K0S8,"Homeobox,Homeobox_KN"
A8MWA4,"zf-C2H2_4,zf-RING_3,zf-C2H2,KRAB,XPA_N,zf-H2C2_2,zf-Sec23_Sec24,GAGA,DUF3198"
A8MXY4,"zf-C2H2_4,zf-C2H2,Prok-RING_1,BHD_1,zf-C2H2_jaz,KRAB,XPA_N,zf-H2C2_2,CxxC_CxxC_SSSS,VP9,HTH_Tnp_ISL3,Zn_Tnp_IS1595,C1_1,DUF2790,zf-C2H2_6,BolA"
A8MYV6,"HIF-1,HIF-1a_CTAD,PAS,HLH,PAS_3,PAS_9,PAS_4,Dicty_REP"
A8MYZ6,Fork_head
B1AKN5,"MH1,CTF_NFI,DUF605,HTH_29,NfI_DNAbd_pre-N"
B1AKN8,"HTH_29,MH1,NfI_DNAbd_pre-N,CTF_NFI"
B2RPK0,"RXT2_N,HMG_box,DUF1898,Nucleo_P87,Nucleoplasmin"
B3KR77,"HLH,DUF904"
B3KXZ7,"HLH,DUF904"
B4DE54,"SH3_3,DUF2360,BEN"
B4DEU6,"HLH,DUF904"
B4DGI9,HLH
B4DGV9,"HLH,DUF904"
B4DLQ8,"HLH,TPR_4,DUF904"
B4DMH2,"P53_tetramer,P53,P53_TAD"
B4DNI2,"P53_tetramer,P53,P53_TAD"
B4DPL6,"HNF-1_N,HNF-1B_C,HTH_5,Homeobox,Homeobox_KN"
B4DU55,"zf-C2H2_4,zf-C2H2,C1_3,zf-C2H2_jaz,XPA_N,zf-met,zf-H2C2_2,Yippee,C1_4,HTH_Tnp_ISL3,Zn_Tnp_IS1595,DUF2321,zf-C2H2_6,KRAB,PRP21_like_P,zf-BED,DNA_RNApol_7kD,zf-trcl,CxxC_CxxC_SSSS,BolA"
B4DUQ1,"Phi-29_GP3,KH_5,KH_1,KH_4,KH_3,KH_2,ROKNT"
B4DXW7,"HMG_box,DUF1898"
B4DYE1,"bZIP_2,bZIP_1,bZIP_Maf"
B4E095,"P53,DEC-1_N"
B5ME60,"Homeobox,HTH_31,Pou"
B6E4X6,"P53_tetramer,P53,DEC-1_N,P53_TAD"
B6ZGS9,"Hormone_recep,zf-C4"
B6ZGU6,"Hormone_recep,GCR,zf-C4"
B7Z8X6,"P53_tetramer,P53"
B7ZLG1,Fork_head
C9D7C9,"P53_tetramer,P53"
C9D7D0,"DUF876,P53_tetramer,P53"
C9J8X5,"HMG_box,DUF1898,Tol_Tol_Ttg2"
C9JLB1,"RRM_1,RRM_6,DbpA,Limkain-b1,RRM_5"
C9JSJ3,"HMG_box,DUF1898,HLH"
D1H0M5,"HMG_box,DUF1908,DUF1898"
D2IYK3,"Homeobox_KN,Homeobox,HTH_31,Pou"
D2KUA6,"PPARgamma_N,Hormone_recep,zf-C4"
D6RA71,"Sgf11,FANCL_C,UPF0547,FYVE,zf-RING_2,zf-C3HC4,zf-rbx1,zf-C3HC4_2,zf-Apc11,zf-P11,Prok-RING_4,zf-RING_LisH,IBR,Rtf2,zf-C3HC4_3,DUF329,DZR,zf-B_box"
D6RFI4,"Homeobox,Homeobox_KN,OAR,XRCC4"
D6RH30,"Ank_2,GHMP_kinases_C,Ank_3,Ank,Death,HTH_11,RHD,Ank_4,Ank_5"
D9J0B8,"HMG_box,DUF1908,DUF1898"
D9J0B9,"HMG_box,DUF1908,DUF1898"
D9J0C1,"HMG_box,DUF1908,DUF1898,HTH_24"
D9J0C2,"HMG_box,DUF1908,DUF1898"
D9J0C3,"HMG_box,DUF1908,DUF1898"
D9J0C4,"HMG_box,DUF1908,DUF1898"
D9J0C5,"HMG_box,DUF1908,DUF1898"
D9J0C7,"HMG_box,DUF1908,DUF1898"
D9J0C8,"HMG_box,DUF1908,DUF1898"
D9J2M0,"HMG_box,DUF1908,DUF1898"
D9J2M1,"HMG_box,DUF1908,DUF1898"
D9J2M2,"HMG_box,DUF1908,DUF1898"
D9J2M3,"HMG_box,DUF1908,DUF1898"
D9J2M4,"HMG_box,DUF1908,DUF1898,HTH_24"
E0YMJ6,"HNF-1_N,TBD,HNF-1B_C,HTH_5,Homeobox,Homeobox_KN,DUF2183"
E0YMJ8,"HNF-1_N,TBD,HNF-1B_C,HTH_5,Homeobox,Homeobox_KN,DUF2183"
E5KQF5,"Hormone_recep,GCR,zf-C4"
E5KQF6,"SCA7,Hormone_recep,GCR,zf-C4"
E5KSU5,"YABBY,HMG_box,DUF1898,NAD_binding_9,DUF1074"
E7ESS1,P53
E7ET52,"zf-C2H2_4,zf-C2H2,zf-C2H2_jaz,zf-met,zf-H2C2_2,zf-H2C2_5,zf-C2H2_6"
E7EUD1,"PPARgamma_N,zf-C4"
E7EV75,"DUF4407,Activator-TraM,Bromodomain,Mitofilin,Carbpep_Y_N,PHD,SDH_alpha,zf-MYND,Spore_III_AB,PWWP"
E7EVG2,"HMG_box,DUF1898,BAH,Bromodomain"
E9PFT5,"P53_tetramer,P53,P53_TAD"
E9PFX5,"PPARgamma_N,DUF1319,zf-C4"
E9PKM0,"HTH_Tnp_IS1,HTH_29,Homeobox_KN,Homeobox,HTH_32,HTH_23,PAX"
E9PQ56,"RRM_1,RRM_6,OB_RNB,RRM_3,RRM_5"
F1D8P2,"Hormone_recep,PAN_3,zf-C4"
F1D8P8,"Hormone_recep,zf-C4"
F1D8P9,"Hormone_recep,zf-C4"
F1D8Q7,"Nuc_recep-AF1,Hormone_recep,zf-C4"
F1D8R0,"Hormone_recep,zf-C4"
F1D8S0,"Hormone_recep,zf-C4"
F1D8T0,"Foamy_virus_ENV,Hormone_recep,Se-cys_synth_N,zf-C4"
F1DAM0,"Hormone_recep,UPF0547,zf-C3HC4_2,zf-P11,zf-C4"
F1T0D5,"Homeobox,PHF5,LIM,Homeobox_KN"
F1T0K5,"Homeobox,Homeobox_KN,Homez"
F5ATB8,"Hormone_recep,GCR,zf-C4"
F5GXF0,"Hormone_recep,zf-C4"
F5H1B7,"bZIP_2,bZIP_1,bZIP_Maf"
F6V242,"DUF1646,HLH"
F8VSL3,"Bromo_TP,TFIID-18kDa,Histone,CBFD_NFYB_HMF,TFIID_20kDa"
F8WCU9,"ARID,RFX_DNA_binding"
G0Z067,"HMG_box,DUF1908,DUF1898"
G0Z068,"HMG_box,DUF1908,DUF1898"
G0Z069,"HMG_box,DUF1908,DUF1898"
G0Z070,"HMG_box,DUF1908,DUF1898"
G0Z071,"HMG_box,DUF1908,DUF1898"
G3V0I8,"HLH,DUF904"
H0Y956,"Heme_oxygenase,IRF"
H0YEM1,"RRM_1,RRM_6,OB_RNB,RRM_3,RRM_5"
H0YHG0,"HnRNP_M,DnaJ,SAP"
H0YNP4,"IRF,IRF-3"
H3BT85,zf-C4
H3BUJ7,"zf-C2H2_4,zf-C2H2,zf-C2H2_jaz,zf-met,zf-H2C2_2,zf-piccolo,DZR,zf-C2H2_2,zf-C2HC_2,DUF3133,Zn_Tnp_IS1595,FYDLN_acid,zf-C2H2_6"
H6U5S2,"P53_tetramer,P53,DEC-1_N,P53_TAD"
H6U5S3,"P53_tetramer,P53,DEC-1_N,P53_TAD"
H6U5S4,"P53,DEC-1_N,P53_TAD"
H6V745,"Hormone_recep,GCR,zf-C4"
H7BY16,"RRM_1,RRM_6,DbpA,Limkain-b1,RRM_5"
H9KVB1,"RunxI,Runt"
H9U921,"HMG_box,DUF1908,DUF1898"
H9U923,"HMG_box,DUF1908,DUF1898"
H9U933,"HMG_box,DUF1908,DUF1898"
I3L0W9,"P53,DEC-1_N,P53_TAD"
J3QKY3,"bZIP_2,bZIP_1,bZIP_Maf"
J9JIE5,"bZIP_2,bZIP_1,bZIP_Maf"
K7EIU8,"IRF-3,Prefoldin,MH2,MH1"
K7EIW5,"bZIP_2,bZIP_1,bZIP_Maf"
K7EK80,"zf-C2H2_4,C1_4,zf-C2H2,DNA_RNApol_7kD,zf-C2H2_jaz,zf-AN1,KRAB,XPA_N,zf-H2C2_2,CxxC_CxxC_SSSS,HTH_Tnp_ISL3,Zn_Tnp_IS1595,DUF1163,zf-C2H2_6,HicB"
K7EQ21,"PHD,zf-CXXC,zf-CpG_bind_C"
K7EQZ1,"PHD,DUF3347,zf-CXXC,zf-CpG_bind_C"
M0QXD6,TFIIF_alpha
O43361,"zf-C2H2_4,zf-C2H2,C1_3,zf-C2H2_jaz,BHD_1,KRAB,XPA_N,zf-H2C2_2,HTH_Tnp_ISL3,Ring_hydroxyl_B,zf-C2H2_6"
O75290,"zf-C2H2_4,C1_4,Elf1,zf-C2H2,CpXC,Prok-RING_2,DNA_RNApol_7kD,zf-C2H2_jaz,zf-trcl,KRAB,zf-H2C2_2,CxxC_CxxC_SSSS,HTH_Tnp_ISL3,Zn_Tnp_IS1595,zf-H2C2_5,zf-C2H2_6,GATA,BolA"
O75333,"ABC_transp_aux,T-box"
O75373,"zf-C2H2_4,zf-C2H2,C1_3,zf-C2H2_jaz,XPA_N,zf-H2C2_2,Zn_Tnp_IS1595,zf-C2H2_6,DYW_deaminase,Desulfoferrod_N,Prok-RING_1,ROS_MUCR,KRAB,SprT-like,DNA_RNApol_7kD,zf-trcl,DUF1610,CxxC_CxxC_SSSS,DUF164"
O75467,"zf-C2H2_4,zf-C2H2,zf-C2H2_jaz,zf-H2C2_2,Yippee,HypA,GAGA,C1_4,zf-AN1,Rad50_zn_hook,Zn_Tnp_IS1595,zf-MYND,RRN7,zf-C2H2_6,zf-UBP,zinc_ribbon_2,KRAB,Prok-RING_4,Trm112p,LIM,Elf1,zf-BED,CxxC_CxxC_SSSS,DUF164,zf-C2HC_2,FYDLN_acid,BolA"
P0C6A0,"DZR,ArfGap,GATA"
P0CG31,"zf-C2H2_4,zf-C2H2,Zn_ribbon_recom,TFIIS_C,DNA_RNApol_7kD,zf-C2H2_jaz,XPA_N,zf-H2C2_2,HTH_Tnp_ISL3,CxxC_CxxC_SSSS,Zn_Tnp_IS1595,zf-C2H2_6"
P0CG40,"zf-C2H2_4,DUF2225,Elf1,zf-C2H2,Zn_Tnp_IS1,zf-BED,zf-C2H2_jaz,zf-met,zf-H2C2_2,zf-C2H2_2,zf-H2C2_5,RRN7,zf-C2H2_6"
P0CH99,"zf-C2H2_4,zf-C2H2,KRAB,XPA_N,zf-H2C2_2,zf-Sec23_Sec24,GAGA,DUF3198"
P0CJ78,"zf-C2H2_4,zf-C2H2,zf-C2H2_jaz,zf-CHY,zf-met,zf-H2C2_2,zf-C2HC_2,zf-C2H2_6,BolA"
P0CJ79,"zf-C2H2_4,zf-C2H2,C1_3,zf-C2H2_jaz,BHD_2,zf-met,XPA_N,zf-H2C2_2,GAGA,C1_1,C1_4,HTH_Tnp_ISL3,Zn_Tnp_IS1595,zf-C2H2_6,Prok-RING_1,KRAB,CxxC_CxxC_SSSS,HTH_18,DUF2213,BolA"
P0DV77,"Homeobox,Homeobox_KN"
P10075,"zf-C2H2_4,zf-C2H2,C1_3,zf-C2H2_jaz,XPA_N,zf-met,zf-H2C2_2,HypA,GAGA,C1_4,Zn_Tnp_IS1595,zf-MYND,DUF2321,RRN7,zf-C2H2_6,zf-UBP,zf-H2C2_5,LIM,DNA_RNApol_7kD,zf-trcl,CxxC_CxxC_SSSS,HTH_18"
P12525,"HLH,Myc_N"
P16415,"zf-C2H2_4,C1_4,zf-C2H2,zf-C2H2_jaz,KRAB,zf-H2C2_2,CxxC_CxxC_SSSS,Zn_Tnp_IS1595,zf-C2H2_6"
P17017,"zf-C2H2_4,C1_4,zf-C2H2,zf-C2H2_jaz,zf-trcl,zf-CHY,KRAB,zf-AN1,zf-met,zf-H2C2_2,CxxC_CxxC_SSSS,XPA_N,HTH_Tnp_ISL3,zf-C2HC_2,zf-met2,Ogr_Delta,zf-C2H2_6"
P31275,"Homeobox,Homeobox_KN,Homez"
P51523,"zf-C2H2_4,C1_4,zf-C2H2,zf-C2H2_jaz,KRAB,zf-H2C2_2,Yippee,HTH_Tnp_ISL3,CxxC_CxxC_SSSS,MBD,NADH_oxidored,zf-C2H2_6"
P51786,"zf-C2H2_4,C1_4,Elf1,zf-C2H2,DNA_RNApol_7kD,Prok-RING_1,zf-C2H2_jaz,zf-AN1,KRAB,zf-H2C2_2,CxxC_CxxC_SSSS,HTH_Tnp_ISL3,Luteo_Vpg,Zn_Tnp_IS1595,Siva,CpXC,zf-C2H2_6,GATA"
P52740,"zf-C2H2_4,zf-C2H2,zf-C2H2_jaz,KRAB,XPA_N,zf-H2C2_2,HTH_Tnp_ISL3,CxxC_CxxC_SSSS,Yippee,Zn_Tnp_IS1595,C1_1,zf-H2C2_5,zf-C2HC_2,zf-C2H2_6"
P52743,"zf-C2H2_4,zf-C2H2,Prok-RING_2,zf-C2H2_jaz,XPA_N,zf-H2C2_2,C1_1,A2L_zn_ribbon,zinc_ribbon_5,HTH_Tnp_ISL3,Zn_Tnp_IS1595,zf-C2H2_6,COX5B,DUF82,Rpr2,zf-BED,zinc_ribbon_4,DUF1610,CxxC_CxxC_SSSS,zf-LYAR,Med27"
Q03924,"zf-C2H2_4,C1_4,zf-C2H2,Prok-RING_2,DNA_RNApol_7kD,C1_3,zf-C2H2_jaz,zf-CHY,XPA_N,zf-met,zf-H2C2_2,CxxC_CxxC_SSSS,HTH_Tnp_ISL3,Zn_Tnp_IS1595,ADK_lid,SprT-like,zf-C2H2_6,BolA"
Q03938,"zf-C2H2_4,zf-C2H2,C1_3,zf-C2H2_jaz,XPA_N,zf-met,zf-H2C2_2,C1_1,C1_4,NuA4,zf-CHY,zf-AN1,Zn_Tnp_IS1595,zf-C2H2_6,Prok-RING_1,KRAB,SprT-like,DUF1610,CxxC_CxxC_SSSS,FYDLN_acid"
Q08AN1,"zf-C2H2_4,zf-C2H2,C1_2,UPF0547,Prok-RING_1,zf-C2H2_jaz,KRAB,Ribosomal_L17,ZZ,zf-H2C2_2,CxxC_CxxC_SSSS,HTH_Tnp_ISL3,XPA_N,Zn_Tnp_IS1595,C1_1,zf-C2H2_6"
Q0VGE8,"zf-C2H2_4,C1_4,zf-C2H2,Prok-RING_1,C1_3,zf-C2H2_jaz,KRAB,zf-met,XPA_N,zf-H2C2_2,HTH_Tnp_ISL3,CxxC_CxxC_SSSS,Zn_Tnp_IS1595,C1_1,MBD,zf-C2H2_6,BolA"
Q0ZAK0,P53
Q0ZAK1,"P53,P53_TAD"
Q13771,"zf-C3HC4_2,Androgen_recep,Hormone_recep,zf-C4"
Q14267,"RFX_DNA_binding,Pox_D5,Oest_recep,zf-C4"
Q14549,"Homeobox,Upf2"
Q14586,"zf-C2H2_4,C1_4,zf-C2H2,C1_3,zf-C2H2_jaz,KRAB,XPA_N,zf-met,zf-H2C2_2,CxxC_CxxC_SSSS,DUF3331,Zn_Tnp_IS1595,zf-C2H2_6,BolA"
Q14588,"zf-C2H2_4,zf-C2H2,zf-C2H2_jaz,KRAB,zf-met,XPA_N,zf-H2C2_2,CxxC_CxxC_SSSS,ADK_lid,C1_1,GAGA,zf-C2H2_6,BolA"
Q147U1,"zf-C2H2_4,zf-C2H2,Rpr2,Prok-RING_2,zf-BED,C1_3,zf-C2H2_jaz,zf-trcl,KRAB,XPA_N,zf-met,zf-H2C2_2,HTH_Tnp_ISL3,CxxC_CxxC_SSSS,Zn_Tnp_IS1595,zf-C2H2_6,IGPD"
Q15156,"Hormone_recep,OmpH,DUF3583,zf-RING_LisH,Prok-RING_4,Cep57_CLD_2,MinE,zf-B_box,zf-C4"
Q15270,Homeobox
Q16365,"Elf1,DUF2387,BaffR-Tall_bind,Golgin_A5,ArfGap,CxxC_CxxC_SSSS,eIF-5_eIF-2B,GATA-N,TF_Zn_Ribbon,Zn_Tnp_IS1595,Prim_Zn_Ribbon,DZR,GATA"
Q16559,"PMBR,HLH"
Q1MSW8,"P53,DEC-1_N,P53_TAD"
Q1MSW9,"P53,DEC-1_N,P53_TAD"
Q1MSX0,"P53_tetramer,P53,DEC-1_N,P53_TAD,Hanta_G2"
Q2L4T1,"HTH_29,HTH_28,HTH_32,HTH_23,PAX"
Q2L6I0,"zf-CCCH,Med26"
Q2M218,"zf-C2H2_4,C1_4,zf-C2H2,DNA_RNApol_7kD,zf-C2H2_jaz,KRAB,zf-H2C2_2,Yippee,HTH_Tnp_ISL3,CxxC_CxxC_SSSS,DUF2039,zf-C2H2_6"
Q2M3W8,"zf-C2H2_4,C1_4,zf-C2H2,zf-BED,zf-C2H2_jaz,KRAB,zf-H2C2_2,CxxC_CxxC_SSSS,Ring_hydroxyl_B,Baculo_IE-1,Zn_Tnp_IS1595,zf-C2H2_6"
Q2TB10,"zf-C2H2_4,zf-C2H2,zf-C2H2_jaz,zf-met,zf-H2C2_2,zf-C2H2_2,zf-H2C2_5,zf-C2H2_6"
Q2VY69,"zf-C2H2_4,zf-C2H2,zf-C2H2_jaz,KRAB,XPA_N,zf-H2C2_2,CxxC_CxxC_SSSS,zf-C2H2_6,IGPD,BolA"
Q3B8N5,Prox1
Q3KNW1,"zf-C2H2_4,Elf1,zf-C2H2,zf-CHCC,zf-BED,zf-C2H2_jaz,zf-met,zf-H2C2_2,CxxC_CxxC_SSSS,zf-C2H2_2,Zn_Tnp_IS1595,DAP10,zf-C2H2_6"
Q3KP31,"zf-C2H2_4,C1_4,zf-C2H2,YEATS,C1_2,C1_3,zf-C2H2_jaz,zf-trcl,zf-AN1,KRAB,zf-met,zf-H2C2_2,CxxC_CxxC_SSSS,HTH_Tnp_ISL3,Zn_Tnp_IS1595,zf-C2H2_6"
Q3MIS6,"zf-C2H2_4,C1_4,Katanin_con80,zf-C2H2,C1_3,zf-C2H2_jaz,BHD_2,KRAB,XPA_N,zf-H2C2_2,HTH_Tnp_ISL3,CxxC_CxxC_SSSS,DUF309,DUF2856,C1_1,Zn_Tnp_IS1595,zf-C2H2_6,BolA"
Q3SXZ3,"zf-C2H2_4,zf-C2H2,Prok-RING_2,C1_3,zf-C2H2_jaz,Ogr_Delta,YhfH,XPA_N,zf-H2C2_2,C1_1,C1_4,TFIIS_C,zf-AN1,HTH_Tnp_ISL3,Zn_Tnp_IS1595,zf-C2H2_6,Desulfoferrod_N,Prok-RING_1,DUF2688,KRAB,ADK_lid,DNA_RNApol_7kD,zf-trcl,DUF1610,CxxC_CxxC_SSSS,DUF164,FYDLN_acid"
Q494X3,"zf-C2H2_4,C1_4,zf-C2H2,DUF3280,zf-C2H2_jaz,KRAB,XPA_N,Rapsyn_N,zf-H2C2_2,CxxC_CxxC_SSSS,Zn_Tnp_IS1595,zf-C2H2_6,GATA"
Q499Z4,"zf-C2H2_4,zf-RING_3,zf-C2H2,zf-C2H2_jaz,zf-met,zf-H2C2_2,zf-C2HC_2,zf-C2H2_6,PhnA_Zn_Ribbon"
Q49AA0,"zf-C2H2_4,C1_4,zf-C2H2,SCAN,DUF1187,zf-C2H2_jaz,KRAB,zf-met,zf-H2C2_2,CxxC_CxxC_SSSS,Zn_Tnp_IS1595,zf-C2H2_6,GATA"
Q4JI39,"HMG_box,DUF1908,DUF1898"
Q52MX7,"HMG_box,DUF1908,DUF1898"
Q52MX8,"HMG_box,DUF1908,DUF1898"
Q52MX9,"HMG_box,DUF1908,DUF1898"
Q52MY0,"HMG_box,DUF1908,DUF1898"
Q52MY3,"HMG_box,DUF1898"
Q53GI4,"Myb_DNA-binding,TEA"
Q53QU8,"zf-C2H2_4,zf-C2H2,zf-BED,zf-C2H2_jaz,zf-met2,zf-met,zf-H2C2_2,RRN7,zf-C2H2_6"
Q53XI4,"Homeobox,Homeobox_KN"
Q53Y73,"Homeobox,Homeobox_KN,DLL_N"
Q53ZD3,Fork_head
Q5CZA5,"zf-C2H2_4,zf-C2H2,C1_3,zf-C2H2_jaz,XPA_N,zf-H2C2_2,Yippee,C1_1,C1_4,TFIIS_C,HTH_Tnp_ISL3,Zn_Tnp_IS1595,zf-C2H2_6,zf-UBP,KRAB,Siva,CxxC_CxxC_SSSS,BHD_1,BolA"
Q5EBM4,"zf-C2H2_4,c-SKI_SMAD_bind,zf-C2H2,zf-C2H2_jaz,HTH_16,zf-H2C2_2,CxxC_CxxC_SSSS,zf-C2H2_6"
Q5HY98,"zf-C2H2_4,DUF1768,zf-C2H2,C1_3,zf-C2H2_jaz,XPA_N,zf-H2C2_2,GAGA,C1_1,A2L_zn_ribbon,zf-RING_3,TFIIS_C,zinc_ribbon_5,HTH_Tnp_ISL3,Zn_Tnp_IS1595,zf-MYND,zf-C2H2_6,C1_2,Prok-RING_1,KRAB,Siva,Rpr2,DNA_RNApol_7kD,zf-BED,CxxC_CxxC_SSSS,BolA"
Q5HYK9,"zf-C2H2_4,ASCH,zf-C2H2,zf-BED,zf-C2H2_jaz,DUF4051,KRAB,zf-H2C2_2,CxxC_CxxC_SSSS,Zn_Tnp_IS1595,zf-C2H2_6"
Q5JNZ3,"zf-C2H2_4,C1_4,zf-C2H2,zf-C2H2_jaz,KRAB,XPA_N,zf-H2C2_2,CxxC_CxxC_SSSS,DZR,C1_1,zf-C2H2_6,BolA"
Q5JVG2,"zf-C2H2_4,zf-C2H2,DUF3280,zf-C2H2_jaz,zf-trcl,KRAB,zf-met,XPA_N,zf-H2C2_2,CxxC_CxxC_SSSS,HTH_Tnp_ISL3,Ring_hydroxyl_B,zf-C2H2_6,LIM,BolA"
Q5JVG8,"zf-C2H2_4,zf-C2H2,C1_3,zf-C2H2_jaz,XPA_N,zf-H2C2_2,C1_4,TFIIS_C,zf-AN1,HTH_Tnp_ISL3,Antimicrobial14,Zn_Tnp_IS1595,zf-C2H2_6,Desulfoferrod_N,zf-HIT,ROS_MUCR,KRAB,ADK_lid,DNA_RNApol_7kD,zf-trcl,DUF1610,CxxC_CxxC_SSSS,DUF164,Ribosomal_L44"
Q5MCW4,"zf-C2H2_4,zf-C2H2,zf-C2H2_jaz,XPA_N,zf-H2C2_2,Yippee,SH2,C1_4,zf-RING_3,B12D,HTH_Tnp_ISL3,Zn_Tnp_IS1595,zf-C2H2_6,IGPD,KRAB,GATA,DNA_RNApol_7kD,zf-BED,CxxC_CxxC_SSSS,BolA"
Q5STP9,"Nuc_recep-AF1,Hormone_recep,zf-C4"
Q5SVQ8,"zf-C2H2_4,zf-C2H2,zf-C2H2_jaz,zf-met,zf-H2C2_2,BTB,zf-C2H2_2,zf-C2HC_2,GAGA,zf-H2C2_5,zf-C2H2_6"
Q5SXM1,"zf-C2H2_4,zf-C2H2,C1_3,zf-C2H2_jaz,DUF1610,Ribosomal_L17,XPA_N,zf-H2C2_2,CxxC_CxxC_SSSS,HTH_Tnp_ISL3,Zn_Tnp_IS1595,zf-C2H2_6,BolA"
Q5T0B9,"zf-C2H2_4,zf-C2H2,zf-C2H2_jaz,zf-met,zf-H2C2_2,AMPKBI,CxxC_CxxC_SSSS,zf-C2HC_2,C1_1,zf-C2H2_6"
Q5T5D7,"zf-C2H2_4,zf-C2H2,zf-C2H2_jaz,XPA_N,zf-H2C2_2,HypA,C1_4,zf-RING_3,TFIIS_C,HTH_Tnp_ISL3,Zn_Tnp_IS1595,zf-C2H2_6,Prok-RING_1,KRAB,DZR,LIM,GATA,Elf1,DNA_RNApol_7kD,zf-trcl,CxxC_CxxC_SSSS,CpXC,zf-LYAR,BolA"
Q5T6U8,"FCP1_C,AT_hook"
Q5T6W2,"Phi-29_GP3,KH_5,KH_1,KH_4,KH_3,KH_2,ROKNT"
Q5T7U1,"Tau95,NOA36"
Q5TGS1,HLH
Q5U079,"PspA_IM30,Jun,bZIP_Maf,bZIP_2,DUF904,Jnk-SapK_ap_N,bZIP_1"
Q5U0E4,"P53_tetramer,P53,DEC-1_N,P53_TAD"
Q5VIY5,"zf-C2H2_4,C1_4,zf-C2H2,Prok-RING_1,C1_3,zf-C2H2_jaz,BHD_2,KRAB,zf-met,XPA_N,zf-H2C2_2,HTH_Tnp_ISL3,CxxC_CxxC_SSSS,Zn_Tnp_IS1595,zf-C2H2_6,BolA"
Q5VW26,"MH1,NfI_DNAbd_pre-N,CTF_NFI"
Q5VW27,"MH1,NfI_DNAbd_pre-N,CTF_NFI"
Q5VW28,"MH1,NfI_DNAbd_pre-N,CTF_NFI"
Q5VW30,"MH1,NfI_DNAbd_pre-N,CTF_NFI"
Q5VYV0,"Ribosomal_L11_N,Fork_head,Malic_M,Zip"
Q658N3,"Matrix,Histone,CBFD_NFYB_HMF"
Q66SS1,"HTH_Tnp_IS1,HTH_29,Homeobox_KN,Homeobox,HTH_32,HTH_23,PAX"
Q68DI1,"zf-C2H2_4,zf-C2H2,zf-C2H2_jaz,KRAB,zf-met,zf-H2C2_2,C1_1,zf-C2H2_6"
Q68DY9,"zf-C2H2_4,zf-C2H2,C1_3,zf-C2H2_jaz,zf-met,XPA_N,zf-H2C2_2,C1_1,C1_4,DUF2180,HTH_Tnp_ISL3,Zn_Tnp_IS1595,zinc_ribbon_2,zf-C2H2_6,zf-UBP,Prok-RING_1,KRAB,Siva,CxxC_CxxC_SSSS,FYDLN_acid"
Q6AHZ1,"zf-C2H2_4,zf-H2C2_2,zf-H2C2_5"
Q6AW86,"zf-C2H2_4,zf-C2H2,zf-C2H2_jaz,zf-H2C2_2,Yippee,GAGA,C1_4,zf-AN1,Zn_Tnp_IS1595,zf-MYND,RRN7,zf-C2H2_6,zf-UBP,KRAB,Trm112p,LIM,zf-BED,CxxC_CxxC_SSSS,zf-C2HC_2,FYDLN_acid,BolA"
Q6BEB4,"zf-C2H2_4,zf-C2H2,zf-ribbon_3,zinc_ribbon_5,zf-C2H2_jaz,zinc_ribbon_4,zf-met,zf-H2C2_2,GFA"
Q6DD87,"zf-C2H2_4,zf-RING_3,zf-C2H2,TFIIS_C,zf-C2H2_jaz,zf-trcl,XPA_N,Rad50_zn_hook,zf-H2C2_2,CxxC_CxxC_SSSS,DUF2256,Chordopox_RPO7,zf-C2HC_2,GAGA,FYDLN_acid,zf-C2H2_6,zf-UBP,zf-LYAR"
Q6EKJ0,"DUF4371,GTF2I"
Q6FHN8,IRF
Q6IB64,"Prok-RING_2,TFIIS_M,Med26,TFIIS_C"
Q6IBQ5,"RRM_1,RRM_6,RRM_5,zf-RanBP"
Q6IQ21,"zf-C2H2_4,zf-C2H2,zf-C2H2_jaz,Fer2_2,zf-met,zf-H2C2_2,zf-C2HC_2,FYDLN_acid,zf-C2H2_6,BolA"
Q6J0W4,"HMG_box,DUF1908,DUF1898,HTH_24"
Q6J0W5,"HMG_box,DUF1908,DUF1898"
Q6J4I5,"HMG_box,DUF1908,DUF1898"
Q6J4J1,"HMG_box,DUF1908,DUF1898"
Q6NX49,"zf-C2H2_4,C1_4,zf-C2H2,zf-C2H2_jaz,KRAB,XPA_N,zf-H2C2_2,HTH_Tnp_ISL3,Yippee,Zn_Tnp_IS1595,CpXC,zf-C2H2_6,BolA"
Q6P280,"zf-C2H2_4,C1_4,Elf1,zf-C2H2,zinc_ribbon_5,zf-BED,DNA_RNApol_7kD,zf-C2H2_jaz,C1_3,KRAB,zf-H2C2_2,CxxC_CxxC_SSSS,Zn_Tnp_IS1595,GAGA,DUF3172,zf-C2H2_6,GATA,BolA"
Q6P9A1,"zf-C2H2_4,zf-C2H2,Zn_ribbon_recom,UPF0547,YhfH,zf-C2H2_jaz,XPA_N,zf-met,zf-H2C2_2,Yippee,C1_4,TFIIS_C,HTH_Tnp_ISL3,Zn_Tnp_IS1595,zinc_ribbon_2,zf-C2H2_6,KRAB,LIM,DNA_RNApol_7kD,CxxC_CxxC_SSSS,DUF2213"
Q6P9A3,"zf-C2H2_4,zf-C2H2,zf-C2H2_jaz,KRAB,XPA_N,zf-H2C2_2,CxxC_CxxC_SSSS,Zn_Tnp_IS1595,zf-C2H2_6,A2L_zn_ribbon"
Q6PG37,"zf-C2H2_4,C1_4,zf-C2H2,BHD_1,zf-C2H2_jaz,zf-trcl,KRAB,XPA_N,zf-H2C2_2,CxxC_CxxC_SSSS,HTH_Tnp_ISL3,AARP2CN,Zn_Tnp_IS1595,DUF82,zf-C2H2_6"
Q6PHZ7,"DUF1254,Flagellin_N,Hormone_recep,zf-C4"
Q6PK81,"zf-C2H2_4,zf-C2H2,C1_3,zf-C2H2_jaz,YhfH,XPA_N,zf-H2C2_2,Yippee,C1_1,C1_4,TFIIS_C,zf-AN1,HTH_Tnp_ISL3,Zn_Tnp_IS1595,zf-C2H2_6,Prok-RING_1,KRAB,Siva,zf-H2C2_5,LIM,DNA_RNApol_7kD,CxxC_CxxC_SSSS"
Q6PWT1,"HMG_box,DUF1908,DUF1898"
Q6V9R5,"zf-C2H2_4,zf-C2H2,zf-C2H2_jaz,XPA_N,zf-H2C2_2,C1_1,TFIIS_C,HTH_Tnp_ISL3,Zn_Tnp_IS1595,zf-C2H2_6,IGPD,DUF2387,KRAB,Trm112p,zf-trcl,CxxC_CxxC_SSSS,zf-C2H2_2,zf-C2HC_2,Ribosomal_L44"
Q6ZMW2,"zf-C2H2_4,C1_4,zf-C2H2,zf-C2H2_jaz,KRAB,ZZ,zf-H2C2_2,CxxC_CxxC_SSSS,Zn_Tnp_IS1595,C1_1,zf-C2HC_2,GAGA,FYDLN_acid,zf-C2H2_6,GATA"
Q6ZMY9,"zf-C2H2_4,zf-C2H2,DNA_RNApol_7kD,Prok-RING_1,zf-C2H2_jaz,KRAB,XPA_N,zf-H2C2_2,CxxC_CxxC_SSSS,Zn_Tnp_IS1595,zf-C2H2_6,LIM"
Q6ZN06,"zf-C2H2_4,zf-C2H2,UPF0547,C1_3,zf-C2H2_jaz,zf-met,XPA_N,zf-H2C2_2,C1_1,MBD,C1_4,HTH_Tnp_ISL3,Zn_Tnp_IS1595,zf-C2H2_6,DUF1407,Prok-RING_1,KRAB,ZZ,CxxC_CxxC_SSSS,BolA"
Q6ZN19,"zf-C2H2_4,Pox_A9,zf-C2H2,Prok-RING_1,HNH,zf-C2H2_jaz,ZZ,XPA_N,zf-H2C2_2,CxxC_CxxC_SSSS,HTH_Tnp_ISL3,Siva,GAGA,C1_1,Zn_Tnp_IS1595,zf-C2H2_6,BolA"
Q6ZN32,"Ets,HSF_DNA-bind"
Q6ZN79,"zf-C2H2_4,zf-C2H2,KRAB,XPA_N,zf-H2C2_2,zf-Sec23_Sec24,GAGA,DUF3198"
Q6ZNA1,"zf-C2H2_4,zf-C2H2,Prok-RING_1,zf-BED,zf-C2H2_jaz,KRAB,XPA_N,zf-met,zf-H2C2_2,CxxC_CxxC_SSSS,HTH_Tnp_ISL3,GAGA,C1_1,Zn_Tnp_IS1595,zf-C2H2_6,BolA"
Q6ZNC4,zf-C2H2
Q6ZNG1,"zf-C2H2_4,C1_4,zf-C2H2,Prok-RING_1,BHD_1,zf-C2H2_jaz,C1_3,BHD_2,zf-CHY,zf-met,XPA_N,zf-H2C2_2,CxxC_CxxC_SSSS,HTH_Tnp_ISL3,Zn_Tnp_IS1595,MBD,zf-C2H2_6,BolA"
Q6ZNG2,"Homeobox,DUF2986"
Q6ZR52,"zf-C2H2_4,C1_4,zf-C2H2,Desulfoferrod_N,DNA_RNApol_7kD,Prok-RING_1,zf-C2H2_jaz,C1_3,zf-AN1,XPA_N,zf-H2C2_2,CxxC_CxxC_SSSS,HTH_Tnp_ISL3,SprT-like,zf-C2H2_6,BolA"
Q6ZRF7,"zf-C2H2_4,zf-C2H2,zf-BED,zf-H2C2_2,HTH_Tnp_ISL3,DUF82"
Q6ZSS3,"zf-C2H2_4,C1_4,zf-C2H2,TFIIS_C,Prok-RING_2,Prok-RING_1,DNA_RNApol_7kD,zf-C2H2_jaz,zf-trcl,KRAB,XPA_N,zf-H2C2_2,CxxC_CxxC_SSSS,HTH_Tnp_ISL3,Zn_Tnp_IS1595,CpXC,zf-C2H2_6,LIM"
Q6ZT77,"zf-C2H2_4,Elf1,zf-C2H2,zf-C2H2_jaz,zf-trcl,XPA_N,zf-H2C2_2,CxxC_CxxC_SSSS,HTH_Tnp_ISL3,DUF164,DUF2321,zf-C2H2_6"
Q6ZV50,"FBD,RFX_DNA_binding"
Q76KX8,"zf-C2H2_4,zf-C2H2,tRNA-synt_2d,UPF0547,C1_3,zf-C2H2_jaz,BHD_2,XPA_N,Rapsyn_N,zf-H2C2_2,C1_1,K-box,A2L_zn_ribbon,TFIIS_C,HTH_Tnp_ISL3,Zn_Tnp_IS1595,NADH_oxidored,zf-C2H2_6,KRAB,CxxC_CxxC_SSSS,zf-LYAR,BolA"
Q7L945,"zf-C2H2_4,C1_4,zf-C2H2,zf-C2H2_jaz,KRAB,zf-met,zf-H2C2_2,CxxC_CxxC_SSSS,HTH_18,Zn_Tnp_IS1595,zf-MYND,zf-C2H2_6"
Q7LCB3,"ERbeta_N,Oest_recep,Hormone_recep,zf-C4"
Q7RTU0,HLH
Q7RTU5,HLH
Q7Z3V5,"zf-C2H2_4,C1_4,DUF1806,zf-RING_3,zf-C2H2,Rpr2,BHD_1,zf-C2H2_jaz,zf-trcl,KRAB,zf-met2,XPA_N,zf-H2C2_2,CxxC_CxxC_SSSS,DUF82,Zn_Tnp_IS1595,zf-C2H2_6"
Q7Z7K2,"zf-C2H2_4,NR_Repeat,zf-C2H2,zf-C2H2_jaz,zf-met,zf-H2C2_2,Yippee,CxxC_CxxC_SSSS,zf-C2H2_6,zf-LYAR,BolA"
Q86T29,"zf-C2H2_4,C1_4,zf-C2H2,Zn_ribbon_recom,zf-C2H2_jaz,KRAB,zf-H2C2_2,Yippee,HTH_Tnp_ISL3,C1_1,zf-C2H2_6,BolA"
Q86V71,"zf-C2H2_4,C1_4,zf-C2H2,YEATS,DNA_RNApol_7kD,C1_3,zf-C2H2_jaz,BHD_2,KRAB,XPA_N,zf-AN1,zf-H2C2_2,CxxC_CxxC_SSSS,HTH_Tnp_ISL3,Zn_Tnp_IS1595,SprT-like,zf-C2H2_6,BolA"
Q86WZ6,"zf-C2H2_4,C1_4,zf-C2H2,zf-C2H2_jaz,KRAB,XPA_N,zf-met,zf-H2C2_2,CxxC_CxxC_SSSS,C1_1,zf-C2H2_6,BolA"
Q86XN6,"zf-C2H2_4,zf-C2H2,C1_3,zf-C2H2_jaz,XPA_N,zf-H2C2_2,C1_1,MBD,TFIIS_C,zf-AN1,HTH_Tnp_ISL3,Zn_Tnp_IS1595,NADH_oxidored,zf-C2H2_6,DUF1407,Prok-RING_1,KRAB,DNA_RNApol_7kD,CxxC_CxxC_SSSS,BolA"
Q86XU0,"zf-C2H2_4,zf-RING_3,zf-C2H2,C1_3,zf-C2H2_jaz,KRAB,XPA_N,ZZ,zf-H2C2_2,CxxC_CxxC_SSSS,HTH_Tnp_ISL3,zf-C2H2_6,BolA"
Q8IVC4,"zf-C2H2_4,zf-C2H2,YhfH,zf-C2H2_jaz,XPA_N,zf-met,zf-H2C2_2,HypA,C1_1,TFIIS_C,zf-AN1,HTH_Tnp_ISL3,Zn_Tnp_IS1595,zf-C2H2_6,FYVE,Prok-RING_1,KRAB,LIM,GATA,zf-trcl,CxxC_CxxC_SSSS,zf-C2HC_2,CpXC,Ribosomal_L44,BolA"
Q8IYA7,"Period_C,Homeobox_KN,Homez,Homeobox,HA"
Q8IYB9,"zf-C2H2_4,C1_4,zf-C2H2,DNA_RNApol_7kD,C1_3,zf-C2H2_jaz,zf-trcl,Ogr_Delta,KRAB,XPA_N,zf-H2C2_2,CxxC_CxxC_SSSS,HTH_Tnp_ISL3,Zn_Tnp_IS1595,DUF164,GAGA,zf-C2H2_6"
Q8IYN0,"zf-C2H2_4,C1_4,zf-C2H2,Prok-RING_2,DNA_RNApol_7kD,C1_3,zf-C2H2_jaz,zf-trcl,zf-AN1,KRAB,XPA_N,zf-H2C2_2,CxxC_CxxC_SSSS,HTH_Tnp_ISL3,Zn_Tnp_IS1595,ADK_lid,SprT-like,zf-C2H2_6"
Q8IZM8,"zf-C2H2_4,zf-C2H2,zf-BED,zf-C2H2_jaz,zf-met,zf-C2H2_2,DUF3133,zf-C2H2_6"
Q8N141,"zf-C2H2_4,C1_4,zf-C2H2,Rpr2,TFIIS_C,Prok-RING_2,DNA_RNApol_7kD,zf-C2H2_jaz,KRAB,zf-H2C2_2,CxxC_CxxC_SSSS,Yippee,Zn_Tnp_IS1595,GAGA,CpXC,zf-C2H2_6,GATA"
Q8N1W2,"zf-C2H2_4,zf-C2H2,zf-CHCC,zf-C2H2_jaz,zf-CHY,COPI_C,zf-met,zf-H2C2_2,DZR,zf-C2H2_2,GAGA,Scramblase,zf-C2H2_6,PhnA_Zn_Ribbon,BolA"
Q8N2I2,"zf-C2H2_4,C1_4,DUF1768,zf-C2H2,Zn_ribbon_recom,TFIIS_C,DNA_RNApol_7kD,zf-C2H2_jaz,zf-trcl,XPA_N,zf-H2C2_2,CxxC_CxxC_SSSS,HTH_Tnp_ISL3,Yippee,Zn_Tnp_IS1595,CpXC,zf-C2H2_6"
Q8N587,"zf-C2H2_4,zf-C2H2,zf-CHCC,zf-C2H2_jaz,XPA_N,zf-H2C2_2,C1_1,C1_4,zf-AN1,HTH_Tnp_ISL3,Zn_Tnp_IS1595,zf-C2H2_6,KRAB,Trm112p,zf-BED,zf-trcl,CxxC_CxxC_SSSS,zf-C2H2_2,BHD_1"
Q8N5J4,Ets
Q8N782,"zf-C2H2_4,zf-C2H2,zf-C2H2_jaz,KRAB,zf-met,XPA_N,zf-H2C2_2,CxxC_CxxC_SSSS,HTH_Tnp_ISL3,C1_1,MBD,zf-C2H2_6,BolA"
Q8N7G0,"Homeobox,HTH_31,Pou"
Q8N7Q3,"zf-C2H2_4,zf-C2H2,Desulfoferrod_N,ATXN-1_C,DNA_RNApol_7kD,C1_3,zf-C2H2_jaz,zf-trcl,DUF1610,XPA_N,zf-H2C2_2,CxxC_CxxC_SSSS,HTH_Tnp_ISL3,DUF164,Zn_Tnp_IS1595,zf-C2H2_6,Ribosomal_L44,BolA"
Q8N7R0,"Homeobox,DndB,Homez"
Q8N8C0,"zf-C2H2_4,C1_4,zf-C2H2,zf-C2H2_jaz,zf-P11,zf-met2,zf-met,XPA_N,zf-H2C2_2,CxxC_CxxC_SSSS,Yippee,Zn_Tnp_IS1595,zf-C2H2_6"
Q8N972,"zf-C2H2_4,C1_4,zf-C2H2,zf-C2H2_jaz,Ogr_Delta,zf-CHY,KRAB,zf-met,zf-H2C2_2,CxxC_CxxC_SSSS,zf-C2H2_6"
Q8N9F8,"zf-C2H2_4,DUF1806,zf-C2H2,YhfH,zf-C2H2_jaz,XPA_N,zf-met,zf-H2C2_2,C1_4,zf-RING_3,HTH_Tnp_ISL3,Zn_Tnp_IS1595,zf-C2H2_6,Prok-RING_1,KRAB,GATA,zf-BED,CxxC_CxxC_SSSS,BolA"
Q8N9K5,"zf-C2H2_4,zf-C2H2,Prok-RING_2,zf-C2H2_jaz,XPA_N,zf-H2C2_2,Yippee,C1_4,TFIIS_C,HTH_Tnp_ISL3,Zn_Tnp_IS1595,zf-C2H2_6,KRAB,DUF82,GATA,Rpr2,DNA_RNApol_7kD,zf-trcl,CxxC_CxxC_SSSS,BHD_1"
Q8NB42,"zf-C2H2_4,C1_4,zf-C2H2,zf-C2H2_jaz,KRAB,XPA_N,zf-H2C2_2,CxxC_CxxC_SSSS,Zn_Tnp_IS1595,zf-C2H2_6,GATA,BolA"
Q8NDW4,"zf-C2H2_4,C1_4,zf-C2H2,FYVE,DUF2180,zf-C2H2_jaz,IBR,zf-AN1,KRAB,zf-H2C2_2,HTH_Tnp_ISL3,zf-C2H2_6,zf-UBP,BolA"
Q8NDY6,HLH
Q8NEK5,"zf-C2H2_4,CpXC,zf-C2H2,TFIIS_C,C1_3,KRAB,XPA_N,zf-H2C2_2,HTH_Tnp_ISL3,Ring_hydroxyl_B,CxxC_CxxC_SSSS,Zn_Tnp_IS1595,C1_1,zf-H2C2_5,zf-C2H2_6,GATA"
Q8NEM1,"zf-C2H2_4,zf-C2H2,C1_3,zf-C2H2_jaz,XPA_N,zf-H2C2_2,C1_4,zf-AN1,HTH_Tnp_ISL3,Zn_Tnp_IS1595,zf-C2H2_6,Desulfoferrod_N,KRAB,Trm112p,PRP21_like_P,DNA_RNApol_7kD,zf-trcl,DUF1610,CxxC_CxxC_SSSS,DUF164,BolA"
Q8NF22,"bZIP_2,bZIP_1,bZIP_Maf"
Q8NG42,"Prog_receptor,Hormone_recep,zf-C4"
Q8NG44,"Prog_receptor,Hormone_recep,zf-C4"
Q8NG45,"Prog_receptor,Hormone_recep,zf-C4"
Q8TA94,"zf-C2H2_4,zf-C2H2,Prok-RING_2,zf-BED,zf-C2H2_jaz,KRAB,zf-met,zf-H2C2_2,CxxC_CxxC_SSSS,HTH_Tnp_ISL3,DZR,Yippee,C1_1,GAGA,zf-C2H2_6"
Q8TAW3,"zf-C2H2_4,zf-C2H2,Zn_ribbon_recom,C1_3,zf-C2H2_jaz,XPA_N,zf-H2C2_2,Yippee,C1_1,C1_4,HTH_Tnp_ISL3,Zn_Tnp_IS1595,zf-C2H2_6,Prok-RING_1,KRAB,zf-H2C2_5,DNA_RNApol_7kD,CxxC_CxxC_SSSS,BolA"
Q8TB69,"zf-C2H2_4,zf-C2H2,zf-BED,BHD_1,zf-C2H2_jaz,zf-trcl,KRAB,XPA_N,zf-H2C2_2,CxxC_CxxC_SSSS,HTH_Tnp_ISL3,DUF82,Zn_Tnp_IS1595,DUF164,zf-C2H2_6,LIM,Ribosomal_L44,BolA"
Q8TCN5,"zf-C2H2_4,zf-C2H2,zf-H2C2_2,GAGA,zf-H2C2_5"
Q8TF20,"zf-C2H2_4,zf-C2H2,C1_3,zf-C2H2_jaz,YhfH,XPA_N,zf-H2C2_2,GAGA,C1_4,HTH_Tnp_ISL3,Zn_Tnp_IS1595,NADH_oxidored,zf-C2H2_6,Prok-RING_1,DZR,DNA_RNApol_7kD,zf-trcl,Dehydratase_SU,CxxC_CxxC_SSSS,DUF3354,DUF164,BolA"
Q8TF32,"zf-C2H2_4,C1_4,zf-C2H2,DNA_RNApol_7kD,C1_3,zf-C2H2_jaz,DUF1610,KRAB,XPA_N,zf-AN1,zf-H2C2_2,CxxC_CxxC_SSSS,HTH_Tnp_ISL3,Zn_Tnp_IS1595,DUF164,zf-C2H2_6,BolA"
Q8WW32,"HMG_box,PBC,DUF1898,YABBY"
Q8WXT5,Fork_head
Q8WZ47,"HMG_box,DUF1908,DUF1898"
Q92670,"zf-C2H2_4,zf-C2H2,Zn_ribbon_recom,C1_3,zf-C2H2_jaz,XPA_N,zf-H2C2_2,GAGA,C1_4,zf-AN1,HTH_Tnp_ISL3,Zn_Tnp_IS1595,zf-MYND,zf-C2H2_6,Desulfoferrod_N,KRAB,PHD,LIM,SCAN,DNA_RNApol_7kD,zf-trcl,CxxC_CxxC_SSSS,zf-C2HC_2,DUF164"
Q96CS4,"zf-C2H2_4,zf-C2H2,BHD_1,zf-C2H2_jaz,KRAB,zf-met,zf-H2C2_2,CxxC_CxxC_SSSS,Yippee,zf-C2HC_2,zf-C2H2_6,zf-LYAR,BolA"
Q96GE5,"zf-C2H2_4,zf-C2H2,Prok-RING_2,zf-C2H2_jaz,zf-CHY,KRAB,zf-met,zf-H2C2_2,CxxC_CxxC_SSSS,Zn_Tnp_IS1595,C1_1,zf-C2H2_6"
Q96H40,"zf-C2H2_4,zf-C2H2,Prok-RING_2,C1_3,zf-C2H2_jaz,XPA_N,zf-met,zf-H2C2_2,zf-AN1,HTH_Tnp_ISL3,Zn_Tnp_IS1595,zf-C2H2_6,Desulfoferrod_N,C1_2,KRAB,DNA_RNApol_7kD,zf-trcl,CxxC_CxxC_SSSS,DUF164"
Q96I87,"Homeobox,Homeobox_KN"
Q96JF6,"zf-C2H2_4,C1_4,zf-C2H2,zf-C2H2_jaz,zf-H2C2_2,HTH_Tnp_ISL3,CxxC_CxxC_SSSS,Yippee,Zn_Tnp_IS1595,NADH_oxidored,zf-C2H2_6"
Q96K75,"zf-C2H2_4,Sgf11,zf-C2H2,NuA4,Prok-RING_1,DNA_RNApol_7kD,zf-C2H2_jaz,zf-trcl,zf-AN1,KRAB,XPA_N,zf-H2C2_2,CxxC_CxxC_SSSS,HTH_Tnp_ISL3,Yippee,zf-C2HC_2,Zn_Tnp_IS1595,zf-C2H2_6"
Q96LW1,"zf-C2H2_4,C1_4,zf-C2H2,zf-BED,zf-C2H2_jaz,KRAB,zf-met,zf-H2C2_2,CxxC_CxxC_SSSS,HTH_Tnp_ISL3,Zn_Tnp_IS1595,zf-C2H2_6,LIM,BolA"
Q96ME7,"zf-C2H2_4,PyrI_C,zf-C2H2,zf-ribbon_3,Zn_ribbon_recom,Evr1_Alr,zf-BED,zf-C2H2_jaz,IBR,zf-C2H2_2,CpXC,DZR,zf-FCS,OrfB_Zn_ribbon"
Q96MR9,"zf-C2H2_4,zf-C2H2,zf-BED,zf-C2H2_jaz,zf-CHY,KRAB,zf-H2C2_2,CxxC_CxxC_SSSS,HTH_Tnp_ISL3,Zn_Tnp_IS1595,zf-C2H2_6"
Q96MU6,"zf-C2H2_4,zf-C2H2,zf-C2H2_jaz,zf-trcl,KRAB,XPA_N,zf-H2C2_2,CxxC_CxxC_SSSS,HTH_Tnp_ISL3,Zn_Tnp_IS1595,GAGA,zf-C2H2_6"
Q96N20,"zf-C2H2_4,zf-C2H2,Zn_ribbon_recom,C1_3,zf-C2H2_jaz,YhfH,XPA_N,zf-met,zf-H2C2_2,Yippee,GAGA,C1_1,DUF1187,C1_4,zinc_ribbon_5,TFIIS_C,zf-AN1,HTH_Tnp_ISL3,DUF2321,zf-C2H2_6,Prok-RING_1,DUF2688,KRAB,zf-H2C2_5,LIM,DNA_RNApol_7kD,zf-trcl,zinc_ribbon_4,CxxC_CxxC_SSSS,CpXC,FYDLN_acid"
Q96N22,"zf-C2H2_4,zf-C2H2,Prok-RING_2,C1_3,zf-C2H2_jaz,XPA_N,zf-H2C2_2,GAGA,Vps36_ESCRT-II,HTH_Tnp_ISL3,Zn_Tnp_IS1595,zf-C2H2_6,KRAB,DNA_RNApol_7kD,DUF1610,CxxC_CxxC_SSSS,DUF164,Ribosomal_L44,BolA"
Q96ND8,"zf-C2H2_4,C1_4,zf-C2H2,zf-C2H2_jaz,KRAB,zf-met,zf-met2,zf-H2C2_2,CxxC_CxxC_SSSS,HTH_Tnp_ISL3,Zn_Tnp_IS1595,zf-C2H2_6,zf-LYAR,BolA"
Q96NG8,"zf-C2H2_4,zf-C2H2,Prok-RING_2,zf-C2H2_jaz,zf-met,zf-H2C2_2,Yippee,A2L_zn_ribbon,C1_4,HTH_Tnp_ISL3,Zn_Tnp_IS1595,zf-C2H2_6,DUF2688,KRAB,zf-BED,DNA_RNApol_7kD,zf-trcl,CxxC_CxxC_SSSS,BolA"
Q96NI8,"zf-C2H2_4,C1_4,zf-C2H2,zf-C2H2_jaz,KRAB,Ribosomal_L17,XPA_N,zf-H2C2_2,CxxC_CxxC_SSSS,HTH_Tnp_ISL3,Ring_hydroxyl_B,Zn_Tnp_IS1595,Yippee,zf-met2,zf-C2H2_6,zf-LYAR,BolA"
Q96NJ3,"zf-C2H2_4,zf-C2H2,zf-C2H2_jaz,KRAB,XPA_N,zf-H2C2_2,Zn_Tnp_IS1595,zf-C2H2_6"
Q96NJ6,"zf-C2H2_4,zf-C2H2,zf-C2H2_jaz,XPA_N,zf-met,zf-H2C2_2,Yippee,C1_1,C1_4,zf-RING_3,HTH_Tnp_ISL3,Zn_Tnp_IS1595,zf-C2H2_6,DUF82,LIM,GATA,DNA_RNApol_7kD,CxxC_CxxC_SSSS,CpXC"
Q96PT3,"CENP-B_N,Homeobox,Sigma70_r3,HTH_26,Homeobox_KN"
Q96PT4,"CENP-B_N,HTH_3,Homeobox,Tautomerase,HTH_26,Homeobox_KN"
Q96T25,"zf-C2H2_4,zf-C2H2,zf-C2H2_jaz,zf-met,zf-H2C2_2,zf-C2H2_6"
Q99676,"zf-C2H2_4,zf-C2H2,NuA4,zf-BED,zf-C2H2_jaz,KRAB,XPA_N,zf-H2C2_2,CxxC_CxxC_SSSS,HTH_Tnp_ISL3,Zn_Tnp_IS1595,zf-C2H2_6"
Q9BRH9,"zf-C2H2_4,C1_4,zf-C2H2,DNA_RNApol_7kD,zf-C2H2_jaz,KRAB,XPA_N,zf-met,zf-H2C2_2,CxxC_CxxC_SSSS,Yippee,Zn_Tnp_IS1595,zf-C2H2_6,BolA"
Q9BWM5,"zf-C2H2_4,zf-C2H2,DNA_RNApol_7kD,zf-C2H2_jaz,KRAB,XPA_N,zf-H2C2_2,HTH_Tnp_ISL3,CxxC_CxxC_SSSS,Zn_Tnp_IS1595,zf-H2C2_5,zf-C2H2_6"
Q9BY31,"zf-C2H2_4,zf-C2H2,zf-C2H2_jaz,KRAB,zf-H2C2_2,Zn_Tnp_IS1595,C1_1,zf-C2H2_6"
Q9BZE3,"SAGA-Tad1,Homeobox,Homez"
Q9C0D4,"zf-C2H2_4,zf-C2H2,zf-CSL,zf-H2C2_2,zf-H2C2_5"
Q9H0M5,"zf-C2H2_4,C1_4,zf-C2H2,zf-C2H2_jaz,KRAB,zf-met,zf-H2C2_2,CxxC_CxxC_SSSS,Luteo_Vpg,Zn_Tnp_IS1595,zf-C2H2_6"
Q9H2Z4,Homeobox
Q9H5J0,"zf-C2H2_4,zf-C2H2,zf-BED,zf-H2C2_2,BTB,zf-C2H2_6"
Q9H7R5,"zf-C2H2_4,zf-C2H2,tRNA-synt_2d,C1_3,zf-C2H2_jaz,XPA_N,zf-H2C2_2,Yippee,C1_1,C1_4,TFIIS_C,zf-CHY,HTH_Tnp_ISL3,Zn_Tnp_IS1595,zf-C2H2_6,C1_2,Desulfoferrod_N,KRAB,ZZ,DNA_RNApol_7kD,zf-BED,CxxC_CxxC_SSSS,BolA"
Q9H8G1,"zf-C2H2_4,zf-C2H2,C1_3,zf-C2H2_jaz,XPA_N,zf-H2C2_2,HTH_Tnp_ISL3,Zn_Tnp_IS1595,zf-C2H2_6,Desulfoferrod_N,ROS_MUCR,KRAB,ADK_lid,SprT-like,DNA_RNApol_7kD,DUF1610,CxxC_CxxC_SSSS,DUF164,Rep_fac-A_C,BolA"
Q9H930,"SAND,Bromodomain,PHD,Sp100,PHD_2,DUF3195"
Q9H963,"zf-C2H2_4,zf-C2H2,UPF0547,C1_3,zf-C2H2_jaz,YhfH,XPA_N,zf-met,zf-H2C2_2,Cytochrome_cB,C1_1,Rubredoxin,zf-Paramyx-P,C1_4,zinc_ribbon_5,TFIIS_C,HNH,HTH_Tnp_ISL3,Zn_Tnp_IS1595,zf-MYND,zf-C2H2_6,Desulfoferrod_N,C1_2,FYVE,Prok-RING_1,zf-HIT,ZZ,zf-BED,DNA_RNApol_7kD,zinc_ribbon_4,CxxC_CxxC_SSSS,zf-C2HC_2,CpXC,zf-LYAR"
Q9HAH1,"zf-C2H2_4,C1_4,zf-C2H2,zf-C2H2_jaz,KRAB,zf-met,XPA_N,zf-H2C2_2,CxxC_CxxC_SSSS,HTH_Tnp_ISL3,zf-C2H2_6"
Q9HB31,"Homeobox,Nairo_nucleo,P12"
Q9HBT7,"zf-C2H2_4,zf-C2H2,SCAN,Saccharop_dh,zf-BED,Prok-RING_1,zf-C2H2_jaz,C1_3,KRAB,XPA_N,zf-H2C2_2,CxxC_CxxC_SSSS,HTH_Tnp_ISL3,GAGA,zf-C2H2_6,BolA"
Q9HCE3,"zf-C2H2_4,zf-C2H2,zf-C2H2_jaz,zf-met,zf-H2C2_2,DUF3595,zf-C2H2_6"
Q9HCL3,"zf-C2H2_4,C1_4,zf-C2H2,TFIIS_C,Prok-RING_2,DNA_RNApol_7kD,zf-BED,zf-C2H2_jaz,BHD_1,KRAB,zf-met,XPA_N,zf-H2C2_2,CxxC_CxxC_SSSS,HTH_Tnp_ISL3,Yippee,Zn_Tnp_IS1595,zf-C2H2_6"
Q9HCZ1,"zf-C2H2_4,C1_4,zf-C2H2,zf-C2H2_jaz,KRAB,zf-H2C2_2,CxxC_CxxC_SSSS,PDZ_1,Zn_Tnp_IS1595,zf-C2H2_6"
Q9NSJ1,"zf-C2H2_4,C1_4,zf-C2H2,C1_3,zf-C2H2_jaz,zf-H2C2_2,CxxC_CxxC_SSSS,Zn_Tnp_IS1595,DUF164,zf-C2H2_6"
Q9NW07,"zf-C2H2_4,zf-C2H2,Endonuclease_7,PGAMP,zf-C2H2_jaz,zf-met,zf-H2C2_2,GAGA,C1_1,FdhE,zf-CHY,Zn_Tnp_IS1595,zf-MYND,zf-C2H2_6,FYVE,CxxC_CxxC_SSSS,zf-C2H2_2,zf-C2HC_2,zf-LYAR"
Q9NXT0,"zf-C2H2_4,zf-C2H2,YhfH,zf-C2H2_jaz,C1_3,XPA_N,zf-met,zf-H2C2_2,Yippee,C1_1,A2L_zn_ribbon,C1_4,TFIIS_C,zf-AN1,HTH_Tnp_ISL3,Zn_Tnp_IS1595,zinc_ribbon_2,zf-C2H2_6,KRAB,GATA,DNA_RNApol_7kD,zf-BED,zf-trcl,CxxC_CxxC_SSSS,zf-C2HC_2,CpXC,FYDLN_acid,zf-LYAR"
Q9NYT6,"zf-C2H2_4,C1_4,zf-C2H2,HNH,zf-C2H2_jaz,KRAB,zf-met,XPA_N,zf-H2C2_2,CxxC_CxxC_SSSS,Zn_Tnp_IS1595,zf-C2H2_6,BolA"
Q9P215,"CENP-B_N,HTH_Tnp_Tc5,KRAB,DDE_1,BrkDBD"
Q9P255,"zf-C2H2_4,zf-C2H2,Evr1_Alr,C1_3,zf-C2H2_jaz,XPA_N,zf-H2C2_2,C1_4,HTH_Tnp_ISL3,Zn_Tnp_IS1595,zf-C2H2_6,Desulfoferrod_N,ROS_MUCR,DNA_RNApol_7kD,DUF1610,CxxC_CxxC_SSSS,DUF164,BHD_1,BolA"
Q9UC06,"zf-C2H2_4,zf-C2H2,zf-BED,BHD_1,zf-C2H2_jaz,XPA_N,zf-H2C2_2,CxxC_CxxC_SSSS,HTH_Tnp_ISL3,Yippee,C1_1,FYDLN_acid,zf-C2H2_6,BolA"
Q9UD57,Homeobox
Q9UII5,"zf-C2H2_4,C1_4,zf-C2H2,DNA_RNApol_7kD,C1_3,zf-C2H2_jaz,XPA_N,zf-H2C2_2,CxxC_CxxC_SSSS,HTH_Tnp_ISL3,ADK_lid,GAGA,Zn_Tnp_IS1595,zf-C2H2_6,BolA"
Q9UJN7,"zf-C2H2_4,zf-C2H2,C1_3,zf-C2H2_jaz,XPA_N,zf-met,zf-H2C2_2,Yippee,C1_4,zf-AN1,HTH_Tnp_ISL3,Zn_Tnp_IS1595,DUF2321,zf-C2H2_6,ATXN-1_C,Prok-RING_1,Siva,zf-BED,DNA_RNApol_7kD,CxxC_CxxC_SSSS"
Q9UK10,"zf-C2H2_4,C1_4,zf-C2H2,Prok-RING_1,zf-C2H2_jaz,zf-trcl,KRAB,XPA_N,zf-met,zf-H2C2_2,CxxC_CxxC_SSSS,PHD,RRN7,zf-C2H2_6,BolA"
Q9UK12,"zf-C2H2_4,zf-C2H2,zf-C2H2_jaz,KRAB,XPA_N,zf-H2C2_2,CxxC_CxxC_SSSS,zf-C2H2_6,BolA"
Q9UL59,"zf-C2H2_4,zf-RING_3,zf-C2H2,zf-C2H2_jaz,KRAB,XPA_N,zf-met,zf-H2C2_2,CxxC_CxxC_SSSS,FYDLN_acid,zf-C2H2_6"
Q9Y2G7,"zf-C2H2_4,C1_4,zf-C2H2,TFIIS_C,Prok-RING_2,DNA_RNApol_7kD,BHD_1,zf-C2H2_jaz,KRAB,zf-H2C2_2,CxxC_CxxC_SSSS,HTH_Tnp_ISL3,Zn_Tnp_IS1595,CpXC,zf-C2H2_6"
Q9Y6R6,"zf-C2H2_4,zf-C2H2,C1_2,zf-BED,zf-C2H2_jaz,zf-trcl,zf-CHY,KRAB,Ribosomal_L17,zf-H2C2_2,CxxC_CxxC_SSSS,HTH_Tnp_ISL3,Zn_Tnp_IS1595,zf-C2H2_6,BolA"
S4R3W2,"HTH_29,MH1,NfI_DNAbd_pre-N,CTF_NFI"
S5LJ04,"P53,CEP1-DNA_bind"
S5LJ49,"P53,CEP1-DNA_bind"
S5LJ61,"P53,CEP1-DNA_bind"
S5LMC6,"P53,CEP1-DNA_bind"
S5LME3,"P53,CEP1-DNA_bind"
S5LMG1,P53
S5LQQ1,"P53,CEP1-DNA_bind"
S5LQU3,P53
S5LQU8,"P53,CEP1-DNA_bind"
S5LQX7,P53
S5M207,P53
S5M224,P53
S5M706,P53
S5M713,"P53,CEP1-DNA_bind"
U3KQ51,"zf-C2H2_4,C1_4,zf-C2H2,zf-C2H2_jaz,DUF1610,zf-met,zf-H2C2_2,Homeobox,HypA,zf-C2H2_6"
U3KQE8,"MH1,NfI_DNAbd_pre-N,CTF_NFI"
U5XK60,"HMG_box,DUF1908,DUF1898"
U5XK65,"HMG_box,DUF1908,DUF1898"
U5XKX7,"HMG_box,DUF1908,DUF1898"
U5XKY1,"HMG_box,DUF1908,DUF1898"
U5XMN5,"HMG_box,DUF1908,DUF1898"
U5XN77,"HMG_box,DUF1908,DUF1898"
U5XN82,"HMG_box,DUF1908,DUF1898"
V9HWA7,"Homeobox,Staygreen,Homeobox_KN,OAR"
V9HWI2,"zf-C2H2_4,C1_4,zf-C2H2,Prok-RING_1,zf-BED,zf-C2H2_jaz,DNA_RNApol_7kD,KRAB,zf-met,zf-met2,zf-H2C2_2,CxxC_CxxC_SSSS,HTH_Tnp_ISL3,Zn_Tnp_IS1595,zf-C2HC_2,zf-C2H2_6,LIM,BolA"
X5D3F6,IRF
X5D9A5,"Homeobox,Fork_head_N,Homeobox_KN,OAR"
X5DQN9,"HLH,PAS,PAS_3,PAS_9,PAS_4,PAS_6"
A0A024R2I8,"Hormone_recep,zf-C4"
A0A024R531,"Pax2_C,HTH_Tnp_IS1,HTH_29,Ribosomal_S13_N,HTH_32,HTH_23,PAX"
A0A024R8F3,"zf-C2H2_4,zf-C2H2,Rpr2,zf-CHCC,FYVE,Prok-RING_1,zf-BED,zf-C2H2_jaz,zf-CHY,zf-AN1,zf-met,zf-H2C2_2,CxxC_CxxC_SSSS,zf-C2H2_2,GAGA,C1_1,zf-C2H2_6"
A0A024RCR3,"CENP-B_N,HTH_3,UCH,Homez,HTH_26,Homeobox,HTH_19,PBC,Homeobox_KN"
A0A068L529,"LisH,Hormone_recep,zf-C4"
A0A075B7G4,"zf-C2H2_4,C1_4,zf-C2H2,DNA_RNApol_7kD,C1_3,zf-C2H2_jaz,zf-trcl,Ogr_Delta,KRAB,XPA_N,zf-H2C2_2,CxxC_CxxC_SSSS,HTH_Tnp_ISL3,Zn_Tnp_IS1595,DUF164,GAGA,ADK_lid,zf-C2H2_6"
A0A076MKN9,"Homeobox,Caudal_act"
A0A087WSW2,"zf-C2H2_4,C1_4,zf-C2H2,DNA_RNApol_7kD,C1_3,zf-C2H2_jaz,KRAB,XPA_N,zf-H2C2_2,CxxC_CxxC_SSSS,HTH_Tnp_ISL3,Zn_Tnp_IS1595,GAGA,zf-C2H2_6,BolA"
A0A087WT67,"zf-C2H2_4,C1_4,zf-C2H2,C1_3,zf-C2H2_jaz,KRAB,XPA_N,zf-H2C2_2,CxxC_CxxC_SSSS,HTH_Tnp_ISL3,GAGA,Zn_Tnp_IS1595,DUF164,zf-C2H2_6"
A0A087WTB1,"zf-C2H2_4,zf-C2H2,C1_3,zf-C2H2_jaz,zf-met,XPA_N,zf-H2C2_2,Yippee,GAGA,C1_1,C1_4,TFIIS_C,HTH_Tnp_ISL3,Zn_Tnp_IS1595,zinc_ribbon_2,zf-C2H2_6,Prok-RING_1,KRAB,Siva,zf-H2C2_5,LIM,DNA_RNApol_7kD,CxxC_CxxC_SSSS,Ribosomal_L44"
A0A087WTI6,"GVQW,Cmyb_C,Myb_DNA-bind_4,Myb_DNA-bind_6,Myb_DNA-bind_2,LMSTEN,Spore_III_AB,Myb_DNA-binding"
A0A087WU46,"zf-C2H2_4,zf-C2H2,zf-CHCC,C1_2,zf-C2H2_jaz,zf-H2C2_2,zf-C2H2_2,Zn_Tnp_IS1595,SprT-like,zf-C2H2_6"
A0A087WUF3,"IRF-3,Prefoldin,MH2,MH1"
A0A087WUK2,"RRM_1,NID,RRM_6,CBFNT,RRM_3,RRM_5"
A0A087WVT1,"zf-C2H2_4,C1_4,zf-RING_3,zf-C2H2,Ta0938,Prok-RING_1,zf-C2H2_jaz,XPA_N,zf-met,zf-H2C2_2,CxxC_CxxC_SSSS,RRN7,FYDLN_acid,zf-C2H2_6"
A0A087WVZ7,"zf-C2H2_4,C1_4,zf-C2H2,zf-C2H2_jaz,KRAB,zf-met,zf-H2C2_2,zf-C2H2_6"
A0A087WX29,"RRM_3,RRM_6,RRM_1"
A0A087WXA8,"zf-C2H2_4,C1_4,zf-C2H2,DNA_RNApol_7kD,zf-C2H2_jaz,KRAB,zf-H2C2_2,Yippee,HTH_Tnp_ISL3,CxxC_CxxC_SSSS,DUF2039,zf-C2H2_6"
A0A087WXP2,"MH1,NfI_DNAbd_pre-N,CTF_NFI"
A0A087WXS2,"HNF-1_N,HTH_37,TBD,HTH_5,IcmF-related,DUF2183"
A0A087WXT3,"zf-C2H2_4,C1_4,zf-C2H2,zf-C2H2_jaz,zf-AN1,KRAB,zf-H2C2_2,HTH_Tnp_ISL3,Siva,Zn_Tnp_IS1595,C1_1,zf-H2C2_5,XS,zf-C2H2_6,GATA,BolA"
A0A087WXV5,"HTH_23,PAX,HTH_32,HTH_29"
A0A087WXW6,"zf-C2H2_4,DUF2225,zf-LITAF-like,Elf1,zf-C2H2,zf-C2H2_jaz,zf-met,Rad50_zn_hook,zf-H2C2_2,zf-C2H2_2,zf-C2HC_2,zf-C2H2_6,BolA"
A0A087WYR5,"zf-C2H2_4,zf-C2H2,Zn_ribbon_recom,YhfH,zf-C2H2_jaz,XPA_N,zf-met,zf-H2C2_2,C1_4,zf-AN1,HTH_Tnp_ISL3,Zn_Tnp_IS1595,zf-MYND,zf-C2H2_6,KRAB,Siva,LIM,zf-BED,CxxC_CxxC_SSSS,HTH_18,Ribosomal_L44,BolA"
A0A087WYY0,"RRM_1,RRM_6,OB_RNB,RRM_3,RRM_5"
A0A087WZQ2,"zf-C2H2_4,C1_4,zf-RING_3,zf-C2H2,Zn_ribbon_recom,DNA_RNApol_7kD,C1_3,zf-C2H2_jaz,KRAB,LIM,zf-H2C2_2,Yippee,Chordopox_RPO7,zf-H2C2_5,FYDLN_acid,zf-C2H2_6,zf-UBP"
A0A087X0W8,RHD
A0A087X1P4,"zf-C2H2_4,C1_4,zf-C2H2,zf-C2H2_jaz,KRAB,zf-H2C2_2,CxxC_CxxC_SSSS,PDZ_1,Zn_Tnp_IS1595,zf-C2H2_6"
A0A087X260,"RRM_3,RRM_6,RRM_5,RRM_1"
A0A087X2B0,"zf-C2H2_4,zf-C2H2,Zn_ribbon_recom,C1_3,zf-C2H2_jaz,YhfH,XPA_N,zf-H2C2_2,Yippee,C1_4,TFIIS_C,HNH,zf-AN1,HTH_Tnp_ISL3,Zn_Tnp_IS1595,zf-MYND,zf-C2H2_6,Siva,zf-H2C2_5,DNA_RNApol_7kD,CxxC_CxxC_SSSS,BolA"
A0A087X2F1,"zf-C2H2_4,zf-C2H2,Zn_ribbon_recom,YhfH,zf-C2H2_jaz,XPA_N,zf-H2C2_2,A2L_zn_ribbon,C1_4,HTH_Tnp_ISL3,Zn_Tnp_IS1595,DUF2321,zf-C2H2_6,Nop16,LIM,GATA,zf-BED,DNA_RNApol_7kD,CxxC_CxxC_SSSS,BolA"
A0A087X2F7,"Ets,HSF_DNA-bind"
A0A089VKS7,"zf-C2H2_4,zf-C2H2,C1_2,zf-BED,zf-C2H2_jaz,DUF3432,zf-met,zf-H2C2_2,zf-C2HC_2,zf-UBR,DUF3446,RRN7,zf-C2H2_6"
A0A090N7S8,"zf-C2H2_4,Elf1,zf-C2H2,PyrI_C,zf-BED,DUF3669,zf-C2H2_jaz,zf-HYPF,KRAB,zf-H2C2_2,DZR,zf-C2HC_2,Zn_Tnp_IS1595,zf-MYND,DUF164,FYDLN_acid,zf-C2H2_6,zf-FCS"
A0A090N7T3,"HLH,Neuro_bHLH"
A0A090N7U3,"zf-C2H2_4,C1_4,zf-RING_3,zf-C2H2,zf-C2H2_jaz,Trm112p,KRAB,zf-met,zf-H2C2_2,FYDLN_acid,zf-C2H2_6"
A0A090N7W7,"Homeobox,Upf2"
A0A090N8E5,Homeobox
A0A0A0MQR4,"HMG_box,DUF1898"
A0A0A0MQW0,"RRM_1,RRM_6,DUF3932,RRM_3,Limkain-b1,RRM_5"
A0A0A0MR11,"zf-C2H2_4,C1_4,zf-C2H2,zf-C2H2_jaz,KRAB,zf-H2C2_2,Siva,HTH_18,Zn_Tnp_IS1595,zf-H2C2_5,zf-C2H2_6,BolA"
A0A0A0MR39,"RRM_1,RRM_6,DUF3932,RRM_3,Limkain-b1,RRM_5"
A0A0A0MR47,"zf-C2H2_4,zf-C2H2,SCAN,zf-C2H2_jaz,zf-trcl,zf-AN1,KRAB,XPA_N,zf-met,zf-H2C2_2,CxxC_CxxC_SSSS,HTH_Tnp_ISL3,ADK_lid,C1_1,zf-C2H2_6,LIM"
A0A0A0MRF3,"Myb_DNA-binding,TEA"
A0A0A0MRH7,"Pax2_C,HTH_Tnp_IS1,Ribosomal_S13_N,Homeobox,HTH_32,HTH_29,HTH_23,PAX"
A0A0A0MRR1,"zf-C2H2_4,PHF5,zf-C2H2,Zn_ribbon_recom,C1_3,zf-C2H2_jaz,YhfH,XPA_N,zf-met,zf-H2C2_2,Yippee,C1_4,TFIIS_C,HNH,zf-AN1,HTH_Tnp_ISL3,Zn_Tnp_IS1595,zf-C2H2_6,zinc_ribbon_2,Prok-RING_1,zf-HIT,DZR,LIM,DNA_RNApol_7kD,zf-BED,CxxC_CxxC_SSSS,zf-C2HC_2,FYDLN_acid"
A0A0A0MS90,"zf-CXXC,MBD"
A0A0A0MSI2,"SAM_1,SAM_PNT,SAM_2"
A0A0A0MSL2,"zf-C2H2_4,zf-C2H2,zf-CHCC,zf-MYND,zf-C2H2_jaz,DUF2321,zf-TRAF,zf-C2H2_6,zf-H2C2_2,zf-C2H2_2,GAGA,zf-H2C2_5,DZR,GATA"
A0A0A0MSW2,TIG
A0A0A0MSW5,"zf-C2H2_4,zf-C2H2,zf-C2H2_jaz,zf-trcl,KRAB,XPA_N,zf-H2C2_2,CxxC_CxxC_SSSS,HTH_Tnp_ISL3,Zn_Tnp_IS1595,GAGA,zf-C2H2_6"
A0A0A0MSX5,"Homeobox,Homeobox_KN"
A0A0A0MT00,"Histone,CBFD_NFYB_HMF"
A0A0A0MT58,"TFIIS_C,TFIIS_M,Prok-RING_2,Med26"
A0A0A0MTE9,"zf-C2H2_4,zf-C2H2,zf-C2H2_jaz,zf-met,zf-H2C2_2,zf-TFIIB,OrfB_Zn_ribbon,zinc_ribbon_5,zf-AN1,Zn_Tnp_IS1595,zf-C2H2_6,Prok-RING_1,zf-H2C2_5,Elf1,zf-BED,DUF1610,zinc_ribbon_4,CxxC_CxxC_SSSS,zf-C2H2_2,zf-C2HC_2,CpXC"
A0A0A0MTF4,"Homeobox,Homeobox_KN"
A0A0A0MTH2,"zf-C2H2_4,zf-RING_3,zf-C2H2,Zn_ribbon_recom,DNA_RNApol_7kD,BHD_1,zf-C2H2_jaz,zf-CHY,zf-H2C2_2,Yippee,Chordopox_RPO7,HTH_18,zf-C2H2_6"
A0A0A0MTK8,"HNF-1B_C,Homeobox,HNF-1A_C,HNF-1_N"
A0A0A0MTL7,"HMG_box,DUF1898,CTNNB1_binding"
A0A0A0MTS0,HLH
A0A0A0N0L3,"RRM_3,RRM_6,RRM_5,RRM_1"
A0A0A0N0M3,"RRM_3,RRM_6,RRM_5,RRM_1"
A0A0A0VEB4,"NUP,Hormone_recep,GTF2I,zf-C4"
A0A0A1EII5,Fork_head
A0A0A6YYL0,"Rab5ip,YqzM,Homeobox,Homeobox_KN,DUF2244"
A0A0A7EP36,Homeobox
A0A0A7EP75,Homeobox
A0A0A7EPG2,Homeobox
A0A0B4J1Y0,"zf-C2H2_4,C1_4,zf-C2H2,zf-C2H2_jaz,KRAB,zf-H2C2_2,CxxC_CxxC_SSSS,PDZ_1,Zn_Tnp_IS1595,zf-C2H2_6"
A0A0B4J2F3,"Auxin_repressed,Fork_head,Ribosomal_L27e"
A0A0C4DFM2,"zf-C2H2_4,C1_4,Elf1,zf-C2H2,CpXC,zf-C2H2_jaz,zf-met,zf-H2C2_2,C1_1,zf-H2C2_5,FYDLN_acid,zf-C2H2_6,zf-LYAR,BolA"
A0A0C4DFP5,"Hormone_recep,zf-C4"
A0A0C4DFQ3,"zf-C2H2_4,zf-C2H2,Zn_ribbon_recom,C1_3,zf-C2H2_jaz,zf-met,XPA_N,zf-H2C2_2,Yippee,C1_4,TFIIS_C,HTH_Tnp_ISL3,Zn_Tnp_IS1595,zf-C2H2_6,DZR,LIM,SCAN,zf-BED,DNA_RNApol_7kD,zf-trcl,CxxC_CxxC_SSSS,CpXC"
A0A0C4DG06,"PPR_1,MA3,PPR_2,RPN7,PPR,PPR_3,ECSIT"
A0A0C4DG26,"DivIC,HLH,DUF3584,FhuF,DUF904"
A0A0C4DG41,"SAM_PNT,SAM_1,Ets,SAM_2"
A0A0C4DG42,"zf-C2H2_4,zf-C2H2,C1_3,zf-C2H2_jaz,BHD_2,XPA_N,zf-H2C2_2,Yippee,C1_1,C1_4,HTH_Tnp_ISL3,Zn_Tnp_IS1595,zf-C2H2_6,Prok-RING_1,KRAB,DZR,LIM,DNA_RNApol_7kD,CxxC_CxxC_SSSS,zf-C2HC_2"
A0A0C4DG47,SAM_PNT
A0A0C4DG53,"Hormone_recep,zf-C4"
A0A0C4DG96,"zf-C2H2_4,zf-C2H2,zf-BED,zf-met,zf-H2C2_2,zf-C2HC_2,RRN7,zf-C2H2_6"
A0A0C4DGB4,"zf-C2H2_4,zf-C2H2,C1_3,zf-C2H2_jaz,XPA_N,zf-met,zf-H2C2_2,Yippee,C1_1,C1_4,TFIIS_C,HTH_Tnp_ISL3,Zn_Tnp_IS1595,zf-C2H2_6,KRAB,DZR,LIM,GATA,zf-BED,CxxC_CxxC_SSSS,HTH_18,zf-LYAR,BolA"
A0A0C4DGQ3,"zf-C2H2_4,C1_4,zf-C2H2,zf-C2H2_jaz,KRAB,zf-met,XPA_N,zf-H2C2_2,CxxC_CxxC_SSSS,zf-C2H2_6"
A0A0C4DH12,"zf-C2H2_4,DUF4407,zf-C2H2,Prok-RING_1,zf-C2H2_jaz,zf-met,Rad50_zn_hook,zf-H2C2_2,RRN7,DZR"
A0A0D9SEJ8,"zf-C2H2_4,zf-C2H2_jaz,zf-met,zf-H2C2_2,DUF4195,zf-C2H2_6"
A0A0D9SET2,"HJURP_C,SRF-TF"
A0A0D9SEX9,"zf-C2H2_4,zf-C2H2,zf-C2H2_jaz,zf-met,zf-H2C2_2"
A0A0D9SFD0,"HJURP_C,SRF-TF"
A0A0D9SFF0,"Fork_head,EspF"
A0A0D9SGH8,"HMG_box,DUF1898,CTNNB1_binding"
A0A0D9SGI2,T-box
A0A0D9SGI5,"HJURP_C,SRF-TF"
A0A0F6T557,"Hormone_recep,zf-C4"
A0A0G2JH32,"zf-C2H2_4,zf-C2H2,Zn_ribbon_recom,YhfH,zf-C2H2_jaz,XPA_N,zf-H2C2_2,Yippee,C1_1,C1_4,TFIIS_C,zf-AN1,Zn_Tnp_IS1595,zf-MYND,RRN7,zinc_ribbon_2,zf-C2H2_6,Desulfoferrod_N,COX5B,LIM,zf-BED,DNA_RNApol_7kD,zf-trcl,CxxC_CxxC_SSSS,DUF164,CpXC"
A0A0G2JKR7,"Hormone_recep,zf-C4"
A0A0G2JN84,"zf-C2H2_4,zf-C2H2_jaz,zf-met,zf-H2C2_2,DUF4195,zf-C2H2_6"
A0A0G2JQ02,"WWbp,Homeobox,Homeobox_KN"
A0A0G2JQK0,T-box
A0A0G2JRP7,Homeobox
A0A0G2JS52,"Ly49,DUF4140,Syntaxin,DUF812,ADIP,IncA,V_ATPase_I,zf-C2HC,DivIC,TBPIP,Nsp1_C,DUF972,Cluap1,Prominin,DUF1664,TMF_DNA_bd,MYT1,IBR,Ax_dynein_light,Peptidase_C6,DUF3450"
A0A0H3W5T2,"HLH,UPF0564,DUF3371"
A0A0M3L9V7,"Homeobox,CAP_N,Homeobox_KN,Homez"
A0A0P0GE07,"Homeobox_KN,Homeobox,HTH_31,Pou"
A0A0R4J2G5,"HJURP_C,SRF-TF"
A0A0S2Z3K8,"TrmB,BRCA-2_OB3,E2F_TDP"
A0A0S2Z3U3,MBD
A0A0S2Z3U4,"zf-C2H2_4,PyrI_C,zf-C2H2,zf-CHCC,zf-BED,HNH,zf-C2H2_jaz,zf-AN1,zf-met,zf-H2C2_2,zf-C2H2_2,zf-C2HC_2,zf-UBR,RRN7,zf-C2H2_6"
A0A0S2Z401,MBD
A0A0S2Z417,"HJURP_C,SRF-TF"
A0A0S2Z418,"Hormone_recep,zf-C4"
A0A0S2Z439,"Homeobox,LIM,Homeobox_KN"
A0A0S2Z453,"HJURP_C,SRF-TF"
A0A0S2Z454,"HJURP_C,SRF-TF"
A0A0S2Z4G1,"zf-C2H2_4,RPA_C,ZZ,Myb_DNA-bind_6,SWIRM,Myb_DNA-binding"
A0A0S2Z4H3,"HTH_29,DIX,NfI_DNAbd_pre-N,MH1"
A0A0S2Z4K2,"zf-CCHC,zf-CCHC_4,zf-CCHC_3"
A0A0S2Z4K5,"PPARgamma_N,Hormone_recep,zf-C4"
A0A0S2Z4L1,"Homeobox,LIM,Homeobox_KN"
A0A0S2Z4L6,"zf-C2H2_4,zf-C2H2,zf-C2H2_jaz,zf-met,XPA_N,zf-H2C2_2,C1_1,HTH_Tnp_ISL3,DUF2321,zf-C2H2_6,AAA_22,Prok-RING_1,KRAB,LIM,SCAN,DNA_RNApol_7kD,zf-trcl,CxxC_CxxC_SSSS,CpXC,zf-LYAR"
A0A0S2Z4M5,"Nuc_recep-AF1,Hormone_recep,zf-C4"
A0A0S2Z4P2,"Pax2_C,HTH_Tnp_IS1,Ribosomal_S13_N,HTH_23,PAX"
A0A0S2Z4Q3,"zf-CCHC,zf-CCHC_4,zf-CCHC_3"
A0A0S2Z570,"Nuc_recep-AF1,Hormone_recep,zf-C4"
A0A0S2Z5G4,"SH3_3,DUF1845,DUF2360,BEN"
A0A0S2Z5N0,"V_ATPase_I,ATG16,DUF964,Streptin-Immun,BEN"
A0A0S2Z5S4,"Homeobox,PHF5,LIM,Homeobox_KN"
A0A0S2Z5X3,"Atg14,Laminin_I,G-patch,zf-CCCH"
A0A0S2Z649,"zf-C2H2_4,zf-H2C2_2,zf-C2H2"
A0A0S2Z658,"zf-C2H2_4,zf-C2H2,zf-C2H2_jaz,XPA_N,zf-met,zf-H2C2_2,Yippee,HypA,C1_1,C1_4,HTH_Tnp_ISL3,zf-C2H2_6,FYVE,KRAB,SCAN,zf-trcl,CxxC_CxxC_SSSS,zf-C2HC_2,BolA"
A0A0S2Z689,"zf-C2H2_4,zf-H2C2_2,zf-C2H2"
A0A0S2Z696,"DUF1845,BEN"
A0A0S2Z6H0,"Atg14,Laminin_I,G-patch,zf-CCCH"
A0A0U1RQE0,"Fork_head,Ycf1,Otopetrin,TT_ORF1,RR_TM4-6,Med15,Plasmodium_Vir"
A0A0U1RQM2,"Fork_head,TT_ORF1,LMBR1,eIF-3_zeta,Med15,Plasmodium_Vir"
A0A0U1RQR8,"Fork_head,Otopetrin,Zip,TT_ORF1,LMBR1,Auxin_repressed,RR_TM4-6,Med15,Plasmodium_Vir"
A0A0U1RQY3,"Fork_head,Ycf1,Otopetrin,Zip,TT_ORF1,DUF1742,Baculo_PP31,Rtf2,Auxin_repressed,Plasmodium_Vir"
A0A0U1RRL5,"BRF1,Ets,Elf-1_N"
A0A0U3FYV6,"HMG_box,SOXp,DUF1898"
A0A0U4C5A9,"CBFB_NFYA,Bre5"
A0A0U4Z598,"HMG_box,DUF1898"
A0A125SXV6,"Oest_recep,zf-C4"
A0A125SXV7,"Oest_recep,zf-C4"
A0A125SXV8,"Oest_recep,zf-C4"
A0A125SXV9,"Oest_recep,zf-C4"
A0A125SXW0,"Oest_recep,zf-C4"
A0A125SXW1,"Oest_recep,Hormone_recep,zf-C4"
A0A125SXW2,"Oest_recep,Hormone_recep,zf-C4"
A0A125SXW3,"Oest_recep,Hormone_recep,zf-C4"
A0A127AXB3,"OAR,Homeobox"
A0A127AXH5,"OAR,Homeobox"
A0A140GPP8,"Homeobox_KN,Homeobox,Pou"
A0A140TA70,"zf-C2H2_4,DUF2225,zf-LITAF-like,zf-C2H2,zf-C2H2_jaz,zf-met,zf-H2C2_2,zf-C2H2_2,zf-C2H2_6,BolA"
A0A140TA74,"zf-C2H2_4,DUF2225,zf-LITAF-like,Elf1,zf-C2H2,zf-C2H2_jaz,zf-met,zf-H2C2_2,zf-C2H2_2,zf-C2HC_2,zf-C2H2_6,BolA"
A0A140VJS2,"REV,Homeobox,Homeobox_KN,OAR"
A0A140VK50,"HLH,Luteo_PO"
A0A140VKD3,"HLH,PAS,PAS_2,PAS_3,PAS_9,PAS_4"
A0A165EY39,"Homeobox,Homez"
A0A1B0GTD0,"zf-C2H2_4,zf-C2H2,Rpr2,zf-CHCC,FYVE,Prok-RING_1,zf-BED,zf-C2H2_jaz,zf-AN1,zf-CHY,zf-met,zf-H2C2_2,CxxC_CxxC_SSSS,zf-C2H2_2,GAGA,C1_1,zf-C2H2_6"
A0A1B0GTJ8,"Zip,CDK5_activator,ARID,DUF3518"
A0A1B0GTS1,HSF_DNA-bind
A0A1B0GTU5,"ARID,DUF3518"
A0A1B0GTW4,"DUF3908,HJURP_C,SRF-TF,DUF4227"
A0A1B0GUL0,DUF3446
A0A1B0GV32,"HJURP_C,SRF-TF"
A0A1B0GV48,"zf-C2H2_4,PyrI_C,zf-C2H2,zf-C2H2_jaz,zf-CHY,zf-H2C2_2,BTB,zf-C2H2_2,zf-C2HC_2,SprT-like,zf-C2H2_6"
A0A1B0GV63,"ARID,CDC45,VID27,RRN3,Daxx,Upf2,DUF1510,DUF3518"
A0A1B0GVB8,HLH
A0A1B0GVE1,"HMG_box,DUF1898,Rer1,MAT_Alpha1,CTNNB1_binding,CHD5"
A0A1B0GVI7,"HLH,PAS,PAS_3,PAS_9,PAS_4"
A0A1B0GVK1,"SDA1,ARID,CDC45,VID27,RRN3,Daxx,Upf2,DUF1510,DUF3518"
A0A1B0GVR6,"HLH,Trehalase"
A0A1B0GW55,"Homeobox,HTH_26,CENP-B_N,Homeobox_KN"
A0A1B0GW91,"HLH,Trehalase"
A0A1B0GWD5,"HLH,Trehalase"
A0A1B0GWH4,HSF_DNA-bind
A0A1B0GWJ2,"SDA1,ARID,CDC45,VID27,RRN3,Daxx,Upf2,DUF1510,DUF3518"
A0A1B0GXL9,"HLH,TFIIA,MAS20,DUF605,Suf"
A0A1B1RS94,IRF
A0A1C7CYY7,"Pou,Homeobox,HTH_32,Flu_NS1,HTH_31,Homeobox_KN"
A0A1L4FMK7,"DUF4047,Hormone_recep,zf-C4"
A0A1P8C958,"Ank_2,Ank_3,Ank,Death,RHD,Ank_4,Ank_5"
A0A1U9X796,"DUF4407,DUF972,bZIP_Maf,bZIP_2,bZIP_1,DUF2205"
A0A1U9X799,"DUF4407,DUF972,bZIP_Maf,bZIP_2,bZIP_1,DUF2205"
A0A1U9X8U9,"zf-C2H2_4,DUF2225,Elf1,zf-C2H2,zf-C2H2_jaz,zf-H2C2_2,DUF2256,BTB,Rtf2,zf-C2H2_2,zf-C2H2_6"
A0A1U9X8V3,"zf-C2H2_4,DUF2225,Elf1,zf-C2H2,zf-C2H2_jaz,zf-H2C2_2,DUF2256,BTB,Rtf2,zf-C2H2_2,zf-C2H2_6"
A0A1W2PNS7,"Homeobox,Homeobox_KN"
A0A1W2PNW1,"STAT_alpha,STAT_int,SH2,STAT_bind"
A0A1W2PP27,"Homeobox,Homeobox_KN"
A0A1W2PP89,"Homeobox,Homeobox_KN"
A0A1W2PPD9,"TFIIF_alpha,HLH,Myc_N,Apt1"
A0A1W2PPF3,"CENP-B_N,MerR_1,HTH_3,Phage_CII,HTH_23,Homeobox,HTH_Tnp_1,HTH_26,Homeobox_KN"
A0A1W2PPG3,"Homeobox,Homeobox_KN"
A0A1W2PPH0,"Homeobox,Homeobox_KN"
A0A1W2PPJ2,"Homeobox,Homeobox_KN"
A0A1W2PPK0,"MRP-L20,Homeobox,Homeobox_KN"
A0A1W2PPM5,"Homeobox_KN,Homeobox,PAX,HTH_Tnp_IS1"
A0A1W2PPN2,"HTH_Tnp_IS1,PAX,Homeobox,HTH_32,Homeobox_KN"
A0A1W2PPX4,"HTH_Tnp_IS1,HTH_29,Homeobox_KN,Homeobox,HTH_23,PAX"
A0A1W2PQ31,"Homeobox,Homeobox_KN"
A0A1W2PQ73,"Ets,HSF_DNA-bind"
A0A1W2PQG3,"Homeobox,HA,Homeobox_KN"
A0A1W2PQJ8,"Homeobox,Homeobox_KN"
A0A1W2PQL4,"zf-C2H2_4,C1_4,zf-C2H2,Desulfoferrod_N,C1_2,C1_3,zf-C2H2_jaz,BHD_1,DUF1610,KRAB,XPA_N,zf-H2C2_2,CxxC_CxxC_SSSS,DUF164,zf-C2H2_6,BolA"
A0A1W2PQL7,"HTH_Tnp_IS1,PAX,Homeobox,HTH_32,Homeobox_KN"
A0A1W2PQM7,"HTH_Tnp_IS1,HTH_29,Homeobox_KN,Homeobox,HTH_23,PAX"
A0A1W2PRA4,"HTH_Tnp_IS1,PAX,Homeobox,HTH_32,Homeobox_KN"
A0A1W2PRA8,"Homeobox,Homeobox_KN"
A0A1W2PRG3,"Homeobox_KN,Homeobox,PAX,HTH_Tnp_IS1"
A0A1W2PRH6,"Homeobox,Homeobox_KN"
A0A1W2PRP0,Fork_head
A0A1W2PRS6,"HTH_Tnp_IS1,HTH_29,Homeobox_KN,Homeobox,HTH_23,PAX"
A0A1W2PRU4,"Homeobox,Homeobox_KN"
A0A1W2PRW7,"Homeobox,HA,Homeobox_KN"
A0A1W2PS91,"Homeobox_KN,Homeobox,PAX,HTH_Tnp_IS1"
A0A1W2PSB5,"Homeobox,HA,Homeobox_KN"
A0A1X7SBS4,"Myb_DNA-binding,TEA"
A0A1X7SBT0,"Homeobox_KN,Homeobox,PAX,HTH_Tnp_IS1"
A0A1X7SBT5,"zf-C2H2_4,zf-C2H2,CHORD,zf-C2H2_jaz,zf-met,zf-H2C2_2,zf-C2H2_2"
A0A1X7SC99,"zf-C2H2_4,zf-RING_3,Elf1,zf-C2H2,Zn_ribbon_recom,Sgf11,zinc_ribbon_5,Di19,zf-C2H2_jaz,zf-AN1,zf-met,zf-H2C2_2,DZR,zf-C2H2_2,zf-H2C2_5,Rubredoxin,zf-C2H2_6"
A0A1X9RU27,Fork_head
A0A1Z1G4M2,"Secretin_N,DUF1897,KH_5,KH_1,KH_4,KH_3,KH_2"
A0A1Z3FT70,"HMG_box,DUF1898,HTH_24"
A0A223ZRY6,"Hormone_recep,zf-C4"
A0A286R9D9,"HMG_box,DUF1898,Nucleoplasmin,Nucleo_P87"
A0A2P1H683,"zf-C2H2_jaz,zf-met,Homeobox,zf-C2H2_2,AKAP95,zf-H2C2_5,zf-C2H2_6,Homeobox_KN,Ada_Zn_binding"
A0A2P9DTZ0,"Fork_head,EspF"
A0A2P9DTZ1,"Fork_head,EspF"
A0A2P9DTZ8,"Fork_head,EspF"
A0A2R3XWA5,"HNF-1_N,HNF-1B_C,Homeobox,HTH_24,Homeobox_KN,DUF2183"
A0A2R3XWA6,"HNF-1B_C,Homeobox,HNF-1A_C,HNF-1_N"
A0A2R3XWC8,"HNF-1B_C,Homeobox,HNF-1A_C,HNF-1_N"
A0A2R3XWF7,"HNF-1_N,HNF-1B_C,Homeobox,HNF-1A_C,DUF2183"
A0A2R4LFC5,"Homeobox,Homez"
A0A2R4LFK0,"Homeobox,Homez"
A0A2R4LG35,"Homeobox,Homez"
A0A2R8Y491,"Phage_Mu_Gam,Hormone_recep,zf-C4"
A0A2R8Y4G1,"Homeobox,Homeobox_KN"
A0A2R8Y595,"zf-C2H2_4,GVQW,zf-C2H2,zf-C2H2_jaz,zf-met,zf-H2C2_2,CxxC_CxxC_SSSS,ChAPs,GAGA,C1_1,zf-H2C2_5,zf-C2H2_2,zf-C2H2_6,LIM"
A0A2R8Y683,"Homeobox,Homeobox_KN"
A0A2R8Y6X0,"zf-C2H2_4,zf-C2H2,Homeobox,zf-C2H2_2,zf-C2H2_6,zf-FCS,Homeobox_KN"
A0A2R8Y7G1,"HLH,PAS,PAS_3,PAS_9,PAS_4"
A0A2R8Y852,"Homeobox,Homeobox_KN,HOOK,CUT"
A0A2R8Y8C8,"Homeobox,Homeobox_KN"
A0A2R8YDI1,"Reo_sigmaC,HOOK,Homeobox,Homeobox_KN,CUT"
A0A2R8YDQ5,"zf-C2H2_4,Elf1,zf-C2H2,zinc_ribbon_5,DUF3669,zf-C2H2_jaz,DUF1898,zf-CHY,KRAB,zf-met,XPA_N,zf-H2C2_2,HTH_Tnp_ISL3,zf-C2HC_2,zf-C2H2_6"
A0A2R8YEW3,Homeobox
A0A2R8YF72,"DivIC,zf-C2HC,MYT1,DUF2968,zf-RING-like,IBR,IncA,zf-RAG1,DUF1664,bZIP_1"
A0A2R8YFL0,"zf-C2H2_4,zf-C2H2,zf-C2H2_jaz,zf-met,zf-H2C2_2,ChAPs,GAGA,C1_1,zf-H2C2_5,zf-C2H2_2,zf-C2H2_6"
A0A2R8YFR0,"zf-C2H2_4,zf-C2H2,zf-C2H2_jaz,zf-H2C2_2,zf-C2H2_2,GAGA,AKAP95,zf-H2C2_5,zf-C2H2_6"
A0A2R8YGX0,"zf-C2H2_4,zf-H2C2_2,zf-C2H2"
A0A2Z5HTM8,"HMG_box,DUF1898,CTNNB1_binding"
A0A2Z5HTN9,"HMG_box,DUF1898,CTNNB1_binding"
A0A345S7Y2,"Homeobox_KN,Homeobox,HTH_31,Pou"
A0A348FV91,"ERbeta_N,Oest_recep,Hormone_recep,zf-C4"
A0A348FV92,"ERbeta_N,Oest_recep,Hormone_recep,zf-C4"
A0A348FV93,"ERbeta_N,Oest_recep,Hormone_recep,zf-C4"
A0A348FV94,"ERbeta_N,Oest_recep,Hormone_recep,zf-C4"
A0A348FV95,"ERbeta_N,Oest_recep,Hormone_recep,zf-C4"
A0A348FV96,"ERbeta_N,Oest_recep,Hormone_recep,zf-C4"
A0A348FV98,"ERbeta_N,Oest_recep,Hormone_recep,zf-C4"
A0A384MDX9,"Secretin_N,DUF1897,KH_5,KH_1,KH_4,KH_3,KH_2"
A0A384MEH2,"zf-C2H2_4,DUF2225,zf-LITAF-like,zf-C2H2,zf-C2H2_jaz,zf-met,zf-H2C2_2,zf-C2H2_2,zf-C2H2_6,BolA"
A0A3B3IRF0,"Tropomyosin_1,DUF1319,CENP-Q,zf-RAG1,UPF0242,DUF812,Tmemb_cc2,IncA,DUF342,Prefoldin,V_ATPase_I,zf-C2HC,DivIC,DUF3573,TBPIP,DUF972,AAA_27,GrpE,DUF724,Macoilin,APG6,DUF1664,TMF_DNA_bd,MYT1,CENP-H,zf-RING-like,IBR"
A0A3B3IRM3,"DivIC,zf-C2HC,MYT1,zf-RING-like,DUF1319,IBR,zf-RAG1,DUF2730"
A0A3B3IRN7,"zf-C2H2_4,zf-C2H2,zf-C2H2_jaz,Ogr_Delta,zf-met,zf-H2C2_2,CxxC_CxxC_SSSS,zf-C2H2_2,zf-C2HC_2,DUF899,DUF2321,zf-C2H2_6"
A0A3B3IRS5,"Fork_head,Ribosomal_L27e"
A0A3B3IRT9,"zf-C2HC,MYT1,DUF2968,zf-RING-like,DUF1319,IBR,zf-RAG1,DUF1664,bZIP_1"
A0A3B3IRW4,"zf-C2H2_4,zf-C2H2,Zn_Tnp_IS1,zf-C2H2_jaz,zf-H2C2_2,RRN7,zf-C2H2_6"
A0A3B3IRW5,"Auxin_repressed,Fork_head,Ribosomal_L27e"
A0A3B3IRX0,"DivIC,zf-C2HC,MYT1,zf-RING-like,IBR,zf-RAG1"
A0A3B3IRX5,"DivIC,zf-C2HC,MYT1,DUF2968,zf-RING-like,DUF1319,IBR,zf-RAG1,DUF1664,bZIP_1"
A0A3B3IS14,"DivIC,zf-C2HC,MYT1,zf-RING-like,DUF1319,IBR,zf-RAG1,DUF2730"
A0A3B3IS18,T-box
A0A3B3IS61,"DivIC,zf-C2HC,MYT1,zf-RING-like,DUF1319,IBR,zf-RAG1,DUF2730"
A0A3B3IS71,"Rb_C,RB_A,TFIIB,DUF3452,RB_B"
A0A3B3IS77,"DivIC,zf-C2HC,MYT1,V_ATPase_I,TBPIP,zf-RING-like,DUF1319,IBR,IncA,DUF342,zf-RAG1,bZIP_1,DUF2730"
A0A3B3IS87,Fork_head
A0A3B3ISB6,"zf-C2HC,MYT1"
A0A3B3ISI4,"Tropomyosin_1,DUF3251,DUF1319,CENP-Q,zf-RAG1,UPF0242,DUF812,XhlA,Prefoldin_2,Tmemb_cc2,IncA,DUF342,Prefoldin,V_ATPase_I,zf-C2HC,DivIC,DUF3573,TBPIP,DUF972,TSC22,AAA_27,GrpE,DUF724,GBP_C,APG6,DUF1664,TMF_DNA_bd,MYT1,CENP-H,zf-RING-like,IBR"
A0A3B3ISN1,"zf-C2HC,IBR,zf-RING-like,MYT1"
A0A3B3ISN3,"zf-C2HC,MYT1,SDA1,zf-RING-like,DUF1319,IBR,zf-RAG1,DUF2730"
A0A3B3ISP2,"zf-C2HC,MYT1,zf-RING-like,IBR,zf-RAG1"
A0A3B3IST0,"Fork_head,Ribosomal_L27e"
A0A3B3IST6,"Auxin_repressed,Fork_head,Ribosomal_L27e"
A0A3B3ISW5,"DivIC,zf-C2HC,MYT1,DUF2968,zf-RING-like,IBR,zf-RAG1,DUF1664,bZIP_1"
A0A3B3IT03,"zf-C2H2_4,C1_4,zf-C2H2,Prok-RING_1,BHD_1,zf-C2H2_jaz,C1_3,BHD_2,KRAB,zf-met,zf-CHY,zf-H2C2_2,CxxC_CxxC_SSSS,HTH_Tnp_ISL3,Zn_Tnp_IS1595,zf-C2H2_6,BolA"
A0A3B3IT14,"Auxin_repressed,Fork_head,Ribosomal_L27e"
A0A3B3IT59,"MRG,CDC45,Tudor-knot,Chromo"
A0A3B3IT66,"Auxin_repressed,Fork_head,Ribosomal_L27e"
A0A3B3ITJ8,"DivIC,zf-C2HC,MYT1,DUF2968,zf-RING-like,zf-RAG1,DUF1664,bZIP_1"
A0A3B3ITL3,"zf-C2HC,MYT1,SDA1,DUF3573,zf-RING-like,DUF1319,IBR,bZIP_1,zf-RAG1,DUF1664,UPF0242"
A0A3B3ITL5,"MRG,Tudor-knot"
A0A3B3ITS6,"zf-C2HC,MYT1,DUF3573,SDA1,zf-RING-like,DUF1319,IBR,zf-RAG1,Daxx,DUF1664,UPF0242"
A0A3B3IU66,"zf-C2HC,MYT1,Ycf1"
A0A3B3IU83,"zf-C2HC,IBR,MYT1"
A0A3B3IUE2,"V_ATPase_I,zf-C2HC,MYT1,DivIC,TBPIP,zf-RING-like,DUF3573,DUF2968,DUF972,DUF1319,IBR,IncA,DUF342,zf-RAG1,DUF1664,bZIP_1,Prefoldin"
A0A3F2YNW7,"Zip,CDK5_activator,ARID,DUF3518"
A0A3F2YPB8,"zf-C2H2_4,zf-C2H2,TFIIS_C,zf-BED,zf-C2H2_jaz,zf-trcl,KRAB,XPA_N,zf-met,zf-H2C2_2,CxxC_CxxC_SSSS,HTH_Tnp_ISL3,Zn_Tnp_IS1595,C1_1,zf-C2H2_6"
A0A455R6J4,"Med3,Homeobox,Rotamase_2,Homeobox_KN"
A0A481V744,"zf-C2H2_4,zf-C2H2,CAP_N,zf-met,CCAP,zf-H2C2_2,Ofd1_CTDD,WT1"
A0A494BZV4,"zf-C2H2_4,zf-C2H2,zf-C2H2_jaz,zf-H2C2_2,CxxC_CxxC_SSSS,zf-C2H2_6"
A0A494C069,"zf-C2H2_4,zf-C2H2,zf-C2H2_jaz,zf-H2C2_2,CxxC_CxxC_SSSS,zf-C2H2_6"
A0A494C070,"zf-C2H2_4,zf-C2H2,zf-C2H2_jaz,zf-H2C2_2,zf-C2H2_6"
A0A494C0J2,"zf-C2H2_4,C1_4,zf-C2H2,Prok-RING_2,zf-BED,zf-C2H2_jaz,zf-trcl,zf-AN1,IBD,zf-met,zf-H2C2_2,CxxC_CxxC_SSSS,HTH_18,Zn_Tnp_IS1595,C1_1,zf-MYND,zf-C2H2_6"
A0A494C0S6,zf-C4
A0A494C0T4,"STAT_alpha,STAT_int,SH2,STAT_bind"
A0A494C0U8,"zf-C2H2_4,C1_4,zf-C2H2,zf-C2H2_jaz,zf-trcl,zf-AN1,KRAB,XPA_N,DUF4389,zf-H2C2_2,CxxC_CxxC_SSSS,HTH_Tnp_ISL3,Zn_Tnp_IS1595,zf-C2H2_6,Csm1"
A0A494C130,HLH
A0A494C164,"STAT_int,STAT_bind,STAT_alpha,LXG,CorA,STAT2_C,SH2"
A0A494C1F9,"PPARgamma_N,DUF1319,zf-C4"
A0A494C1K3,"CENP-B_N,GTF2I,HTH_Tnp_Tc5,HTH_28,Herpes_IE68,HTH_23"
A0A494C1R3,"DUF4349,HLH,RR_TM4-6,CDC45"
A0A494C1T8,"HLH,Myc_N,Myc-LZ,TRH"
A0A499FIV4,"PPARgamma_N,zf-C4"
A0A590UJ82,"HTH_29,NfI_DNAbd_pre-N,MH1"
A0A590UJE0,"zf-C2H2_4,zf-C2H2,Zn_ribbon_recom,zf-C2H2_jaz,zf-met,XPA_N,zf-H2C2_2,Yippee,GAGA,C1_4,HTH_Tnp_ISL3,zf-C2H2_6,zf-C4_ClpX,Prok-RING_1,KRAB,LIM,Elf1,SCAN,CxxC_CxxC_SSSS,CpXC,FYDLN_acid"
A0A590UJP9,"SAM_PNT,Ets"
A0A590UK73,"HTH_29,MH1,NfI_DNAbd_pre-N,CTF_NFI"
A0A5A4PVW8,"Homeobox,Rotamase_2"
A0A5F9ZHH6,"Nuc_recep-AF1,Hormone_recep,zf-C4"
A0A5F9ZHS3,Menin
A0A5F9ZHS7,"bZIP_2,bZIP_1,Mto2_bdg"
A0A5F9ZHY1,Homeobox
A0A669K9T0,"Hox9_act,HTH_23,Homeobox"
A0A669KB50,"PHD_3,PHD,DUF1423,C1_1,PHD_2"
A0A669KB52,"STAT_int,NPV_P10,STAT_bind,STAT_alpha,SH2,Sec20"
A0A669KB53,"STAT_int,NPV_P10,STAT_bind,STAT_alpha,SH2,Sec20,STAT1_TAZ2bind"
A0A669KB56,"STAT_int,NPV_P10,STAT_bind,STAT_alpha,SH2,Sec20,STAT1_TAZ2bind"
A0A669KB68,"STAT_int,NPV_P10,STAT_bind,STAT_alpha,SH2,Sec20,STAT1_TAZ2bind"
A0A669KB78,"SAM_PNT,Ets"
A0A669KBA4,"STAT_int,NPV_P10,STAT_bind,STAT_alpha,SH2,Sec20,STAT1_TAZ2bind"
A0A669KBA7,"MarR_2,HTH_29,HTH_28,HTH_23,PAX"
A0A669KBC8,"Hox9_act,HTH_23,Homeobox"
A0A669KBC9,"zf-C2H2_4,zf-H2C2_2,zf-C2H2"
A0A669KBF4,"HLH,PAS,PAS_2,PAS_3,PAS_9,PAS_4"
A0A669KBH0,ARID
A0A669KBI6,"STAT_int,NPV_P10,STAT_bind,STAT_alpha,SH2,Sec20"
A0A669KBJ7,"zf-C2H2_4,Homeobox,zf-C2H2_2,zf-H2C2_5,Homeobox_KN"
A0A669KBL4,"zf-C2H2_4,zf-H2C2_2,zf-C2H2"
A0A679EM68,"Oest_recep,zf-C4"
A0A6E1WB48,"Foamy_virus_ENV,Hormone_recep,zf-C4"
A0A6E1XE14,TF_AP-2
A0A6E1XZL4,"Homeobox_KN,Homeobox,Pou"
A0A6E1YDD0,"Homeobox,Homeobox_KN,HTH_Tnp_1,Homez"
A0A6I8PRC2,"HLH,Hairy_orange"
A0A6I8PRS3,"HLH,Hairy_orange"
A0A6Q8NVI4,"Zip,CDK5_activator,ARID,DUF3518"
A0A6Q8PFM9,HTH_psq
A0A6Q8PG17,"V_ATPase_I,DivIC,GAS,Laminin_II,Mer2,IncA,HOOK,bZIP_2,APG6,AAA_13,bZIP_1,DUF3450"
A0A6Q8PG83,HTH_psq
A0A6Q8PGL8,HTH_psq
A0A6Q8PGR8,HTH_psq
A0A6Q8PH34,"zf-C2H2_4,C1_4,Ribosomal_L37ae,Baculo_ME53,zf-C2H2,zf-C2H2_jaz,zf-met,XPA_N,zf-H2C2_2,CxxC_CxxC_SSSS,zf-C2HC_2,C1_1,zf-C2H2_6,Rep_fac-A_C"
A0A7I2PK40,"HLH,PAS,PAS_3,PAS_9,PAS_4"
A0A7I2V2G1,"Tropomyosin_1,STAT_int,Fib_alpha,MerR-DNA-bind,STAT_bind,eIF3_N,STAT_alpha,DUF342,Baculo_PEP_C,SH2,Syntaxin-6_N"
A0A7I2V2U7,"RRM_6,RRM_5,RRM_1"
A0A7I2V349,"RRM_6,RRM_5,RRM_1"
A0A7I2V380,"STAT_int,STAT_bind,STAT_alpha,Hemerythrin,SH2"
A0A7I2V395,"Tropomyosin_1,STAT_int,Fib_alpha,MerR-DNA-bind,STAT_bind,eIF3_N,STAT_alpha,DUF342,Baculo_PEP_C,SH2,Syntaxin-6_N"
A0A7I2V3V0,"Tropomyosin_1,STAT_int,Fib_alpha,MerR-DNA-bind,STAT_bind,eIF3_N,STAT_alpha,DUF342,Baculo_PEP_C,SH2,Syntaxin-6_N"
A0A7I2V444,"Tropomyosin_1,STAT_int,Fib_alpha,MerR-DNA-bind,STAT_bind,eIF3_N,STAT_alpha,DUF342,Baculo_PEP_C,SH2,Syntaxin-6_N"
A0A7I2V464,"RRM_1,RRM_6,Aldedh,PAS_7,NOPS,DUF3256,RRM_5"
A0A7I2V4C8,"Tropomyosin_1,STAT_int,Fib_alpha,MerR-DNA-bind,STAT_bind,eIF3_N,STAT_alpha,DUF342,Baculo_PEP_C,SH2,Syntaxin-6_N"
A0A7I2V4J2,"RRM_1,RRM_6,VIT1,NOPS,RRM_5"
A0A7I2V4N2,"RRM_1,RRM_6,Aldedh,PAS_7,NOPS,DUF3256,RRM_5"
A0A7I2V4R2,"Tropomyosin_1,STAT_int,Fib_alpha,MerR-DNA-bind,STAT_bind,eIF3_N,STAT_alpha,DUF342,Baculo_PEP_C,SH2,Syntaxin-6_N"
A0A7I2V4R3,"Tropomyosin_1,STAT_int,Fib_alpha,MerR-DNA-bind,STAT_bind,eIF3_N,STAT_alpha,DUF342,Baculo_PEP_C,SH2,Syntaxin-6_N"
A0A7I2V4X9,"zf-C2H2_4,zf-H2C2_2,zf-C2H2"
A0A7I2V506,"RRM_6,RRM_5,RRM_1"
A0A7I2V535,"RRM_1,RRM_6,PAS_7,NOPS,DUF3256,RRM_5"
A0A7I2V552,"STAT_int,STAT_bind,STAT_alpha,SH2,HD_4"
A0A7I2V5N9,"Tropomyosin_1,STAT_int,Fib_alpha,MerR-DNA-bind,STAT_bind,eIF3_N,STAT_alpha,DUF342,Baculo_PEP_C,SH2,Syntaxin-6_N"
A0A7I2V5Y7,"RRM_1,RRM_6,VIT1,PAS_7,NOPS,RRM_5"
A0A7I2V699,"Limkain-b1,RRM_6,RRM_5,RRM_1"
A0A7I2YQD2,"Tropomyosin_1,STAT_int,Fib_alpha,MerR-DNA-bind,STAT_bind,eIF3_N,STAT_alpha,DUF342,Baculo_PEP_C,SH2,Syntaxin-6_N"
A0A7I2YQF1,"STAT_int,STAT_bind,STAT_alpha,Hemerythrin,SH2"
A0A7I2YQI1,"Tropomyosin_1,STAT_int,Fib_alpha,MerR-DNA-bind,STAT_bind,eIF3_N,STAT_alpha,DUF342,Baculo_PEP_C,SH2,Syntaxin-6_N"
A0A7I2YQR5,"Tropomyosin_1,STAT_int,Fib_alpha,MerR-DNA-bind,STAT_bind,eIF3_N,STAT_alpha,DUF342,Baculo_PEP_C,SH2,Syntaxin-6_N"
A0A7I2YQY3,"STAT_int,STAT_bind,STAT_alpha,Hemerythrin,SH2"
A0A7P0MRW0,"GVQW,RRM_1,RRM_6,SMN,NOPS,RRM_5"
A0A7P0N7C4,"zf-C2H2_4,zf-C2H2,PhnJ,zf-H2C2_2,zf-H2C2_5,zf-C2H2_6"
A0A7P0SNI2,"Myb_DNA-binding,TEA"
A0A7P0T8R5,"DUF972,Kinetocho_Slk19,bZIP_Maf,bZIP_2,DUF904,bZIP_1"
A0A7P0T907,"Pax2_C,HTH_Tnp_IS1,HTH_29,Ribosomal_S13_N,HTH_32,HTH_23,PAX"
A0A7P0T947,"Ig_2,LAG1-DNAbind,TIG,BTD"
A0A7P0T9H5,"DUF972,bZIP_Maf,bZIP_2,DUF904,bZIP_1"
A0A7P0T9V3,"DUF972,bZIP_Maf,bZIP_2,DUF904,bZIP_1"
A0A7P0T9Y9,"Ig_2,LAG1-DNAbind,TIG,BTD"
A0A7P0TAC9,"Pax2_C,HTH_Tnp_IS1,Ribosomal_S13_N,Homeobox,HTH_32,HTH_29,HTH_23,PAX"
A0A7P0TAF2,"DUF972,bZIP_Maf,bZIP_2,DUF904,bZIP_1"
A0A7P0TAH1,"DUF972,bZIP_Maf,bZIP_2,DUF904,bZIP_1"
A0A7P0TAL6,IRF
A0A7P0TAN4,"zf-C2H2_4,zf-C2H2,C1_3,zf-C2H2_jaz,YhfH,XPA_N,zf-met,zf-H2C2_2,C1_1,A2L_zn_ribbon,C1_4,HTH_Tnp_ISL3,Zn_Tnp_IS1595,zf-C2H2_6,Prok-RING_1,KRAB,ZZ,CxxC_CxxC_SSSS,BolA"
A0A7P0TB89,"DUF972,bZIP_Maf,bZIP_2,DUF904,bZIP_1"
A0A7P0TBJ4,"Ig_2,LAG1-DNAbind,TIG,BTD"
A0A7P0Z421,"DUF972,bZIP_Maf,bZIP_2,DUF904,bZIP_1"
A0A7P0Z4A3,T-box
A0A7P0Z4I7,"DUF972,bZIP_Maf,bZIP_2,DUF904,bZIP_1"
A0A7P0Z4M5,"PSD5,C2"
A0A7P0Z4N7,"Ig_2,LAG1-DNAbind,TIG,BTD"
A0A804HHU7,"zf-C2H2_4,zf-C2H2,zf-C2H2_jaz,XPA_N,zf-H2C2_2,Yippee,C1_1,DUF899,C1_4,TFIIS_C,HTH_Tnp_ISL3,Zn_Tnp_IS1595,zf-C2H2_6,KRAB,Siva,LIM,DNA_RNApol_7kD,CxxC_CxxC_SSSS,BolA"
A0A804HHY9,"TPR_14,PPR_1,MA3,PPR_2,PPR,PPR_3,TPR_1,ECSIT,TPR_16"
A0A804HI14,"TPR_14,PPR_1,MA3,Uteroglobin,PPR_2,PPR,PPR_3,TPR_1,ECSIT,Apc3,TPR_16"
A0A804HIG1,PPARgamma_N
A0A804HIG4,"TPR_14,PPR_1,MA3,Uteroglobin,PPR_2,PPR,PPR_3,TPR_1,ECSIT,Apc3,TPR_16"
A0A804HIN4,"TPR_14,PPR_1,MA3,Uteroglobin,PPR_2,PPR,PPR_3,TPR_1,ECSIT,Apc3,TPR_16"
A0A804HJ42,"zf-C2H2_4,zf-C2H2,DUF3926,SCAN,zf-C2H2_jaz,zf-met2,XPA_N,ZZ,zf-H2C2_2,CxxC_CxxC_SSSS,HTH_Tnp_ISL3,zf-C2H2_6,LIM,MAT_Alpha1,A2L_zn_ribbon"
A0A804HJ45,"zf-C2H2_4,zf-C2H2,Endonuclease_7,zf-C2H2_jaz,zf-met,zf-H2C2_2,DZR,BTB,zf-C2H2_2,zf-C2HC_2,DUF164,zf-C2H2_6,GATA"
A0A804HJE2,"zf-C2H2_4,zf-RING_3,zf-C2H2,zf-C2H2_jaz,MSA-2c,zf-met,zf-H2C2_2,zf-C2HC_2,Pex14_N,zf-C2H2_6"
A0A804HJH8,"MA3,PPR_1,TPR_14,PPR_2,RPN7,PPR,PPR_3,ECSIT,TPR_16,Herpes_BBRF1"
A0A804HJN2,"PPARgamma_N,zf-C4"
A0A804HJZ1,"TPR_14,PPR_1,MA3,Uteroglobin,PPR_2,PPR,PPR_3,TPR_1,ECSIT,Apc3,TPR_16,YkyA"
A0A804HK02,"MA3,PPR_1,TPR_14,PPR_2,RPN7,PPR,PPR_3,ECSIT,Herpes_BBRF1"
A0A804HK30,"TPR_14,PPR_1,MA3,Uteroglobin,PPR_2,PPR,PPR_3,TPR_1,ECSIT,Apc3,TPR_16"
A0A804HKI2,"TPR_14,PPR_1,MA3,PPR_2,PPR,PPR_3,TPR_1,ECSIT,TPR_16,YkyA"
A0A804HKJ0,"TPR_14,PPR_1,MA3,Uteroglobin,PPR_2,PPR,PPR_3,TPR_1,ECSIT,Apc3,TPR_16"
A0A804HKR3,"TPR_14,PPR_1,MA3,Uteroglobin,PPR_2,PPR,PPR_3,TPR_1,ECSIT,Apc3,TPR_16,YkyA"
A0A804HL40,"TPR_14,PPR_1,MA3,Uteroglobin,PPR_2,PPR,PPR_3,TPR_1,ECSIT,Apc3,TPR_16"
A0A804HLG8,"TPR_14,PPR_1,MA3,Uteroglobin,PPR_2,PPR,PPR_3,TPR_1,ECSIT,Apc3,TPR_16"
A0A804HLH1,PPARgamma_N
A0A8A2IE78,"Homeobox_KN,Homeobox,HTH_31,Pou"
A0A8B0SUS0,Fork_head
A0A8B0SWK9,Fork_head
A0A8B0SWN0,Fork_head
A0A8B0SX42,Fork_head
A0A8B0SX55,Fork_head
A0A8B0SXM7,Fork_head
A0A8B0SXP0,Fork_head
A0A8B0SY07,Fork_head
A0A8B0SY93,Fork_head
A0A8B0T069,Fork_head
A0A8B0T146,Fork_head
A0A8B0T278,Fork_head
A0A8C8KI72,Menin
A0A8C8P5L8,"HLH,T-box"
A0A8C8UYX0,"Cdc6_C,RFX_DNA_binding,Pox_D5"
A0A8E8R776,"SAM_PNT,Ets,AT_hook"
A0A8E8R7T2,"SAM_PNT,Ets,AT_hook"
A0A8E8R951,"SAM_PNT,Ets,AT_hook"
A0A8E8R9M4,"Ets,AT_hook"
A0A8E8R9T1,"SAM_PNT,Ets,AT_hook"
A0A8E8R9U5,"SAM_PNT,Ets,AT_hook"
A0A8E8RB67,"SAM_PNT,Ets,AT_hook"
A0A8E8V1G0,"SAM_PNT,Ets,AT_hook"
A0A8E8V1H0,"Ets,AT_hook"
A0A8E8V1S5,"SAM_PNT,Ets,AT_hook"
A0A8I5JYA4,"zf-C2H2_4,zf-C2H2,Evr1_Alr,C1_3,zf-C2H2_jaz,XPA_N,zf-met,zf-H2C2_2,C1_4,zf-RING_3,TFIIS_C,HTH_Tnp_ISL3,Zn_Tnp_IS1595,zf-C2H2_6,KRAB,ZZ,GATA,zf-BED,DNA_RNApol_7kD,CxxC_CxxC_SSSS"
A0A8I5KNZ0,"CAP_N,Mito_fiss_reg,zf-C4"
A0A8I5KPE6,"HJURP_C,SRF-TF"
A0A8I5KQX3,"FadA,DUF1140,Hormone_recep,zf-C4"
A0A8I5KQY1,"GVQW,SAND,zf-MYND"
A0A8I5KRF8,"zf-C2H2_4,DUF2225,Elf1,zf-C2H2,DUF3449,zf-C2H2_jaz,zf-met,zf-H2C2_2,zf-C2H2_2,zf-C2HC_2,zf-C2H2_6,BolA"
A0A8I5KSZ4,"HLH,DUF3371,DUF3313,RNA_pol_Rpb4,5-FTHF_cyc-lig,Ribophorin_I"
A0A8I5KTU3,"HLH,5-FTHF_cyc-lig,DUF3371"
A0A8I5KUA2,"GVQW,SAND,zf-MYND"
A0A8I5KUH8,"FadA,DUF1140,Topoisom_I_N,zf-C4"
A0A8I5KUQ1,CP2
A0A8I5KVB5,"CENP-B_N,GTF2I,HTH_Tnp_Tc5,HTH_28,Herpes_IE68,HTH_23"
A0A8I5KVP8,"FadA,DUF1140,Hormone_recep,CAP_N,zf-C4"
A0A8I5KVQ4,"HJURP_C,SRF-TF"
A0A8I5KW15,"HMG_box,DUF1898,Sox_N,MAT_Alpha1"
A0A8I5KWP3,"FadA,DUF1140,Hormone_recep,CAP_N,zf-C4"
A0A8I5KX72,"dsrm,DUF3469,R3H,G-patch_2,G-patch"
A0A8I5KXT3,"FadA,DUF1140,Hormone_recep,CAP_N,zf-C4"
A0A8I5KYE6,"MH1,CTF_NFI"
A0A8I5QJC6,"SAND,zf-MYND"
A0A8I5QKU9,Fork_head
A0A8I5QKX4,"zf-C2H2_4,DUF4208,zf-C2H2,HNH,zf-C2H2_jaz,zf-H2C2,zf-met,zf-H2C2_2,DZR,BTB,zf-C2H2_2,zf-C2H2_6"
A0A8I5QL24,ARID
A0A8J8YL86,"MH1,NfI_DNAbd_pre-N,CTF_NFI"
A0A8J9C2I7,"Homeobox,Homeobox_KN,OAR,XRCC4"
A0A8J9GB59,"SDA1,ARID,CDC45,VID27,RRN3,Daxx,DUF1510,DUF3518"
A0A8Q3SIN3,"Elf1,DUF2387,ArfGap,CxxC_CxxC_SSSS,eIF-5_eIF-2B,TF_Zn_Ribbon,Prim_Zn_Ribbon,DZR,GATA,A2L_zn_ribbon"
A0A8Q3SIP6,"Elf1,DUF2387,ArfGap,CxxC_CxxC_SSSS,eIF-5_eIF-2B,TF_Zn_Ribbon,Prim_Zn_Ribbon,DZR,GATA,A2L_zn_ribbon"
A0A8Q3SIT6,"Elf1,DUF2387,ArfGap,CxxC_CxxC_SSSS,eIF-5_eIF-2B,TF_Zn_Ribbon,Prim_Zn_Ribbon,DZR,GATA,A2L_zn_ribbon"
A0A8Q3SJ75,"IRF,IRF-3"
A0A8Q3SJG7,"TF_Zn_Ribbon,GATA"
A0A8Q3WLD0,"DUF2387,eIF-5_eIF-2B,TF_Zn_Ribbon,Prim_Zn_Ribbon,GATA"
A0A8Q3WLD2,"HTH_11,Homeobox,DUF2175,LIM,Homeobox_KN"
A0A8V8TL94,zf-C4
A0A8V8TLG8,"STAT_int,STAT_bind,STAT_alpha,LXG,CorA,STAT2_C,SH2"
A0A8V8TLJ4,"STAT_int,STAT_bind,STAT_alpha,LXG,CorA,STAT2_C,SH2"
A0A8V8TLS8,"zf-C2H2_4,zf-C2H2,zf-C2H2_jaz,zf-met,XPA_N,zf-H2C2_2,CxxC_CxxC_SSSS,BTB,GAGA,C1_1,zf-H2C2_5,zf-C2HC_2,RRN7,zf-C2H2_6,zf-FCS,zf-LYAR"
A0A8V8TM01,"HMG_box,DUF1898,Sox_N,Beta-lactamase"
A0A8V8TM04,"SAM_PNT,Ets"
A0A8V8TM84,"STAT_alpha,STAT_int,SH2,STAT_bind"
A0A8V8TMP0,"IRF,IRF-3"
A0A8V8TMP1,"IRF,IRF-3"
A0A8V8TMP4,"STAT_alpha,STAT_int,SH2,STAT_bind"
A0A8V8TMR0,"STAT_alpha,STAT_int,SH2,STAT_bind"
A0A8V8TN14,"bZIP_2,bZIP_1,bZIP_Maf"
A0A8V8TN47,"IRF,IRF-3"
A0A8V8TN81,"STAT_int,NPV_P10,STAT_bind,STAT_alpha,SH2,Sec20,STAT1_TAZ2bind"
A0A8V8TN85,"bZIP_2,bZIP_1,bZIP_Maf"
A0A8V8TNM0,"bZIP_2,bZIP_1,bZIP_Maf"
A0A8V8TP00,"STAT_alpha,STAT_int,SH2,STAT_bind"
A0A8V8TP16,"STAT_alpha,STAT_int,SH2,STAT_bind"
A0A8V8TP21,"STAT_alpha,STAT_int,SH2,STAT_bind"
A0A8V8TP49,"HTH_29,MH1,NfI_DNAbd_pre-N,CTF_NFI"
A0A8V8TP65,"HTH_29,MH1,NfI_DNAbd_pre-N,CTF_NFI"
A0A8V8TPA8,"bZIP_2,bZIP_1,bZIP_Maf"
A0A8V8TPB7,"Homeobox,DUF4332,Homeobox_KN"
A0A8V8TPC8,"bZIP_2,bZIP_1,bZIP_Maf"
A0A8V8TPF1,"IRF,IRF-3"
A0A8V8TPF3,"Pol_alpha_B_N,MEI4-Rec24,HTH_3,CUT"
A0A8V8TPF4,"bZIP_2,bZIP_1,bZIP_Maf"
A0A8V8TPF5,"IRF,IRF-3"
A0A8V8TPF7,"CENP-B_N,NUC130_3NT,Sec15,DUF1319,HTH_3,UCH,Homez,HTH_26,Homeobox,HTH_19,PBC,Homeobox_KN"
A0A8V8TPI9,"zf-C2H2_4,zf-C2H2,DUF3279,zf-C2H2_jaz,zf-met,zf-C2H2_6"
A0A8V8TPM0,"bZIP_2,bZIP_1,bZIP_Maf"
A0A8V8TPN0,"HTH_29,MH1,NfI_DNAbd_pre-N,CTF_NFI"
A0A8V8TQG7,"HTH_29,MH1,NfI_DNAbd_pre-N,CTF_NFI"
A0A8V8TQI3,"HTH_29,MH1,NfI_DNAbd_pre-N,CTF_NFI"
A0A8V8TQU6,"Homeobox,Homeobox_KN"
A0A8V8TQV0,"HTH_29,MH1,NfI_DNAbd_pre-N,CTF_NFI"
A0A8V8TR19,"Hormone_recep,zf-C4"
A0A8V8TR38,T-box
A0A994J3Q8,"Secretin_N,DUF1897,KH_5,KH_1,KH_4,KH_3,KH_2"
A0A994J434,"FCP1_C,AT_hook"
A0A994J4C0,"RapA_C,DUF4407,Activator-TraM,Bromodomain,Mitofilin,PHD,SDH_alpha,zf-MYND,Spore_III_AB,PWWP"
A0A994J4E9,"Phi-29_GP3,KH_5,KH_1,KH_4,KH_3,KH_2,ROKNT"
A0A994J4F0,"HMG_box,DUF1898,Rer1,MAT_Alpha1,CTNNB1_binding"
A0A994J4S7,"Phi-29_GP3,KH_5,KH_1,KH_4,KH_3,KH_2,ROKNT"
A0A994J4U9,"Phi-29_GP3,KH_5,KH_1,KH_4,KH_3,KH_2,ROKNT"
A0A994J5B8,"Myb_DNA-bind_6,Myb_DNA-binding"
A0A994J5C6,"zf-C2H2_4,CpXC,zf-C2H2,zf-CHCC,Elf1,Di19,zf-C2H2_jaz,zf-met,zf-H2C2_2,zf-C2H2_2,GAGA,zf-H2C2_5"
A0A994J5R8,"zf-C2H2_4,C1_4,zf-C2H2,FYVE,BHD_1,zf-C2H2_jaz,XPA_N,zf-H2C2_2,CxxC_CxxC_SSSS,HTH_Tnp_ISL3,zf-C2H2_6"
A0A994J6L2,"HLH,T-box"
A0A994J6L7,"RRM_1,RRM_6,OB_RNB,RRM_3,RRM_5"
A0A994J6T5,"Phi-29_GP3,KH_5,KH_1,KH_4,KH_3,KH_2,ROKNT"
A0A994J6U9,"Phi-29_GP3,KH_5,KH_1,KH_4,KH_3,KH_2,ROKNT"
A0A994J6W1,"Fork_head,Otopetrin,Zip,LMBR1,Baculo_PP31,eIF-3_zeta,Plasmodium_Vir,Mgr1"
A0A994J6Y5,"RapA_C,DUF4407,Activator-TraM,Bromodomain,Mitofilin,HSP70,Carbpep_Y_N,PHD,SDH_alpha,zf-MYND,Spore_III_AB,PWWP"
A0A994J705,"FCP1_C,AT_hook"
A0A994J711,"HMG_box,DUF1898,CTNNB1_binding"
A0A994J782,"Phi-29_GP3,KH_5,KH_1,KH_4,KH_3,KH_2,ROKNT"
A0A994J795,"KH_1,KH_4,KH_3,KH_2,ROKNT"
A0A994J7A5,"zf-C2H2_4,DUF4208,zf-C2H2,Desulfoferrod_N,HNH,zf-C2H2_jaz,zf-H2C2,zf-H2C2_2,DZR,BTB,zf-C2H2_2,DUF2175,zf-C2H2_6"
A0A994J7C0,"HMG_box,DUF1898,CENP-K,LOH1CR12"
A0A994J7H0,"zf-CXXC,MBD"
A0A994J7Z0,"zf-C2H2_4,zf-C2H2,zf-CHCC,Di19,zf-C2H2_jaz,C1_3,Rad50_zn_hook,zf-H2C2_2,zf-C2H2_2,GAGA,zf-H2C2_5,zf-DNA_Pol"
A0A9E8DG70,"RRM_1,RRM_6,Hormone_recep,DUF1993,RRM_5,zf-C4"
A0A9L9PXL4,"HMG_box,DUF1898,BAH,Bromodomain"
A0A9L9PXU6,"Pax2_C,HTH_Tnp_IS1,Ribosomal_S13_N,Homeobox,HTH_32,HTH_29,HTH_23,PAX"
A0A9L9PYK3,"Pax2_C,HTH_Tnp_IS1,Ribosomal_S13_N,Homeobox,HTH_32,HTH_29,HTH_23,PAX"
A0AA34QVR9,"HAP1_N,Striatin,DivIC,PspA_IM30,TMF_DNA_bd,Jun,bZIP_Maf,FlaC_arch,bZIP_2,DUF904,Seryl_tRNA_N,Jnk-SapK_ap_N,bZIP_1,DUF3450"
A0AA34QVS9,"zf-C2H2_4,zf-RING_3,zf-C2H2,zf-CHCC,zf-C2H2_jaz,MSA-2c,zf-met,zf-H2C2_2,zf-C2HC_2,Pex14_N,zf-C2H2_6"
A0AA75I0P0,Menin
A0AA96HC68,Fork_head
A0AAA9YHK5,Ets
A0AAA9YHR6,"zf-C2H2_4,C1_4,zf-C2H2,NuA4,DUF2688,C1_3,zf-C2H2_jaz,KRAB,XPA_N,zf-met,zf-H2C2_2,CxxC_CxxC_SSSS,Yippee,HTH_Tnp_ISL3,Zn_Tnp_IS1595,HTH_18,zf-C2H2_6"
A0AAF0YZ08,"HIF-1,HIF-1a_CTAD,PAS,HLH,PAS_3,PAS_9,PAS_4"
A0AAG2UW58,"Homeobox,Homeobox_KN,Homez"
A0AAG2UW84,Fork_head
A0AAG2UWQ9,"dsrm,DUF3469,R3H,G-patch_2,G-patch"
A0AAQ5BGJ6,"Homeobox_KN,Homeobox,HTH_32,HTH_23,Pax7,PAX"
A0AAQ5BGK0,"Homeobox_KN,Homeobox,HTH_32,HTH_23,Pax7,PAX"
A0AAQ5BH24,"Rb_C,RB_A,TFIIB,DUF3452,RB_B"
A0AAQ5BH52,"Rb_C,RB_A,TFIIB,DUF3452,RB_B"
A0AAQ5BHQ0,"IRF-3,Prefoldin,MH2,MH1"
A0AAQ5BHQ2,"DUF1955,NusB,MH1,Glycos_transf_N"
A0AAQ5BHS1,"zf-C2H2_4,zf-C2H2,zf-C2H2_jaz,zf-met,zf-H2C2_2,FYDLN_acid,zf-C2H2_6,zf-C4_ClpX"
A0AAQ5BHS5,"IRF-3,Prefoldin,MH2,MH1"
A0AAQ5BHS9,"MH2,MH1"
A0AAQ5BHT7,"DUF1955,NusB,MH1,Ded_cyto,Prefoldin,Glycos_transf_N"
A0AAQ5BHU0,"MH2,MH1"
A0AAQ5BHU1,"DUF1955,NusB,MH1,Glycos_transf_N"
A0AAQ5BHU2,"IRF-3,MH2,MH1"
A0AAQ5BHU9,"DUF1955,NusB,MH1,Glycos_transf_N"
A0AAQ5BHV1,"IRF-3,MH2,MH1"
A0AAQ5BHV2,"IRF-3,MH2,MH1"
A0AAQ5BHV5,"IRF-3,MH2,MH1"
A0AAQ5BHW2,"MH2,MH1"
A0AAQ5BHW3,"STAT_int,NPV_P10,STAT_bind,STAT_alpha,CRC_subunit,SH2"
A0AAQ5BHX1,"HisKA_2,STAT_alpha,STAT_int,STAT_bind"
A0AAQ5BHY6,"IRF-3,MH2,MH1"
A0AAQ5BHZ6,"DUF1955,MH1,Glycos_transf_N"
A0AAQ5BI40,"STAT_alpha,STAT_int,STAT_bind"
A0AAQ5BIG2,"RRM_1,RRM_6,RRM_5,zf-RanBP"
A0AAQ5BIJ6,"zf-C2H2_4,C1_4,zf-C2H2,TFIIS_C,DNA_RNApol_7kD,C1_3,zf-C2H2_jaz,zf-AN1,KRAB,XPA_N,ZZ,zf-H2C2_2,CxxC_CxxC_SSSS,Yippee,HTH_Tnp_ISL3,Zn_Tnp_IS1595,MBD,zf-C2H2_6"
A0AV05,"zf-C2H2_4,zf-C2H2,Prok-RING_1,DNA_RNApol_7kD,zf-C2H2_jaz,KRAB,XPA_N,zf-H2C2_2,CxxC_CxxC_SSSS,Zn_Tnp_IS1595,FYDLN_acid,zf-C2H2_6,LIM"
A0JLQ9,"STAT_int,STAT_bind,LXG,STAT_alpha,CorA"
A0JLS9,"zf-C2H2_4,zf-C2H2,zf-C2H2_jaz,DUF1610,zf-met,zf-H2C2_2,Homeobox,zf-C2H2_6"
A0JNV5,"zf-C2H2_4,C1_4,zf-C2H2,zf-C2H2_jaz,KRAB,zf-met2,zf-H2C2_2,CxxC_CxxC_SSSS,HTH_Tnp_ISL3,Zn_Tnp_IS1595,zf-C2H2_6,BolA"
A0PJF9,"HLH,PAS,PAS_3,PAS_9,RNA_pol_Rpb4"
A1ECB1,"Homeobox,Homez"
A1ECB2,"Homeobox,Homez"
A1ECB6,"Homeobox,Homez"
A1ECB7,"Homeobox,Homez"
A1ECB8,"Homeobox,Homez"
A1ECD1,"Homeobox,Homez"
A1L0T6,"Homeobox,DUF2209,Homeobox_KN"
A2I2P5,"HLH,PAS,PAS_3,PAS_9,RNA_pol_Rpb4"
A2I829,"dsrm,R3H,G-patch,G-patch_2"
A2NIV0,"Ets,ETS_PEA3_N"
A2RUI7,"zf-C2H2_4,C1_4,zf-C2H2,FYVE,DUF2180,zf-C2H2_jaz,IBR,zf-AN1,KRAB,zf-H2C2_2,HTH_Tnp_ISL3,zf-C2H2_6,zf-UBP,BolA"
A3F768,"dsrm,R3H,G-patch,G-patch_2"
A3F769,"dsrm,R3H,G-patch,G-patch_2"
A4D0T4,"Fork_head,Zip,TT_ORF1,eIF-3_zeta,Plasmodium_Vir,Mgr1"
A4D0Z1,"HTH_Tnp_IS1,HTH_29,Homeobox_KN,Homeobox,HTH_23,PAX"
A4D178,"bZIP_2,bZIP_1,bZIP_Maf"
A4D182,"DUF4074,Homeobox"
A4D7U3,"zf-C2H2_4,zf-C2H2,DUF3408,bZIP_2,DUF2397,bZIP_1"
A4D7U9,"Shugoshin_N,bZIP_Maf,bZIP_2,IPP-2,bZIP_1"
A6NFS0,"zf-C2H2_4,zf-C2H2,Evr1_Alr,YhfH,zf-C2H2_jaz,zf-met,XPA_N,zf-H2C2_2,HypA,C1_4,zinc_ribbon_5,zf-AN1,HTH_Tnp_ISL3,Zn_Tnp_IS1595,zf-C2H2_6,DUF1407,Prok-RING_1,COX5B,LIM,GATA,Elf1,DNA_RNApol_7kD,CxxC_CxxC_SSSS,zf-C2H2_2,CpXC"
A6NGV6,"HLH,PAS,PAS_3,PAS_9,PAS_4"
A6PVD3,"HMG_box,DUF1898,Sox_N,MAT_Alpha1"
A6XGM9,"zf-C2H2_4,zf-H2C2_2,zf-C2H2,zf-H2C2_5"
A7E228,"zf-C2H2_4,zf-C2H2,zf-CHCC,Di19,zf-C2H2_jaz,C1_3,Rad50_zn_hook,zf-H2C2_2,zf-C2H2_2,GAGA,zf-H2C2_5,zf-DNA_Pol"
A7MD06,"zf-C2H2_4,zf-C2H2,SCAN,zf-C2H2_jaz,KRAB,XPA_N,zf-H2C2_2,CxxC_CxxC_SSSS,Zn_Tnp_IS1595,zf-C2HC_2,zf-C2H2_6,BolA"
A7XAK3,"HMG_box,DUF1898"
A7YF73,"zf-C2H2_4,zf-C2H2,zf-C2H2_jaz,zf-AN1,zf-met,zf-C2H2_2,zf-C2HC_2,zf-C2H2_6"
A8IE48,"SAM_PNT,Ets,GABP-alpha"
A8K079,MBD
A8K0D5,"DUF3584,HMG_box,DUF1898,IncA,OmpH"
A8K0G7,"zf-C2H2_4,zf-C2H2,Homez,Homeobox,DUF4028,Homeobox_KN"
A8K0Z7,"HLH,TIG"
A8K1I4,"zf-C2H2_4,C1_4,zf-C2H2,YhfH,zf-C2H2_jaz,zf-AN1,zf-met,XPA_N,zf-H2C2_2,CxxC_CxxC_SSSS,zinc_ribbon_2,zf-C2HC_2,zf-C2H2_6,Ribosomal_L31,zf-LYAR"
A8K206,"Hormone_recep,zf-C4"
A8K251,"zf-C2H2_4,DUF2225,zf-C2H2,Endonuclease_7,Prok-RING_1,zf-C2H2_jaz,zf-CHY,zf-met,zf-H2C2_2,HTH_Tnp_ISL3,BTB,zf-C2H2_2,zf-C2HC_2,zf-Sec23_Sec24,zf-C2H2_6,BolA"
A8K350,"zf-C2H2_4,Elf1,zf-C2H2,Zn_Tnp_IS1,zf-BED,zf-C2H2_jaz,zf-met,zf-H2C2_2,zf-C2H2_2,zf-H2C2_5,RRN7,zf-C2H2_6"
A8K383,"DUF972,bZIP_Maf,bZIP_2,DUF904,bZIP_1"
A8K3E0,"DUF2248,bZIP_Maf,bZIP_2,Hemerythrin,bZIP_1"
A8K3J6,T-box
A8K3P5,"zf-C2H2_4,zf-C2H2,Zn_ribbon_recom,zf-C2H2_jaz,XPA_N,zf-met,zf-H2C2_2,Yippee,MBD,C1_4,zf-RING_3,HTH_Tnp_ISL3,Zn_Tnp_IS1595,zf-C2H2_6,zf-UBP,IGPD,KRAB,GATA,DNA_RNApol_7kD,CxxC_CxxC_SSSS,zf-C2HC_2,BolA"
A8K3T5,"zf-C2H2_4,zf-C2H2,C1_3,zf-H2C2_2,HypA,zf-DNA_Pol,DUF2752,Rad50_zn_hook,Zn_Tnp_IS1595,zf-Mss51,Terminase_GpA,zf-C2H2_6,Prok-RING_1,zf-H2C2_5,DUF2225,DZR,Elf1,CxxC_CxxC_SSSS,zf-C2H2_2"
A8K3U6,"zf-C2H2_4,C1_4,zf-C2H2,Prok-RING_1,zf-BED,zf-C2H2_jaz,DNA_RNApol_7kD,KRAB,zf-met,zf-met2,zf-H2C2_2,CxxC_CxxC_SSSS,HTH_Tnp_ISL3,Zn_Tnp_IS1595,zf-C2HC_2,zf-C2H2_6,BolA"
A8K3X7,"Homeobox,MerR_1,LIM,Homeobox_KN"
A8K433,"zf-C2H2_4,zf-C2H2,Zn_ribbon_recom,YhfH,zf-C2H2_jaz,XPA_N,zf-met,zf-H2C2_2,C1_4,zf-AN1,HTH_Tnp_ISL3,Zn_Tnp_IS1595,RRN7,zf-C2H2_6,Prok-RING_1,Siva,LIM,zf-BED,CxxC_CxxC_SSSS,HTH_18,Ribosomal_L44,BolA"
A8K443,"SAM_PNT,Ets"
A8K4D1,"Homeobox,Homez"
A8K4H1,"RRM_1,RRM_6,RRM_5,zf-RanBP"
A8K4S9,"STAT_alpha,STAT_int,SH2,STAT_bind"
A8K525,"RRM_1,RRM_6,VIT1,NOPS,RRM_5"
A8K591,"Fork_head,EspF"
A8K5K3,"HLH,DUF3371,DUF3313,RNA_pol_Rpb4,5-FTHF_cyc-lig"
A8K5U8,"zf-C2H2_4,C1_4,DUF1806,zf-RING_3,zf-C2H2,Rpr2,zf-BED,BHD_1,zf-C2H2_jaz,zf-trcl,KRAB,zf-met2,XPA_N,zf-H2C2_2,CxxC_CxxC_SSSS,DUF82,Zn_Tnp_IS1595,zf-C2H2_6"
A8K5V0,"CENP-B_N,Sec15,DUF1319,HTH_3,UCH,Homez,HTH_26,Homeobox,HTH_19,PBC,Homeobox_KN"
A8K5X7,"zf-C2H2_4,C1_4,zf-C2H2,DNA_RNApol_7kD,zf-BED,zf-C2H2_jaz,zf-H2C2_2,CxxC_CxxC_SSSS,HTH_Tnp_ISL3,Yippee,Zn_Tnp_IS1595,C1_1,DUF1528,Chordopox_RPO7,DUF899,zf-C2H2_6,LIM"
A8K654,"zf-CXXC,MBD"
A8K6F4,"zf-C2H2_4,zf-C2H2,Mito_fiss_reg,zf-C2H2_jaz,zf-CHY,zf-met,zf-H2C2_2,BTB,zf-C2H2_2,GAGA,C1_1,RRN7,zf-C2H2_6"
A8K6I5,"STAT_int,STAT_bind,STAT_alpha,Hemerythrin,SH2"
A8K6P0,"HLH,PAS,PAS_3,Ribosomal_S13_N,PAS_9,PAS_4"
A8K6T5,SPRY
A8K6U2,"HMG_box,DUF1898,DUF2028"
A8K720,"HJURP_C,SRF-TF"
A8K7L7,"FadA,DUF1140,Hormone_recep,CAP_N,zf-C4"
A8K7N7,Fork_head
A8K823,"GAS,DUF972,TSC22,FtsL,Herpes_BLRF2,HOOK,bZIP_Maf,IncA,DUF2630,bZIP_2,NDUF_B6,Shugoshin_N,UPF0242,CASP_C,bZIP_1"
A8K840,"Hormone_recep,zf-C4"
A8K8A2,"zf-C2H2_4,C1_4,zf-RING_3,zf-C2H2,SCAN,DNA_RNApol_7kD,zf-BED,zf-C2H2_jaz,zf-trcl,zf-met,XPA_N,zf-H2C2_2,CxxC_CxxC_SSSS,HTH_Tnp_ISL3,HTH_18,Zn_Tnp_IS1595,Yippee,zf-C2H2_6"
A8K8Q0,"C1_3,zf-C2H2_jaz,Homez,Homeobox,Nucleo_P87,zf-H2C2_5,Homeobox_KN"
A8K962,"HMG_box,DUF1898,DHC,Poxvirus_B22R_N"
A8K964,"DUF1421,Pinin_SDK_N,Pinin_SDK_memA"
A8K9F2,"zf-C2H2_4,Mem_trans,C1_4,zf-C2H2,zf-C2H2_jaz,zf-met,zf-H2C2_2,zf-C2H2_2,ADK_lid,zf-C2HC_2,RRN7,zf-C2H2_6,zf-FCS,BolA"
A8K9W7,"DUF605,Herpes_IE68,GTF2I"
A8KA13,"zf-C2H2_4,C1_4,zf-C2H2,zf-CHCC,C1_3,zf-C2H2_jaz,SR-25,zf-met,zf-H2C2_2,CxxC_CxxC_SSSS,BTB,DUF678,RRN7,zf-C2H2_6"
A8KAD9,"zf-C2H2_4,zf-C2H2,zf-CHCC,zf-C2H2_jaz,XPA_N,zf-H2C2_2,C1_1,C1_4,HTH_Tnp_ISL3,Zn_Tnp_IS1595,zf-C2H2_6,FYVE,Trm112p,zf-BED,DNA_RNApol_7kD,zf-trcl,CxxC_CxxC_SSSS,zf-C2H2_2,BHD_1"
A8KAF4,"ESR1_C,Oest_recep,Hormone_recep,zf-C4"
A8KAI3,"bZIP_2,bZIP_1,DUF3552,bZIP_Maf"
A8KAK2,"zf-C2H2_4,zf-C2H2,zf-C2H2_jaz,zf-met,zf-H2C2_2,zf-C2H2_2,zf-C2H2_6"
A8KAN5,"CP2,SAM_1,Ebola_NP,SAM_PNT"
A8MQ14,"zf-C2H2_4,zf-C2H2,zf-C2H2_jaz,zf-trcl,KRAB,zf-met,zf-H2C2_2,CxxC_CxxC_SSSS,HTH_Tnp_ISL3,Yippee,Zn_Tnp_IS1595,Siva,zf-C2H2_6,BolA"
A8MT65,"zf-C2H2_4,C1_4,zf-C2H2,zf-BED,zf-C2H2_jaz,KRAB,XPA_N,zf-met,zf-H2C2_2,CxxC_CxxC_SSSS,HTH_Tnp_ISL3,HTH_18,Zn_Tnp_IS1595,GAGA,zf-C2H2_6,GATA,zf-LYAR"
A8MTY0,"zf-C2H2_4,zf-C2H2,Prok-RING_2,C1_3,zf-C2H2_jaz,XPA_N,zf-H2C2_2,GAGA,C1_4,zf-AN1,HTH_Tnp_ISL3,Zn_Tnp_IS1595,zf-C2H2_6,Desulfoferrod_N,KRAB,ADK_lid,DNA_RNApol_7kD,zf-trcl,DUF1610,CxxC_CxxC_SSSS,DUF164,zf-C2HC_2,BolA"
A8MUP8,"Hormone_recep,zf-C4"
A8MUV4,"Fork_head,Otopetrin,Zip,TT_ORF1,LMBR1,RR_TM4-6,Med15,Plasmodium_Vir"
A8MUV8,"zf-C2H2_4,zf-C2H2,C1_3,zf-C2H2_jaz,KRAB,XPA_N,zf-H2C2_2,HTH_Tnp_ISL3,CxxC_CxxC_SSSS,Zn_Tnp_IS1595,zf-C2H2_6"
A8MUZ8,"zf-C2H2_4,zf-C2H2,KRAB,zf-H2C2_2,zf-Sec23_Sec24,GAGA,DUF3198"
A8MX39,"SAM_1,Ets,Pex14_N,SAM_PNT,SAM_2"
A8MZ24,"SAM_1,Ets,Pex14_N,SAM_PNT,SAM_2"
A9JR48,"zf-C2H2_4,DUF2225,zf-LITAF-like,Elf1,zf-C2H2,zf-C2H2_jaz,zf-met,Rad50_zn_hook,zf-H2C2_2,zf-C2H2_2,zf-C2HC_2,zf-C2H2_6,BolA"
B0AZM1,"HLH,PAS,PAS_3,PAS_9,PAS_4"
B0QY70,"DivIC,DUF2046,DUF2216,DUF4140,DUF972,Mod_r,IncA,bZIP_Maf,bZIP_2,HALZ,Macoilin,DUF904,bZIP_1"
B0QYS6,"DUF3678,HLH,DUF3371"
B0QYS7,"HLH,Suf,DUF3371"
B0ZBF6,"Hormone_recep,zf-C4"
B0ZBF8,zf-C4
B0ZTD4,"HNF_C,Fork_head,Fork_head_N"
B1AHH1,"DivIC,DUF972,TSC22,FtsL,IncA,bZIP_Maf,Shugoshin_N,bZIP_2,UPF0242,CASP_C,bZIP_1"
B1AHH2,"FlxA,DUF972,bZIP_Maf,DUF2630,bZIP_2,NDUF_B6,CASP_C,bZIP_1"
B1AKB4,"HLH,TFIIA,MAS20,DUF605,Suf"
B1AKB5,"DUF3678,HLH,DUF3371"
B1AKN6,"HTH_29,MH1,NfI_DNAbd_pre-N,CTF_NFI"
B1AKN7,"HTH_29,MH1,NfI_DNAbd_pre-N,CTF_NFI"
B1ANN8,HLH
B1AQP1,"DivIC,HLH,HALZ"
B1AQP5,DED
B1AT47,"DUF948,SAND"
B1B1I8,"Homeobox_KN,Homeobox,PAX,HTH_Tnp_IS1"
B1B1I9,"Homeobox_KN,Homeobox,PAX,HTH_Tnp_IS1"
B1B1S6,"Homeobox,HA,Homeobox_KN"
B2R617,"HIF-1,HIF-1a_CTAD,PAS,HLH,PAS_3,PAS_9,PAS_4,Dicty_REP"
B2R680,"STAT_alpha,STAT_int,SH2,STAT_bind"
B2R681,"HJURP_C,SRF-TF"
B2R7C0,"Nuc_recep-AF1,Hormone_recep,zf-C4"
B2R7F1,"Hormone_recep,zf-C4"
B2R7J8,"zf-C2H2_4,C1_4,zf-C2H2,zf-C2H2_jaz,KRAB,zf-met,zf-H2C2_2,CxxC_CxxC_SSSS,Yippee,zf-C2H2_6,zf-LYAR"
B2R850,"zf-C2H2_4,C1_4,Elf1,zf-C2H2,zf-C2H2_jaz,zf-CHY,zf-met,zf-H2C2_2,BTB,zf-C2HC_2,RIG-I_C-RD,zf-C2H2_6,LIM,K_tetra"
B2R8B9,"Hormone_recep,zf-C4"
B2R8U0,"zf-C2H2_4,zf-C2H2,Microtub_assoc,bZIP_Maf,bZIP_2,bZIP_1"
B2R8V7,"IRF,IRF-3"
B2R8X4,"SAM_PNT,Ets,GABP-alpha"
B2R952,mTERF
B2R956,"zf-C2H2_4,zf-C2H2,zf-C2H2_jaz,XPA_N,zf-H2C2_2,C1_1,Cys_rich_CPXG,A2L_zn_ribbon,C1_4,zf-RING_3,HTH_Tnp_ISL3,Zn_Tnp_IS1595,zf-C2H2_6,Prok-RING_1,PHD,DZR,GATA,DNA_RNApol_7kD,CxxC_CxxC_SSSS,CpXC,FYDLN_acid"
B2R968,"zf-C2H2_4,PyrI_C,zf-C2H2,zf-C2H2_jaz,zf-met,zf-H2C2_2,zf-C2H2_2,zf-C2H2_6"
B2R9U5,"Rox3,Homeobox,DUF3528"
B2RA05,"zf-C2H2_4,zf-H2C2_2,zf-C2H2,zf-H2C2_5"
B2RA75,"DUF4404,TPR_MLP1_2,ADIP,bZIP_Maf,bZIP_2,Prominin,bZIP_1,DUF3552"
B2RAI2,"zf-C2H2_4,zf-RING_3,zf-C2H2,DNA_RNApol_7kD,zf-C2H2_jaz,DUF680,XPA_N,zf-C2H2_6,zf-H2C2_2,Zn_Tnp_IS1595,zf-MYND,DZR"
B2RAT9,"zf-C2H2_4,C1_4,zf-C2H2,zf-ribbon_3,SCAN,zf-CHCC,zf-C2H2_jaz,ROS_MUCR,zf-met,zf-H2C2_2,CxxC_CxxC_SSSS,zf-C2H2_6"
B2RBI8,"zf-C2H2_4,zf-C2H2,zf-C2H2_jaz,DUF1610,zf-met,zf-H2C2_2,Homeobox,zf-C2H2_2,zf-C2H2_6"
B2RBM8,"zf-C2H2_4,zf-C2H2_jaz,Homeobox,zf-C2H2_2,zf-H2C2_5,Homeobox_KN"
B2RC72,"Myf5,HLH,Basic"
B2RCP2,"zf-C2H2_4,zf-RING_3,zf-C2H2,zf-BED,zf-C2H2_jaz,Trm112p,zf-met,XPA_N,zf-H2C2_2,zf-H2C2_5,BTB,HTH_18,zf-C2HC_2,C1_1,Zn_Tnp_IS1595,CxxC_CxxC_SSSS,zf-C2H2_2,zf-C2H2_6"
B2RCP6,"zf-C2H2_4,zf-C2H2,CHORD,zf-C2H2_jaz,zf-met,zf-H2C2_2,zf-C2HC_2"
B2RCW4,"zf-C2H2_4,DUF2225,zf-C2H2,Endonuclease_7,Prok-RING_1,zf-C2H2_jaz,zf-met,zf-H2C2_2,HTH_Tnp_ISL3,BTB,zf-C2H2_2,zf-C2HC_2,zf-Sec23_Sec24,zf-C2H2_6,BolA"
B2RD90,"zf-C2H2_4,zf-C2H2,C1_3,zf-C2H2_jaz,Ogr_Delta,zf-met,XPA_N,zf-H2C2_2,Yippee,RNA_pol_Rpb1_R,OrfB_Zn_ribbon,C1_4,HTH_Tnp_ISL3,Zn_Tnp_IS1595,zf-C2H2_6,DUF2709,Prok-RING_1,LIM,CxxC_CxxC_SSSS,zf-C2HC_2,FYDLN_acid,BolA"
B2RDP4,"zf-C2H2_4,C1_4,zf-C2H2,YhfH,zf-C2H2_jaz,zf-AN1,zf-met,XPA_N,zf-H2C2_2,CxxC_CxxC_SSSS,HTH_Tnp_ISL3,zinc_ribbon_2,zf-C2HC_2,zf-C2H2_6,zf-LYAR"
B2RE18,"zf-C2H2_4,zf-C2H2,Zn_ribbon_recom,YhfH,zf-C2H2_jaz,XPA_N,zf-met,zf-H2C2_2,C1_4,zf-AN1,HTH_Tnp_ISL3,Zn_Tnp_IS1595,zf-MYND,zf-C2H2_6,Prok-RING_1,Siva,LIM,GATA,zf-BED,CxxC_CxxC_SSSS,HTH_18,Ribosomal_L44,BolA"
B3KM38,"SH3_3,DUF2360,BEN"
B3KM80,"RRM_1,RRM_6,Nop14,DbpA,Limkain-b1,RRM_5"
B3KMS4,DED
B3KMZ4,"zf-C2H2_4,zf-C2H2,NuA4,zf-C2H2_jaz,KRAB,zf-met,XPA_N,zf-H2C2_2,CxxC_CxxC_SSSS,zf-C2H2_6,BolA"
B3KN18,"SAM_PNT,SAM_1,SAM_2"
B3KND7,"zf-C2H2_4,Rpr2,zf-C2H2,FYVE,zf-H2C2_2,DZR,Zn_Tnp_IS1595,GAGA,RRN7,zf-C2H2_6"
B3KNJ7,"DUF4074,Homeobox"
B3KNK8,"zf-C2H2_4,zf-C2H2,SCAN,Prok-RING_1,BHD_1,zf-C2H2_jaz,KRAB,XPA_N,zf-H2C2_2,CxxC_CxxC_SSSS,zf-C2H2_6,BolA"
B3KNP9,"zf-C2H2_4,zf-C2H2,zf-C2H2_jaz,XPA_N,zf-H2C2_2,Yippee,C1_4,zinc_ribbon_5,zf-AN1,HTH_Tnp_ISL3,Zn_Tnp_IS1595,DUF3357,zf-C2H2_6,Prok-RING_1,CDC45,KRAB,GATA,SCAN,DNA_RNApol_7kD,zinc_ribbon_4,CxxC_CxxC_SSSS,CpXC"
B3KNS9,"zf-C2H2_4,C1_4,zf-C2H2,zf-C2H2_jaz,KRAB,XPA_N,zf-met,zf-H2C2_2,CxxC_CxxC_SSSS,Yippee,Zn_Tnp_IS1595,FYDLN_acid,zf-C2H2_6,GATA"
B3KNX6,"HLH,Neuro_bHLH"
B3KP81,"Homeobox,Homeobox_KN"
B3KPD8,"Homeobox,Homeobox_KN"
B3KPN8,"DUF4074,Homeobox_KN,Homeobox"
B3KPQ9,"Homeobox,MEI4-Rec24,CUT"
B3KQ07,"zf-C2H2_4,C1_4,zf-C2H2,FYVE,zf-C2H2_jaz,zf-H2C2_2,zf-C2H2_6"
B3KQ23,SRF-TF
B3KQ42,"zf-C2H2_4,PyrI_C,zf-C2H2,zf-CHCC,zf-C2H2_jaz,zf-met,zf-H2C2_2,CxxC_CxxC_SSSS,BTB,zf-C2H2_2,GAGA,zf-C2H2_6"
B3KQ93,"zf-C2H2_4,C1_4,zf-C2H2,zf-C2H2_jaz,KRAB,zf-H2C2_2,CxxC_CxxC_SSSS,PDZ_1,Zn_Tnp_IS1595,C1_1,zf-C2H2_6"
B3KQG1,"HTH_Tnp_IS1,HTH_29,Homeobox_KN,Homeobox,HTH_32,HTH_23,PAX"
B3KRE9,"Homeobox_KN,Homeobox,HTH_31,Pou"
B3KRF7,"zf-C2H2_4,zf-C2H2,UPF0547,YhfH,zf-C2H2_jaz,XPA_N,zf-H2C2_2,Yippee,C1_4,DUF2201_N,zinc_ribbon_5,TFIIS_C,zf-AN1,HTH_Tnp_ISL3,Zn_Tnp_IS1595,DUF3357,zf-MYND,zf-C2H2_6,Prok-RING_1,CDC45,KRAB,GATA,DNA_RNApol_7kD,zinc_ribbon_4,CxxC_CxxC_SSSS,CpXC"
B3KRK0,"zf-C2H2_4,zf-C2H2,Prok-RING_2,zf-C2H2_jaz,XPA_N,zf-met,zf-H2C2_2,Yippee,GAGA,C1_4,TFIIS_C,zf-AN1,HTH_Tnp_ISL3,Zn_Tnp_IS1595,zf-C2H2_6,Prok-RING_1,zf-BED,zf-trcl,CxxC_CxxC_SSSS,BHD_1,Ribosomal_L44,BolA"
B3KS08,"zf-C2H2_4,zf-C2H2,zinc_ribbon_5,TFIIS_C,DNA_RNApol_7kD,zf-C2H2_jaz,KRAB,XPA_N,zf-H2C2_2,HTH_Tnp_ISL3,CxxC_CxxC_SSSS,zinc_ribbon_2,Zn_Tnp_IS1595,zf-C2HC_2,Yippee,zf-C2H2_6"
B3KSN8,"zf-C2H2_4,C1_4,zf-C2H2,zf-BED,zf-C2H2_jaz,KRAB,zf-H2C2_2,CxxC_CxxC_SSSS,Yippee,Zn_Tnp_IS1595,CpXC,zf-C2H2_6,LIM,GATA"
B3KSP5,"zf-C2H2_4,zf-C2H2,Prok-RING_2,zf-C2H2_jaz,XPA_N,zf-H2C2_2,HypA,C1_4,zf-RING_3,TFIIS_C,HTH_Tnp_ISL3,Zn_Tnp_IS1595,zf-C2H2_6,Prok-RING_1,KRAB,DZR,LIM,GATA,Elf1,DNA_RNApol_7kD,zf-trcl,CxxC_CxxC_SSSS,CpXC,zf-LYAR"
B3KT91,"Pou,Homeobox,Taeniidae_ag,HTH_32,HTH_31,Homeobox_KN"
B3KTH8,"Pou,PAT1,Spt20,Homeobox,Suf,HTH_31,Homeobox_KN"
B3KTP9,"RRM_1,RRM_6,DbpA,Limkain-b1,RRM_5"
B3KTS2,"zf-C2H2_4,DUF2225,Elf1,zf-C2H2,zf-C2H2_jaz,zf-H2C2_2,DUF2256,BTB,Rtf2,zf-C2H2_2,zf-C2H2_6"
B3KU46,"zf-C2H2_4,zf-C2H2,C1_3,zf-C2H2_jaz,BHD_2,XPA_N,zf-H2C2_2,Yippee,C1_1,C1_4,HTH_Tnp_ISL3,Zn_Tnp_IS1595,zf-C2H2_6,Prok-RING_1,DZR,LIM,DNA_RNApol_7kD,CxxC_CxxC_SSSS,zf-C2HC_2"
B3KU58,"zf-C2H2_4,zf-C2H2,SCAN,Prok-RING_1,zf-C2H2_jaz,KRAB,zf-met,XPA_N,zf-H2C2_2,CxxC_CxxC_SSSS,Rad50_zn_hook,Zn_Tnp_IS1595,zf-C2H2_6"
B3KU63,"HemX,LOH1CR12,HMG_box,Exonuc_VII_L,OmpH"
B3KUF4,"Elf1,zf-ribbon_3,DUF2387,BaffR-Tall_bind,Golgin_A5,ArfGap,CxxC_CxxC_SSSS,eIF-5_eIF-2B,TF_Zn_Ribbon,Zn_Tnp_IS1595,C1_1,Prim_Zn_Ribbon,RRN7,DZR,GATA"
B3KUG7,"zf-C2H2_4,zf-C2H2,zf-ribbon_3,C1_2,zf-C2H2_jaz,KRAB,zf-met,zf-H2C2_2,CxxC_CxxC_SSSS,zf-C2H2_6"
B3KUX3,"Hormone_recep,zf-C4"
B3KV37,"Hormone_recep,zf-C4"
B3KVA4,HLH
B3KVJ1,"zf-C2H2_4,zf-C2H2,Desulfoferrod_N,NuA4,zinc_ribbon_5,DNA_RNApol_7kD,zf-C2H2_jaz,zinc_ribbon_4,PHD,XPA_N,zf-H2C2_2,CxxC_CxxC_SSSS,HTH_Tnp_ISL3,Chordopox_RPO7,zf-C2H2_6,BolA"
B3KXA1,"zf-C2H2_4,zf-H2C2_2,zf-C2H2"
B3KXP2,"zf-C2H2_4,HlyC,zf-C2H2,zf-C2H2_jaz,zf-met,zf-H2C2_2,zf-C2H2_2,RRN7,zf-C2H2_6"
B3KXT5,"zf-C2H2_4,UPF0150,zf-C2H2,zf-C2H2_jaz,zf-met2,zf-met,XPA_N,zf-H2C2_2,GAGA,C1_1,zf-RING_3,zf-C2H2_6,KRAB,Rpr2,SCAN,zf-BED,zf-C3HC4_2,zf-C2HC_2,BolA"
B3KXT6,"Homeobox,CDC45,Paf1"
B3KXW2,"zf-C2H2_4,zf-C2H2,zf-C2H2_jaz,zf-met,zf-H2C2_2,DUF3595,zf-C2H2_6"
B3KY01,"zf-C2H2_4,zf-C2H2,TFIIS_C,zinc_ribbon_5,DNA_RNApol_7kD,YhfH,zf-C2H2_jaz,KRAB,XPA_N,zf-H2C2_2,HTH_Tnp_ISL3,CxxC_CxxC_SSSS,zinc_ribbon_2,Zn_Tnp_IS1595,Yippee,zf-C2HC_2,zf-C2H2_6"
B3KY60,"Myb_DNA-bind_6,Myb_Cef,Myb_DNA-binding"
B4DDB5,TFIIF_alpha
B4DDN6,"zf-C2H2_4,zf-C2H2,zf-C2H2_jaz,zf-AN1,zf-met,Homeobox,DUF3505,zf-H2C2_2,zf-C2H2_2,DUF3222,zf-C2HC_2,zf-C2H2_6"
B4DDR9,zf-SNAP50_C
B4DED3,"zf-C2H2_4,zf-RING_3,Elf1,zf-C2H2,Prok-RING_1,zf-C2H2_jaz,zf-met,Rad50_zn_hook,zf-H2C2_2,zf-C2H2_2,Daxx,zf-C2HC_2,BSP_II,zf-C2H2_6,NOA36"
B4DES6,"zf-C2H2_4,zf-C2H2,zf-ribbon_3,Evr1_Alr,zf-BED,zf-C2H2_jaz,IBR,CxxC_CxxC_SSSS,zf-C2H2_2,CpXC,zf-FCS,OrfB_Zn_ribbon"
B4DFF1,"Phi-29_GP3,KH_5,KH_1,KH_4,KH_3,KH_2,ROKNT"
B4DGE5,"bZIP_2,bZIP_1,DUF904,bZIP_Maf"
B4DGL1,"PHD_2,zf-CXXC,PHD"
B4DGU2,"zf-C2H2_4,C1_4,zf-C2H2,zf-C2H2_jaz,DUF1610,zf-met,zf-H2C2_2,Homeobox,DUF2321,zf-C2H2_6"
B4DH52,"DUF605,Herpes_IE68,GTF2I"
B4DH80,"zf-C2H2_4,zf-C2H2,zf-BED,zf-C2H2_jaz,zf-met,zf-H2C2_2,zf-C2HC_2,DUF3446,RRN7,zf-C2H2_6"
B4DH96,HLH
B4DHH6,"zf-C2H2_4,Elf1,zf-C2H2,DUF3449,zf-C2H2_jaz,zf-met,zf-H2C2_2,zf-C2H2_2,zf-C2HC_2,zf-C2H2_6,BolA"
B4DHW2,"MH1,NfI_DNAbd_pre-N,CTF_NFI"
B4DI41,"zf-CXXC,MBD"
B4DI77,"HMG_box,DUF1898,Sox_N"
B4DIA5,"HLH,DUF3371"
B4DIY6,"zf-C2H2_4,zf-C2H2,zf-BED,zf-C2H2_jaz,zf-met,zf-H2C2_2,zf-C2H2_2,zf-C2HC_2,RRN7,zf-C2H2_6"
B4DJ36,"HMG_box,DUF1898,MAT_Alpha1,AXH"
B4DJ39,"HMG_box,DUF1898,YABBY"
B4DJD4,"DivIC,V_ATPase_I,GAS,Laminin_II,Mer2,IncA,HOOK,bZIP_2,APG6,AAA_13,bZIP_1,DUF3450"
B4DK65,"zf-C2H2_4,Elf1,zf-C2H2,Desulfoferrod_N,zf-C2H2_jaz,zf-met,Rad50_zn_hook,zf-H2C2_2,zf-C2H2_2,Daxx,zf-C2HC_2,BSP_II,zf-C2H2_6,NOA36"
B4DLB7,"Homeobox,Homeobox_KN,RNA_pol_3_Rpc31,Homez"
B4DLH3,"zf-C2H2_4,zf-C2H2,zf-C2H2_jaz,zf-met,zf-H2C2_2,zf-H2C2_5,zf-C2H2_6"
B4DLJ1,HLH
B4DMG1,"HMG_box,Aldedh,DUF1898,Trans_reg_C,LMSTEN"
B4DMV4,"Auxin_repressed,Fork_head"
B4DMZ9,"MscS_porin,CASP_C,DUF3287,ADIP,IncA,AA_kinase,bZIP_1,V_ATPase_I,DivIC,DUF972,DUF724,EMP24_GP25L,DUF4407,DUF3373,bZIP_2,OppC_N,Atg14,DUF904,Cas_CXXC_CXXC"
B4DNB0,"bZIP_2,bZIP_1,bZIP_Maf"
B4DNC7,"HLH,DUF3371,DUF3313,5-FTHF_cyc-lig,Ribophorin_I"
B4DNP0,"Tropomyosin_1,Fib_alpha,MerR-DNA-bind,MIF4G_like_2,STAT_bind,eIF3_N,STAT_alpha,DUF342,DUF892,Baculo_PEP_C,SH2,DUF2730,Syntaxin-6_N"
B4DNQ1,"HMG_box,DUF1898,DHC,Poxvirus_B22R_N"
B4DPA6,"Homeobox,LIM,Homeobox_KN,SpoIIIAH"
B4DPE9,"zf-C2H2_4,zf-C2H2,CHORD,zf-C2H2_jaz,zf-met,zf-H2C2_2,zf-C2HC_2"
B4DPL3,"DUF3678,HLH,DUF3371"
B4DPN4,"HNF-1_N,HNF-1B_C,Homeobox,Homeobox_KN,DUF2183"
B4DPR9,"DUF4116,mTERF"
B4DPU9,"HMG_box,DUF1898,MAT_Alpha1,AXH"
B4DQB0,ARID
B4DQB3,"STAT_alpha,SH2,STAT_bind"
B4DQE4,"Hormone_recep,zf-C4"
B4DQP4,"zf-C2H2_4,zf-C2H2,Mito_fiss_reg,RXT2_N,zf-C2H2_jaz,zf-met,zf-H2C2_2,DUF2890,DUF2457,DUF2180,Pox_Ag35,Daxx,zf-C2H2_6,CDC45,Nop14,CxxC_CxxC_SSSS,zf-C2H2_2,FYDLN_acid,zf-LYAR,BolA"
B4DQV3,"zf-C2H2_4,zf-C2H2,zf-C2H2_jaz,zf-met,zf-H2C2_2,zf-C2H2_2,zf-C2H2_6"
B4DR15,"zf-C2H2_4,zf-C2H2,Zn_ribbon_recom,YhfH,zf-C2H2_jaz,XPA_N,zf-met,zf-H2C2_2,C1_4,zf-AN1,HTH_Tnp_ISL3,Zn_Tnp_IS1595,zf-MYND,zf-C2H2_6,KRAB,Siva,LIM,zf-BED,CxxC_CxxC_SSSS,HTH_18,Ribosomal_L44,BolA"
B4DR42,"STAT_alpha,SH2,STAT_bind"
B4DR70,"RRM_1,RRM_6,RRM_5,zf-RanBP"
B4DRB3,"Rb_C,RB_B,DUF3452,RB_A"
B4DRK1,"zf-C2H2_4,zf-H2C2_2,zf-C2H2"
B4DRM0,"zf-C2H2_4,zf-C2H2,zf-C2H2_jaz,zf-met,XPA_N,zf-H2C2_2,Yippee,C1_1,MBD,DUF899,C1_4,HTH_Tnp_ISL3,zf-C2H2_6,Prok-RING_1,KRAB,LIM,GATA,DNA_RNApol_7kD,CxxC_CxxC_SSSS,CpXC,BolA"
B4DRN9,"HTH_29,MH1,NfI_DNAbd_pre-N,CTF_NFI"
B4DRP8,"zf-C2H2_4,zf-C2H2,BHD_1,zf-C2H2_jaz,KRAB,zf-H2C2_2,CxxC_CxxC_SSSS,zf-C2H2_6,GATA"
B4DRR6,"zf-C2H2_4,zf-C2H2,Prok-RING_2,zf-C2H2_jaz,XPA_N,zf-met,zf-H2C2_2,Yippee,C1_4,TFIIS_C,zf-AN1,HTH_Tnp_ISL3,Zn_Tnp_IS1595,zf-C2H2_6,EPTP,DUF82,DZR,Rpr2,zf-BED,DNA_RNApol_7kD,zf-trcl,CxxC_CxxC_SSSS,DUF2175,BolA"
B4DRV7,"Hormone_recep,zf-C4"
B4DRW3,"RRM_3,RRM_6,RRM_5,RRM_1"
B4DRZ1,"HLH,Myc_N,Cenp-B_dimeris,LRS4,BSP_II,TFIIF_alpha"
B4DS26,"zf-C2H2_4,zf-DBF,Elf1,zf-C2H2,Zn_ribbon_recom,zf-C2H2_jaz,zf-met,zf-H2C2_2,Homeobox,CxxC_CxxC_SSSS,zf-C2H2_2,zf-C2H2_6"
B4DS34,"HIF-1,HIF-1a_CTAD,PAS,PAS_3,PAS_9,PAS_4,Dicty_REP"
B4DS73,"zf-C2H2_4,PyrI_C,zf-C2H2,zf-C2H2_jaz,zf-met,zf-H2C2_2,zf-C2H2_2,GAGA,zf-H2C2_5,Zfx_Zfy_act"
B4DS74,"MH1,NfI_DNAbd_pre-N,CTF_NFI"
B4DSB8,"zf-C2H2_4,zf-C2H2,zinc_ribbon_5,Ndc1_Nup,zf-C2H2_jaz,zf-HIT,zf-met,zf-H2C2_2,Homeobox,HypA,CxxC_CxxC_SSSS,zf-C2H2_6"
B4DSF4,"zf-C2H2_4,C1_4,zf-RING_3,zf-C2H2,zf-C2H2_jaz,zf-trcl,zf-AN1,XPA_N,zf-H2C2_2,CxxC_CxxC_SSSS,HTH_Tnp_ISL3,Zn_Tnp_IS1595,C1_1,FYDLN_acid,zf-C2H2_6"
B4DSH1,"Myb_DNA-bind_6,Myb_Cef,Myb_DNA-binding"
B4DSI3,"FadA,DUF1140,Hormone_recep,zf-C4"
B4DSU0,HLH
B4DSY7,"STAT_int,NPV_P10,STAT_bind,STAT_alpha,CRC_subunit,SH2"
B4DSZ7,"Rz1,Fork_head"
B4DT31,"Secretin_N,DUF1897,KH_5,KH_1,KH_4,KH_3,KH_2"
B4DTA2,"RRM_1,NID,RRM_6,RRM_3,RRM_5"
B4DTK5,T-box
B4DTN0,"Rb_C,RB_A,TFIIB,DUF3452,RB_B"
B4DUR3,"zf-CXXC,MBD"
B4DV04,"STAT_int,NPV_P10,STAT_bind,STAT_alpha,CRC_subunit,SH2"
B4DVE5,"RunxI,Runt"
B4DVR6,"Tropomyosin_1,Fib_alpha,MerR-DNA-bind,STAT_bind,eIF3_N,STAT_alpha,DUF342,Baculo_PEP_C,SH2,DUF2730,Syntaxin-6_N"
B4DWA0,AT_hook
B4DWF2,"zf-C2H2_4,zf-C2H2,zf-CHCC,zf-C2H2_jaz,zf-TRAF,zf-met,zf-H2C2_2,zf-H2C2_5,GAGA,zf-MYND,zf-C2H2_6"
B4DWL1,"Secretin_N,KH_5,KH_1,KH_4,KH_3,KH_2"
B4DWN5,"DndB,Fork_head,HNF_C,Fork_head_N"
B4DX44,"zf-C2H2_4,Katanin_con80,zf-C2H2,NifU_N,C1_3,zf-C2H2_jaz,zf-trcl,KRAB,zf-H2C2_2,CxxC_CxxC_SSSS,zf-C2HC_2,zf-C2H2_6"
B4DX56,DM
B4DX80,"Homeobox,Homeobox_KN,RNA_pol_3_Rpc31,Homez"
B4DXD3,"Hormone_recep,PAN_3,zf-C4"
B4DXL8,ARID
B4DXR9,"zf-C2H2_4,zf-C2H2,C1_3,zf-C2H2_jaz,XPA_N,zf-H2C2_2,GAGA,zf-AN1,HTH_Tnp_ISL3,zf-MYND,zf-C2H2_6,KRAB,DUF2039,zf-trcl,DUF1610,CxxC_CxxC_SSSS,DUF164,Phycobilisome,BolA"
B4DXU5,"Hormone_recep,zf-C4"
B4DXY2,TFIIF_alpha
B4DY09,DZF
B4DY33,"Fork_head,FHA"
B4DY71,"zf-C2H2_4,zf-C2H2,PGAMP,KRAB,XPA_N,zf-H2C2_2,CxxC_CxxC_SSSS,zf-C2H2_6"
B4DYZ9,"PHD,zf-B_box,Bromodomain"
B4DZ50,"HLH,CDC45"
B4DZB7,"RFX_DNA_binding,Pox_D5"
B4DZH5,HLH
B4DZP2,"HLH,CDC45"
B4DZR3,"zf-C2H2_4,zf-C2H2,zf-C2H2_jaz,zf-met,zf-H2C2_2,zf-C2H2_6"
B4E0D0,"zf-C2H2_4,zf-C2H2,zf-C2H2_jaz,XPA_N,zf-H2C2_2,C1_1,Cys_rich_CPXG,A2L_zn_ribbon,C1_4,zf-RING_3,HTH_Tnp_ISL3,Zn_Tnp_IS1595,zf-C2H2_6,Prok-RING_1,KRAB,PHD,DZR,GATA,DNA_RNApol_7kD,CxxC_CxxC_SSSS,CpXC,FYDLN_acid"
B4E0K3,"HLH,IncA"
B4E0P9,"zf-C2H2_4,zf-C2H2,Myb_DNA-bind_4,SCAN,Myb_DNA-bind_3,zf-C2H2_jaz,KRAB,XPA_N,zf-met,zf-H2C2_2,Myb_DNA-bind_6,MADF_DNA_bdg,Myb_DNA-bind_5,Peptidase_C47,zf-C2H2_6"
B4E0X7,"zf-C2H2_4,PyrI_C,zf-C2H2,zf-ribbon_3,Desulfoferrod_N,zf-BED,zf-C2H2_jaz,IBR,LIM,zf-met,zf-C2H2_6,zf-C2HC5,zf-C2H2_2,zinc_ribbon_2,CpXC,DZR,zf-FCS"
B4E0X8,"Secretin_N,DUF1897,KH_5,KH_1,KH_4,KH_3,KH_2"
B4E172,"HLH,TIG"
B4E1F9,"zf-C2H2_4,zf-RING_3,zf-C2H2,zf-BED,zf-C2H2_jaz,Trm112p,zf-met,XPA_N,zf-H2C2_2,CxxC_CxxC_SSSS,BTB,zf-H2C2_5,zf-C2HC_2,C1_1,Zn_Tnp_IS1595,HTH_18,zf-C2H2_2,zf-C2H2_6"
B4E1N7,"HLH,Myc_N,Myc-LZ,TRH"
B4E257,"HNF_C,Fork_head,Fork_head_N"
B4E2H9,"zf-C2H2_4,C1_4,zf-C2H2,FYVE,zf-BED,zf-C2H2_jaz,DUF1610,SMN,zf-met,XPA_N,zf-H2C2_2,FYDLN_acid,zf-C2H2_2,zf-C2HC_2,GAGA,RRN7,Inhibitor_I10,zf-C2H2_6"
B4E2K5,"HIF-1,HIF-1a_CTAD,PAS,PAS_3,PAS_9,PAS_4,Dicty_REP"
B4E2U7,"HIF-1,HIF-1a_CTAD,PAS,PAS_3,PAS_9,Dicty_REP"
B4E2U8,"HLH,TIG"
B4E3L5,"HLH,PAS,PAS_3,Ribosomal_S13_N,PAS_9,PAS_4"
B4E3R5,"ESR1_C,Oest_recep,Hormone_recep,zf-C4"
B5B2S0,"TIG,RHD"
B5B2S1,"TIG,RHD"
B5BTZ6,"STAT_int,Fib_alpha,MerR-DNA-bind,STAT_bind,eIF3_N,STAT_alpha,DUF342,Baculo_PEP_C,SH2,Syntaxin-6_N"
B5BU30,"HMG_box,DUF1898,CTNNB1_binding"
B5LY05,"B12-binding_2,DUF717,Hormone_recep,RecO_C,SapB_2,ESR1_C,zf-C4"
B5MBY7,"Hormone_recep,zf-C4"
B5MCB4,MBD
B5MCP8,"ArfGap,zf-trcl,TF_Zn_Ribbon,RRN7,DZR,GATA,NOB1_Zn_bind"
B5MCT2,"ETS_PEA3_N,Ets"
B5MDW0,"SAM_PNT,SAM_1,Ets,SAM_2"
B5TKC0,"ESR1_C,zf-C4"
B5TKC2,"SapB_2,ESR1_C,zf-C4"
B5TZ79,"ESR1_C,zf-C4"
B6ZGR6,"DUF3921,Hormone_recep,zf-C4"
B6ZGR8,"FadA,DUF1140,Hormone_recep,CAP_N,zf-C4"
B6ZGS2,"PPARgamma_N,Hormone_recep,zf-C4"
B6ZGS3,"Hormone_recep,PAN_3,zf-C4"
B6ZGS4,"Hormone_recep,zf-C4"
B6ZGS5,"DUF4047,Hormone_recep,zf-C4"
B6ZGS6,"Hormone_recep,zf-C4"
B6ZGS7,"Hormone_recep,CBFNT,zf-C4"
B6ZGS8,"Hormone_recep,zf-C4"
B6ZGT0,"Hormone_recep,zf-C4"
B6ZGT1,"Hormone_recep,zf-C4"
B6ZGT2,"Hormone_recep,Prok-RING_2,Mac,YdjO,PAPA-1,zf-C4"
B6ZGT6,"Nuc_recep-AF1,Hormone_recep,zf-C4"
B6ZGU2,"Hormone_recep,zf-C4"
B6ZGU3,"ESR1_C,Oest_recep,Hormone_recep,zf-C4"
B6ZGU5,"GAT,Hormone_recep,zf-C4"
B6ZGU8,"Hormone_recep,UPF0547,zf-C3HC4_2,zf-P11,zf-C4"
B7WNQ9,"Elf1,zf-ribbon_3,DUF2387,C1_3,ArfGap,CxxC_CxxC_SSSS,eIF-5_eIF-2B,TF_Zn_Ribbon,DZR,GATA,A2L_zn_ribbon"
B7WNT5,"HMG_box,DUF1898,CTNNB1_binding"
B7Z1Z0,"PC4,QLQ"
B7Z2H6,"HLH,PAS,PAS_9,PAS_3"
B7Z2Y7,"zf-C2H2_4,zf-C2H2,C1_3,zf-C2H2_jaz,Ogr_Delta,zf-met,XPA_N,zf-H2C2_2,Yippee,RNA_pol_Rpb1_R,OrfB_Zn_ribbon,C1_4,DUF2180,HTH_Tnp_ISL3,zf-C2H2_6,Prok-RING_1,LIM,CxxC_CxxC_SSSS,zf-C2HC_2,FYDLN_acid,zf-LYAR"
B7Z423,"Hormone_recep,zf-C4"
B7Z4T4,"Hormone_recep,Troponin-I_N,zf-C4"
B7Z4T6,"MH1,NfI_DNAbd_pre-N,CTF_NFI"
B7Z4W0,"TFIIS_M,TFIIS_C,Prok-RING_2,Med26,TF_Zn_Ribbon,Baculo_LEF5_C"
B7Z569,"DP,E2F_TDP"
B7Z5F4,"ETS_PEA3_N,Ets"
B7Z5U7,"Hormone_recep,zf-C4"
B7Z6D4,"zf-C2H2_4,zf-C2H2,zf-C2H2_jaz,Rad50_zn_hook,zf-met,zf-H2C2_2,zf-H2C2_5,zf-C4_ClpX"
B7Z6H1,"zf-C2H2_4,zf-C2H2,zf-C2H2_jaz,Rad50_zn_hook,zf-met,zf-H2C2_2,zf-H2C2_5"
B7Z6K4,"zf-C2H2_4,zf-C2H2,zf-C2H2_jaz,zf-met,Rad50_zn_hook,zf-H2C2_2,Rep_fac-A_3,zf-C2H2_2,zf-H2C2_5,zf-C4_ClpX"
B7Z720,"Ets,Elf-1_N"
B7Z757,HLH
B7Z774,"CENP-B_N,NUC130_3NT,Sec15,DUF1319,HTH_3,UCH,Homez,HTH_26,Homeobox,HTH_19,PBC,Homeobox_KN"
B7Z7I2,"Hormone_recep,zf-C4"
B7Z885,"zf-C2H2_4,zf-C2H2,DUF2163,zf-C2H2_jaz,Flag1_repress,zf-met,zf-H2C2_2,Cas_DxTHG"
B7Z8Q3,"PAPA-1,Mac,Hormone_recep,zf-C4"
B7Z8R7,"Hormone_recep,Prok-RING_2,Mac,YdjO,PAPA-1,zf-C4"
B7Z934,TIG
B7Z9C7,"zf-C2H2_4,CdhC,zf-C2H2,zf-C2H2_jaz,zf-met,zf-H2C2_2,zf-C2H2_2,zf-C2H2_6"
B7Z9P6,"zf-C2H2_4,zf-C2H2,Evr1_Alr,zf-BED,zf-C2H2_jaz,IBR,zf-C2H2_2,CpXC,zf-FCS"
B7ZA24,"Tropomyosin_1,Fib_alpha,MerR-DNA-bind,STAT_bind,eIF3_N,STAT_alpha,DUF342,Baculo_PEP_C,SH2,DUF2730,Syntaxin-6_N"
B7ZA33,"bZIP_2,bZIP_1,bZIP_Maf"
B7ZAC1,"STAT_alpha,SH2,STAT_bind"
B7ZAW1,"zf-C2H2_4,zf-C2H2,zf-C2H2_jaz,zf-met,zf-H2C2_2,zf-H2C2_5,zf-C2H2_6"
B7ZBM3,Fork_head
B7ZKU3,"zf-C2H2_4,zf-C2H2,zf-BED,zf-met,zf-H2C2_2,zf-C2HC_2,RRN7,zf-C2H2_6"
B7ZKX2,"zf-C2H2_4,zf-C2H2,SCAN,Ta0938,zf-C2H2_jaz,KRAB,zf-met,zf-H2C2_2,CxxC_CxxC_SSSS,GAGA,DUF2321,zf-C2H2_6,BolA"
B7ZLF3,"zf-C2H2_4,zf-FPG_IleRS,zf-C2H2,zf-ribbon_3,Zn_ribbon_recom,Acetone_carb_G,zf-C2H2_jaz,zf-met,zf-H2C2_2,HypA,Fer4_18,A2L_zn_ribbon,C1_4,zf-RING_3,zinc_ribbon_5,zf-AN1,HTH_Tnp_ISL3,Zn_Tnp_IS1595,Terminase_GpA,zf-C2H2_6,zinc_ribbon_2,Desulfoferrod_N,Prok-RING_1,COX5B,TF_Zn_Ribbon,ADK_lid,zf-H2C2_5,Trm112p,DZR,PhnA_Zn_Ribbon,Elf1,DNA_RNApol_7kD,DUF1610,zinc_ribbon_4,CxxC_CxxC_SSSS,zf-C2H2_2,DUF164,CpXC,FYDLN_acid,HTH_Tnp_IS66"
B7ZLH1,"CUE,DM,DMA"
B7ZLH2,"Homeobox,LIM,Homeobox_KN"
B7ZLK5,"Fork_head,TT_ORF1,LMBR1,Auxin_repressed,eIF-3_zeta,Med15,Plasmodium_Vir"
B7ZLN6,"zf-C2H2_4,zf-C2H2,Zn_ribbon_recom,Prok-RING_1,zf-C2H2_jaz,XPA_N,zf-H2C2_2,CxxC_CxxC_SSSS,Zn_Tnp_IS1595,FYDLN_acid,zf-C2H2_6,LIM"
B7ZM83,"zf-C2H2_4,zf-C2H2,zf-C2H2_jaz,HA,zf-met,Homeobox,zf-C2H2_2,zf-C2H2_6,Homeobox_KN"
B7ZMC8,"SAGA-Tad1,Homeobox"
B7ZMD4,Ets
B8ZZ38,"MA3,PPR_1,TPR_14,PPR_2,RPN7,PPR,PPR_3,ECSIT,Herpes_BBRF1"
B8ZZJ5,SRF-TF
B8ZZU6,"zf-C2H2_4,zf-C2H2,DUF3408,Shugoshin_N,bZIP_Maf,bZIP_2,bZIP_1"
B9EG80,"CUE,DM,DMA"
B9EGE7,"zf-C2H2_4,zf-H2C2_2,zf-C2H2,zf-H2C2_5"
B9EK48,"zf-C2H2_4,zf-C2H2,zf-C2H2_jaz,zf-met,Homeobox,zf-C2H2_2,AKAP95,zf-C2H2_6,Homeobox_KN"
B9VVT8,"Foamy_virus_ENV,zf-C4"
C0H5Y2,"PAPA-1,Mac,Hormone_recep,zf-C4"
C0IMW8,"HMG_box,Pepsin-I3,DUF1898,DUF1542"
C0JKD5,"Hid1,Androgen_recep,DUF1764,zf-C3HC4_2,Spt20,Neur_chan_memb,Suf,eIF-3_zeta,Med15,NARP1,zf-C4"
C0JKD6,"Hid1,Gag_spuma,Androgen_recep,DUF1764,zf-C3HC4_2,Spt20,Neur_chan_memb,Suf,eIF-3_zeta,Med15,NARP1,zf-C4"
C0JKD7,"Hid1,Androgen_recep,DUF1764,Spt20,Neur_chan_memb,Suf,eIF-3_zeta,Med15,NARP1,zf-C4"
C0LJA8,"SapB_2,ESR1_C,zf-P11,zf-C4"
C0LLI9,"ESR1_C,zf-C4"
C0SQ93,"GAT,Hormone_recep,zf-C4"
C1IK54,"ETS_PEA3_N,Ets"
C1K3N0,TF_AP-2
C6KG44,MBD
C6KG45,MBD
C6ZRJ7,"HMG_box,DUF1898,CTNNB1_binding"
C6ZRK5,"HMG_box,DUF1898,CTNNB1_binding"
C9IZC5,RuvA_C
C9IZL7,"DUF4175,RRM_1,Mito_fiss_reg,RRM_6,DUF1264,RRM_5"
C9J0F0,"Fork_head,Ribosomal_L27e"
C9J0Q5,"Myb_DNA-bind_6,Serinc,Myb_DNA-binding"
C9J461,"DP,E2F_TDP"
C9J4J4,SRF-TF
C9J4R0,zf-C4
C9J6L6,"zf-C2H2_4,zf-C2H2,Zn_ribbon_recom,zf-DNL,zf-C2H2_jaz,XPA_N,zf-met,zf-H2C2_2,Yippee,C1_4,TFIIS_C,HTH_Tnp_ISL3,Zn_Tnp_IS1595,zf-C2H2_6,C1_2,Prok-RING_1,DUF2688,KRAB,ZZ,GATA,DNA_RNApol_7kD,zf-trcl,CxxC_CxxC_SSSS,CpXC,Ribosomal_L44"
C9J7F3,RuvA_C
C9J8D0,"HMG_box,DUF1898,DUF2028"
C9J8W4,"Hormone_recep,zf-C4"
C9JA69,"HMG_box,DUF1898,DUF2028"
C9JAG2,SAM_PNT
C9JBE8,HLH
C9JBS2,zf-C4
C9JCA9,"MA3,PPR_1,TPR_14,PPR_2,RPN7,PPR,PPR_3,ECSIT,Herpes_BBRF1"
C9JCC6,"DUF605,TAF4,Histone,CBFD_NFYB_HMF"
C9JCS0,zf-C4
C9JD95,IRF
C9JE25,"DUF1923,Nucleopor_Nup85,mTERF"
C9JE98,"Myb_DNA-bind_6,Serinc,Myb_DNA-binding"
C9JFG0,"STAT_int,NPV_P10,STAT_bind,STAT_alpha,CRC_subunit,SH2"
C9JGL9,RuvA_C
C9JH89,MBD
C9JIZ2,"HMG_box,DUF1898"
C9JJ16,zf-C4
C9JK03,"HLH,PAS,Phage_Gp23,PAS_9,RNA_pol_Rpb4,GATase_2"
C9JLX5,"zf-C2H2_4,C1_4,zf-C2H2,BHD_1,zf-C2H2_jaz,KRAB,XPA_N,zf-H2C2_2,CxxC_CxxC_SSSS,Endonuc-BglII,zf-C2H2_6"
C9JME7,"zf-C2H2_4,zf-C2H2,Zn_ribbon_recom,zf-C2H2_jaz,zf-H2C2_2,C1_4,zf-RING_3,HNH,zf-AN1,HTH_Tnp_ISL3,Zn_Tnp_IS1595,zf-C2H2_6,zf-C4_ClpX,DZR,GATA,zf-C3HC4_2,CxxC_CxxC_SSSS,CpXC,FYDLN_acid,zf-LYAR"
C9JNM8,"DUF1923,Nucleopor_Nup85,mTERF"
C9JNU3,"HMG_box,DUF1898"
C9JP21,"HTH_3,RuvA_C"
C9JQA6,"zf-C2H2_4,zf-C2H2,zf-C2H2_jaz,FA,KRAB,zf-met,zf-H2C2_2,CxxC_CxxC_SSSS,Zn_Tnp_IS1595,zf-C2H2_6"
C9JQE8,"Myb_DNA-bind_6,Myb_DNA-binding"
C9JR56,"Homeobox,MEI4-Rec24,CUT"
C9JSH4,"HMG_box,DUF1898"
C9JSZ1,"Secretin_N,DUF1897,KH_5,KH_1,KH_4,KH_3,KH_2"
C9JU32,"Hormone_recep,zf-C4"
C9JV94,"zf-C2H2_4,zf-C2H2,zf-CHCC,zf-BED,zf-C2H2_jaz,zf-trcl,KRAB,zf-met,zf-H2C2_2,zf-C2HC_2,zf-C2H2_6,A2L_zn_ribbon"
C9JVC3,"zf-C2H2_4,zf-C2H2,zf-C2H2_jaz,zf-H2C2_2,HTH_Tnp_ISL3,Zn_Tnp_IS1595,C1_1,zf-C2H2_6"
C9JVP0,"Fork_head,DUF1639"
C9JWJ8,"MH1,NfI_DNAbd_pre-N,CTF_NFI"
C9JYE9,E2F_TDP
C9JYU6,"HMG_box,DUF1898"
C9JZA0,"HMG_box,DUF1898,DUF2028"
C9K049,"HMG_box,DUF1898"
C9K092,"pKID,bZIP_2,bZIP_1"
C9K0D1,"HMG_box,DUF1898"
C9K0F2,"zf-C2H2_4,C1_4,zf-C2H2,FYVE,BHD_1,zf-C2H2_jaz,KRAB,XPA_N,zf-H2C2_2,CxxC_CxxC_SSSS,HTH_Tnp_ISL3,zf-C2H2_6"
D0UU70,MBD
D1KF47,"HTH_Tnp_IS1,HTH_29,Homeobox_KN,Homeobox,HTH_32,HTH_23,PAX"
D2CFI5,"Homeobox,Homeobox_KN"
D2DXM9,"MH1,NfI_DNAbd_pre-N,CTF_NFI"
D2K7E6,"zf-C2H2_4,zf-C2H2,DNA_RNApol_7kD,C1_3,zf-C2H2_jaz,zf-trcl,PHD,XPA_N,zf-H2C2_2,DUF2256,DUF2321,zf-C2H2_6,zf-UBP"
D2K7F0,"zf-C2H2_4,zf-C2H2,DNA_RNApol_7kD,C1_3,zf-C2H2_jaz,zf-trcl,PHD,XPA_N,zf-met,zf-H2C2_2,DUF2256,Yippee,HTH_18,DZR,Chordopox_RPO7,NADH_oxidored,zf-C2H2_6,zf-UBP"
D2KF13,"Hid1,Gag_spuma,Androgen_recep,DUF1764,zf-C3HC4_2,Neur_chan_memb,Suf,Med15,zf-C4"
D2Y6K2,"Gag_spuma,Androgen_recep,Hormone_recep,zf-C3HC4_2,zf-C4"
D3DUC1,"zf-C2H2_4,C1_4,zf-C2H2,SCAN,zf-C2H2_jaz,KRAB,zf-H2C2_2,CxxC_CxxC_SSSS,FYDLN_acid,zf-C2H2_6,BolA"
D3DUQ6,TEA
D3Y299,"zf-C2H2_4,C1_4,zf-C2H2,Rpr2,TFIIS_C,Prok-RING_2,DNA_RNApol_7kD,zf-C2H2_jaz,KRAB,zf-H2C2_2,CxxC_CxxC_SSSS,Yippee,Zn_Tnp_IS1595,GAGA,CpXC,zf-C2H2_6,GATA"
D3Y2A0,"zf-C2H2_4,C1_4,zf-C2H2,TFIIS_C,Prok-RING_2,DNA_RNApol_7kD,BHD_1,zf-C2H2_jaz,KRAB,zf-H2C2_2,CxxC_CxxC_SSSS,HTH_Tnp_ISL3,Zn_Tnp_IS1595,CpXC,zf-C2H2_6"
D3YJ43,MBD
D3YPP9,"Gag_spuma,Androgen_recep,Hormone_recep,zf-C3HC4_2,zf-C4"
D3YPQ0,"Gag_spuma,Androgen_recep,Hormone_recep,zf-C3HC4_2,zf-C4"
D3YPQ1,"Gag_spuma,Androgen_recep,Hormone_recep,zf-C4"
D3YPQ2,"Gag_spuma,Androgen_recep,Hormone_recep,zf-C3HC4_2,zf-C4"
D3YPQ3,"Gag_spuma,Androgen_recep,Hormone_recep,zf-C3HC4_2,zf-C4"
D5K9Q3,"Homeobox_KN,Homeobox,HTH_31,Pou"
D5K9Q6,"Homeobox_KN,Homeobox,HTH_31,Pou"
D5K9Q7,"Homeobox_KN,Homeobox,HTH_31,Pou"
D5K9Q9,"Homeobox_KN,Homeobox,HTH_31,Pou"
D5K9R1,"Homeobox_KN,Homeobox,HTH_31,Pou"
D5K9R2,"Homeobox_KN,Homeobox,Pou"
D5K9R3,"DUF521,Pou,Homeobox,HTH_31,Homeobox_KN"
D5K9R4,"Homeobox_KN,Homeobox,HTH_31,Pou"
D5K9R5,"DUF521,Pou,Homeobox,HTH_31,Homeobox_KN"
D5K9R7,"Homeobox_KN,Homeobox,HTH_31,Pou"
D5K9R9,"DUF521,Pou,Homeobox,HTH_31,Homeobox_KN"
D5K9S1,"Homeobox_KN,Homeobox,HTH_31,Pou"
D5K9S3,"Homeobox,HTH_31,Pou,DIL"
D5K9S8,"Homeobox,HTH_31,Pou,DIL"
D5K9T7,"Homeobox,HTH_31,Pou,DIL"
D5K9T9,"Homeobox,HTH_31,Pou,DIL"
D5K9U0,"Homeobox,HTH_31,Pou,DIL"
D5K9U9,"Homeobox,HTH_31,Pou,DIL"
D5K9V1,"Homeobox,HTH_31,Pou,DIL"
D5K9W5,"Homeobox,HTH_31,Pou,DIL"
D5K9W6,"Homeobox,HTH_31,Pou,DIL"
D5L9I4,MBD
D5L9I5,MBD
D5M8Q2,"Gag_spuma,Androgen_recep,DUF1764,zf-C3HC4_2,Neur_chan_memb,Suf,Med15,zf-C4"
D6QZ43,MBD
D6R942,"HJURP_C,SRF-TF"
D6R992,RHD
D6RAR5,"Homeobox,HTH_23"
D6RB08,"Heme_oxygenase,IRF"
D6RB91,"DUF4227,HJURP_C,SRF-TF"
D6RBC4,"zf-C2H2_4,PyrI_C,zf-C2H2,zf-C2H2_jaz,zf-CHY,zf-met,zf-H2C2_2,BTB,zf-C2H2_2,zf-C2HC_2,SprT-like,zf-C2H2_6"
D6RBG8,"Homeobox,QLQ,Auxin_canalis,HTH_32,Homeobox_KN"
D6RBI3,"FadA,DUF1140,Hormone_recep,zf-C4"
D6RBJ1,"Homeobox,MerR_1,LIM,Homeobox_KN"
D6RC45,RHD
D6RC63,"HJURP_C,SRF-TF"
D6RCM6,"DUF3908,HJURP_C,SRF-TF,DUF4227"
D6RCT5,THAP
D6REM3,THAP
D6REZ7,"PAPA-1,Mac,Hormone_recep"
D6RF85,"zf-C2H2_4,C1_4,zf-C2H2,Cript,zf-C2H2_jaz,zf-CHY,zf-met,zf-H2C2_2,CxxC_CxxC_SSSS,HypA,zf-C2H2_2,RRN7,FYDLN_acid,zf-C2H2_6,zf-FCS,BolA"
D6RF98,"Ig_2,LAG1-DNAbind,TIG,BTD"
D6RFK7,THAP
D6RG21,"DUF3908,HJURP_C,SRF-TF,DUF4227"
D6RHI1,"Ets,Elf-1_N"
D6RJ00,"Tet_JBP,BTB"
D6RJA7,"HJURP_C,SRF-TF"
D6RJG6,"HJURP_C,SRF-TF"
D8L7E9,"HJURP_C,SRF-TF"
D9IVD5,"Vert_IL3-reg_TF,bZIP_2,bZIP_1,IncA"
D9ZGG0,T-box
D9ZNA4,MBD
E0XEN6,Fork_head
E0YMI7,"HNF-1_N,HNF-1B_C,Homeobox,HNF-1A_C,DUF2183"
E0YMI8,"Homeobox,HNF-1_N,HTH_24,DUF2183"
E0YMI9,"HNF-1B_C,HNF-1A_C,HNF-1_N,DUF2183"
E0YMJ0,"HNF-1_N,HTH_5,CPSase_sm_chain,HTH_24,DUF2183"
E0YMJ3,"HNF-1_N,HNF-1B_C,Homeobox,Homeobox_KN,DUF2183"
E0YMJ4,"HNF-1_N,HNF-1B_C,Homeobox,HTH_24,Homeobox_KN,DUF2183"
E0YMJ7,"HNF-1_N,HTH_37,TBD,HTH_5,IcmF-related,DUF2183"
E1B2J3,MBD
E2GH13,"HMG_box,DUF1898,CTNNB1_binding"
E2GH15,"HMG_box,DUF1898,CTNNB1_binding"
E2GH16,"HMG_box,DUF1898,CTNNB1_binding"
E2GH18,"HMG_box,DUF1898,CTNNB1_binding"
E2GH23,"HMG_box,DUF1898,CTNNB1_binding"
E2I973,"bZIP_2,bZIP_1,bZIP_Maf"
E3UVQ2,"Ank_2,Hormone_recep,Ank_3,Ank,Ank_4,Ank_5,zf-C4"
E5KSX8,"YABBY,HMG_box,DUF1898,NAD_binding_9,DUF1074"
E5RFF3,"zf-C2H2_4,GATA,zf-H2C2_5"
E5RFQ1,"HLH,TIG"
E5RG34,"HMG_box,DUF1898,MAT_Alpha1,CTNNB1_binding"
E5RG75,CTNNB1_binding
E5RH37,"zf-C2H2_4,zf-C2H2,zf-C2H2_jaz,zf-met,zf-H2C2_2,zf-C2H2_2,zf-H2C2_5,zf-C4_ClpX"
E5RH41,"TRAUB,TFIIE_beta"
E5RHK6,"HLH,Hairy_orange"
E5RHL1,"HMG_box,MAT_Alpha1,CTNNB1_binding"
E5RHS3,"zf-C2HC,MYT1"
E5RIW4,"TRAUB,TFIIE_beta"
E5RK26,HSF_DNA-bind
E7EN32,Menin
E7EN86,"zf-C2H2_4,zf-C2H2,zf-C2H2_jaz,zf-TRAF,zf-H2C2_2,CopK,zf-C2H2_6"
E7EPA0,"Myb_DNA-bind_6,Myb_DNA-bind_4,Myb_DNA-binding"
E7EPN6,"Homeobox,Homeobox_KN"
E7EQT0,"HTH_Tnp_IS1,HTH_29,Ribosomal_S13_N,Homeobox,HTH_32,HTH_23,PAX"
E7EQU1,"HMG_box,DUF1898,CHDNT,YABBY"
E7EQY4,"BAH,Adeno_E1A,ELM2,GATA,Myb_DNA-binding"
E7ERW5,"HTH_Tnp_IS1,HTH_29,Ribosomal_S13_N,Homeobox,HTH_32,HTH_23,PAX"
E7ES08,"HMG_box,DUF1898,CHDNT,YABBY"
E7ESP8,"zf-C2H2_4,Sgf11,zf-C2H2,Zn_ribbon_recom,Di19,zf-C2H2_jaz,zf-met,zf-H2C2_2,HypA,Rubredoxin,zf-RING_3,zinc_ribbon_5,zf-AN1,Tmemb_55A,zf-C2H2_6,zf-H2C2_5,Elf1,zf-RING_2,zinc_ribbon_4,CxxC_CxxC_SSSS,zf-C2H2_2,zf-C2HC_2"
E7ESY4,"Myb_DNA-binding,ELM2,GATA,BAH"
E7EU07,PPARgamma_N
E7EUW9,"zf-C2H2_4,Elf1,zf-C2H2,Zn_ribbon_recom,zinc_ribbon_5,Di19,zf-C2H2_jaz,zf-AN1,zf-met,zf-H2C2_2,Homeobox,HypA,zf-C2H2_2,zf-H2C2_5,Rubredoxin,zf-C2H2_6"
E7EV10,"BAH,Adeno_E1A,ELM2,GATA,Myb_DNA-binding"
E7EVU5,Myb_DNA-binding
E7EVZ1,"zf-C2H2_4,zf-C2H2,MerR_1,zf-C2H2_jaz,zf-met,Homeobox,zf-C2H2_2,AKAP95,GAGA,zf-H2C2_5,zf-C2H2_6,Homeobox_KN"
E7EW50,Myb_DNA-binding
E7EW59,"zf-C2H2_4,Elf1,zf-C2H2,Desulfoferrod_N,zf-C2H2_jaz,zf-met,Rad50_zn_hook,zf-H2C2_2,zf-C2H2_2,Daxx,zf-C2HC_2,BSP_II,zf-C2H2_6,NOA36"
E7EWD9,"Phage_Mu_Gam,Hormone_recep,zf-C4"
E9KXS6,Homeobox
E9KXS7,Homeobox
E9KXS8,Homeobox
E9KXS9,Homeobox
E9KXT0,Homeobox
E9KXT1,Homeobox
E9KXT2,Homeobox
E9KXT3,Homeobox
E9KXT4,Homeobox
E9KXT5,Homeobox
E9KXT6,Homeobox
E9KXT7,Homeobox
E9KXT8,Homeobox
E9KXT9,Homeobox
E9KXU0,Homeobox
E9KXU1,Homeobox
E9KXU2,Homeobox
E9KXU3,Homeobox
E9KXU4,Homeobox
E9KXU5,Homeobox
E9KXU6,Homeobox
E9KXU7,Homeobox
E9KXU8,Homeobox
E9KXU9,Homeobox
E9KXV0,Homeobox
E9KXV1,Homeobox
E9KXV2,Homeobox
E9KXV3,Homeobox
E9KXV4,Homeobox
E9KXV5,Homeobox
E9KXV6,Homeobox
E9KXV7,Homeobox
E9KXV8,Homeobox
E9KXV9,Homeobox
E9KXW0,Homeobox
E9KXW1,Homeobox
E9KXW2,Homeobox
E9KXW3,Homeobox
E9KXW4,Homeobox
E9KXW5,Homeobox
E9KXW6,Homeobox
E9KXW7,Homeobox
E9KXW8,Homeobox
E9KXW9,Homeobox
E9KXX0,Homeobox
E9KXX1,Homeobox
E9KXX2,Homeobox
E9KXX3,Homeobox
E9KXX4,Homeobox
E9KXX5,Homeobox
E9KXX6,Homeobox
E9KXX7,Homeobox
E9KXX8,Homeobox
E9KXX9,Homeobox
E9KXY0,Homeobox
E9KXY1,Homeobox
E9KXY2,Homeobox
E9KXY3,Homeobox
E9KXY4,Homeobox
E9KXY5,Homeobox
E9KXY6,Homeobox
E9KXY7,Homeobox
E9KXY8,Homeobox
E9KXY9,Homeobox
E9KXZ0,Homeobox
E9KXZ1,Homeobox
E9KXZ2,Homeobox
E9KXZ3,Homeobox
E9KXZ4,Homeobox
E9KXZ5,Homeobox
E9KXZ6,Homeobox
E9KXZ7,Homeobox
E9KXZ8,Homeobox
E9KXZ9,Homeobox
E9KY00,Homeobox
E9KY01,Homeobox
E9KY02,Homeobox
E9KY03,Homeobox
E9KY04,Homeobox
E9KY05,Homeobox
E9KY06,Homeobox
E9KY07,Homeobox
E9KY08,Homeobox
E9KY09,Homeobox
E9KY10,Homeobox
E9KY11,Homeobox
E9KY12,Homeobox
E9KY13,Homeobox
E9KY14,Homeobox
E9KY15,Homeobox
E9KY16,Homeobox
E9KY17,Homeobox
E9KY18,Homeobox
E9KY19,Homeobox
E9KY40,"MarR_2,HTH_29,HTH_28,HTH_32,HTH_23,PAX"
E9LR73,"Homeobox_KN,Homeobox,HTH_31,Pou"
E9LR75,"Homeobox_KN,Homeobox,HTH_31,Pou"
E9LR77,"Homeobox_KN,Homeobox,HTH_31,Pou"
E9LR79,"Homeobox,HTH_31,Pou"
E9LR91,"DIL,Pou,Homeobox,HTH_19,HTH_31"
E9LR92,"Homeobox,HTH_31,Pou,DIL"
E9LR93,"Homeobox,HTH_31,Pou,DIL"
E9LR96,"Homeobox,HTH_31,Pou,DIL"
E9LRA1,"DIL,Pou,DUF2347,Homeobox,HTH_31"
E9LRF2,"Homeobox,HTH_31,Pou,DIL"
E9LRF5,"Homeobox,HTH_31,Pou,DIL"
E9LRF8,"Homeobox,HTH_31,Pou,DIL"
E9LRJ2,"Homeobox,HTH_31,Pou,DIL"
E9LRM0,"Homeobox,HTH_31,Pou,DIL"
E9LRM1,"Homeobox,HTH_31,Pou,DIL"
E9LRM2,"Homeobox,HTH_31,Pou,DIL"
E9LRM3,"Homeobox,HTH_31,Pou,DIL"
E9LRP2,"Homeobox,HTH_31,Pou,DIL"
E9LRP3,"Homeobox,HTH_31,Pou,DIL"
E9LRP4,"Homeobox,HTH_31,Pou,DIL"
E9LRP6,"Homeobox,HTH_31,Pou,DIL"
E9LRR8,"Homeobox,HTH_31,Pou,DIL"
E9LRS9,"Homeobox,HTH_31,Pou,DIL"
E9LRT0,"Homeobox,HTH_31,Pou,DIL"
E9LRT1,"Homeobox,HTH_31,Pou,DIL"
E9LUH3,MBD
E9LUH4,MBD
E9PB28,"HLH,Hairy_orange"
E9PBF9,"zf-C2H2_4,zf-C2H2,DUF3408,bZIP_2,DUF2397,bZIP_1"
E9PBN4,"zf-C2H2_4,zf-C2H2,zf-C2H2_jaz,zf-met,Rad50_zn_hook,zf-H2C2_2,zf-C2H2_2,zf-H2C2_5,zf-C4_ClpX"
E9PBQ4,"Hormone_recep,zf-C4"
E9PC66,"zf-C2H2_4,zf-C2H2,zf-C2H2_jaz,XPA_N,zf-H2C2_2,Yippee,C1_4,zinc_ribbon_5,zf-AN1,HTH_Tnp_ISL3,Zn_Tnp_IS1595,DUF3357,zf-C2H2_6,Prok-RING_1,CDC45,KRAB,GATA,SCAN,DNA_RNApol_7kD,zinc_ribbon_4,CxxC_CxxC_SSSS,CpXC"
E9PCF2,"PAPA-1,Mac,Hormone_recep,zf-C4"
E9PCS8,"Myb_DNA-binding,ELM2,BAH"
E9PEB5,"Secretin_N,DUF1897,KH_5,KH_1,KH_4,KH_3,KH_2"
E9PEG3,"Androgen_recep,DUF1764,Neur_chan_memb,Suf,Med15,zf-C4"
E9PEI2,TIG
E9PEP7,"zf-C2H2_4,zf-C2H2,zf-C2H2_jaz,ROS_MUCR,zf-met,zf-H2C2_2,zf-H2C2_5,Zfx_Zfy_act"
E9PES6,"HMG_box,DUF1898,CHDNT,YABBY"
E9PFE2,"DUSP,SR-25,GTF2I"
E9PGG2,"Homeobox,Homeobox_KN,HTH_Tnp_1,Homez"
E9PH57,"HLH,Trehalase"
E9PI99,"CENP-X,Histone,CBFD_NFYB_HMF"
E9PID2,"Hormone_recep,zf-C4"
E9PIS9,THAP
E9PJ73,"XhlA,IFP_35_N,bZIP_Maf,bZIP_2,DUF4094,HALZ,bZIP_1"
E9PJX9,"zf-C2H2_4,C1_4,zf-C2H2,zf-C2H2_jaz,KRAB,XPA_N,zf-H2C2_2,CxxC_CxxC_SSSS,HTH_Tnp_ISL3,zf-C2H2_6,BolA"
E9PJZ3,"zf-C2H2_4,C1_4,zf-C2H2,zf-C2H2_jaz,KRAB,XPA_N,zf-H2C2_2,CxxC_CxxC_SSSS,HTH_Tnp_ISL3,zf-C2H2_6,BolA"
E9PKP7,"HMG_box,DUF1898,DHC"
E9PKS4,"Elf1,zf-ribbon_3,DUF2387,BaffR-Tall_bind,C1_3,ArfGap,CxxC_CxxC_SSSS,eIF-5_eIF-2B,TF_Zn_Ribbon,Zn_Tnp_IS1595,C1_1,Prim_Zn_Ribbon,DZR,GATA,A2L_zn_ribbon"
E9PL19,"RRM_1,RRM_6,OB_RNB,RRM_3,RRM_5"
E9PLL4,"Hormone_recep,zf-C4"
E9PLN0,"Cmyb_C,Myb_DNA-bind_4,Myb_DNA-bind_6,Myb_DNA-bind_2,LMSTEN,Spore_III_AB,Myb_DNA-binding"
E9PM37,Fork_head
E9PME6,HLH
E9PMQ6,"HSF_DNA-bind,DUF247,NPV_P10,Vert_HS_TF,DUF2365"
E9PN75,"SAM_PNT,Ste50p-SAM"
E9PNC7,"DUF2201_N,Histone,Leo1,CBFD_NFYB_HMF"
E9PNZ6,"zf-C2H2_4,zf-C2H2,C1_3,zf-C2H2_jaz,BHD_2,XPA_N,zf-H2C2_2,Yippee,C1_1,C1_4,HTH_Tnp_ISL3,Zn_Tnp_IS1595,zf-C2H2_6,Prok-RING_1,KRAB,DZR,LIM,DNA_RNApol_7kD,CxxC_CxxC_SSSS,zf-C2HC_2"
E9PPA1,Hormone_recep
E9PPI7,Fork_head
E9PQR6,"SAM_PNT,Ste50p-SAM"
E9PQX0,"SAM_PNT,Ste50p-SAM"
F1D8N3,"ERbeta_N,Oest_recep,Hormone_recep,zf-C4"
F1D8N5,"zf-C3HC4_2,Hormone_recep,zf-C4"
F1D8N9,"Hormone_recep,zf-C4"
F1D8P1,"Hormone_recep,Troponin-I_N,zf-C4"
F1D8P6,"Hormone_recep,zf-C4"
F1D8P7,"Hormone_recep,CBFNT,zf-C4"
F1D8Q4,"Foamy_virus_ENV,Hormone_recep,zf-C4"
F1D8Q5,"Nuc_recep-AF1,Hormone_recep,zf-C4"
F1D8Q9,"Hormone_recep,zf-C4"
F1D8R3,"Hormone_recep,zf-C4"
F1D8R5,"GAT,Hormone_recep,zf-C4"
F1D8R6,"GAT,Hormone_recep,zf-C4"
F1D8S2,"Foamy_virus_ENV,Hormone_recep,Se-cys_synth_N,zf-C4"
F1D8S7,"Hormone_recep,zf-C4"
F1D8T1,"Foamy_virus_ENV,Hormone_recep,Se-cys_synth_N,zf-C4"
F1DAL2,"Hormone_recep,zf-C4"
F1DAL3,"Hormone_recep,zf-C4"
F1DAL4,"Hormone_recep,Prok-RING_2,Mac,YdjO,PAPA-1,zf-C4"
F1DAL6,"XS,Hormone_recep,zf-C4"
F1DAL7,"XS,Hormone_recep,zf-C4"
F1DAL9,"XS,Hormone_recep,zf-C4"
F1DAM1,"Hormone_recep,zf-C4"
F1JVV7,Ets
F1JVV8,Ets
F1T0D0,"Homeobox,TF_Otx"
F1T0D1,"Homeobox,TF_Otx"
F1T0D7,"Homeobox,LIM,Homeobox_KN"
F1T0D9,"Homeobox,LIM,Homeobox_KN"
F1T0H3,"HLH,Transformer"
F2Z371,THAP
F2Z3D5,"IRF,IRF-3"
F4ZW62,DZF
F5GWT5,zf-C4
F5GY04,"zf-C2H2_4,zf-C2H2,DUF2163,zf-C2H2_jaz,Flag1_repress,zf-met,zf-H2C2_2,Cas_DxTHG"
F5GY10,HLH
F5GYS8,"Homeobox,Homeobox_KN"
F5GZG9,"zf-C3HC4_2,Gag_spuma,Androgen_recep,zf-C4"
F5GZI2,"Homeobox,Homeobox_KN,Homez"
F5H0A9,"zf-C2H2_4,zf-C2H2,zf-C2H2_jaz,KRAB,zf-H2C2_2,CxxC_CxxC_SSSS,Zn_Tnp_IS1595,zf-C2H2_6"
F5H0I3,"HMG_box,HemX,DUF1898,Exonuc_VII_L"
F5H0K0,"HNF-1_N,HNF-1B_C,Homeobox,HNF-1A_C,DUF2183"
F5H0V4,"DivIC,HLH,Perilipin,IncA,CP12,DUF342,Troponin,DUF904,BicD"
F5H290,"zf-C2H2_4,C1_4,zf-C2H2,DNA_RNApol_7kD,zf-C2H2_jaz,XPA_N,zf-H2C2_2,CxxC_CxxC_SSSS,HTH_Tnp_ISL3,zf-C2H2_6,BolA"
F5H2A4,AT_hook
F5H2U8,AT_hook
F5H2V8,"zf-C2H2_4,zf-C2H2,zf-H2C2_2,GAGA,AKAP95"
F5H433,"zf-C2H2_4,Elf1,zf-C2H2,Desulfoferrod_N,zf-C2H2_jaz,zf-met,Rad50_zn_hook,zf-H2C2_2,zf-C2H2_2,Daxx,BSP_II,zf-C2H2_6,NOA36"
F5H435,"zf-C2H2_4,zf-C2H2,zinc_ribbon_5,TFIIS_C,DNA_RNApol_7kD,YhfH,zf-C2H2_jaz,KRAB,XPA_N,zf-H2C2_2,HTH_Tnp_ISL3,CxxC_CxxC_SSSS,zinc_ribbon_2,Zn_Tnp_IS1595,zf-C2HC_2,Yippee,zf-C2H2_6"
F5H4S8,"TIG,RHD"
F5H6H0,"GVQW,AT_hook"
F5H7S1,"zf-C2H2_4,CdhC,zf-C2H2,zf-C2H2_jaz,zf-met,zf-H2C2_2,zf-C2H2_2,zf-C2H2_6"
F6RRE2,"BAH,Adeno_E1A,ELM2,GATA,Myb_DNA-binding"
F6U3F6,"EMP24_GP25L,LXG,HLH,Cauli_AT"
F6UGA0,"RFX_DNA_binding,Pox_D5,RFX1_trans_act"
F6WCI9,"LXG,HLH"
F8VPL6,"zf-C2H2_4,zf-C2H2,zf-C2H2_jaz,zf-TRAF,zf-met,zf-H2C2_2,zf-C2H2_2,GAGA,AKAP95,zf-H2C2_5,zf-C2H2_6"
F8VR32,"HLH,PAS,PAS_3,PAS_9,Macoilin,PAS_4"
F8VRJ4,zf-C4
F8VS12,"Armet,LETM1,SAP"
F8VS42,"HLH,PAS,PAS_3,PAS_9,Neisseria_TspB,Macoilin,PAS_4"
F8VSE7,"TrmB,E2F_TDP,B-block_TFIIIC"
F8VU39,"Bromodomain,PHD,SAPS,DDT,MBD"
F8VUY0,"Homeobox,Homeobox_KN,Homez"
F8VVR8,"MRF_C1,MRF_C2,NDT80_PhoG,Peptidase_S74"
F8VVS9,"Homeobox,Homeobox_KN,Homez"
F8VW34,"Homeobox,Homeobox_KN,Homez"
F8VWK5,"Homeobox,Homeobox_KN,Homez"
F8VWL0,"CP2,DUF2489"
F8VWZ5,"ArsC,CDC45,Homeobox,Homeobox_KN,Paf1"
F8VX54,"Homeobox,Homeobox_KN,Homez"
F8VX55,"CP2,DUF2489"
F8VXG0,"DUF4074,Homeobox"
F8VXG1,"Homeobox,Homeobox_KN,Homez"
F8VXG3,"Homeobox,Homeobox_KN,Homez"
F8VXJ2,"Homeobox,Homeobox_KN,Homez"
F8VXY9,"Myb_DNA-bind_6,HTH_AsnC-type,Myb_DNA-bind_4,Myb_DNA-binding"
F8VYL4,"Homeobox,Homeobox_KN,Homez"
F8VZH2,"Homeobox,Homeobox_KN,Homez"
F8VZQ9,"LETM1,Stm1_N,SAP"
F8W1N9,"DUF2248,bZIP_Maf,bZIP_2,Hemerythrin,bZIP_1"
F8W689,"RFX_DNA_binding,Pox_D5"
F8W6I3,"Hormone_recep,zf-C4"
F8W6Y9,"zf-C2H2_4,zf-C2H2,Zn_ribbon_recom,C1_3,zf-C2H2_jaz,zf-met,XPA_N,zf-H2C2_2,Yippee,MBD,C1_4,TFIIS_C,zf-AN1,HTH_Tnp_ISL3,Zn_Tnp_IS1595,zf-C2H2_6,zf-HIT,DZR,LIM,zf-BED,DNA_RNApol_7kD,zf-trcl,CxxC_CxxC_SSSS,CpXC,FYDLN_acid"
F8W7M8,"zf-C2H2_4,zf-C2H2,zf-C2H2_jaz,zf-met,Rad50_zn_hook,zf-H2C2_2,zf-C2H2_2,zf-H2C2_5,zf-C4_ClpX"
F8W889,"zf-C2H2_4,C1_4,zf-C2H2,zf-BED,zf-C2H2_jaz,KRAB,zf-H2C2_2,CxxC_CxxC_SSSS,Ring_hydroxyl_B,Zn_Tnp_IS1595,zf-C2H2_6"
F8WAI8,"zf-C2H2_4,zf-C2H2,zf-C2H2_jaz,zf-met,zf-H2C2_2,BTB,GAGA,zf-C2HC_2,zf-C2H2_6"
F8WD46,"zf-C2H2_4,C1_4,zf-RING_3,zf-C2H2,DUF2688,DNA_RNApol_7kD,zf-C2H2_jaz,zf-trcl,YhfH,KRAB,zf-H2C2_2,CxxC_CxxC_SSSS,HTH_Tnp_ISL3,Yippee,DZR,Zn_Tnp_IS1595,CpXC,zf-C2H2_6"
F8WE32,RRN7
F8WEC7,"zf-C2H2_4,zf-C2H2,PGAMP,KRAB,XPA_N,zf-H2C2_2,CxxC_CxxC_SSSS,zf-C2H2_6"
F8WEP8,"SAM_1,SAM_PNT,SAM_2"
G0Z349,"IRF,IRF-3"
G3V162,"RRM_3,RRM_6,RRM_5,RRM_1"
G3V2N2,"Peptidase_S21,Homeobox,Homeobox_KN,Homez"
G3V2N3,"Homeobox,Homeobox_KN"
G3V2R5,"Ax_dynein_light,HLH,IncA,CENP-Q"
G3V2V7,"DivIC,TMF_TATA_bd,bZIP_1,bZIP_Maf,bZIP_2,HALZ,DUF2681,DUF3450"
G3V3A7,Fork_head
G3V3G0,Prox1
G3V3J3,Homeobox
G3V3P9,"Homeobox,TF_Otx"
G3V471,"Homeobox,Homeobox_KN,Homez"
G3V4H7,"zf-C2H2_4,zf-C2H2,CHORD,zf-C2H2_jaz,zf-met,zf-H2C2_2,DUF1528,zf-C2H2_2,zf-C2HC_2,zf-C2H2_6"
G3V563,"Ax_dynein_light,HLH,IncA,CENP-Q"
G3V5I8,"STAT_alpha,STAT_int,SH2,STAT_bind"
G3V5J9,"bZIP_2,bZIP_1"
G3V5N7,"DivIC,TMF_TATA_bd,bZIP_Maf,bZIP_2,DUF3450"
G3V5S2,"ERbeta_N,Oest_recep,Hormone_recep,zf-C4"
G3V5S4,"HTH_Tnp_IS1,Ribosomal_S13_N,Homeobox,HTH_32,HTH_29,HTH_23,PAX"
G3XAG1,"zf-C2H2_4,PyrI_C,zf-C2H2,zf-ribbon_3,Zn_ribbon_recom,Evr1_Alr,zf-BED,zf-C2H2_jaz,IBR,zf-C2H2_2,CpXC,DZR,zf-FCS,OrfB_Zn_ribbon"
G5E965,"Auxin_repressed,Fork_head,Ribosomal_L27e"
G5E975,"SNF5,DUF1679"
G5E998,"pKID,bZIP_2,bZIP_1,bZIP_Maf"
G5EA50,"zf-C2H2_4,zf-H2C2_2,zf-C2H2"
G8JLH9,"Tropomyosin_1,Fib_alpha,MerR-DNA-bind,MIF4G_like_2,STAT_bind,eIF3_N,STAT_alpha,DUF342,DUF892,Baculo_PEP_C,SH2,DUF2730,Syntaxin-6_N"
H0Y2R3,ARID
H0Y3W9,TIG
H0Y459,"Myb_DNA-bind_6,Myb_DNA-binding"
H0Y488,"ARID,DUF3518"
H0Y4T7,"GATA,Myb_DNA-binding"
H0Y4W6,"Hormone_recep,zf-C4"
H0Y5B5,"TBP,SpoVG,BAH,Bromodomain"
H0Y5I5,"zf-C2H2_4,zf-C2H2,zf-met,zf-H2C2_2,CxxC_CxxC_SSSS,zf-C2H2_6"
H0Y5R1,"HLH,PAS,PAS_2,PAS_3,PAS_9,PAS_4,PAS_8"
H0Y612,"zf-HC5HC2H,Bromodomain,ZapA,Zn_ribbon_2,PHD,zf-B_box"
H0Y6F5,"Homez,Homeobox,Nucleo_P87,TniQ,Homeobox_KN"
H0Y6K5,"zf-C2H2_4,zf-C2H2,zf-C2H2_jaz,zf-H2C2_2,zf-C2H2_6"
H0Y7D7,"DUF4407,DUF972,ADIP,bZIP_Maf,bZIP_2,bZIP_1,DUF2205"
H0Y7H8,"Zip,CDK5_activator,ARID,DUF3518"
H0Y7K5,"zf-C2H2_4,zf-C2H2,CAP_N,zf-met,CCAP,zf-H2C2_2,Ofd1_CTDD,WT1"
H0Y7L6,"zf-C2H2_4,zf-C2H2,zf-C2H2_jaz,zf-H2C2_2,zf-C2H2_6"
H0Y882,Fork_head
H0Y8E2,"Hormone_recep,zf-C4"
H0YA13,"zf-C2H2_4,zf-C2H2,zf-BED,zf-C2H2_jaz,zf-met,zf-H2C2_2,VID27,GAGA,zf-C2H2_6,zf-LYAR"
H0YAI5,"UPF0547,zf-C3HC4,zf-P11,zf-RING_LisH,HypA,zf-C3HC4_3,FANCL_C,zf-rbx1,DUF329,zinc_ribbon_2,DUF1407,FYVE,Prok-RING_4,Rtf2,DZR,zf-RING_2,zf-Nse,zf-C3HC4_2,zf-Apc11,IBR,zf-piccolo"
H0YAR8,"HMG_box,DUF1898,MAT_Alpha1,UBA_e1_thiolCys"
H0YAV4,"TF_Zn_Ribbon,eIF-5_eIF-2B,GATA"
H0YB79,"zf-C2H2_4,zf-C2H2_6,zf-C2H2"
H0YBC8,"HMG_box,DUF1898,MAT_Alpha1"
H0YBP2,"HMG_box,DUF1898"
H0YCN3,"zf-C2H2_4,zf-C2H2,Zn_ribbon_recom,Prok-RING_1,zf-C2H2_jaz,XPA_N,zf-H2C2_2,CxxC_CxxC_SSSS,Zn_Tnp_IS1595,FYDLN_acid,zf-C2H2_6,LIM"
H0YCZ0,"zf-C2H2_4,zf-C2H2,zf-C2H2_jaz,zf-met,zf-H2C2_2,zf-TFIIB,zinc_ribbon_5,zf-AN1,Zn_Tnp_IS1595,zf-C2H2_6,zf-H2C2_5,Elf1,zf-BED,zf-trcl,zinc_ribbon_4,DUF1610,CxxC_CxxC_SSSS,zf-C2H2_2,CpXC"
H0YD59,HLH
H0YE88,"Myb_DNA-binding,TEA"
H0YED9,"zf-C2H2_4,zf-C2H2,zinc_ribbon_4,zf-met,CCAP,zf-H2C2_2,zf-C2HC_2,WT1"
H0YEE5,"HMG_box,DUF1898"
H0YEJ9,"Myb_DNA-binding,TEA"
H0YEM9,"zf-C2H2_4,zf-C2H2,Glyco_transf_10,zf-C2H2_jaz,zf-met,Yippee,zf-H2C2_2,BTB,zf-TFIIB,C1_1,Zn_Tnp_IS1595,zf-C2H2_6,FYVE,DUF678,LIM,zf-BED,zinc_ribbon_4,CxxC_CxxC_SSSS,zf-C2H2_2,CpXC,DUF3342"
H0YEU7,"DUF4404,bZIP_Maf,bZIP_2,bZIP_1,COG2"
H0YFS7,"zf-C2H2_4,Elf1,zf-C2H2,Desulfoferrod_N,zf-C2H2_jaz,zf-met,Rad50_zn_hook,zf-H2C2_2,zf-C2H2_2,Daxx,zf-C2HC_2,BSP_II,zf-C2H2_6,NOA36"
H0YFY4,AT_hook
H0YGR9,"DivIC,HLH,Zein-binding,ATG16,IncA,CP12,CDC37_N,DUF2499,DUF342,Troponin,DUF904,Seryl_tRNA_N,BicD"
H0YHW2,"TrmB,E2F_TDP"
H0YHX3,"DUF2209,Homeobox,Terminase_5,Homeobox_KN"
H0YIA6,"Homeobox_KN,Homeobox,DUF3528,Rox3"
H0YIF4,"TrmB,E2F_TDP"
H0YIY2,"STAT_alpha,STAT_int,SH2,STAT_bind"
H0YJH6,"STAT_alpha,STAT_int,SH2,STAT_bind"
H0YJM3,"bZIP_2,bZIP_1,EF-1_beta_acid"
H0YKC7,"Homeobox,HA,Homeobox_KN,Homez"
H0YKM5,"HMG_box,DUF1898"
H0YKN5,"Homeobox,Homeobox_KN"
H0YKT2,"Homeobox,DUF1183,Pou"
H0YL38,"zf-H2C2_2,DUF4195,zf-C2H2_jaz,zf-H2C2_5"
H0YLB0,"CENP-B_N,NUC130_3NT,Sec15,DUF1319,HTH_3,UCH,Homez,HTH_26,Homeobox,HTH_19,PBC,Homeobox_KN"
H0YLC5,Pou
H0YLF2,"HNF-1_N,HTH_37,DUF494,MerR_1,HTH_3,HTH_23,Homeobox,HTH_24,HTH_19,HTH_31,HTH_26,Homeobox_KN,CUT"
H0YLF5,"DUF19,Sec15,NUC130_3NT,DUF1319,UCH,IncA,Homeobox,PBC,Homeobox_KN"
H0YLK1,"Homeobox,Homeobox_KN,Homez"
H0YLL6,"Pou,Homeobox,HTH_19,HTH_31,DUF1183"
H0YM91,T-box
H0YMD3,"zf-C2H2_4,zf-C2H2,zinc_ribbon_5,TFIIS_C,zf-BED,zf-C2H2_jaz,zf-HIT,zf-CHY,zf-AN1,zf-met,zinc_ribbon_4,zf-H2C2_2,CxxC_CxxC_SSSS,HypA,zf-C2H2_2,HTH_Tnp_ISL3,Zn_Tnp_IS1595,zf-C2H2_6"
H0YMV2,"Homeobox,Homeobox_KN"
H0YN23,"zf-C2H2_4,PyrI_C,zf-C2H2,DUF1180,zinc_ribbon_5,zinc_ribbon_4,zf-H2C2_2,CxxC_CxxC_SSSS,zf-C2H2_2,zf-C2H2_6"
H0YNA8,"Homeobox,Homeobox_KN"
H0YND9,"zf-C2H2_4,zf-RING_3,Sgf11,zf-C2H2,Zn_ribbon_recom,zinc_ribbon_5,zf-C2H2_jaz,zf-met,zf-H2C2_2,CxxC_CxxC_SSSS,zf-C2H2_2,zf-H2C2_5,zf-C2H2_6"
H0YNM5,"Homeobox_KN,Homeobox,Pou,Lsr2"
H0YNP8,HLH
H0YNS8,"HMG_box,DUF1898"
H0YNW1,"Pou,Homeobox,HTH_19,HTH_31,DUF1183"
H0YNY8,"Homeobox,Homeobox_KN"
H3BLU4,"Homeobox,Homeobox_KN,Homez"
H3BNI0,"zf-C2H2_4,zf-C2H2,Zn_ribbon_recom,YhfH,zf-C2H2_jaz,XPA_N,zf-met,zf-H2C2_2,Yippee,HypA,C1_4,TFIIS_C,HTH_Tnp_ISL3,Zn_Tnp_IS1595,RNA_pol_Rpb2_7,zf-C2H2_6,DZR,LIM,DNA_RNApol_7kD,zf-trcl,CxxC_CxxC_SSSS,BHD_1,zf-LYAR,BolA"
H3BNR1,SRF-TF
H3BP11,"AKNA,GAS,Maf_N,bZIP_Maf,bZIP_2,DUF904,Seryl_tRNA_N,bZIP_1,DUF1192"
H3BP52,T-box
H3BPE7,"RRM_1,RRM_6,RRM_5,zf-RanBP"
H3BPJ7,HLH
H3BQ92,ARID
H3BR83,"TIG,RHD"
H3BRD6,"zf-C2H2_4,zf-C2H2,Prok-RING_1,zf-C2H2_jaz,zf-met,Rad50_zn_hook,zf-H2C2_2,HTH_Tnp_ISL3,DZR"
H3BRS1,"TIG,RHD"
H3BS42,"zf-C2H2_4,zf-C2H2,C1_3,zf-C2H2_jaz,Ogr_Delta,zf-met,XPA_N,zf-H2C2_2,Yippee,RNA_pol_Rpb1_R,OrfB_Zn_ribbon,C1_4,HTH_Tnp_ISL3,Zn_Tnp_IS1595,zf-C2H2_6,DUF2709,Prok-RING_1,LIM,CxxC_CxxC_SSSS,zf-C2HC_2,FYDLN_acid,BolA"
H3BS68,"zf-C2H2_4,zf-C2H2,Prok-RING_1,zf-C2H2_jaz,zf-met,Rad50_zn_hook,zf-H2C2_2,RRN7,DZR"
H3BSM9,"zf-C2H2_4,DUF2225,zf-LITAF-like,Elf1,zf-C2H2,DUF3449,Prok-RING_1,zf-C2H2_jaz,zf-met,zf-H2C2_2,zf-C2H2_2,zf-C2HC_2,C1_1,zf-C2H2_6,BolA"
H3BT57,"OmpH,zf-RING_LisH,DUF3583,Prok-RING_4,zf-C3HC4_3,Cep57_CLD_2,zf-B_box"
H3BTM3,"TrmB,E2F_TDP,B-block_TFIIIC"
H3BTP3,"HLH,Trehalase"
H3BVG7,"zf-C2H2_4,zf-C2H2,zf-ribbon_3,Prok-RING_1,zf-HYPF,zf-C2H2_jaz,zf-met,Rad50_zn_hook,zf-H2C2_2,HTH_Tnp_ISL3,zf-C2H2_6,DZR"
H7BXP3,"zf-C2H2_4,C1_4,zf-C2H2,DUF2180,zinc_ribbon_5,zf-C2H2_jaz,Trm112p,zinc_ribbon_4,zf-H2C2_2,CxxC_CxxC_SSSS,CpXC,FYDLN_acid,zf-C2H2_6,Ribosomal_L31,zf-DNA_Pol"
H7BY00,"DUF773,HLH,Toxin_trans"
H7BYN3,"HMG_box,DUF1898,YABBY"
H7BYU6,"zf-C2H2_4,zf-C2H2,zf-C2H2_jaz,zf-met,zf-H2C2_2,zf-C2H2_2,zf-C2H2_6"
H7C0H1,"Homeobox,LIM,Homeobox_KN,Homez"
H7C414,"zf-C2H2_4,zf-H2C2_2,zf-C2H2,zf-H2C2_5"
H7C4S2,"HMG_box,DUF1898,AXH"
H7C5E5,TF_AP-2
H9KV89,"zf-C2H2_4,C1_4,zf-RING_3,zf-C2H2,DNA_RNApol_7kD,zf-C2H2_jaz,KRAB,XPA_N,zf-H2C2_2,CxxC_CxxC_SSSS,CpXC,zf-C2H2_6,LIM"
H9NIM2,"DUF2318,Hormone_recep,zf-C4"
H9ZYJ3,"zf-C2H2_4,zf-C2H2,Mito_fiss_reg,RXT2_N,zf-C2H2_jaz,zf-met,zf-H2C2_2,DUF2890,DUF2457,C1_4,DUF2180,Pox_Ag35,Daxx,zf-C2H2_6,CDC45,Nop14,zf-C2H2_2,FYDLN_acid,zf-LYAR,BolA"
I3L1J3,"zf-C2H2_4,zf-C2H2,SCAN,zf-C2H2_jaz,zf-H2C2_2,CxxC_CxxC_SSSS,zf-C2HC_2,FYDLN_acid,zf-C2H2_6,zf-LYAR"
I3L216,"zf-C2H2_4,zf-C2H2,zf-C2H2_jaz,zf-met,XPA_N,zf-H2C2_2,HypA,GAGA,C1_1,C1_4,zinc_ribbon_5,Stig1,HTH_Tnp_ISL3,DUF2321,zf-C2H2_6,DUF1407,Prok-RING_1,AAA_22,LIM,DNA_RNApol_7kD,zf-trcl,zinc_ribbon_4,CxxC_CxxC_SSSS,CpXC,FYDLN_acid,zf-LYAR"
I3L2F8,"DivIC,bZIP_Maf,bZIP_2,bZIP_1,DUF1192"
I3L2J0,"HMG_box,DUF1898"
I3L383,"Homeobox,Homeobox_KN"
I3L3K7,"TIG,RHD"
I3L3R1,"Homeobox,Homeobox_KN"
I3L417,"zf-C2H2_4,zf-C2H2,TFIIS_C,Herpes_LMP1,zf-C2H2_jaz,KRAB,XPA_N,zf-H2C2_2,CxxC_CxxC_SSSS,Yippee,RRN7,zf-C2H2_6,zf-LYAR"
I3L4R4,"Shugoshin_N,FlaC_arch,bZIP_2,HALZ,bZIP_1"
I3NI39,"zf-C2H2_4,C1_4,zf-C2H2,SCAN,zf-C2H2_jaz,KRAB,Rad50_zn_hook,zf-H2C2_2,CxxC_CxxC_SSSS,FYDLN_acid,zf-C2H2_6,BolA"
I6LM39,MBD
I6ZVX6,Fork_head
I7HIK6,"zf-C2H2_4,C1_4,zf-C2H2,zf-C2H2_jaz,KRAB,XPA_N,zf-H2C2_2,CxxC_CxxC_SSSS,C1_1,zf-C2H2_6,BolA"
J3JS70,zf-C4
J3JS71,"Nuc_recep-AF1,Hormone_recep,zf-C4"
J3KN52,Ets
J3KNN9,"zf-C2H2_4,zf-C2H2,CAP_N,zf-met,CCAP,zf-H2C2_2,Ofd1_CTDD,WT1"
J3KNQ6,"zf-C2H2_4,zf-C2H2,CHORD,zf-C2H2_jaz,zf-met,zf-H2C2_2,zf-C2HC_2"
J3KNV1,"zf-C2H2_4,zf-C2H2,DUF3279,zf-C2H2_jaz,zf-C2H2_6,EutQ"
J3KPG0,"HTH_Tnp_IS1,HTH_29,Homeobox_KN,Homeobox,HTH_23,PAX"
J3KPG5,"Bromodomain,PHD,SAPS,DDT,MBD"
J3KPM9,"STAT_int,NPV_P10,STAT_bind,STAT_alpha,SH2,Sec20"
J3KPQ3,"Hormone_recep,zf-C4"
J3KQH6,"SAM_1,DUF1471,SAM_PNT,zf-FCS,SAM_2"
J3KR46,"pKID,bZIP_2,bZIP_1"
J3KS51,Myb_DNA-binding
J3KSH6,"HLH,Hairy_orange"
J3KT56,"zf-C2H2_4,zf-C2H2,Zn_ribbon_recom,Prok-RING_2,YhfH,zf-C2H2_jaz,XPA_N,zf-met,zf-H2C2_2,Yippee,HypA,A2L_zn_ribbon,C1_4,TFIIS_C,HTH_Tnp_ISL3,Zn_Tnp_IS1595,RNA_pol_Rpb2_7,zf-C2H2_6,DZR,LIM,DNA_RNApol_7kD,zf-trcl,CxxC_CxxC_SSSS,BHD_1,zf-LYAR,BolA"
J3KTI4,"zf-C2H2_4,zf-C2H2,zf-C2H2_jaz,zf-met,zf-H2C2_2,zf-C2H2_2,zf-C2HC_2,zf-C2H2_6"
J3QLN9,"Myb_DNA-bind_4,HTH_AsnC-type,Myb_DNA-bind_6,HTH_38,Myb_DNA-binding"
J9JID5,"zf-C2H2_4,zf-RING_3,zf-C2H2,zf-C2H2_jaz,zf-met,zf-H2C2_2,zf-C2H2_2,Zn_Tnp_IS1595,zf-C2HC_2,zf-C2H2_6"
K4DIA4,"Heme_oxygenase,IRF"
K4DIA5,"Heme_oxygenase,IRF"
K7EID0,"HLH,RNA_pol_Rpb4"
K7EIF9,"STAT_alpha,SH2,STAT_bind"
K7EIJ2,"DUF1955,NusB,MH1,Ded_cyto,Prefoldin,Glycos_transf_N"
K7EIK6,"zf-C2H2_4,zf-C2H2,zf-C2H2_jaz,KRAB,XPA_N,zf-H2C2_2,Zn_Tnp_IS1595,zf-C2H2_6"
K7EJ04,"Totivirus_coat,ARID"
K7EJB0,"DUF2270,NfI_DNAbd_pre-N,MH1"
K7EJR0,"PHD_2,zf-CXXC,PHD"
K7EK35,"STAT_int,STAT_bind,STAT_alpha,Hemerythrin,SH2"
K7EKB9,"DUF4349,HLH,CDC45"
K7EKT4,"zf-C2H2_4,CpXC,zf-C2H2,zf-CHCC,Di19,zf-C2H2_jaz,C1_3,zf-H2C2_2,zf-C2H2_2,GAGA,Zn_Tnp_IS1595,zf-H2C2_5,zf-DNA_Pol"
K7EL15,"DUF1955,NusB,MH1,Ded_cyto,Prefoldin,Glycos_transf_N"
K7EL18,"DUF1955,NusB,MH1,Ded_cyto,Prefoldin,Glycos_transf_N"
K7ELK2,"IRF-3,Prefoldin,MH2,MH1"
K7ELQ4,"zf-C2H2_4,zf-C2H2,Microtub_assoc,bZIP_Maf,bZIP_2,bZIP_1"
K7ELU1,"zf-C2H2_4,zf-C2H2,zf-C2H2_jaz,XPA_N,zf-H2C2_2,Yippee,SH2,C1_4,zf-RING_3,B12D,HTH_Tnp_ISL3,Zn_Tnp_IS1595,zf-C2H2_6,IGPD,KRAB,GATA,DNA_RNApol_7kD,zf-BED,CxxC_CxxC_SSSS,BolA"
K7EMM4,HLH
K7EMP1,"PSD5,C2"
K7EMT8,POP1
K7EN08,"MH1,CTF_NFI"
K7ENH8,HLH
K7ENM7,"zf-C2H2_4,zf-C2H2,zf-C2H2_jaz,KRAB,XPA_N,zf-H2C2_2,CxxC_CxxC_SSSS,zf-C2H2_6,BolA"
K7EP39,"zf-C2H2_4,C1_4,zf-C2H2,zf-C2H2_jaz,KRAB,Ribosomal_L17,XPA_N,zf-H2C2_2,CxxC_CxxC_SSSS,HTH_Tnp_ISL3,Ring_hydroxyl_B,Zn_Tnp_IS1595,zf-C2H2_6,zf-LYAR,BolA"
K7EPS2,"DUF4349,HLH,CDC45"
K7EPW3,"zf-C2H2_4,C1_4,zf-C2H2,DNA_RNApol_7kD,zf-C2H2_jaz,zf-trcl,KRAB,zf-H2C2_2,Yippee,HTH_18,zf-H2C2_5,FYDLN_acid,zf-C2H2_6,zf-UBP"
K7EQA0,"Cdc6_C,RFX_DNA_binding,Pox_D5"
K7EQN6,"zf-C2H2_4,zf-C2H2,Di19,zf-C2H2_jaz,C1_3,Rad50_zn_hook,zf-H2C2_2,zf-C2H2_2,GAGA,zf-H2C2_5,zf-DNA_Pol"
K7EQV7,"zf-C2H2_4,C1_4,zf-C2H2,zf-C2H2_jaz,KRAB,zf-met,zf-H2C2_2,CxxC_CxxC_SSSS,Luteo_Vpg,Zn_Tnp_IS1595,zf-C2H2_6"
K7ER43,"zf-C2H2_4,zf-RING_3,zf-C2H2,zf-BED,zf-C2H2_jaz,zf-trcl,KRAB,zf-met,XPA_N,zf-H2C2_2,CxxC_CxxC_SSSS,Zn_Tnp_IS1595,zf-C2HC_2,zf-C2H2_6"
K7ER53,RHD
K7ERX2,Ets
K7ERZ7,"DUF4349,HLH,RR_TM4-6,CDC45"
K7ES96,MH1
K9JA49,CBFB_NFYA
M0QWZ8,"zf-C2H2_4,zf-C2H2,C1_3,zf-C2H2_jaz,XPA_N,zf-met,zf-H2C2_2,Yippee,C1_1,C1_4,TFIIS_C,zf-AN1,HTH_Tnp_ISL3,Zn_Tnp_IS1595,zf-C2H2_6,DZR,LIM,GATA,zf-BED,DNA_RNApol_7kD,CxxC_CxxC_SSSS,HTH_18,zf-LYAR,BolA"
M0QX90,"zf-C2H2_4,zf-RING_3,zf-C2H2,C1_3,KRAB,zf-H2C2_2,CxxC_CxxC_SSSS,zf-C2H2_6,zf-LYAR"
M0QXK7,DED
M0QYE6,"CBFNT,zf-C4"
M0QYK9,DED
M0QYU7,"DivIC,HLH,FlxA,LMBR1,DUF972,DUF2100,DUF827,IncA,HALZ,TACC,NEMO,Fer4_8"
M0QZH7,DM
M0QZW5,"Fork_head,Fork_head_N"
M0R0A3,"zf-C2H2_4,zf-C2H2,YhfH,zf-C2H2_jaz,XPA_N,zf-met,zf-H2C2_2,HypA,C1_1,TFIIS_C,zinc_ribbon_5,zf-AN1,HTH_Tnp_ISL3,Zn_Tnp_IS1595,zf-C2H2_6,FYVE,Prok-RING_1,LIM,GATA,DNA_RNApol_7kD,zf-trcl,zinc_ribbon_4,CxxC_CxxC_SSSS,zf-C2HC_2,CpXC,Ribosomal_L44,BolA"
M0R0K3,"Hormone_recep,CBFNT,zf-C4"
M0R0R9,TFIIF_alpha
M0R0Z3,TFIIF_alpha
M0R1I6,"Homeobox,Homeobox_KN"
M0R1V8,zf-C4
M0R1Z9,DM
M0R230,"zf-C2H2_4,zf-C2H2,DNA_RNApol_7kD,zf-C2H2_jaz,KRAB,XPA_N,zf-H2C2_2,CxxC_CxxC_SSSS,HTH_Tnp_ISL3,zf-C2H2_6,A2L_zn_ribbon"
M0R2D7,DM
M0R2F9,"Hormone_recep,CBFNT,zf-C4"
M0R2M9,HLH
M1S623,"Homeobox_KN,Homeobox,Pou,DUF521"
M9RSF4,"IRF,IRF-3"
O14790,"HMG_box,DUF1898,MAT_Alpha1,AXH"
O14945,"zf-C2H2_4,zf-C2H2,CHORD,zf-C2H2_jaz,zf-met,zf-H2C2_2,zf-H2C2_5"
O43338,"zf-C2H2_4,C1_4,CpXC,zf-C2H2,DNA_RNApol_7kD,zf-C2H2_jaz,XPA_N,zf-H2C2_2,HTH_Tnp_ISL3,CxxC_CxxC_SSSS,Zn_Tnp_IS1595,zf-H2C2_5,zf-C2H2_6"
O43392,"HLH,PAS_4,PAS,PAS_3"
O75805,Homeobox
O75806,"Hox9_act,Homeobox"
P0CB33,"zf-C2H2_4,zf-C2H2,C1_3,zf-C2H2_jaz,XPA_N,zf-H2C2_2,C1_4,HTH_Tnp_ISL3,Zn_Tnp_IS1595,zf-C2H2_6,Desulfoferrod_N,C1_2,KRAB,DNA_RNApol_7kD,zf-trcl,DUF1610,CxxC_CxxC_SSSS,DUF164,BHD_1,BolA"
P0CB48,"V_ATPase_I,DHC,HMG_box,DUF1898,DUF1014"
P0CG24,"zf-C2H2_4,C1_4,zf-C2H2,zf-BED,zf-C2H2_jaz,zf-CHY,zf-AN1,zf-met,XPA_N,zf-H2C2_2,CxxC_CxxC_SSSS,HTH_Tnp_ISL3,Ring_hydroxyl_B,Zn_Tnp_IS1595,Yippee,FYDLN_acid,zf-C2H2_6"
P0CI00,"zf-C2H2_4,zf-C2H2,KRAB,XPA_N,zf-H2C2_2,zf-Sec23_Sec24,GAGA,DUF3198"
P0CJ85,"Homeobox,HTH_26,CENP-B_N,Homeobox_KN"
P0CJ86,"Homeobox,HTH_26,CENP-B_N,Homeobox_KN"
P0CJ87,"Homeobox,HTH_26,CENP-B_N,Homeobox_KN"
P0CJ88,"Homeobox,HTH_26,CENP-B_N,Homeobox_KN"
P0CJ89,"Homeobox,HTH_26,CENP-B_N,Homeobox_KN"
P0CJ90,"Homeobox,HTH_26,CENP-B_N,Homeobox_KN"
P0DPD5,"zf-C2H2_4,zf-C2H2,YEATS,Prok-RING_2,C1_3,zf-C2H2_jaz,XPA_N,zf-H2C2_2,C1_4,zf-AN1,HTH_Tnp_ISL3,Zn_Tnp_IS1595,zf-C2H2_6,Desulfoferrod_N,Prok-RING_1,ROS_MUCR,KRAB,DNA_RNApol_7kD,DUF1610,CxxC_CxxC_SSSS,DUF164,BolA"
Q05BW2,"HLH,HTH_20,DUF3287,DUF1895,GvpL_GvpF"
Q05BX2,"DUF4227,HJURP_C,DUF3818,tRNA-synt_1d,SRF-TF"
Q05C20,DM
Q05CG0,"Merozoite_SPAM,ARID,Upf2,RBB1NT,Nucleoplasmin"
Q05CX9,Fork_head
Q05GC8,"zf-C2H2_4,zf-C2H2,zf-C2H2_jaz,zf-met,zf-H2C2_2,zf-C2H2_2,zf-C2H2_6,ELM2,Myb_DNA-binding"
Q0PRL4,"eIF-3_zeta,Fork_head,Otopetrin,Plasmodium_Vir"
Q0PTK2,"ERbeta_N,Oest_recep,Hormone_recep,zf-C4"
Q0VAH5,"zf-C2H2_4,zf-C2H2,zf-CHCC,FYVE,zf-C2H2_jaz,zf-CHY,zf-met,Rad50_zn_hook,zf-H2C2_2,zf-C2H2_2,zf-C2H2_6"
Q0VG01,"zf-C2H2_4,zf-C2H2,NuA4,zf-C2H2_jaz,KRAB,zf-met,XPA_N,zf-H2C2_2,CxxC_CxxC_SSSS,zf-C2H2_6,BolA"
Q0VGA0,"zf-C2H2_4,zf-H2C2_2,zf-C2H2,TP1"
Q12777,"Homeobox_KN,Homeobox,QLQ,Pax7,HA"
Q13088,"zf-C2H2_4,zf-C2H2,zf-C2H2_jaz,DUF1610,zf-met,zf-H2C2_2,Homeobox,zf-C2H2_6"
Q13344,"RRM_1,RRM_6,RRM_5,zf-RanBP"
Q14268,"Oest_recep,zf-C4"
Q14548,Homeobox
Q14663,"Ig_2,LAG1-DNAbind,TIG,BTD"
Q14C61,"zf-C2H2_4,zf-C2H2,YhfH,zf-C2H2_jaz,C1_3,XPA_N,zf-H2C2_2,C1_1,TFIIS_C,zf-AN1,HTH_Tnp_ISL3,Zn_Tnp_IS1595,zf-C2H2_6,zf-UBP,Prok-RING_1,KRAB,DZR,CxxC_CxxC_SSSS,BolA"
Q14DW8,"Homeobox_KN,Homeobox,MerR_1,DUF3528"
Q152R5,T-box
Q15552,"zf-C2H2_4,zf-C2H2,zf-MYND,zinc_ribbon_5,zf-H2C2_2,Zn_Tnp_IS1595,zf-H2C2_5,DZR"
Q1M183,"GVQW,AT_hook"
Q1PHK2,"zf-C2H2_4,zf-C2H2,CHORD,zf-C2H2_jaz,EpoR_lig-bind,zf-met,zf-H2C2_2"
Q1PHK3,"zf-C2H2_4,zf-C2H2,CHORD,zf-C2H2_jaz,EpoR_lig-bind,zf-met,zf-H2C2_2"
Q1PHK4,"zf-C2H2_4,zf-C2H2,zf-C2H2_jaz,EpoR_lig-bind,zf-met,zf-H2C2_2"
Q1RMZ5,"zf-C2H2_4,zf-C2H2,zf-C2H2_jaz,zf-met,zf-H2C2_2,BTB,GAGA,zf-C2HC_2,zf-C2H2_6"
Q24JS6,"zf-C2H2_4,C1_4,DUF1806,zf-RING_3,zf-C2H2,Rpr2,BHD_1,zf-C2H2_jaz,zf-trcl,KRAB,zf-met2,XPA_N,zf-H2C2_2,CxxC_CxxC_SSSS,DUF82,Zn_Tnp_IS1595,zf-C2H2_6"
Q25QX8,"zf-C2H2_4,zf-C2H2,BHD_1,zf-C2H2_jaz,KRAB,zf-met,zf-H2C2_2,CxxC_CxxC_SSSS,Yippee,zf-C2HC_2,zf-C2H2_6,zf-LYAR,BolA"
Q29RW8,"zf-C2H2_4,zf-C2H2,Zn_ribbon_recom,UPF0547,zf-ribbon_3,YhfH,zf-C2H2_jaz,zf-met,XPA_N,zf-H2C2_2,Yippee,GAGA,C1_1,C1_4,zf-RING_3,TFIIS_C,zf-AN1,HTH_Tnp_ISL3,Zn_Tnp_IS1595,zf-C2H2_6,zinc_ribbon_2,Prok-RING_1,KRAB,LIM,DNA_RNApol_7kD,zf-BED,CxxC_CxxC_SSSS,CpXC,Ribosomal_L44,BolA"
Q2A130,"zf-H2C2_2,Transposase_22,KRAB"
Q2VP97,"zf-C2H2_4,C1_4,zf-C2H2,DUF2180,zinc_ribbon_5,zf-C2H2_jaz,Trm112p,zinc_ribbon_4,zf-H2C2_2,CxxC_CxxC_SSSS,FYDLN_acid,zf-C2H2_6,Ribosomal_L31,zf-DNA_Pol"
Q32MA5,"zf-C2H2_4,zf-C2H2,zf-C2H2_jaz,zf-met,zf-H2C2_2,zf-H2C2_5,zf-C2H2_6,GATA"
Q32MN6,"TBP,Pollen_allerg_2,DUF3378"
Q32Q63,"zf-C2H2_4,zf-RING_3,zf-C2H2,Zn_ribbon_recom,zf-C2H2_jaz,zf-met,zf-H2C2_2,CxxC_CxxC_SSSS,HypA,zf-C2H2_2,zf-C2HC_2,zf-H2C2_5,zf-C2H2_6"
Q3KNT2,Ets
Q3LIB3,DUF2924
Q3SB16,"FadA,DUF1140,zf-C4"
Q3SWV5,TFIIIC_sub6
Q3SY65,"Sgf11,DUF581,Homeobox,zf-dskA_traR,LIM,Homeobox_KN"
Q3ZCM9,"Homeobox,Homeobox_KN,Homez"
Q3ZCT4,"HLH,PAS,PAS_3,PAS_9,RNA_pol_Rpb4"
Q499G6,"Herpes_IE68,GTF2I"
Q49A33,"zf-C2H2_4,zf-C2H2,Zn_ribbon_recom,Evr1_Alr,Prok-RING_2,HTH_Tnp_IS66,C1_3,zf-C2H2_jaz,Ogr_Delta,YhfH,XPA_N,zf-H2C2_2,HypA,GAGA,C1_1,C1_4,TFIIS_C,HNH,zf-AN1,DUF2256,HTH_Tnp_ISL3,YyzF,Zn_Tnp_IS1595,DUF2321,RRN7,zf-Mss51,zf-C2H2_6,DUF2175,zf-MYND,C1_2,Desulfoferrod_N,DUF1407,FYVE,Prok-RING_1,zf-HIT,Tnp_zf-ribbon_2,PHD,ZZ,SprT-like,LIM,DNA_RNApol_7kD,zf-trcl,DUF1610,CxxC_CxxC_SSSS,DUF164,CpXC,FYDLN_acid,Ribosomal_L44,zf-LYAR"
Q4FD37,"zf-C2H2_4,zf-RING_3,zf-C2H2,zf-CHCC,zinc_ribbon_5,DUF680,XPA_N,zf-H2C2_2,Zn_Tnp_IS1595,zf-MYND,DZR"
Q4G0T0,"zf-C2H2_4,Elf1,zf-C2H2,Zn_Tnp_IS1,zf-BED,zf-C2H2_jaz,zf-met,zf-H2C2_2,zf-C2H2_2,zf-C2HC_2,zf-H2C2_5,RRN7,zf-C2H2_6"
Q4G180,"zf-C2H2_4,zf-C2H2,Desulfoferrod_N,Prok-RING_2,DNA_RNApol_7kD,C1_3,zf-C2H2_jaz,zf-trcl,zf-AN1,KRAB,XPA_N,zf-met,zf-H2C2_2,CxxC_CxxC_SSSS,HTH_Tnp_ISL3,Zn_Tnp_IS1595,DUF164,zf-C2H2_6"
Q4JHB5,Fork_head
Q4JHB6,Fork_head
Q4JHB7,Fork_head
Q4KMQ4,"zf-C2H2_4,zf-C2H2,zf-C2H2_jaz,zf-met,Rad50_zn_hook,zf-H2C2_2,zf-H2C2_5"
Q4LE66,"Pex14_N,HJURP_C,SRF-TF"
Q4V348,"zf-C2H2_4,C1_4,zf-C2H2,DUF3280,zf-C2H2_jaz,Ham1p_like,zf-met,XPA_N,zf-H2C2_2,CxxC_CxxC_SSSS,HTH_Tnp_ISL3,Zn_Tnp_IS1595,zf-C2H2_6,zf-LYAR"
Q4VAU3,"CC,Homeobox,Homeobox_KN,Caudal_act"
Q4VAU5,"Homeobox,CC"
Q4W4C6,"PPARgamma_N,DUF1319,zf-C4"
Q4W4C7,"PPARgamma_N,DUF1319,zf-C4"
Q52MY1,"HMG_box,DUF1898"
Q52MY2,"HMG_box,DUF1898"
Q53EK5,T-box
Q53EL4,"Hormone_recep,zf-C4"
Q53EM1,"zf-C2H2_4,zf-RING_3,zf-C2H2,zf-BED,zf-C2H2_jaz,zf-met,XPA_N,zf-H2C2_2,zf-H2C2_5,BTB,HTH_18,zf-C2HC_2,C1_1,Zn_Tnp_IS1595,CxxC_CxxC_SSSS,zf-C2H2_2,zf-C2H2_6"
Q53EU0,"HLH,PAS,PAS_9,PAS_3"
Q53EU2,"Elf1,DUF2387,CxxC_CxxC_SSSS,eIF-5_eIF-2B,GATA-N,TF_Zn_Ribbon,Zn_Tnp_IS1595,Prim_Zn_Ribbon,DZR,GATA"
Q53EW1,"PPARgamma_N,Hormone_recep,zf-C4"
Q53F47,"Matrix,Histone,CBFD_NFYB_HMF"
Q53FG3,DZF
Q53FM1,"zf-C2H2_4,zf-C2H2,CHORD,zf-C2H2_jaz,zf-met,zf-H2C2_2,zf-C2HC_2"
Q53FW7,"SAM_PNT,Ets,GABP-alpha"
Q53HP8,"PspA_IM30,Jun,bZIP_Maf,bZIP_2,DUF904,Jnk-SapK_ap_N,bZIP_1"
Q53S87,"STAT_int,NPV_P10,STAT_bind,STAT_alpha,CRC_subunit,SH2"
Q53SM6,"HIF-1,HIF-1a_CTAD,PAS,HLH,PAS_3,PAS_9,PAS_4"
Q53SU3,"Homeobox,Homeobox_KN,Homez"
Q53TD0,"SAND,HMG_box,DUF1898,Sp100,DUF3195"
Q53TD9,"zf-C2H2_4,zf-C2H2,zf-C2H2_jaz,zf-met,zf-H2C2_2,Homeobox,zf-C2H2_2,zf-H2C2_5,zf-C2H2_6"
Q53Y49,Fork_head
Q53YC7,"CENP-B_N,NUC130_3NT,Sec15,DUF1319,HTH_3,UCH,Homez,HTH_26,Homeobox,HTH_19,PBC,Homeobox_KN"
Q53YM3,"TrmB,BRCA-2_OB3,E2F_TDP"
Q548T7,"Fork_head,Ribosomal_L27e"
Q58EY0,"DUF4047,Hormone_recep,zf-C4"
Q58F18,"Orbi_VP3,SpoIIIAH,Homeobox,LIM,Homeobox_KN"
Q58F28,Med26
Q59EC8,"DUF3347,zf-CXXC,zf-CpG_bind_C"
Q59F41,"ERbeta_N,Oest_recep,Hormone_recep,zf-C4"
Q59FS0,"DUSP,SR-25,GTF2I"
Q59FT1,"TBX,T-box"
Q59FT3,"Homeobox,MEI4-Rec24,CUT"
Q59FU3,"Secretin_N,DUF1897,KH_5,KH_1,KH_4,KH_3,KH_2"
Q59FW3,"DUF3921,Hormone_recep,zf-C4"
Q59G24,"PC4,QLQ"
Q59G74,"HLH,Rhabdo_glycop"
Q59GC4,E2F_TDP
Q59GD2,"Homeobox_KN,Homeobox,PAX,HTH_32"
Q59GI1,SRF-TF
Q59GL0,"zf-C2H2_4,zf-C2H2,zf-met"
Q59GQ3,"BCDHK_Adom3,Hormone_recep,zf-C4"
Q59GY7,"STAT_int,STAT_bind,STAT_alpha,Hemerythrin,SH2"
Q59H30,"DUF972,Kinetocho_Slk19,bZIP_Maf,bZIP_2,DUF904,bZIP_1"
Q59H39,"STAT_alpha,STAT_int,SH2,STAT_bind"
Q59H57,"RRM_1,RRM_6,RRM_5,zf-RanBP"
Q59HG5,"zf-C2H2_4,zf-C2H2,YhfH,zf-C2H2_jaz,XPA_N,zf-met,zf-H2C2_2,Yippee,C1_1,C1_4,TFIIS_C,zf-AN1,HTH_Tnp_ISL3,Zn_Tnp_IS1595,zf-C2H2_6,FYVE,Prok-RING_1,KRAB,ZZ,DZR,GATA,zf-BED,DNA_RNApol_7kD,zf-trcl,CxxC_CxxC_SSSS,CpXC,Ribosomal_L44,BolA"
Q59HH0,"Rb_C,RB_A,DUF3452,RB_B,Ribosomal_60s"
Q59HH1,"zf-C2H2_4,zf-C2H2,DUF629,Zn_ribbon_2,zf-C2H2_jaz,zf-met,XPA_N,zf-H2C2_2,BTB,zf-C2H2_2,GAGA,zf-C2H2_6"
Q5EC54,"Phi-29_GP3,KH_5,KH_1,KH_4,KH_3,KH_2,ROKNT"
Q5FBX3,IRF
Q5IRN4,"RRM_1,RRM_6,HJURP_C,SRF-TF,RRM_5"
Q5JRI7,"Prok-RING_2,TFIIS_M,Med26"
Q5JRY3,"HMG_box,DUF1898,MAT_Alpha1"
Q5JRY4,"HMG_box,DUF1898,Rer1,MAT_Alpha1,CTNNB1_binding"
Q5JS98,"Sec15,DUF1319,UCH,IMD,Homeobox,PBC,Homeobox_KN"
Q5JSB5,"DP,E2F_TDP"
Q5JTV1,"SAND,IncA"
Q5QHG3,"FadA,DUF1140,Hormone_recep,zf-C4"
Q5QPV1,"LAG1-DNAbind,BTD"
Q5SZP1,"Pax2_C,HTH_Tnp_IS1,Ribosomal_S13_N,Homeobox,HTH_32,HTH_29,HTH_23,PAX"
Q5T282,zf-SNAP50_C
Q5T284,zf-SNAP50_C
Q5T427,"zf-C2H2_4,zf-C2H2,zf-C2H2_jaz,zf-met,zf-H2C2_2,zf-C2H2_2,Mu-like_Com"
Q5T4L1,"bZIP_2,bZIP_1"
Q5T6F6,"zf-FPG_IleRS,zf-RING_2,zf-C3HC4_2,zf-P11,zf-C4"
Q5T6K5,"Fucose_iso_C,Histone,TFIIA,CBFD_NFYB_HMF,CENP-X,PAT1,Med15"
Q5T6K7,"CENP-X,Histone,CBFD_NFYB_HMF"
Q5T942,"zf-C2H2_4,zf-C2H2,Rota_NS35,APP_N,zf-H2C2_2,BTB,DUF3342"
Q5TF93,"HLH,DUF3772,Hairy_orange"
Q5U0J0,E2F_TDP
Q5U0J5,"bZIP_2,pKID,bZIP_1,bZIP_Maf"
Q5U0N9,"Hormone_recep,zf-C4"
Q5U0P5,"DUF1364,Myf5,HLH,Basic"
Q5U0R0,"Spt5_N,HLH,Neuro_bHLH"
Q5UW39,"zf-C2H2_4,Fibrinogen_C,zf-C2H2,zf-BED,zf-C2H2_jaz,zf-met,zf-H2C2_2,BTB,CpXC"
Q5VV16,Fork_head
Q5VV50,"zf-C2H2_4,PHF5,zf-C2H2,Zn_ribbon_recom,C1_3,zf-C2H2_jaz,YhfH,zf-met,XPA_N,zf-H2C2_2,Yippee,C1_1,C1_4,TFIIS_C,HNH,zf-AN1,HTH_Tnp_ISL3,Zn_Tnp_IS1595,zf-C2H2_6,zinc_ribbon_2,Prok-RING_1,zf-HIT,zf-H2C2_5,DZR,LIM,DNA_RNApol_7kD,zf-BED,CxxC_CxxC_SSSS,zf-C2HC_2,FYDLN_acid,BolA"
Q5VVR7,"HMG_box,DUF1898,CTNNB1_binding"
Q5VVR8,"HMG_box,DUF1898,Rer1,MAT_Alpha1,CTNNB1_binding"
Q5W0Y9,"HTH_29,DIX,NfI_DNAbd_pre-N,MH1"
Q60F94,"zf-C2H2_4,Sgf11,zf-C2H2,Zn_ribbon_recom,Di19,zf-C2H2_jaz,zf-met,zf-H2C2_2,HypA,Rubredoxin,zf-RING_3,zinc_ribbon_5,zf-AN1,Tmemb_55A,zf-C2H2_6,zf-H2C2_5,DZR,Elf1,zf-RING_2,zf-C3HC4_2,zinc_ribbon_4,CxxC_CxxC_SSSS,zf-C2H2_2"
Q60F95,"zf-C2H2_4,Sgf11,zf-C2H2,Zn_ribbon_recom,Di19,zf-C2H2_jaz,zf-met,zf-H2C2_2,HypA,Rubredoxin,zf-RING_3,zinc_ribbon_5,zf-AN1,Tmemb_55A,zf-C2H2_6,zf-H2C2_5,DZR,Elf1,zf-RING_2,zinc_ribbon_4,CxxC_CxxC_SSSS,zf-C2H2_2,zf-C2HC_2"
Q63HJ5,"zf-C2H2_4,zf-H2C2_2,zf-C2H2,zf-H2C2_5"
Q63HN4,"zf-C2H2_4,zf-C2H2,PGAMP,KRAB,XPA_N,zf-H2C2_2,CxxC_CxxC_SSSS,zf-C2H2_6"
Q658K5,"Hormone_recep,zf-C4"
Q658S5,"zf-C2H2_4,C1_4,zf-C2H2,zf-C2H2_jaz,KRAB,XPA_N,zf-met,zf-H2C2_2,CxxC_CxxC_SSSS,C1_1,zf-C2H2_6,BolA"
Q658Y5,TIG
Q68CP0,"zf-C2H2_4,zf-H2C2_2,zf-C2H2,zf-H2C2_5"
Q68CY6,"zf-C2H2_4,zf-C2H2,Zn_ribbon_recom,YhfH,zf-C2H2_jaz,XPA_N,zf-met,zf-H2C2_2,C1_4,zf-AN1,HTH_Tnp_ISL3,Zn_Tnp_IS1595,zf-MYND,zf-C2H2_6,Prok-RING_1,Siva,LIM,zf-BED,CxxC_CxxC_SSSS,HTH_18,Ribosomal_L44,BolA"
Q68CY8,"Hormone_recep,zf-C4"
Q68D63,"zf-C2H2_4,C1_4,zf-C2H2,TFIIS_C,zf-C2H2_jaz,zf-trcl,zf-AN1,KRAB,XPA_N,zf-H2C2_2,CxxC_CxxC_SSSS,Zn_Tnp_IS1595,zf-C2H2_6,zf-LYAR"
Q68DU4,"zf-C2H2_4,zf-C2H2,Desulfoferrod_N,NuA4,zinc_ribbon_5,DNA_RNApol_7kD,zf-C2H2_jaz,zinc_ribbon_4,PHD,XPA_N,zf-H2C2_2,CxxC_CxxC_SSSS,HTH_Tnp_ISL3,zf-C2H2_6,BolA"
Q69YM3,"TBX,T-box"
Q6AW80,zf-C4
Q6AZW6,"DUF4407,DUF972,bZIP_Maf,bZIP_2,bZIP_1,DUF2205"
Q6DHZ8,"zf-C2H2_4,Homeobox,Homeobox_KN,zf-H2C2_5"
Q6E433,"PC4,Methyltrn_RNA_4,QLQ,DUF2128"
Q6FG31,"Homeobox,Homeobox_KN"
Q6FG56,Ets
Q6FHK0,"HAP1_N,Striatin,DivIC,PspA_IM30,TMF_DNA_bd,Jun,bZIP_Maf,FlaC_arch,bZIP_2,DUF904,Seryl_tRNA_N,Jnk-SapK_ap_N,bZIP_1,DUF3450"
Q6FHW4,"HMG_box,DUF1898,CTNNB1_binding"
Q6FHY0,"FadA,DUF1140,Hormone_recep,zf-C4"
Q6FI30,"MH1,NfI_DNAbd_pre-N,CTF_NFI"
Q6GZ75,"Hormone_recep,zf-C4"
Q6I9R9,"Hormone_recep,zf-C4"
Q6I9S1,"Hormone_recep,PAN_3,zf-C4"
Q6IB50,"Homeobox,Homeobox_KN"
Q6IB83,"HLH,Oscp1,Hairy_orange"
Q6IBK5,TFIIF_alpha
Q6IBT9,"HMG_box,DUF1898,KLRAQ,LOH1CR12"
Q6IBU6,"Hormone_recep,CBFNT,zf-C4"
Q6ICP0,"DivIC,V_ATPase_I,GAS,DUF4200,IncA,HOOK,bZIP_2,APG6,AAA_13,bZIP_1,HAP1_N"
Q6IPL9,AT_hook
Q6IPQ7,"Hormone_recep,zf-C4"
Q6ISE0,"Homeobox,LIM,Homeobox_KN"
Q6L9M1,PPARgamma_N
Q6LES8,"YABBY,HMG_box,DUF1898,NAD_binding_9,DUF1074"
Q6MZZ4,"PAPA-1,Ets"
Q6NSM0,"PAN_3,zf-C4"
Q6NUN2,"dsrm,R3H,G-patch,G-patch_2"
Q6P0Y2,Fork_head
Q6P3U7,"Med3,Nuc_recep-AF1,Hormone_recep,zf-C4"
Q6P495,"zf-C2H2_4,zf-C2H2_6,EutQ,zf-C2H2"
Q6P6D5,"zf-C2HC,MYT1,IBR,zf-RING-like"
Q6PJQ2,"zf-C2H2_4,zf-C2H2,zf-C2H2_jaz,zf-met,Rad50_zn_hook,zf-H2C2_2,zf-H2C2_5,zf-C4_ClpX"
Q6PJR5,"Bromodomain,PHD,M60-like,zf-UBR,PWWP"
Q6PJU3,"DUF4349,HLH,RR_TM4-6,CDC45"
Q6PKH2,"Homeobox,Homeobox_KN"
Q6V3B1,"HLH,LepA_C,IncA,CENP-Q,PMBR,Ax_dynein_light"
Q6ZMM6,"Hormone_recep,zf-C4"
Q6ZMV8,"zf-C2H2_4,zf-C2H2,YEATS,Evr1_Alr,Prok-RING_2,C1_3,zf-C2H2_jaz,XPA_N,zf-H2C2_2,DUF1495,C1_4,zf-AN1,HTH_Tnp_ISL3,Zn_Tnp_IS1595,zf-C2H2_6,Desulfoferrod_N,KRAB,SprT-like,DNA_RNApol_7kD,DUF1610,CxxC_CxxC_SSSS,DUF164,BolA"
Q6ZN08,"zf-C2H2_4,C1_4,zf-C2H2,Desulfoferrod_N,C1_3,zf-C2H2_jaz,zf-trcl,KRAB,XPA_N,zf-H2C2_2,CxxC_CxxC_SSSS,Zn_Tnp_IS1595,DUF164,zf-C2H2_6"
Q6ZP45,"FCP1_C,Lipoprotein_19,AT_hook"
Q6ZP55,"zf-C2H2_4,C1_4,zf-C2H2,DUF1407,Prok-RING_1,C1_3,zf-C2H2_jaz,BHD_2,zf-met,XPA_N,zf-H2C2_2,CxxC_CxxC_SSSS,HTH_Tnp_ISL3,Zn_Tnp_IS1595,C1_1,A2L_zn_ribbon,zf-C2H2_6,BolA"
Q6ZQN5,Fork_head
Q6ZS99,"RRM_1,RRM_6,AvrE,DbpA,Limkain-b1,RRM_5"
Q6ZUQ0,"zf-C2H2_4,C1_4,zf-RING_3,zf-C2H2,Rpr2,zf-C2H2_jaz,zf-trcl,zf-CHY,KRAB,zf-met,cEGF,zf-H2C2_2,Chordopox_RPO7,zf-C2H2_6,LIM"
Q708E9,"Cmyb_C,Myb_DNA-bind_4,Myb_DNA-bind_6,Myb_DNA-bind_2,LMSTEN,Spore_III_AB,Myb_DNA-binding"
Q709A9,"DUF2547,Activator_LAG-3"
Q70T20,"bZIP_2,bZIP_1,DUF3552,bZIP_Maf"
Q70T21,"bZIP_2,bZIP_1,DUF3552,bZIP_Maf"
Q71A33,"AKNA,Maf_N,GAS,bZIP_Maf,bZIP_2,DUF904,Seryl_tRNA_N,bZIP_1,DUF1192"
Q71U35,"Myb_DNA-binding,TEA"
Q75KY0,"DUF342,HLH,DUF3371"
Q7Z2W0,"Hormone_recep,zf-C4"
Q7Z3A3,"HLH,PAS,PAS_2,PAS_3,PAS_9,PAS_4,PAS_6"
Q7Z3K7,"MH1,NfI_DNAbd_pre-N,CTF_NFI"
Q7Z4W9,"HLH,Neuro_bHLH"
Q7Z516,"Myb_DNA-bind_6,Myb_DNA-binding"
Q7Z5C4,HMG_box
Q7Z5C5,"HMG_box,DUF1898"
Q7Z5C6,"HMG_box,DUF1898"
Q7Z5C8,HMG_box
Q7Z5D8,"CDC45,GDPD,DUF1742,Homeobox,Atrophin-1"
Q7Z6E1,"zf-C2H2_4,C1_4,zf-C2H2,DNA_RNApol_7kD,zf-C2H2_jaz,zf-trcl,zf-H2C2_2,Yippee,HTH_18,zf-H2C2_5,FYDLN_acid,zf-C2H2_6,zf-UBP"
Q7Z6S5,"Otopetrin,DUF702,Pollen_allerg_2,HlyD_2,Spore_coat_CotO,Neur_chan_memb,zf-DHHC,AUX_IAA,DUF106,DUF1501,EIIBC-GUT_N,SAGA-Tad1,FemAB,Peptidase_S49_N,BRF1,Mem_trans,DDHD,Tim54,Cellulose_synt,PIH1,DUF853,Pex16,DUF1764,LMBR1,FLO_LFY,DUF1675,Band_3_cyto,DUF2215,Ctr,DUF966,TBP,NARP1,Lin-8,Hid1,DUF3210,Ycf1,DUF4045,MMR1,RR_TM4-6,PAT1,Plasmodium_Vir,OAD_gamma,Gti1_Pac2"
Q7Z6U2,"TBP,DUF3378"
Q86SR6,Ets
Q86TD5,"zf-C2H2_4,zf-C2H2,Zn_ribbon_recom,C1_3,zf-C2H2_jaz,XPA_N,zf-met,zf-H2C2_2,Yippee,GAGA,C1_1,C1_4,zf-AN1,HTH_Tnp_ISL3,zf-C2H2_6,Prok-RING_1,KRAB,DZR,Zn_Tnp_IS1,SCAN,Arc_trans_TRASH,DNA_RNApol_7kD,zf-trcl,CxxC_CxxC_SSSS,zf-C2HC_2,CpXC"
Q86TF7,"Homeobox,DUF2209,Homeobox_KN"
Q86TI1,"Homeobox,Homeobox_KN,Homez"
Q86TN1,"PAS_4,HLH,PAS,PAS_3"
Q86UC5,"FadA,DUF1140,Hormone_recep,zf-C4"
Q86WD1,"PPARgamma_N,Hormone_recep,zf-C4"
Q86Y64,"zf-C2H2_4,C1_4,zf-C2H2,Prok-RING_1,zf-BED,zf-C2H2_jaz,DNA_RNApol_7kD,KRAB,zf-met,zf-met2,zf-H2C2_2,CxxC_CxxC_SSSS,HTH_Tnp_ISL3,Zn_Tnp_IS1595,zf-C2HC_2,zf-C2H2_6,LIM,BolA"
Q8IVZ9,"Hormone_recep,zf-C4"
Q8IW09,"zf-C2H2_4,zf-C2H2,zf-C2H2_jaz,zf-H2C2_2,ADK_lid,zf-H2C2_5,zf-C2H2_6"
Q8IWK7,"zf-C2H2_4,zf-RING_3,zf-C2H2,zf-CHCC,zf-trcl,XPA_N,zf-C2H2_6,zf-H2C2_2,Zn_Tnp_IS1595,zf-MYND,RRN7,DZR"
Q8IXF4,Fork_head
Q8IYC6,"Ax_dynein_light,HLH,IncA,CENP-Q"
Q8IYR9,"HLH,Neuro_bHLH"
Q8IYS3,"SAM_PNT,Ets,GABP-alpha"
Q8IYZ2,"zf-C2H2_4,zf-C2H2,zf-C2H2_jaz,zf-met,zf-H2C2_2,zf-C2H2_2,zf-C2H2_6"
Q8N2S2,"zf-C2H2_4,zf-C2H2,Prok-RING_2,zf-C2H2_jaz,XPA_N,zf-H2C2_2,Yippee,C1_4,TFIIS_C,zf-AN1,HTH_Tnp_ISL3,Zn_Tnp_IS1595,zf-C2H2_6,EPTP,KRAB,DUF82,DZR,Rpr2,zf-BED,DNA_RNApol_7kD,zf-trcl,CxxC_CxxC_SSSS,DUF2175,BolA"
Q8N3P8,"zf-C2H2_4,C1_4,zf-C2H2,zf-C2H2_jaz,zf-H2C2_2,PDZ_1,CxxC_CxxC_SSSS,zf-C2H2_6"
Q8N3V2,"Hormone_recep,zf-C4"
Q8N561,"Hox9_act,Homeobox"
Q8N718,"zf-C2H2_4,zf-C2H2,SCAN,Prok-RING_1,BHD_1,zf-C2H2_jaz,KRAB,XPA_N,zf-H2C2_2,CxxC_CxxC_SSSS,zf-C2H2_6"
Q8N8T3,"Homeobox,Homeobox_KN"
Q8N9M3,"zf-C2H2_4,C1_4,zf-C2H2,YEATS,Zn_ribbon_recom,DNA_RNApol_7kD,zf-C2H2_jaz,XPA_N,zf-H2C2_2,CxxC_CxxC_SSSS,HTH_Tnp_ISL3,DUF309,Siva,Zn_Tnp_IS1595,zf-C2H2_6,GATA"
Q8ND22,"zf-C2H2_4,zf-C2H2,DNA_RNApol_7kD,zf-BED,zf-C2H2_jaz,XPA_N,zf-met,zf-H2C2_2,CxxC_CxxC_SSSS,HTH_Tnp_ISL3,Yippee,Zn_Tnp_IS1595,A2L_zn_ribbon,FYDLN_acid,zf-C2H2_6,LIM,GATA,BolA"
Q8NG43,"Prog_receptor,Hormone_recep,zf-C4"
Q8TAT1,"HLH,Oscp1,Hairy_orange"
Q8TAX8,"Filament,SlyX,HLH,DivIC,DUF4140,LepA_C,IncA,CENP-Q,DUF342,bZIP_2,HALZ,TMF_DNA_bd"
Q8TBA2,"Homeobox,Homeobox_KN,Homez"
Q8TBR3,"RRM_1,RRM_6,RRM_5,zf-RanBP"
Q8TCW1,"Homeobox,Homeobox_KN"
Q8TDH4,"zf-C2H2_4,zf-RING_3,zf-C2H2,zf-C2H2_jaz,DUF680,XPA_N,zf-H2C2_2,Zn_Tnp_IS1595,zf-MYND,DZR"
Q8TEA2,"Fork_head,Ribosomal_L27e"
Q8WTR0,Fork_head
Q8WWS9,"STAT_int,STAT_bind,STAT_alpha,Hemerythrin,SH2"
Q8WXT4,Fork_head
Q96AL5,"NUC130_3NT,Sec15,DUF1319,UCH,IMD,Homeobox,PBC,Homeobox_KN"
Q96AP5,"Fork_head,RP1-2"
Q96CA4,Homeobox
Q96CP1,RHD
Q96F93,"zf-C2H2_4,zf-C2H2,zf-ribbon_3,C1_2,zf-BED,zf-C2H2_jaz,zf-met,zf-H2C2_2,CxxC_CxxC_SSSS,zf-C2H2_6"
Q96G15,"Myb_DNA-binding,TEA"
Q96IR2,"zf-C2H2_4,zf-C2H2,Sigma_reg_C,Prok-RING_1,C1_3,zf-C2H2_jaz,BHD_2,KRAB,zf-met,zf-H2C2_2,CxxC_CxxC_SSSS,HTH_Tnp_ISL3,Zn_Tnp_IS1595,C1_1,MBD,zf-C2H2_6,BolA"
Q96N48,"zf-C2H2_4,zf-C2H2,Endonuclease_7,zf-DNL,zf-C2H2_jaz,zf-TRAF,zf-met,XPA_N,zf-H2C2_2,C1_1,C1_4,zinc_ribbon_5,TFIIS_C,zf-CHY,zf-AN1,HTH_Tnp_ISL3,RRN7,zf-C2H2_6,Prok-RING_1,LIM,Elf1,DNA_RNApol_7kD,zf-trcl,zinc_ribbon_4,CxxC_CxxC_SSSS,zf-C2H2_2,zf-C2HC_2,FYDLN_acid"
Q96PR6,"HLH,Hairy_orange"
Q99419,"IRF,IRF-3"
Q9BQD2,"STAT_alpha,STAT_int,SH2,STAT_bind"
Q9BSC0,"DivIC,V_ATPase_I,Hema_stalk,Glypican,ATG16,Nup54,IncA,bZIP_2,DUF4094,HALZ,I_LWEQ,bZIP_1"
Q9BYG6,"MH2,MH1"
Q9H176,"zf-C2H2_4,zf-C2H2,zf-C2H2_jaz,Ogr_Delta,zf-TRAF,zf-met,zf-H2C2_2,zf-C2HC_2,CopK,zf-C2H2_6"
Q9H2M1,"Hormone_recep,Oest_recep,ESR1_C"
Q9HB13,"Homeobox,Homeobox_KN"
Q9HCA4,"Rubella_E1,HLH,DUF3080,Basic"
Q9NPQ0,"zf-C2H2,zf-C2H2_jaz,Ecl1,zf-met,zf-C2H2_6"
Q9NT61,"zf-C2H2_4,Elf1,zf-C2H2,zf-C2H2_jaz,zf-met,zf-H2C2_2,CxxC_CxxC_SSSS,Zn_Tnp_IS1595,C1_1,DUF2321,FYDLN_acid,zf-C2H2_6,zf-LYAR,BolA"
Q9NT78,"zf-C2H2_4,zf-C2H2,Evr1_Alr,C1_3,zf-C2H2_jaz,zf-met,Rapsyn_N,zf-H2C2_2,XPA_N,Yippee,C1_4,TFIIS_C,HTH_Tnp_ISL3,Zn_Tnp_IS1595,zf-C2H2_6,DUF3280,Siva,CxxC_CxxC_SSSS,DUF164,BolA"
Q9NX28,"PSD5,C2"
Q9UDY3,"Homeobox,DUF1183,QLQ,MRP-S27"
Q9UE66,"Homeobox,LIM,Homeobox_KN,DUF1510"
Q9UEC0,"zf-RING_2,Hormone_recep,zf-C4"
Q9UHQ8,"bZIP_2,bZIP_1,Seryl_tRNA_N,bZIP_Maf"
Q9ULA1,"zf-C2H2_4,ASCH,zf-C2H2,zf-C2H2_jaz,DUF4051,KRAB,zf-H2C2_2,CxxC_CxxC_SSSS,zf-C2HC_2,zf-C2H2_6"
Q9UN21,"Androgen_recep,Hormone_recep,zf-C3HC4_2,Suf,zf-C4"
Q9Y6T0,Prox1
R4GMY9,"zf-C2HC,IBR,MYT1"
R9QDW3,"STAT_int,STAT_bind,STAT_alpha,LXG,CorA,STAT2_C,SH2"
R9QDW5,"STAT_int,STAT_bind,STAT_alpha,LXG,CorA,STAT2_C,SH2"
R9QDY3,"STAT_int,STAT_bind,STAT_alpha,LXG,CorA,STAT2_C,SH2"
R9QDY7,"STAT_int,STAT_bind,STAT_alpha,LXG,CorA,STAT2_C,SH2"
R9QDZ0,"STAT_int,STAT_bind,STAT_alpha,CorA,STAT2_C,SH2"
R9QE44,"STAT_int,STAT_bind,STAT_alpha,LXG,CorA,STAT2_C,SH2"
R9QE53,"STAT_int,STAT_bind,STAT_alpha,CorA,STAT2_C,SH2"
R9QE63,"STAT_int,STAT_bind,STAT_alpha,LXG,CorA,STAT2_C,SH2"
R9QE65,"STAT_int,STAT_bind,STAT_alpha,LXG,CorA,STAT2_C,SH2"
R9QE71,"STAT_int,STAT_bind,STAT_alpha,LXG,CorA,STAT2_C,SH2"
R9QF58,"STAT_int,STAT_bind,STAT_alpha,LXG,CorA,STAT2_C,SH2"
R9QF97,"STAT_int,STAT_bind,STAT_alpha,LXG,CorA,STAT2_C,SH2"
R9QF99,"STAT_int,STAT_bind,LXG,STAT_alpha,CorA"
R9QFA2,"STAT_int,STAT_bind,STAT_alpha,LXG,CorA,STAT2_C,SH2"
R9QFA6,"STAT_int,STAT_bind,STAT_alpha,LXG,CorA,STAT2_C,SH2"
R9QFC5,"STAT_int,STAT_bind,STAT_alpha,CorA,STAT2_C,SH2"
R9QG79,"STAT_int,STAT_bind,STAT_alpha,LXG,CorA,STAT2_C,SH2"
R9QG88,"STAT_int,STAT_bind,STAT_alpha,LXG,CorA,STAT2_C,SH2"
R9QG91,"STAT_int,STAT_bind,STAT_alpha,LXG,CorA,STAT2_C,SH2"
R9QGC0,"STAT_int,STAT_bind,STAT_alpha,LXG,CorA,STAT2_C,SH2"
R9UV10,"zf-ribbon_3,CxxC_CxxC_SSSS,eIF-5_eIF-2B,TF_Zn_Ribbon,GATA,A2L_zn_ribbon"
S4R3M9,"TFIIS_M,TFIIS_C,Prok-RING_2,Med26,Auxin_repressed"
S4R3U5,Fork_head
S4R454,Ets
T2CYZ2,"HemX,Activator_LAG-3,HMG_box,DUF1898,Exonuc_VII_L"
T2CZM2,"HMG_box,HemX,DUF1898,Exonuc_VII_L"
U3KPR5,"DivIC,PspA_IM30,Jnk-SapK_ap_N,Jun,DUF972,ADIP,IncA,bZIP_Maf,FlaC_arch,bZIP_2,DUF904,Seryl_tRNA_N,DUF3450,bZIP_1,HAP1_N"
U3KPR8,"Homeobox,Homeobox_KN"
U3KPW8,"Homeobox,Homeobox_KN,Homez"
U3KPY9,"HTH_29,NfI_DNAbd_pre-N,MH1"
U3KQ96,"HTH_31,Pou"
U3KQE5,"HMG_box,DUF1898,MAT_Alpha1"
U3KQI2,"Homeobox,Homeobox_KN,Gag_p24"
U3KQN1,"PAP1,DUF755,Pou,MSP1_C"
U3KQS6,"HNF-1B_C,Homeobox,HNF-1_N"
U5LXR9,HLH
U5XJZ1,"HMG_box,DUF1898,Sox_N,MAT_Alpha1"
U5XJZ4,HMG_box
U5XK50,"HMG_box,DUF1898,Sox_N"
U5XMM4,"HMG_box,DUF1898,Sox_N"
V9GY27,DED
V9GY48,"Laminin_I,Atg14,zf-CCCH,G-patch,DUF3847"
V9GY73,"zf-C2H2_4,zf-H2C2_2,zf-C2H2,zf-H2C2_5"
V9GYH0,"Homeobox,Homeobox_KN"
V9GZ46,"zf-C2H2_4,zf-C2H2,zf-H2C2_2,zf-C2H2_2,AKAP95,GAGA,zf-H2C2_5"
V9HVY5,"zf-C2H2_4,Elf1,zf-C2H2,DUF3449,zf-C2H2_jaz,zf-met,zf-H2C2_2,zf-C2H2_2,zf-C2HC_2,zf-C2H2_6,BolA"
V9P921,IRF
X5CHT4,IRF
X5D2H2,"Fork_head,Zip,TT_ORF1,eIF-3_zeta,Plasmodium_Vir,Mgr1"
X5D2J9,"Herpes_IE68,GTF2I"
X5D2Q4,"HLH,PAS,PAS_3,PAS_9,Macoilin,PAS_4"
X5D304,T-box
X5D7M0,"HLH,PAS,PAS_3,PAS_9,Neisseria_TspB,Macoilin,PAS_4"
X5D7T2,"HLH,PAS,PAS_3,PAS_9,PAS_4,PAS_6"
X5D939,"Herpes_IE68,GTF2I"
X5D985,"HLH,PAS,PAS_3,PAS_9,Macoilin,PAS_4"
X5D988,"HLH,PAS,PAS_3,PAS_9,Macoilin,PAS_4"
X5D9I7,"HLH,PAS,PAS_3,PAS_9,Macoilin,PAS_4"
X5DNC5,"RED_N,Gag_spuma,Androgen_recep,Hormone_recep,zf-C3HC4_2,TCP,zf-C4"
X5DNP5,"DUF605,Herpes_IE68,GTF2I"
X5DNR2,"zf-C2H2_4,zf-C2H2,zf-BED,zf-C2H2_jaz,zf-TRAF,zf-met,zf-H2C2_2,zf-C2HC_2,RRN7,Rep_fac-A_C"
X5DNV7,"HLH,PAS,PAS_3,PAS_9,Macoilin,PAS_4"
X5DP27,T-box
X5DP31,"HLH,PAS,PAS_3,PAS_9,PAS_4,PAS_6"
X5DP40,"HLH,PAS,PAS_3,PAS_9,PAS_4,PAS_6"
X5DR09,"DUF605,Herpes_IE68,GTF2I"
X5DR62,"HLH,PAS,PAS_3,PAS_9,RNA_pol_Rpb4"
X5DR67,"HLH,PAS,PAS_3,PAS_9,Macoilin,PAS_4"
X6RBL6,MBD
X6RCR8,"UPF0547,DUF1115,ARID,RBB1NT,NOA36"
X6REB3,HLH
A0A075B7G3,"zf-C2H2_4,zf-C2H2,Zn_ribbon_recom,Prok-RING_2,C1_3,zf-C2H2_jaz,Ogr_Delta,YhfH,XPA_N,zf-H2C2_2,GAGA,C1_4,TFIIS_C,zf-AN1,HTH_Tnp_ISL3,Zn_Tnp_IS1595,zf-UBR,DUF2321,zf-C2H2_6,Desulfoferrod_N,C1_2,Prok-RING_1,zf-HIT,ADK_lid,LIM,DNA_RNApol_7kD,zf-trcl,DUF1610,CxxC_CxxC_SSSS,DUF164,FYDLN_acid,Ribosomal_L44"
A0A087WU35,"zf-C2H2_4,zf-C2H2,C1_3,zf-C2H2_jaz,XPA_N,zf-H2C2_2,C1_4,HTH_Tnp_ISL3,Zn_Tnp_IS1595,zf-C2H2_6,DUF3557,KRAB,SprT-like,DNA_RNApol_7kD,CxxC_CxxC_SSSS,DUF164,Ribosomal_L44,Rep_fac-A_C,BolA"
A0A087WUK4,"DUF3892,DUF2318,Hormone_recep,zf-C4"
A0A087WUU8,"zf-C2H2_4,zf-C2H2,Prok-RING_2,C1_3,zf-C2H2_jaz,XPA_N,zf-H2C2_2,C1_4,zinc_ribbon_5,zf-AN1,HTH_Tnp_ISL3,Zn_Tnp_IS1595,zf-C2H2_6,Desulfoferrod_N,zf-HIT,KRAB,ADK_lid,DNA_RNApol_7kD,zf-trcl,DUF1610,CxxC_CxxC_SSSS,DUF164,zf-C2HC_2,BolA"
A0A087WV68,"VGCC_alpha2,RRM_1,RRM_6,Calcipressin,OB_RNB,RRM_3,RRM_5"
A0A087WVA2,"zf-C2H2_4,C1_4,zf-C2H2,TFIIS_C,zf-BED,zf-C2H2_jaz,KRAB,XPA_N,zf-H2C2_2,CxxC_CxxC_SSSS,HTH_Tnp_ISL3,zf-C2H2_6,zf-LYAR"
A0A087WVB7,"MRP-L20,Homeobox,Homeobox_KN"
A0A087WVH9,"zf-C2H2_4,C1_4,zf-C2H2,zf-C2H2_jaz,KRAB,zf-met,zf-H2C2_2,CxxC_CxxC_SSSS,Luteo_Vpg,Zn_Tnp_IS1595,zf-C2H2_6"
A0A087WW90,GTF2I
A0A087WWX5,"zf-C2H2_4,zf-C2H2,zf-BED,zf-C2H2_jaz,zf-met,zf-H2C2_2,zf-C2HC_2,RRN7"
A0A087WXQ5,"VGCC_alpha2,RRM_1,RRM_6,Calcipressin,OB_RNB,RRM_3,RRM_5"
A0A087WXU1,"DUF3313,MAS20"
A0A087WXV4,"Foamy_virus_ENV,Hormone_recep,Se-cys_synth_N,zf-C4"
A0A087WYF4,"zf-C2H2_4,C1_4,zf-C2H2,FYVE,TFIIS_C,zf-BED,zf-C2H2_jaz,zf-HIT,KRAB,XPA_N,zf-H2C2_2,CxxC_CxxC_SSSS,HTH_Tnp_ISL3,Zn_Tnp_IS1595,zf-C2H2_6"
A0A087WYK5,"zf-C2H2_4,C1_4,zf-C2H2,DNA_RNApol_7kD,C1_3,zf-C2H2_jaz,KRAB,XPA_N,zf-H2C2_2,CxxC_CxxC_SSSS,HTH_Tnp_ISL3,ADK_lid,GAGA,Zn_Tnp_IS1595,zf-C2H2_6,BolA"
A0A087WZ88,"Hormone_recep,zf-C4"
A0A087WZJ7,"zf-C2H2_4,zf-C2H2,C1_3,zf-C2H2_jaz,XPA_N,zf-H2C2_2,C1_4,TFIIS_C,zf-CHY,HTH_Tnp_ISL3,Zn_Tnp_IS1595,DUF2321,zf-C2H2_6,Desulfoferrod_N,ROS_MUCR,ADK_lid,DUF2868,DNA_RNApol_7kD,zf-trcl,DUF1610,CxxC_CxxC_SSSS,DUF164,BolA"
A0A087X0A2,"zf-C2H2_4,zf-C2H2,C1_3,zf-C2H2_jaz,XPA_N,zf-H2C2_2,C1_4,TFIIS_C,zf-CHY,HTH_Tnp_ISL3,Zn_Tnp_IS1595,DUF2321,zf-C2H2_6,Desulfoferrod_N,ADK_lid,DUF2868,DNA_RNApol_7kD,zf-trcl,DUF1610,CxxC_CxxC_SSSS,DUF164,BolA"
A0A087X0M6,"zf-C2H2_4,zf-C2H2,NifU_N,zf-C2H2_jaz,zf-trcl,KRAB,zf-met,zf-H2C2_2,CxxC_CxxC_SSSS,HTH_Tnp_ISL3,Yippee,Zn_Tnp_IS1595,Siva,GAGA,zf-C2H2_6,Ribosomal_L31,BolA"
A0A087X0S4,"zf-C2H2_4,Zn_Tnp_IS1,zf-C2H2,zf-BED,zf-C2H2_jaz,zf-met,zf-H2C2_2,zf-C2HC_2,zf-H2C2_5"
A0A087X1F9,"HSF_DNA-bind,DUF2365"
A0A087X1K6,"zf-C2H2_4,zf-C2H2,zf-BED,zf-C2H2_jaz,zf-TRAF,zf-met,zf-H2C2_2,zf-C2HC_2,RRN7,Rep_fac-A_C"
A0A087X1W9,"Glu_cys_ligase,Ets"
A0A090N7U5,"zf-C2H2_4,C1_4,Elf1,zf-C2H2,TFIIS_C,DNA_RNApol_7kD,C1_3,zf-C2H2_jaz,DUF1898,zf-HIT,KRAB,zf-H2C2_2,CxxC_CxxC_SSSS,Zn_Tnp_IS1595,CpXC,zf-C2H2_6,zf-DNA_Pol"
A0A090N8F2,"zf-C2H2_4,zf-C2H2,zf-C2H2_jaz,zf-met,zf-H2C2_2,zf-RING_3,Zn_Tnp_IS1595,zf-MYND,zf-C2H2_6,PyrI_C,Desulfoferrod_N,zf-HYPF,COX5B,DZR,Elf1,zf-BED,CxxC_CxxC_SSSS,zf-C2HC_2,DUF164,CpXC,FYDLN_acid"
A0A090N8Y3,"zf-C2H2_4,zf-C2H2,Zn_ribbon_recom,DUF3669,zf-C2H2_jaz,DUF1898,zf-met,zf-H2C2_2,Yippee,C1_4,zinc_ribbon_5,zf-CHY,Zn_Tnp_IS1595,zf-C2H2_6,KRAB,Elf1,DNA_RNApol_7kD,DUF1610,CpXC"
A0A0A0MRL0,DZF
A0A0A0MRS1,"zf-C2H2_4,C1_4,zf-C2H2,zf-C2H2_jaz,zf-H2C2_2,Siva,HTH_Tnp_ISL3,HTH_18,Zn_Tnp_IS1595,CxxC_CxxC_SSSS,zf-H2C2_5,zf-C2H2_6,GATA,BolA"
A0A0A0MSM9,RFX_DNA_binding
A0A0A0MSQ2,"RFX_DNA_binding,Pox_D5"
A0A0A0MTK1,"zf-C2H2_4,zf-C2H2,Zn_ribbon_recom,zf-C2H2_jaz,KRAB,zf-H2C2_2,CxxC_CxxC_SSSS,HTH_Tnp_ISL3,zinc_ribbon_2,Zn_Tnp_IS1595,zf-C2H2_6"
A0A0A0MTN5,"zf-C2H2_4,zf-C2H2,Prok-RING_2,C1_3,zf-C2H2_jaz,YhfH,XPA_N,zf-H2C2_2,C1_4,TFIIS_C,zf-AN1,HTH_Tnp_ISL3,Zn_Tnp_IS1595,zf-C2H2_6,ADK_lid,SprT-like,DNA_RNApol_7kD,zf-trcl,CxxC_CxxC_SSSS,DUF164,Ribosomal_L44,BolA"
A0A0A0MTT2,"zf-C2H2_4,zf-C2H2,zf-BED,zf-C2H2_jaz,KRAB,XPA_N,zf-met,zf-H2C2_2,CxxC_CxxC_SSSS,HTH_Tnp_ISL3,zf-C2H2_6"
A0A0A1HAV8,"Sigma70_r4_2,Myb_DNA-bind_6,LMSTEN,Spore_III_AB,Myb_DNA-binding"
A0A0A6YYK5,"Sox_C_TAD,HMG_box,G-patch,G-patch_2"
A0A0A7M2K0,SAM_PNT
A0A0A7NV78,"Homeobox,TF_Otx"
A0A0B4J2G0,"zf-C2H2_4,zf-C2H2,C1_3,zf-C2H2_jaz,KRAB,XPA_N,zf-H2C2_2,CxxC_CxxC_SSSS,HTH_Tnp_ISL3,ADK_lid,GAGA,Zn_Tnp_IS1595,zf-C2H2_6,BolA"
A0A0B5HBE9,"Homeobox,QLQ,HTH_32"
A0A0B5HBG5,"Homeobox,QLQ,HTH_32"
A0A0B5HFB3,"HMG_box,PRCH,SOXp,DUF1898"
A0A0B5HFC0,"Homeobox,QLQ,HTH_32"
A0A0B5HFD9,"Homeobox,QLQ,HTH_32"
A0A0B5HLA0,"HMG_box,SOXp,DUF1898"
A0A0B5HLA6,"Homeobox,QLQ,HTH_32"
A0A0B5HLC0,"Homeobox,QLQ,HTH_32"
A0A0B5HP19,"HMG_box,SOXp,DUF1898"
A0A0B5HP26,"Homeobox,QLQ,HTH_32"
A0A0B5HP44,"Homeobox,QLQ,HTH_32"
A0A0B5HSU7,"Homeobox,QLQ,HTH_32"
A0A0B5INR0,Fork_head
A0A0B5INR4,Fork_head
A0A0B5INR8,Fork_head
A0A0B5INT4,Fork_head
A0A0B5ISY2,Fork_head
A0A0B5ISY9,Fork_head
A0A0B5ISZ8,Fork_head
A0A0B5IYA5,Fork_head
A0A0B5IYB7,Fork_head
A0A0B5IYD1,Fork_head
A0A0B5J124,Fork_head
A0A0B5J129,Fork_head
A0A0B5J135,Fork_head
A0A0B5J139,Fork_head
A0A0B5J149,Fork_head
A0A0B5J4B6,Fork_head
A0A0B5J4C1,Fork_head
A0A0C3SFZ7,"zf-C2H2_4,zf-C2H2,UPF0547,zf-BED,zf-C2H2_jaz,zf-met,zf-H2C2_2,GAGA,zf-C2H2_6"
A0A0C4DFN0,"zf-C2H2_4,zf-RING_3,zf-C2H2,SCAN,C1_3,zf-C2H2_jaz,Rad50_zn_hook,zf-H2C2_2,CxxC_CxxC_SSSS,DZR,zf-C2HC_2,DUF164,FYDLN_acid,zf-C2H2_6,LIM,zf-DNA_Pol"
A0A0C4DFQ2,"zf-C2H2_4,PyrI_C,zf-C2H2,BIR,DUF4187,zf-BED,zf-C2H2_jaz,zf-trcl,ROS_MUCR,zf-met,zf-H2C2_2,BTB,zf-C2H2_2,zf-C2HC_2,C1_1,DUF3342,FYDLN_acid"
A0A0C4DFR4,"zf-C2H2_4,zf-C2H2,Prok-RING_2,C1_3,zf-C2H2_jaz,zf-H2C2_2,GAGA,C1_4,zinc_ribbon_5,Zn_Tnp_IS1595,zf-C2H2_6,zf-Sec23_Sec24,DUF3172,GATA,Elf1,DNA_RNApol_7kD,zf-BED,zinc_ribbon_4,CxxC_CxxC_SSSS,BolA"
A0A0C4DG08,"zf-C2H2_4,C1_4,Elf1,zf-C2H2,CpXC,Prok-RING_2,DNA_RNApol_7kD,zf-C2H2_jaz,zf-trcl,zf-AN1,zf-H2C2_2,CxxC_CxxC_SSSS,HTH_Tnp_ISL3,Zn_Tnp_IS1595,zf-H2C2_5,zf-C2H2_6,GATA,BolA"
A0A0C4DG19,"Myb_DNA-bind_4,Myb_DNA-bind_6,RST,Myb_DNA-bind_2,LMSTEN,Spore_III_AB,Myb_DNA-binding"
A0A0C4DG37,"zf-C2H2_4,C1_4,zf-C2H2,C1_2,TFIIS_C,Prok-RING_2,DNA_RNApol_7kD,zf-C2H2_jaz,zf-trcl,zf-met,XPA_N,zf-H2C2_2,CxxC_CxxC_SSSS,Zn_Tnp_IS1595,CpXC,zf-C2H2_6,A2L_zn_ribbon"
A0A0C4DGM2,"zf-C2H2_4,zf-C2H2,SCAN,DNA_RNApol_7kD,zf-C2H2_jaz,DUF3027,XPA_N,zf-met,zf-H2C2_2,CxxC_CxxC_SSSS,HTH_Tnp_ISL3,DZR,Zn_Tnp_IS1595,FYDLN_acid,zf-C2H2_6,A2L_zn_ribbon"
A0A0C4DGN9,"zf-C2H2_4,Elf1,zf-C2H2,zf-C2H2_jaz,zf-met,zf-H2C2_2,zf-C2HC_2,zf-C2H2_6"
A0A0C4DGP9,"zf-C2H2_4,zf-C2H2,zf-C2H2_jaz,Rapsyn_N,zf-H2C2_2,Yippee,GAGA,C1_1,C1_4,zf-AN1,HTH_Tnp_ISL3,Zn_Tnp_IS1595,zf-C2H2_6,KRAB,GATA,zf-BED,DNA_RNApol_7kD,CxxC_CxxC_SSSS,BolA"
A0A0C4DGQ9,"zf-C2H2_4,zf-C2H2,zf-BED,zf-C2H2_jaz,KRAB,zf-met,zf-H2C2_2,HTH_Tnp_ISL3,CxxC_CxxC_SSSS,zf-C2H2_2,zf-C2H2_6"
A0A0C4DGR5,"zf-C2H2_4,C1_4,zf-C2H2,DUF2296,zf-C2H2_jaz,DUF2321,KRAB,zf-H2C2_2,DZR,HypA,CxxC_CxxC_SSSS,GAGA,Cys_rich_CPXG,CpXC,HTH_Tnp_ISL3,FYDLN_acid,zf-C2H2_6,A2L_zn_ribbon"
A0A0C4DGV0,"zf-C2H2_4,C1_4,zf-C2H2,TFIIS_C,DNA_RNApol_7kD,zf-C2H2_jaz,XPA_N,zf-met,zf-H2C2_2,Yippee,HTH_Tnp_ISL3,CxxC_CxxC_SSSS,Zn_Tnp_IS1595,DUF82,zf-H2C2_5,zf-C2H2_6,zf-LYAR,BolA"
A0A0C5G2Q9,"OAR,Homeobox"
A0A0C5G2R6,Homeobox
A0A0C5G9P0,"OAR,Homeobox"
A0A0C5G9P5,"OAR,Homeobox"
A0A0C5G9Q3,Homeobox
A0A0C5GCA6,"OAR,Homeobox"
A0A0C5GCA9,Homeobox
A0A0C5GDS1,"OAR,Homeobox"
A0A0C5GDS2,"OAR,Homeobox"
A0A0C5GPM3,"OAR,Homeobox"
A0A0D9SEQ4,"zf-C2H2_4,zf-C2H2,zf-C2H2_jaz,zf-met,zf-H2C2_2,HypA,zinc_ribbon_5,DUF2321,zf-C2H2_6,DUF629,FYVE,ADK_lid,Elf1,zf-BED,zinc_ribbon_4,DUF2072,CxxC_CxxC_SSSS,zf-C2H2_2,Baculo_ME53,zf-LYAR"
A0A0D9SF80,GTF2I
A0A0D9SFI7,"zf-C2H2_4,zf-C2H2,zf-C2H2_jaz,zf-met,zf-H2C2_2,HypA,DUF899,zinc_ribbon_5,DUF2321,zf-C2H2_6,DUF629,FYVE,TF_Zn_Ribbon,ADK_lid,DZR,Elf1,zf-BED,zinc_ribbon_4,CxxC_CxxC_SSSS,zf-C2H2_2,Baculo_ME53"
A0A0D9SFM8,"zf-C2H2_4,zf-C2H2,zf-C2H2_jaz,zf-met,zf-H2C2_2,HypA,zinc_ribbon_5,DUF2321,zf-C2H2_6,DUF629,FYVE,ADK_lid,Elf1,zf-BED,zinc_ribbon_4,DUF2072,CxxC_CxxC_SSSS,zf-C2H2_2,Baculo_ME53,zf-LYAR"
A0A0D9SGF7,"zf-C2H2_4,zf-DBF,zf-C2H2,zf-C2H2_jaz,zf-met,zf-H2C2_2,HypA,zinc_ribbon_5,DUF2321,zf-C2H2_6,DUF629,FYVE,TF_Zn_Ribbon,ADK_lid,DZR,Elf1,zf-BED,zinc_ribbon_4,DUF2072,CxxC_CxxC_SSSS,zf-C2H2_2,Baculo_ME53,zf-LYAR"
A0A0G2JMF9,"zf-C2H2_4,zf-C2H2,KRAB,XPA_N,zf-H2C2_2,zf-Sec23_Sec24,GAGA,DUF3198"
A0A0G2JMG9,"zf-C2H2_4,C1_4,zf-C2H2,Desulfoferrod_N,C1_3,zf-C2H2_jaz,zf-trcl,KRAB,XPA_N,zf-H2C2_2,CxxC_CxxC_SSSS,HTH_Tnp_ISL3,Zn_Tnp_IS1595,DUF164,zf-C2H2_6"
A0A0G2JP77,"zf-C2H2_4,zf-C2H2,C1_3,zf-C2H2_jaz,XPA_N,zf-H2C2_2,HTH_Tnp_ISL3,Zn_Tnp_IS1595,zf-C2H2_6,Desulfoferrod_N,ATXN-1_C,KRAB,DNA_RNApol_7kD,zf-trcl,DUF1610,CxxC_CxxC_SSSS,DUF164,Ribosomal_L44,BolA"
A0A0G2JQ90,"zf-C2H2_4,zf-C2H2,Evr1_Alr,Prok-RING_2,C1_3,zf-C2H2_jaz,YhfH,XPA_N,zf-H2C2_2,Yippee,GAGA,C1_4,TFIIS_C,zf-AN1,HTH_Tnp_ISL3,Zn_Tnp_IS1595,zf-C2H2_6,Desulfoferrod_N,C1_2,Prok-RING_1,SprT-like,PKD,DNA_RNApol_7kD,zf-trcl,DUF1610,CxxC_CxxC_SSSS,DUF164,Ribosomal_L44,BolA"
A0A0G2JRV3,"SNF5,DUF1679"
A0A0J9YVP1,"Prog_receptor,zf-C3HC4_2,zf-C4"
A0A0J9YWD6,"DALR_2,zf-MYND"
A0A0J9YX80,zf-MYND
A0A0K0KMI2,Pou
A0A0K0KMS3,Pou
A0A0R5RI99,Hormone_recep
A0A0R5RIB5,Hormone_recep
A0A0S2Q0B1,"ARID,DUF3518"
A0A0S2Z3N6,"SAM_PNT,SAM_1"
A0A0S2Z3Q5,DUF3446
A0A0S2Z3X5,HLH
A0A0S2Z3Y0,HLH
A0A0S2Z4E5,TEA
A0A0S2Z4J5,"zf-C2H2_4,zf-C2H2,zf-C2H2_jaz,zf-met,zf-H2C2_2,BTB,zf-C2H2_2,zf-C2HC_2,DUF164,zf-C2H2_6"
A0A0S2Z4K4,"zf-C2H2_4,zf-C2H2,zf-C2H2_jaz,zf-met,XPA_N,zf-H2C2_2,C1_1,zinc_ribbon_5,HTH_Tnp_ISL3,DUF2321,zf-C2H2_6,Prok-RING_1,AAA_22,LIM,SCAN,DNA_RNApol_7kD,zf-trcl,CxxC_CxxC_SSSS,CpXC,zf-LYAR"
A0A0U4U3E8,CytochromB561_N
A0A127AXF0,Homeobox
A0A127AXK3,"Homeobox,QLQ,HTH_32"
A0A127AYT6,Homeobox
A0A140F381,Fork_head
A0A140VK21,"HSF_DNA-bind,Menin"
A0A1B0GUB4,"Myb_DNA-bind_6,HTH_23,Myb_DNA-binding"
A0A1B0GUH8,"zf-C2H2_4,zf-C2H2,C1_3,zf-C2H2_jaz,XPA_N,zf-H2C2_2,C1_4,zf-RING_3,TFIIS_C,zf-AN1,HTH_Tnp_ISL3,Chordopox_RPO7,Zn_Tnp_IS1595,zf-C2H2_6,zf-C4_ClpX,LIM,DNA_RNApol_7kD,zf-trcl,CxxC_CxxC_SSSS"
A0A1B0GVC6,"Otopetrin,DUF702,TFIIA,Spore_coat_CotO,Neur_chan_memb,zf-DHHC,AUX_IAA,DUF106,DUF1501,EIIBC-GUT_N,SAGA-Tad1,FemAB,BRF1,Mem_trans,Med15,Tim54,Cellulose_synt,DDHD,Pex16,DUF1764,LMBR1,FLO_LFY,DUF1675,DUF2215,Ctr,DUF966,TBP,NARP1,Lin-8,Hid1,Ycf1,YjgP_YjgQ,DUF4045,MMR1,RR_TM4-6,PAT1,Plasmodium_Vir,OAD_gamma,Gti1_Pac2"
A0A1B0GVI4,"CreA,SRF-TF"
A0A1C7CYX1,"zf-Mss51,zf-UBP,ELM2,Myb_DNA-binding"
A0A1P8DYP2,"IRF,IRF-3"
A0A1P8LI09,"MarR_2,HTH_29,HTH_28,HTH_32,HTH_23,PAX"
A0A1S5UZ15,"zf-C2H2_4,C1_4,zf-C2H2,zf-BED,zf-C2H2_jaz,KRAB,zf-met,zf-H2C2_2,CxxC_CxxC_SSSS,HTH_Tnp_ISL3,Zn_Tnp_IS1595,zf-C2H2_6,LIM,BolA"
A0A1U9WYY8,"zf-C2H2_4,zf-C2H2"
A0A1U9X8A1,"CENP-B_N,HTH_3,UCH,Homez,HTH_26,Homeobox,HTH_19,PBC,Homeobox_KN"
A0A1U9X8A2,"CENP-B_N,HTH_3,UCH,Homez,HTH_26,Homeobox,HTH_19,PBC,Homeobox_KN"
A0A1U9X8A4,"HTH_31,Pou"
A0A1U9X8B4,"HTH_31,Pou"
A0A1U9X8V5,"zf-C2H2_4,zf-C2H2,zf-C2H2_jaz,KRAB,zf-H2C2_2,zf-C2H2_6,BolA"
A0A1U9X8W3,"zf-C2H2_4,C1_4,zf-C2H2,zf-C2H2_jaz,KRAB,XPA_N,zf-H2C2_2,CxxC_CxxC_SSSS,DZR,C1_1,zf-C2H2_6,BolA"
A0A1U9X8W6,"zf-C2H2_4,C1_4,zf-C2H2,zf-C2H2_jaz,KRAB,zf-H2C2_2,CxxC_CxxC_SSSS,C1_1,zf-C2H2_6,BolA"
A0A1U9X8W8,"zf-C2H2_4,zf-C2H2,zf-C2H2_jaz,KRAB,zf-H2C2_2,zf-C2H2_6,BolA"
A0A1U9X8X7,"zf-C2H2_4,C1_4,zf-C2H2,zf-C2H2_jaz,KRAB,XPA_N,zf-H2C2_2,CxxC_CxxC_SSSS,DZR,C1_1,zf-C2H2_6,BolA"
A0A1U9X8Y0,"zf-C2H2_4,zf-C2H2,zf-C2H2_jaz,KRAB,zf-H2C2_2,zf-C2H2_6,BolA"
A0A1U9X8Y2,"zf-C2H2_4,zf-C2H2,zf-C2H2_jaz,KRAB,zf-H2C2_2,zf-C2H2_6,BolA"
A0A1W2PQ54,"zf-C2H2_4,Hydrophobin_2,zf-C2H2,Zn_ribbon_recom,C1_3,zf-C2H2_jaz,zf-met,XPA_N,zf-H2C2_2,C1_1,C1_4,HTH_Tnp_ISL3,zf-C2H2_6,KRAB,LIM,FdhD-NarQ,CxxC_CxxC_SSSS,CpXC,BolA"
A0A1W2PQW3,"PAX,HTH_Tnp_IS1,HTH_32"
A0A1W2PR58,"HTH_23,PAX,HTH_Tnp_IS1"
A0A1W2PS25,"zf-C2H2_4,Ribosomal_L37ae,zf-C2H2,zf-C2H2_jaz,zf-met,zf-H2C2_2,zf-C2H2_6,Rep_fac-A_C"
A0A223LNB8,"Homeobox,QLQ,HTH_32"
A0A223LNB9,"Homeobox,QLQ,HTH_32"
A0A223LNP9,"Homeobox,QLQ,HTH_32"
A0A223PZB5,"zf-C2H2_4,zf-C2H2,CHORD,zf-BED,zf-C2H2_jaz,zf-met,zf-H2C2_2,zf-H2C2_5"
A0A224A4N4,Hormone_recep
A0A286NGJ4,"Ets,Gly-rich_Ago1"
A0A286NGJ5,"Ets,Gly-rich_Ago1"
A0A286NGJ6,Ets
A0A286NGJ7,"Ets,Gly-rich_Ago1"
A0A286NGJ8,"Ets,Gly-rich_Ago1"
A0A2R8Y509,zf-C4
A0A2R8Y560,RFX_DNA_binding
A0A2R8Y693,"STAT_alpha,Lipoprotein_20,STAT_int,NPV_P10"
A0A2R8Y7P3,cIII
A0A2R8YDQ8,"zf-C2H2_4,Baculo_ME53,zf-C2H2,zf-C2H2_jaz,zf-met,zf-H2C2_2,zf-C2H2_6,Rep_fac-A_C"
A0A2R8YE36,"zf-C2H2_4,zf-C2H2,zf-C2H2_jaz,zf-H2C2_2,HypA,zf-DNA_Pol,C1_4,zf-CHY,DUF3133,DUF2321,zf-C2H2_6,OGG_N,Tnp_zf-ribbon_2,zf-H2C2_5,Trm112p,Elf1,DNA_RNApol_7kD,CxxC_CxxC_SSSS,CpXC,FYDLN_acid,HTH_Tnp_IS66,zf-LYAR,BolA"
A0A2R8YED2,"FBD,RFX_DNA_binding"
A0A2R8YF24,zf-C4
A0A2S1RD52,Ets
A0A2Z1D411,"DndB,Fork_head"
A0A2Z6DSZ2,"zf-C2H2_4,zf-C2H2,UPF0547,C1_3,zf-C2H2_jaz,XPA_N,zf-H2C2_2,GAGA,C1_1,C1_4,zf-RING_3,TFIIS_C,HTH_Tnp_ISL3,Zn_Tnp_IS1595,zf-C2H2_6,C1_2,Desulfoferrod_N,ZZ,zf-BED,DNA_RNApol_7kD,CxxC_CxxC_SSSS,BolA"
A0A345GP07,zf-C4
A0A348FV97,"ERbeta_N,Oest_recep,Hormone_recep,zf-C4"
A0A384NPT7,"CENP-B_N,Homeobox,Sigma70_r3,HTH_26,Homeobox_KN"
A0A385I6V6,T-box
A0A3B3IRZ6,BTB
A0A3B3IS30,"Homeobox,Staygreen,Homeobox_KN"
A0A3B3ITE4,"zf-C2H2_4,C1_4,zf-C2H2,DNA_RNApol_7kD,BHD_1,zf-C2H2_jaz,zf-CHY,KRAB,DUF4389,Rapsyn_N,zf-H2C2_2,CxxC_CxxC_SSSS,Zn_Tnp_IS1595,zf-C2H2_6,BolA"
A0A3B3ITU2,"zf-C2H2_4,zf-C2H2,C1_3,zf-C2H2_jaz,XPA_N,zf-H2C2_2,HTH_Tnp_ISL3,Zn_Tnp_IS1595,zf-C2H2_6,Desulfoferrod_N,ATXN-1_C,KRAB,DNA_RNApol_7kD,zf-trcl,DUF1610,CxxC_CxxC_SSSS,DUF164,Ribosomal_L44,BolA"
A0A3G1VCY8,"Hormone_recep,zf-C4"
A0A3Q5AD24,"zf-C2H2_4,zf-C2H2,tRNA-synt_2d,UPF0547,C1_3,zf-C2H2_jaz,XPA_N,zf-H2C2_2,Yippee,C1_1,C1_4,TFIIS_C,zf-CHY,HTH_Tnp_ISL3,Zn_Tnp_IS1595,zf-C2H2_6,C1_2,Desulfoferrod_N,ZZ,DNA_RNApol_7kD,zf-BED,CxxC_CxxC_SSSS,BolA"
A0A494C0B5,"STAT_alpha,STAT_int,CorA"
A0A494C0H6,"DUF3276,PurA"
A0A494C0I1,"CENP-B_N,GTF2I,HTH_Tnp_Tc5,HTH_28,DUF4371,HTH_23"
A0A494C0Q7,GTF2I
A0A494C0Z6,"zf-C2H2_4,zf-C2H2,zf-C2H2_jaz,zf-H2C2_2,zf-C2H2_6"
A0A494C157,RHD
A0A494C1C1,"LXG,HLH,Atg14"
A0A494C1E9,RHD
A0A494C1G8,"zf-C2H2_4,zf-C2H2,zf-C2H2_jaz,zf-H2C2_2,zf-C2H2_6"
A0A494C1I7,"zf-C2H2_4,C1_4,zf-C2H2,DUF3280,DNA_RNApol_7kD,zf-C2H2_jaz,KRAB,zf-met,XPA_N,zf-H2C2_2,C1_1,zf-C2H2_6"
A0A494C1L3,"AATF-Che1,ACP53EA,STAT_int,LXG,STAT_alpha,DUF342,CorA"
A0A494C1N8,"CENP-B_N,GTF2I,HTH_Tnp_Tc5,HTH_28,DUF4371,HTH_23,Dimer_Tnp_hAT"
A0A494C1V2,"zf-C2H2_4,C1_4,zf-C2H2,zf-BED,zf-C2H2_jaz,KRAB,XPA_N,zf-met,zf-H2C2_2,CxxC_CxxC_SSSS,HTH_Tnp_ISL3,Zn_Tnp_IS1595,GAGA,zf-C2H2_6,GATA,zf-LYAR"
A0A4P8D7D1,zf-C4
A0A4P8D7F0,Hormone_recep
A0A4P8L6U7,Hormone_recep
A0A4Y5R8X2,bZIP_2
A0A510GFN1,T-box
A0A5B9M2L1,"Homeobox,Homeobox_KN,Homez"
A0A5F9ZI68,Menin
A0A669KB17,"Sfi1_C,STAT_alpha,STAT_int"
A0A669KB75,"STAT_int,NPV_P10,STAT_bind,STAT_alpha,Sec20"
A0A669KBK7,"zf-C2H2_4,C1_4,zf-RING_3,Elf1,zf-C2H2,zf-C2H2_jaz,zf-met,zf-H2C2_2,CxxC_CxxC_SSSS,HypA,Zn_Tnp_IS1595,zf-H2C2_5,SprT-like,FYDLN_acid,zf-C2H2_6,BolA"
A0A6E1W9L1,"zf-C2H2_4,zf-C2H2,zf-BED,zf-H2C2_2,BTB,zf-C2H2_6"
A0A7H1D2R2,HLH
A0A7H1D2R4,HLH
A0A7H1D2R5,HLH
A0A7H1D2R6,HLH
A0A7H1D2S6,HLH
A0A7I2S1M6,"zf-C2H2_4,zf-C2H2,zf-C2H2_jaz,zf-H2C2_2,zf-C2H2_6,BolA"
A0A7I2V2T1,"Tropomyosin_1,STAT_int,Fib_alpha,MerR-DNA-bind,STAT_bind,eIF3_N,STAT_alpha,DUF342,Baculo_PEP_C,TMF_DNA_bd,DUF2730,Syntaxin-6_N"
A0A7I2V4F6,"Tropomyosin_1,STAT_int,Fib_alpha,DUF3373,MerR-DNA-bind,STAT_bind,eIF3_N,STAT_alpha,DUF342,Arabinose_Iso_C,Baculo_PEP_C,TMF_DNA_bd,DUF2730,Syntaxin-6_N"
A0A7I2YQR9,"HLH,TFIIA,MAS20,DUF605,Suf"
A0A7P0T820,"zf-C2H2_4,zf-C2H2,zf-C2H2_jaz,zf-met,Spore_coat_CotO,zf-H2C2_2,BTB,zf-CHY,SAPS,RRN7,zf-C2H2_6,zf-FCS,ADK_lid,TFIIF_alpha,DZR,Ycf1,Nop14,zf-C2H2_2,BolA"
A0A7P0T8Y1,NICE-3
A0A7P0T992,NICE-3
A0A7P0TA87,HLH
A0A7P0TAD2,"ERO1,ARID"
A0A804HI40,"TPR_14,PPR_1,MA3,TPR_8,PPR_2,RPN7,PPR,PPR_3,TPR_1,ECSIT,Apc3,TPR_16"
A0A804HI69,"zf-C2H2_4,zf-C2H2,DNA_RNApol_7kD,zf-C2H2_jaz,zf-trcl,KRAB,zf-met,zf-H2C2_2,CxxC_CxxC_SSSS,Zn_Tnp_IS1595,zf-C2H2_6"
A0A804HIC1,"GVQW,zf-C2H2_4,zf-C2H2,Prok-RING_1,zf-C2H2_jaz,zf-met,XPA_N,zf-H2C2_2,DZR,BTB,DUF2197,zinc_ribbon_2,zf-C2H2_2,RRN7,zf-C2H2_6"
A0A804HIQ7,"TPR_14,PPR_1,MA3,TPR_8,PPR_2,PPR,PPR_3,TPR_1,ECSIT,Apc3,TPR_16"
A0A804HIR4,"Foamy_virus_ENV,zf-C4"
A0A804HIS1,"SAND,zf-MYND"
A0A804HIV5,"MA3,PPR_1,PPR_2,RPN7,PPR,PPR_3,ECSIT,Herpes_BBRF1"
A0A804HJ59,"zf-C2H2_4,C1_4,zf-C2H2,FYVE,zf-trcl,DUF1610,KRAB,XPA_N,zf-AN1,zf-H2C2_2,CxxC_CxxC_SSSS,HTH_Tnp_ISL3,ROS_MUCR,zf-HIT,zf-C2H2_6,Rep_fac-A_C,BolA"
A0A804HJ81,zf-C4
A0A804HJL7,"Foamy_virus_ENV,zf-C4"
A0A804HKR5,"PPR_1,MA3,TPR_14,PPR_2,RPN7,PPR,PPR_3,ECSIT"
A0A804HKX0,"PPR_1,MA3,TPR_14,PPR_2,RPN7,PPR,PPR_3,ECSIT"
A0A8B0SUP7,Fork_head
A0A8B0SXZ5,Fork_head
A0A8B0T273,Fork_head
A0A8C8KI51,Menin
A0A8E8R7S3,Ets
A0A8E8V181,"SAM_PNT,Ets,AT_hook"
A0A8E8V1T0,"SAM_PNT,Ets"
A0A8E8V2S2,"SAM_PNT,Ets"
A0A8F9S2Z6,GTF2I
A0A8F9W6H4,HLH
A0A8I5KRB5,"zf-C2H2_4,zf-C2H2,zf-H2C2,zf-C2H2_jaz,HNH,zf-met,zf-H2C2_2,DZR,BTB,zf-C2H2_2,zf-C2H2_6"
A0A8I5KRR0,"zf-C2H2_4,zf-C2H2,HNH,zf-C2H2_jaz,zf-met,zf-H2C2_2,DZR,BTB,zf-C2H2_2,zf-C2H2_6"
A0A8I5KRZ6,"Ribophorin_I,DUF3313,HLH,RNA_pol_Rpb4"
A0A8I5KSR9,"FadA,DUF1140,zf-C4"
A0A8I5KTY6,"zf-C2H2_4,zf-C2H2,zf-C2H2_jaz,XPA_N,Rapsyn_N,zf-H2C2_2,Yippee,C1_4,zinc_ribbon_5,TFIIS_C,zf-AN1,HTH_Tnp_ISL3,Zn_Tnp_IS1595,zf-C2H2_6,C1_2,DUF3280,zf-CSL,Prok-RING_1,FYVE,Tnp_zf-ribbon_2,ZZ,GATA,DNA_RNApol_7kD,zf-BED,zf-trcl,zinc_ribbon_4,CxxC_CxxC_SSSS,CpXC,Ribosomal_L44,BolA"
A0A8I5KVN9,"Mito_fiss_reg,zf-C4"
A0A8I5KWX0,"zf-C2H2_4,zf-C2H2,zf-C2H2_jaz,KRAB,zf-met,zf-H2C2_2"
A0A8I5KXD0,zf-C4
A0A8Q3SI57,"zf-C2H2_4,zf-C2H2,zf-C2H2_jaz,zf-met,zf-H2C2_2,zf-C2H2_2,zf-C2H2_6,ELM2,Myb_DNA-binding"
A0A8Q3SIR0,"zf-C2H2_4,zf-C2H2,UPF0547,YhfH,zf-C2H2_jaz,XPA_N,zf-H2C2_2,C1_4,TFIIS_C,zinc_ribbon_5,zf-AN1,HTH_Tnp_ISL3,Zn_Tnp_IS1595,DUF2321,zf-C2H2_6,Prok-RING_1,COX5B,LIM,GATA,Rpr2,SCAN,DNA_RNApol_7kD,zf-trcl,zinc_ribbon_4,CxxC_CxxC_SSSS,CpXC"
A0A8Q3SIT7,"zf-C2H2_4,zf-C2H2,UPF0547,YhfH,zf-C2H2_jaz,XPA_N,zf-H2C2_2,C1_4,TFIIS_C,zinc_ribbon_5,zf-AN1,HTH_Tnp_ISL3,Zn_Tnp_IS1595,DUF2321,zf-C2H2_6,Prok-RING_1,LIM,GATA,Rpr2,SCAN,DNA_RNApol_7kD,zf-trcl,zinc_ribbon_4,CxxC_CxxC_SSSS,CpXC"
A0A8Q3SIZ8,"Heme_oxygenase,IRF"
A0A8Q3SJ00,IRF
A0A8Q3SJ30,"Heme_oxygenase,IRF"
A0A8Q3SJ42,IRF
A0A8Q3WKH9,"zf-C2H2_4,zf-C2H2,zf-C2H2_jaz,zf-H2C2_2,Zn_Tnp_IS1595,zf-C2HC_2,zf-H2C2_5,zf-C2H2_6"
A0A8Q3WKM1,"zf-C2H2_4,PyrI_C,zf-C2H2,BIR,zf-BED,zf-C2H2_jaz,zf-trcl,ROS_MUCR,zf-met,zf-H2C2_2,BTB,zf-C2H2_2,zf-C2HC_2,C1_1,DUF3342,FYDLN_acid"
A0A8Q3WLL3,"DUF3275,IRF"
A0A8Q3WLX6,BTB
A0A8V8TLI6,"Sfi1_C,STAT_alpha,STAT_int"
A0A8V8TLT3,"zf-C2H2_4,zf-C2H2,C1_3,zf-C2H2_jaz,zf-met,zf-H2C2_2,HypA,BTB,GAGA,C1_1,zinc_ribbon_5,zf-CHY,HTH_Tnp_ISL3,zf-C2H2_6,zf-H2C2_5,Elf1,zf-BED,zf-trcl,CxxC_CxxC_SSSS,zf-C2H2_2,zf-C2HC_2,zf-LYAR"
A0A8V8TM03,BTB
A0A8V8TM49,"Homeobox,Homeobox_KN"
A0A8V8TM91,"STAT_alpha,STAT_int,STAT_bind"
A0A8V8TMC2,"zf-C2H2_4,zf-C2H2,zf-C2H2_jaz,zf-met,XPA_N,zf-H2C2_2,BTB,DUF2180,zinc_ribbon_5,zf-AN1,zf-C2H2_6,zf-FCS,zf-H2C2_5,DZR,LIM,zf-trcl,CxxC_CxxC_SSSS,zf-C2HC_2,WAC_Acf1_DNA_bd,BolA"
A0A8V8TMG8,"zf-C2H2_4,zf-C2H2,zf-C2H2_jaz,XPA_N,zf-met,zf-H2C2_2,A2L_zn_ribbon,C1_4,TFIIS_C,zf-CHY,HTH_Tnp_ISL3,Zn_Tnp_IS1595,zf-Mss51,zf-C2H2_6,KRAB,Siva,Rpr2,zf-trcl,CxxC_CxxC_SSSS"
A0A8V8TMJ8,"IRF,IRF-3"
A0A8V8TMK4,"Homeobox,Homeobox_KN"
A0A8V8TMK5,IRF
A0A8V8TMN7,"IRF,IRF-3"
A0A8V8TMP6,IRF
A0A8V8TMQ7,"IRF,IRF-3"
A0A8V8TMU9,RHD
A0A8V8TMW2,RHD
A0A8V8TN13,"IRF,IRF-3"
A0A8V8TNA6,"zf-C2H2_4,Elf1,zf-C2H2,DUF2180,FYVE,zinc_ribbon_5,zf-C2H2_jaz,zf-AN1,COX5B,XPA_N,zf-H2C2_2,CxxC_CxxC_SSSS,BTB,HTH_Tnp_ISL3,zf-C2H2_6,LIM,A2L_zn_ribbon"
A0A8V8TNL7,"zf-C2H2_4,zf-C2H2,zinc_ribbon_5,zf-C2H2_jaz,zf-trcl,XPA_N,zf-met,zf-H2C2_2,CxxC_CxxC_SSSS,BTB,HypA,DZR,zf-H2C2_5,zf-C2H2_6,zf-FCS,zf-LYAR"
A0A8V8TNQ0,"zf-C2H2_4,zf-C2H2,zf-C2H2_jaz,zf-met,zf-H2C2_2,zf-C2H2_2,GAGA,AKAP95,zf-C2H2_6"
A0A8V8TP35,"IRF,IRF-3"
A0A8V8TP43,IRF
A0A8V8TP83,IRF
A0A8V8TPD7,"IRF,IRF-3"
A0A8V8TPL7,RHD
A0A8V8TPV9,zf-C4
A0A8V8TQY2,RHD
A0A8V8TR16,"DUF1648,RuvA_C"
A0A994J4N4,"HMG_box,DUF1898,Poxvirus_B22R_N"
A0A994J5J9,"SAM_1,SAM_PNT,SAM_2"
A0A994J5Q4,"zf-C2H2_4,CpXC,zf-C2H2,zf-C2H2_jaz,zf-H2C2_2,DUF3505,zf-C2H2_2,GAGA,Cys_rich_CPXG,zf-H2C2_5,DZR"
A0A994J6H2,Fork_head
A0A994J6X9,"Exonuc_VII_L,IncA,DivIVA,AAA_23,DUF3347"
A0A994J726,"zf-C2H2_4,zf-RING_3,zf-C2H2,CHORD,Raffinose_syn,zf-C2H2_jaz,IBR,zf-met,CCAP,zf-H2C2_2,XPA_N,Transpos_assoc,zf-C2H2_6,zf-CGNR"
A0A9L9PX76,TFIIF_beta
A0AA34QVT6,"zf-C2H2_4,zf-C2H2,Zn_ribbon_recom,zf-C2H2_jaz,XPA_N,zf-H2C2_2,Yippee,GAGA,A2L_zn_ribbon,C1_4,TFIIS_C,zf-AN1,HTH_Tnp_ISL3,Zn_Tnp_IS1595,DUF2321,zf-Mss51,zf-C2H2_6,C1_2,Prok-RING_1,DUF2688,Tnp_zf-ribbon_2,ZZ,GATA,DNA_RNApol_7kD,zf-trcl,CxxC_CxxC_SSSS,CpXC,Ribosomal_L44"
A0AAA9Y9D9,"Cdc6_C,RFX_DNA_binding,Pox_D5,DUF3233"
A0AAA9YHI0,"HMG_box,DUF1898,Sox_N"
A0AAA9YHN4,"HMG_box,DUF1898,Sox_N,MAT_Alpha1"
A0AAA9YHU3,"HMG_box,DUF1898,Sox_N"
A0AAG2TIR3,"zf-C2H2_4,zf-C2H2,Raffinose_syn,KRAB,zf-H2C2_2,zf-Sec23_Sec24,GAGA"
A0AAG2TJ73,"IRF,IRF-3"
A0AAG2TKU2,"zf-C2H2_4,zf-C2H2,KRAB,XPA_N,zf-H2C2_2,zf-Sec23_Sec24,GAGA,DUF3198"
A0AAG2TLJ2,IRF
A0AAG2TMI8,"zf-C2H2_4,zf-C2H2,KRAB,zf-H2C2_2,zf-Sec23_Sec24,GAGA"
A0AAQ5BHR1,"STAT_int,NPV_P10,STAT_bind,STAT_alpha,CRC_subunit"
A0AAQ5BIH9,"zf-C2H2_4,zf-C2H2,zf-C2H2_jaz,KRAB,zf-met,zf-H2C2_2,zf-C2H2_6"
A0AAU7P1G8,Fork_head
A0AUX1,"zf-C2H2_4,C1_4,zf-C2H2,zf-C2H2_jaz,KRAB,zf-H2C2_2,Siva,HTH_18,Zn_Tnp_IS1595,zf-H2C2_5,zf-C2H2_6,BolA"
A0PJ47,"RRM_5,RRM_6,SAP,RRM_1"
A0PJ55,"zf-C2H2_4,zf-C2H2,Zn_ribbon_recom,NifU_N,Prok-RING_2,zf-C2H2_jaz,XPA_N,zf-met,zf-H2C2_2,HypA,GAGA,C1_1,Rubredoxin,A2L_zn_ribbon,C1_4,TFIIS_C,zinc_ribbon_5,zf-AN1,HTH_Tnp_ISL3,Zn_Tnp_IS1595,zf-C2H2_6,C1_2,ADK_lid,LIM,GATA,zf-BED,DNA_RNApol_7kD,zf-trcl,CxxC_CxxC_SSSS,zf-C2H2_2,FYDLN_acid"
A0PJD3,"ELM2,Myb_DNA-binding"
A1A525,"zf-C2H2_4,C1_4,zf-RING_3,zf-C2H2,Zn_ribbon_recom,TFIIS_C,Prok-RING_1,DNA_RNApol_7kD,zf-C2H2_jaz,zf-trcl,XPA_N,zf-met,zf-H2C2_2,HTH_Tnp_ISL3,CxxC_CxxC_SSSS,Zn_Tnp_IS1595,zf-C2H2_6,LIM"
A2A2N5,"zf-C2H2_4,zf-C2H2,zf-C2H2_jaz,zf-met,zf-H2C2_2,YyzF,AKAP95,zf-H2C2_5,zf-C2H2_6,DUF3799"
A2AB93,"HOK_GEF,BTB"
A2VDJ6,"zf-C2H2_4,zf-C2H2,Zn_ribbon_recom,zf-C2H2_jaz,XPA_N,zf-H2C2_2,Yippee,C1_1,C1_4,zf-RING_3,TFIIS_C,zf-AN1,HTH_Tnp_ISL3,Zn_Tnp_IS1595,zf-C2H2_6,KRAB,GATA,zf-BED,DNA_RNApol_7kD,CxxC_CxxC_SSSS,BolA"
A3KPE3,Fork_head
A4D1Z4,Fork_head
A4D2A4,"zf-C2H2_4,zf-C2H2,zf-C2H2_jaz,XPA_N,zf-H2C2_2,Yippee,C1_1,C1_4,TFIIS_C,zf-AN1,HTH_Tnp_ISL3,Zn_Tnp_IS1595,DUF2321,zf-MYND,zf-C2H2_6,FYVE,Prok-RING_1,KRAB,ZZ,zf-H2C2_5,GATA,zf-BED,DNA_RNApol_7kD,NUMOD4,zf-trcl,CxxC_CxxC_SSSS,CpXC"
A4D2L0,Ets
A4D2M8,"Tachystatin_B,GTF2I,Phospho_p8"
A4D7U7,"bZIP_2,bZIP_1,DUF2397"
A4D7V5,"bZIP_2,bZIP_1,Shugoshin_N,bZIP_Maf"
A4LBB6,HLH
A5D905,"Sfi1_C,STAT_alpha,STAT_int"
A5HJR3,"zf-C2H2_4,zf-C2H2,zf-C2H2_jaz,XPA_N,zf-H2C2_2,C1_1,C1_4,DUF2256,HTH_Tnp_ISL3,Zn_Tnp_IS1595,DUF2321,zf-C2H2_6,Desulfoferrod_N,C1_2,KRAB,Rpr2,DNA_RNApol_7kD,zf-trcl,CxxC_CxxC_SSSS,UBN_AB"
A5PKW7,Myb_DNA-binding
A5PL18,"zf-C2H2_4,C1_4,zf-C2H2,zf-C2H2_jaz,zf-met,zf-H2C2_2,DZR,BTB,GAGA,zf-H2C2_5,DUF3342,zf-C2H2_6,DUF776"
A5Y0M9,AT_hook
A5YM43,"SAM_1,SAM_PNT,zf-FCS,SAM_2"
A6H901,Fork_head
A6NLG4,"MRP-L20,Homeobox,Homeobox_KN,OAR"
A6XGM5,"zf-C2H2_4,zf-C2H2,zf-H2C2_2,GAGA,AKAP95"
A6XGM6,"zf-C2H2_4,zf-C2H2,zf-H2C2_2,zf-C2H2_2,AKAP95,GAGA,zf-H2C2_5"
A6XGN5,"zf-C2H2_4,zf-C2H2,PhnJ,zf-C2H2_jaz,zf-H2C2_2,zf-C2H2_2,AKAP95,GAGA,zf-H2C2_5,HTH_18,zf-C2H2_6"
A7MAY2,"zf-C2H2_4,zf-C2H2,Zn_ribbon_recom,zf-DNL,zf-C2H2_jaz,XPA_N,zf-H2C2_2,Yippee,C1_4,TFIIS_C,HTH_Tnp_ISL3,Zn_Tnp_IS1595,zf-C2H2_6,Prok-RING_1,DUF2688,KRAB,ZZ,GATA,DNA_RNApol_7kD,zf-trcl,CxxC_CxxC_SSSS,CpXC,Ribosomal_L44"
A8K124,"zf-H2C2_2,DUF4195,zf-C2H2_jaz"
A8K1C6,"zf-C2H2_4,C1_4,zf-C2H2,Prok-RING_1,C1_3,zf-C2H2_jaz,BHD_2,zf-met,XPA_N,zf-H2C2_2,HTH_Tnp_ISL3,CxxC_CxxC_SSSS,Zn_Tnp_IS1595,zf-C2H2_6,BolA"
A8K1G6,"zf-C2H2_4,C1_4,zf-C2H2,zf-C2H2_jaz,XPA_N,zf-H2C2_2,CxxC_CxxC_SSSS,C1_1,zf-C2H2_6,BolA"
A8K1M8,"HLH,DUF3772,Hairy_orange"
A8K1S9,"zf-C2H2_4,zf-C2H2,Sigma_reg_C,UPF0547,tRNA-synt_2d,C1_3,zf-C2H2_jaz,BHD_2,XPA_N,Rapsyn_N,zf-H2C2_2,CTV_P23,C1_1,C1_4,TFIIS_C,HTH_Tnp_ISL3,Zn_Tnp_IS1595,zf-C2H2_6,Prok-RING_1,KRAB,ZZ,DNA_RNApol_7kD,CxxC_CxxC_SSSS,BHD_1,BolA"
A8K2N2,"zf-C2H2_4,C1_4,zf-C2H2,OGG_N,DUF2688,zf-C2H2_jaz,XPA_N,zf-H2C2_2,HTH_Tnp_ISL3,Yippee,CxxC_CxxC_SSSS,Zn_Tnp_IS1595,CpXC,zf-C2H2_6,GATA,Csm1"
A8K2T5,"zf-C2H2_4,PHF5,CpXC,zf-C2H2,zf-H2C2_2,zf-C2H2_2,zf-H2C2_5"
A8K2V5,"TIG,RHD"
A8K329,"SAP,RRM_6,RRM_5,RRM_1"
A8K360,"zf-C2H2_4,zf-C2H2,C1_3,zf-C2H2_jaz,XPA_N,zf-H2C2_2,HTH_Tnp_ISL3,Zn_Tnp_IS1595,zf-C2H2_6,Desulfoferrod_N,ROS_MUCR,KRAB,ADK_lid,SprT-like,DNA_RNApol_7kD,DUF1610,CxxC_CxxC_SSSS,DUF164,Rep_fac-A_C,BolA"
A8K3D4,"zf-C2H2_4,C1_4,zf-RING_3,zf-C2H2,DNA_RNApol_7kD,zf-C2H2_jaz,XPA_N,zf-met,zf-H2C2_2,HTH_Tnp_ISL3,CxxC_CxxC_SSSS,Yippee,Zn_Tnp_IS1595,C1_1,CpXC,zf-C2H2_6,LIM,GATA"
A8K3H7,"bZIP_2,bZIP_1"
A8K3H9,RHD
A8K4L4,"zf-C2H2_4,zf-C2H2,YEATS,zf-C2H2_jaz,zf-CHY,KRAB,ARS2,zf-H2C2_2,CxxC_CxxC_SSSS,HTH_18,Zn_Tnp_IS1595,zf-C2H2_6"
A8K4Q6,"bZIP_Maf,bZIP_2,BTB,DUF904,bZIP_1"
A8K557,TF_AP-2
A8K5A9,"zf-C2H2_4,zf-C2H2,C1_3,zf-C2H2_jaz,zf-met,XPA_N,zf-H2C2_2,Yippee,C1_4,TFIIS_C,HTH_Tnp_ISL3,Zn_Tnp_IS1595,zf-C2H2_6,DZR,SCAN,zf-BED,DNA_RNApol_7kD,zf-trcl,CxxC_CxxC_SSSS,CpXC"
A8K5C0,"zf-C2H2_4,C1_4,zf-C2H2,zf-C2H2_jaz,zf-trcl,zf-CHY,KRAB,cEGF,zf-met,zf-H2C2_2,CpXC,zf-C2H2_6,LIM"
A8K5C7,"zf-C2H2_4,C1_4,zf-C2H2,Prok-RING_2,zf-BED,zf-C2H2_jaz,zf-trcl,IBD,KRAB,zf-AN1,zf-met,zf-H2C2_2,CxxC_CxxC_SSSS,HTH_18,Zn_Tnp_IS1595,C1_1,zf-MYND,zf-C2H2_6"
A8K5C8,"zf-C2H2_4,zf-C2H2,zf-C2H2_jaz,zf-met,zf-H2C2_2,Yippee,MBD,DUF899,C1_4,zf-AN1,HTH_Tnp_ISL3,Zn_Tnp_IS1595,zf-C2H2_6,zf-UBP,KRAB,PhnJ,CxxC_CxxC_SSSS,CpXC,BolA"
A8K5H1,"zf-C2H2_4,zf-C2H2,C1_3,zf-C2H2_jaz,XPA_N,zf-H2C2_2,zf-CHY,HTH_Tnp_ISL3,Zn_Tnp_IS1595,DUF2321,zf-C2H2_6,Desulfoferrod_N,ROS_MUCR,KRAB,ADK_lid,DNA_RNApol_7kD,zf-trcl,CxxC_CxxC_SSSS,DUF164,BolA"
A8K5P3,"zf-C2H2_4,C1_4,zf-C2H2,Zn_ribbon_recom,zf-C2H2_jaz,zf-CHY,KRAB,zf-H2C2_2,CxxC_CxxC_SSSS,Zn_Tnp_IS1595,zf-C2H2_6"
A8K5X3,"zf-C2H2_4,zf-C2H2,zf-C2H2_jaz,Fer2_2,zf-met,zf-H2C2_2,zf-C2HC_2,FYDLN_acid,zf-C2H2_6,BolA"
A8K601,"zf-C2H2_4,PyrI_C,zf-C2H2,zinc_ribbon_5,zf-C2H2_jaz,zf-AN1,zinc_ribbon_4,zf-met,zf-H2C2_2,DUF3505,CxxC_CxxC_SSSS,zf-C2H2_2,DUF678,DUF3222,zf-C2H2_6"
A8K6P6,"zf-C2H2_4,zf-C2H2,Rpr2,FYVE,zf-C2H2_jaz,zf-met,zf-H2C2_2,zf-C2H2_2,zf-C2H2_6"
A8K6R9,"zf-C2H2_4,C1_4,zf-RING_3,zf-C2H2,DNA_RNApol_7kD,C1_3,zf-C2H2_jaz,KRAB,XPA_N,zf-H2C2_2,CxxC_CxxC_SSSS,CpXC,zf-C2H2_6,LIM"
A8K725,"SAM_PNT,GluR_Homer-bdg,Ets,HSF_DNA-bind"
A8K7J8,"zf-C2H2_4,C1_4,zf-C2H2,DNA_RNApol_7kD,zf-C2H2_jaz,XPA_N,zf-H2C2_2,CxxC_CxxC_SSSS,Yippee,zf-C2HC_2,CpXC,zf-C2H2_6"
A8K7X9,"zf-C2H2_4,zf-C2H2,zf-C2H2_jaz,XPA_N,zf-H2C2_2,zf-RING_3,zf-CHY,Chordopox_RPO7,Zn_Tnp_IS1595,zf-C2H2_6,zf-UBP,KRAB,WAC_Acf1_DNA_bd,LIM,zf-BED,zf-trcl,CxxC_CxxC_SSSS,FYDLN_acid,BHD_1,zf-LYAR,BolA"
A8K7Y5,"zf-C2H2_4,C1_4,zf-C2H2,DUF3280,zf-C2H2_jaz,Ham1p_like,KRAB,zf-met,XPA_N,zf-H2C2_2,CxxC_CxxC_SSSS,HTH_Tnp_ISL3,Zn_Tnp_IS1595,zf-C2H2_6"
A8K811,Fork_head
A8K8K6,"zf-C2H2_4,zf-C2H2,YhfH,zf-C2H2_jaz,XPA_N,zf-H2C2_2,Yippee,HypA,zinc_ribbon_5,HTH_Tnp_ISL3,Zn_Tnp_IS1595,zf-C2H2_6,LIM,SCAN,DNA_RNApol_7kD,zf-trcl,zinc_ribbon_4,CxxC_CxxC_SSSS,CpXC,BolA"
A8K8T4,"zf-C2H2_4,C1_4,zf-C2H2,Prok-RING_1,C1_3,zf-C2H2_jaz,DUF2688,BHD_2,KRAB,zf-met,XPA_N,zf-H2C2_2,HTH_Tnp_ISL3,CxxC_CxxC_SSSS,Zn_Tnp_IS1595,zf-C2H2_6,BolA"
A8K8U0,"zf-C2H2_4,C1_4,zf-C2H2,Prok-RING_2,C1_3,zf-C2H2_jaz,zf-trcl,zf-AN1,XPA_N,zf-H2C2_2,CxxC_CxxC_SSSS,Zn_Tnp_IS1595,C1_1,zf-C2H2_6,A2L_zn_ribbon"
A8K8Y5,"zf-C2H2_4,zf-C2H2,zf-C2H2_jaz,KRAB,zf-met,XPA_N,zf-H2C2_2,CxxC_CxxC_SSSS,zf-C2H2_6,BolA"
A8K9C6,"TIG,RHD"
A8K9W2,"zf-C2H2_4,zf-C2H2,Zn_ribbon_recom,zf-C2H2_jaz,XPA_N,zf-H2C2_2,Yippee,C1_4,zf-RING_3,zf-CHY,HTH_Tnp_ISL3,Chordopox_RPO7,zf-C2H2_6,zf-UBP,KRAB,SANTA,LIM,DNA_RNApol_7kD,zf-trcl,CxxC_CxxC_SSSS,CpXC,BolA"
A8K9Y8,CP2
A8KAD2,"zf-C2H2_4,zf-C2H2,DUF3280,DNA_RNApol_7kD,zf-C2H2_jaz,zf-trcl,zf-met,XPA_N,zf-H2C2_2,CxxC_CxxC_SSSS,HTH_Tnp_ISL3,Ring_hydroxyl_B,zf-C2H2_6,LIM,BolA"
A8KAN8,"zf-C2H2_4,C1_4,zf-C2H2,TFIIS_C,Prok-RING_2,DNA_RNApol_7kD,BHD_1,zf-C2H2_jaz,KRAB,zf-met,XPA_N,zf-H2C2_2,CxxC_CxxC_SSSS,HTH_Tnp_ISL3,Yippee,Zn_Tnp_IS1595,zf-C2H2_6"
A8WFP5,"DUF4164,DivIC,TMF_DNA_bd,DUF4140,Microtub_assoc,DUF972,IncA,bZIP_Maf,HGTP_anticodon2,DUF342,SAGA-Tad1,bZIP_2,Spc24,HALZ,DUF904,bZIP_1,DUF1192"
B0QY71,"DivIC,DUF2046,DUF4140,DUF972,Mod_r,TSC22,IncA,bZIP_Maf,DUF465,bZIP_2,DUF904,Macoilin,HALZ,bZIP_1,DUF1192"
B0QYW7,"Hormone_recep,zf-C4"
B0QYX1,zf-C4
B1AKB1,"DUF605,Suf,MAS20"
B1AKB2,"DUF605,PAT1,Suf,MAS20"
B1AKC8,BTB
B1AKP7,"RRM_3,RRM_6,RRM_5,RRM_1"
B1ALC2,"zf-C2H2_4,zf-C2H2,zf-BED,zf-HIT,zf-AN1,zf-met,zf-H2C2_2,TF_Zn_Ribbon,zf-C2H2_6,OrfB_Zn_ribbon"
B1B1J0,"Homeobox,PAX,HTH_Tnp_IS1"
B1PRL2,Ets
B2CNW3,"Homeobox,Homeobox_KN,CUT"
B2R5R9,"RFX_DNA_binding,Pox_D5"
B2R6J0,"HMG_box,SOXp,DUF1898"
B2R755,HLH
B2R762,"IRF,IRF-3"
B2R7W6,"zf-C2H2_4,zf-C2H2,Zn_ribbon_recom,zf-C2H2_jaz,XPA_N,zf-H2C2_2,Yippee,GAGA,TRH,C1_4,TFIIS_C,HTH_Tnp_ISL3,Zn_Tnp_IS1595,zf-C2H2_6,DUF2688,KRAB,zf-BED,DNA_RNApol_7kD,zf-trcl,CxxC_CxxC_SSSS,BolA"
B2R8D6,"zf-C2H2_4,zf-C2H2,tRNA-synt_2d,Prok-RING_2,zf-C2H2_jaz,XPA_N,zf-H2C2_2,Yippee,A2L_zn_ribbon,TFIIS_C,zf-AN1,HTH_Tnp_ISL3,Zn_Tnp_IS1595,DUF2321,zf-C2H2_6,DUF3280,GATA,DNA_RNApol_7kD,zf-trcl,CxxC_CxxC_SSSS,CpXC,FYDLN_acid"
B2R8K4,"pKID,ASD2,bZIP_Maf,bZIP_2,bZIP_1"
B2R8P9,"zf-C2H2_4,zf-C2H2,zf-C2H2_jaz,zf-met,zf-H2C2_2,zf-C2H2_6"
B2R940,"HTH_29,HTH_28,HTH_32,HTH_23,PAX"
B2R947,"bZIP_2,bZIP_1,IpaB_EvcA"
B2R962,"zf-C2H2_4,zf-C2H2,zf-BED,Prok-RING_1,zf-C2H2_jaz,RseC_MucC,KRAB,XPA_N,zf-H2C2_2,CxxC_CxxC_SSSS,DZR,zf-C2HC_2,zf-C2H2_6,IGPD"
B2R9D8,"zf-C2H2_4,C1_4,zf-C2H2,zf-C2H2_jaz,KRAB,XPA_N,zf-H2C2_2,CxxC_CxxC_SSSS,HTH_Tnp_ISL3,zf-C2H2_6,BolA"
B2R9E2,TF_AP-2
B2R9S1,"zf-C2H2_4,zf-C2H2,zf-C2H2_jaz,XPA_N,zf-H2C2_2,HTH_Tnp_ISL3,CxxC_CxxC_SSSS,Yippee,Zn_Tnp_IS1595,C1_1,zf-H2C2_5,zf-C2H2_6,LIM"
B2R9V3,"zf-C2H2_4,zf-C2H2,Zn_ribbon_recom,zf-C2H2_jaz,zf-met,XPA_N,zf-H2C2_2,C1_4,zf-RING_3,HTH_Tnp_ISL3,RRN7,zf-C2H2_6,zf-UBP,DUF1163,LIM,DNA_RNApol_7kD,CxxC_CxxC_SSSS,zf-C2H2_2,zf-C2HC_2,FYDLN_acid,zf-LYAR,BolA"
B2RAN6,TF_AP-2
B2RAP3,"HLH,Transformer"
B2RB84,"zf-C2H2_4,zf-C2H2,zf-C2H2_jaz,DUF2321,zf-TRAF,zf-met,zf-H2C2_2,GAGA,Zn_Tnp_IS1595,zf-H2C2_5,AKAP95,zf-C2H2_6"
B2RB92,"zf-C2H2_4,C1_4,zf-C2H2,HNH,zf-C2H2_jaz,KRAB,zf-met,XPA_N,zf-H2C2_2,CxxC_CxxC_SSSS,Zn_Tnp_IS1595,zf-C2H2_6,BolA"
B2RB98,"zf-C2H2_4,C1_4,zf-C2H2,FYVE,zf-C2H2_jaz,KRAB,zf-met,XPA_N,zf-H2C2_2,CxxC_CxxC_SSSS,HypA,zf-C2H2_2,Zn_Tnp_IS1595,FYDLN_acid,zf-C2H2_6,zf-LYAR"
B2RBC6,"zf-C2H2_4,zf-C2H2,Sigma_reg_C,UPF0547,tRNA-synt_2d,C1_3,zf-C2H2_jaz,BHD_2,XPA_N,Rapsyn_N,zf-H2C2_2,CTV_P23,C1_1,C1_4,TFIIS_C,HTH_Tnp_ISL3,Zn_Tnp_IS1595,zf-C2H2_6,Prok-RING_1,KRAB,ZZ,DNA_RNApol_7kD,CxxC_CxxC_SSSS,BHD_1,BolA"
B2RBK2,"Glyco_transf_10,BTB"
B2RC57,"Homeobox,Homeobox_KN"
B2RCD9,"zf-C2H2_4,zf-RING_3,zf-C2H2,Zn_ribbon_recom,TFIIS_C,DNA_RNApol_7kD,zf-C2H2_jaz,zf-trcl,KRAB,XPA_N,zf-met,zf-H2C2_2,HTH_Tnp_ISL3,CxxC_CxxC_SSSS,Zn_Tnp_IS1595,zf-C2H2_6,LIM"
B2RCE4,"zf-C2H2_4,zf-C2H2,zf-C2H2_jaz,zf-met,XPA_N,zf-H2C2_2,NAPRTase,Yippee,C1_4,TFIIS_C,zf-AN1,HTH_Tnp_ISL3,Zn_Tnp_IS1595,zf-C2H2_6,FYVE,Prok-RING_1,DUF82,GATA,Rpr2,zf-BED,DNA_RNApol_7kD,zf-trcl,CxxC_CxxC_SSSS,zf-LYAR,BolA"
B2RCL8,"HLH,PAS,PAS_2,PAS_3,PAS_9,PAS_4"
B2RCN8,"DUF948,SAND"
B2RCZ6,"zf-C2H2_4,zf-C2H2,zf-BED,zf-C2H2_jaz,zf-met2,zf-met,zf-H2C2_2,RRN7,zf-C2H2_6"
B2RD50,"zf-C2H2_4,zf-C2H2,C1_3,zf-C2H2_jaz,zf-met,XPA_N,zf-H2C2_2,HypA,C1_1,C1_4,zf-RING_3,zf-AN1,Chordopox_RPO7,Zn_Tnp_IS1595,zf-C2H2_6,KRAB,Siva,Prim_Zn_Ribbon,LIM,GATA,zf-BED,CxxC_CxxC_SSSS,zf-C2HC_2,zf-LYAR"
B2RDB6,"zf-C2H2_4,zf-C2H2,C1_3,zf-C2H2_jaz,XPA_N,zf-H2C2_2,Yippee,C1_1,C1_4,TFIIS_C,zf-AN1,HTH_Tnp_ISL3,Zn_Tnp_IS1595,DUF2321,zf-C2H2_6,Prok-RING_1,KRAB,ZZ,GATA,zf-BED,DNA_RNApol_7kD,zf-trcl,NUMOD4,CxxC_CxxC_SSSS,Ribosomal_L44,BolA"
B2RDT1,"Hormone_recep,zf-C4"
B2RE66,"zf-C2H2_4,zf-C2H2,C1_3,zf-C2H2_jaz,XPA_N,zf-met,zf-H2C2_2,C1_1,C1_4,zf-RING_3,TFIIS_C,Raffinose_syn,HTH_Tnp_ISL3,Zn_Tnp_IS1595,zf-C2H2_6,Prok-RING_1,Siva,zf-H2C2_5,DNA_RNApol_7kD,zf-trcl,CxxC_CxxC_SSSS,FYDLN_acid,Minor_capsid_1"
B2RN90,"zf-C2H2_4,zf-C2H2,zf-C2H2_jaz,zf-met,zf-H2C2_2,C1_1,zf-C2H2_6"
B2RXH1,"SAM_1,DUF1471,SAM_PNT,zf-FCS,SAM_2"
B3KMY9,"zf-C2H2_4,zf-C2H2,Prok-RING_2,zf-C2H2_jaz,zf-CHY,KRAB,zf-met,zf-H2C2_2,CxxC_CxxC_SSSS,Zn_Tnp_IS1595,C1_1,GAGA,zf-C2H2_6,NADH-G_4Fe-4S_3"
B3KN61,"zf-C2H2_4,C1_4,zf-C2H2,SCAN,zf-BED,zf-C2H2_jaz,KRAB,zf-met,zf-H2C2_2,CxxC_CxxC_SSSS,Yippee,zf-C2H2_6,BolA"
B3KNB1,"zf-C2H2_4,zf-C2H2,zf-C2H2_jaz,zf-met,XPA_N,zf-H2C2_2,C1_4,TFIIS_C,Raffinose_syn,HTH_Tnp_ISL3,Zn_Tnp_IS1595,zf-C2H2_6,DUF3280,Ham1p_like,GATA,zf-BED,zf-trcl,CxxC_CxxC_SSSS,zf-LYAR"
B3KNE6,"zf-C2H2_4,zf-C2H2,zf-C2H2_jaz,zf-H2C2_2,zf-H2C2_5"
B3KNG7,"zf-C2H2_4,zf-C2H2,zf-C2H2_jaz,zf-met,zf-H2C2_2,zf-C2H2_2,zf-C2H2_6"
B3KNJ5,"Homeobox,LIM,Homeobox_KN,Homez"
B3KNK7,"zf-C2H2_4,C1_4,zf-C2H2,DNA_RNApol_7kD,zf-C2H2_jaz,zf-H2C2_2,Yippee,CxxC_CxxC_SSSS,CpXC,DrsE,zf-C2H2_6,IGPD"
B3KNM4,"zf-C2H2_4,zf-C2H2,Zn_ribbon_recom,Prok-RING_2,C1_3,zf-C2H2_jaz,XPA_N,zf-met,zf-H2C2_2,Yippee,C1_4,zf-AN1,HTH_Tnp_ISL3,Zn_Tnp_IS1595,zf-C2H2_6,Siva,LIM,DNA_RNApol_7kD,CxxC_CxxC_SSSS,zf-C2HC_2,DUF164"
B3KNY8,"zf-C2H2_4,zf-C2H2,UPF0547,C1_3,zf-C2H2_jaz,BHD_2,XPA_N,zf-met,zf-H2C2_2,CTV_P23,C1_1,C1_4,TFIIS_C,Ribosomal_L17,HTH_Tnp_ISL3,Zn_Tnp_IS1595,zf-MYND,zf-C2H2_6,Desulfoferrod_N,Prok-RING_1,COX5B,ZZ,DUF82,Arc_trans_TRASH,zf-BED,DNA_RNApol_7kD,CxxC_CxxC_SSSS,PDZ_1,BolA"
B3KP07,BEN
B3KP91,"zf-C2H2_4,zf-C2H2,zf-ribbon_3,UPF0547,YhfH,zf-C2H2_jaz,Ogr_Delta,zf-met,zf-H2C2_2,HypA,A2L_zn_ribbon,C1_4,zf-RING_3,zinc_ribbon_5,TFIIS_C,Rad50_zn_hook,HTH_Tnp_ISL3,Zn_Tnp_IS1595,zinc_ribbon_2,zf-C2H2_6,DUF2709,zf-HIT,DZR,DUF3113,CxxC_CxxC_SSSS,zf-C2HC_2,CpXC"
B3KPC9,"zf-C2H2_4,C1_4,zf-RING_3,zf-C2H2,zf-C2H2_jaz,zf-trcl,zf-CHY,cEGF,zf-met,zf-H2C2_2,zf-H2C2_5,Yippee,CpXC,zf-C2H2_6,LIM"
B3KPE4,"zf-C2H2_4,zf-C2H2,C1_3,zf-C2H2_jaz,XPA_N,zf-H2C2_2,Yippee,C1_4,zf-RING_3,DUF2256,HTH_Tnp_ISL3,zf-C2H2_6,zf-UBP,PHD,zf-H2C2_5,DNA_RNApol_7kD,zf-trcl,CxxC_CxxC_SSSS,HTH_18,FYDLN_acid"
B3KPG1,"zf-C2H2_4,C1_4,zf-C2H2,DNA_RNApol_7kD,C1_3,zf-C2H2_jaz,zf-trcl,Ogr_Delta,KRAB,XPA_N,zf-H2C2_2,CxxC_CxxC_SSSS,HTH_Tnp_ISL3,Zn_Tnp_IS1595,DUF164,GAGA,zf-C2H2_6"
B3KPI4,"zf-C2H2_4,zf-H2C2_2,zf-C2H2_jaz,zf-C2H2"
B3KPJ4,"SAM_1,SAM_PNT,SAM_2"
B3KPK8,"zf-C2H2_4,C1_4,zf-RING_3,zf-C2H2,zf-C2H2_jaz,zf-trcl,zf-CHY,cEGF,zf-met,zf-H2C2_2,zf-H2C2_5,CpXC,zf-C2H2_6,LIM"
B3KPL8,"zf-C2H2_4,zf-C2H2,zf-BED,zf-C2H2_jaz,KRAB,XPA_N,zf-met,zf-H2C2_2,CxxC_CxxC_SSSS,HTH_Tnp_ISL3,zf-C2H2_6,IGPD"
B3KPP0,"zf-C2H2_4,C1_4,zf-C2H2,FYVE,zf-C2H2_jaz,KRAB,zf-met,XPA_N,zf-H2C2_2,CxxC_CxxC_SSSS,zf-C2H2_2,Zn_Tnp_IS1595,zf-C2H2_6,zf-LYAR"
B3KPY4,"zf-C2H2_4,zf-RING_3,Elf1,zf-C2H2,C1_3,zf-C2H2_jaz,KRAB,Rad50_zn_hook,zf-met,zf-H2C2_2,CxxC_CxxC_SSSS,zinc_ribbon_2,zf-C2HC_2,FYDLN_acid,zf-C2H2_6,LIM,zf-DNA_Pol"
B3KQ40,"zf-C2H2_4,zf-C2H2,zf-C2H2_jaz,zf-met,zf-H2C2_2,zf-C2H2_2,Mu-like_Com"
B3KQ54,"zf-C2H2_4,zf-C2H2,zf-C2H2_jaz,KRAB,XPA_N,zf-H2C2_2,HTH_Tnp_ISL3,CxxC_CxxC_SSSS,Yippee,Zn_Tnp_IS1595,C1_1,zf-H2C2_5,zf-C2HC_2,zf-C2H2_6"
B3KQ75,"HMG_box,DUF1898,MAT_Alpha1"
B3KQB8,"HLH,Hairy_orange"
B3KQC6,"HMG_box,DUF1898,CHD5"
B3KQJ6,"zf-C2H2_4,zf-C2H2,UPF0547,Prok-RING_2,C1_3,zf-C2H2_jaz,BHD_2,XPA_N,zf-met,zf-H2C2_2,CTV_P23,C1_1,C1_4,TFIIS_C,Ribosomal_L17,HTH_Tnp_ISL3,Zn_Tnp_IS1595,zf-MYND,zf-C2H2_6,Desulfoferrod_N,Prok-RING_1,COX5B,ZZ,DUF82,Arc_trans_TRASH,zf-BED,DNA_RNApol_7kD,CxxC_CxxC_SSSS,BolA"
B3KQX0,"zf-C2H2_4,zf-C2H2,zf-C2H2_jaz,zf-met,zf-H2C2_2,zf-C2H2_2,zf-H2C2_5,zf-C2H2_6"
B3KR52,BTB
B3KR55,"zf-C2H2_4,C1_4,zf-C2H2,DNA_RNApol_7kD,BHD_1,zf-C2H2_jaz,zf-CHY,DUF4389,Rapsyn_N,zf-H2C2_2,CxxC_CxxC_SSSS,Zn_Tnp_IS1595,zf-C2H2_6,BolA"
B3KRD9,T-box
B3KRG6,Hormone_recep
B3KRH5,"zf-C2H2_4,zf-C2H2,Zn_ribbon_recom,Prok-RING_2,C1_3,zf-C2H2_jaz,YhfH,zf-met,XPA_N,zf-H2C2_2,Yippee,Ring_hydroxyl_B,MBD,A2L_zn_ribbon,C1_4,TFIIS_C,DUF2256,HTH_Tnp_ISL3,Zn_Tnp_IS1595,zf-C2H2_6,zf-UBP,Prok-RING_1,ADK_lid,LIM,GATA,DNA_RNApol_7kD,zf-BED,zf-trcl,CxxC_CxxC_SSSS,zf-C2HC_2,CpXC,FYDLN_acid,BolA"
B3KRI0,"zf-C2H2_4,Elf1,zf-C2H2,zf-BED,YhfH,zf-C2H2_jaz,DNA_RNApol_7kD,zf-met,XPA_N,zf-H2C2_2,CxxC_CxxC_SSSS,HTH_Tnp_ISL3,Siva,Zn_Tnp_IS1595,zf-C2H2_6"
B3KRP4,"zf-C2H2_4,zf-C2H2,zf-C2H2_jaz,XPA_N,zf-H2C2_2,Yippee,C1_1,C1_4,TFIIS_C,zf-AN1,HTH_Tnp_ISL3,Zn_Tnp_IS1595,DUF2321,zf-C2H2_6,KRAB,ZZ,DUF82,GATA,zf-BED,DNA_RNApol_7kD,NUMOD4,zf-trcl,CxxC_CxxC_SSSS,Ribosomal_L44,BolA"
B3KRX3,"zf-C2H2_4,zf-C2H2,Zn_ribbon_recom,C1_3,zf-C2H2_jaz,XPA_N,zf-met,zf-H2C2_2,Yippee,C1_1,C1_4,HNH,zf-AN1,DUF2256,HTH_Tnp_ISL3,zf-C2H2_6,Prok-RING_1,KRAB,LIM,Zn_Tnp_IS1,Arc_trans_TRASH,DNA_RNApol_7kD,zf-trcl,CxxC_CxxC_SSSS,zf-C2HC_2,CpXC"
B3KS76,"zf-C2H2_4,zf-C2H2,zf-C2H2_jaz,XPA_N,zf-H2C2_2,C1_1,A2L_zn_ribbon,C1_4,zf-RING_3,HTH_Tnp_ISL3,Zn_Tnp_IS1595,zf-C2H2_6,Prok-RING_1,KRAB,PHD,DZR,GATA,DNA_RNApol_7kD,CxxC_CxxC_SSSS,CpXC,FYDLN_acid,BolA"
B3KS93,"zf-C2H2_4,zf-C2H2_jaz,DUF2111,zf-met,zf-H2C2_2,DUF4195,zf-C2H2_6"
B3KSI6,"HMG_box,DUF1898,MAT_Alpha1"
B3KSR4,"zf-C2H2_4,zf-C2H2,zf-C2H2_jaz,XPA_N,zf-met,zf-H2C2_2,NAPRTase,Yippee,C1_4,TFIIS_C,zf-AN1,HTH_Tnp_ISL3,Zn_Tnp_IS1595,zf-C2H2_6,FYVE,Prok-RING_1,Tnp_zf-ribbon_2,DUF82,GATA,Rpr2,zf-BED,DNA_RNApol_7kD,zf-trcl,CxxC_CxxC_SSSS,zf-LYAR,BolA"
B3KT80,"zf-C2H2_4,zf-C2H2,Zn_ribbon_recom,Prok-RING_2,C1_3,zf-C2H2_jaz,YhfH,XPA_N,zf-met,zf-H2C2_2,Yippee,HypA,C1_1,C1_4,TFIIS_C,zf-AN1,HTH_Tnp_ISL3,Chordopox_RPO7,Zn_Tnp_IS1595,zf-MYND,RRN7,zf-C2H2_6,zf-UBP,T4_baseplate,LIM,GATA,Rpr2,DNA_RNApol_7kD,zf-BED,zf-trcl,CxxC_CxxC_SSSS,zf-C2H2_2,zf-C2HC_2,CpXC,FYDLN_acid,zf-LYAR"
B3KT94,"zf-C2H2_4,zf-C2H2,zf-C2H2_jaz,XPA_N,zf-H2C2_2,CxxC_CxxC_SSSS,zf-C2HC_2,zf-C2H2_6,BolA"
B3KTA4,"zf-C2H2_4,zf-C2H2,zf-C2H2_jaz,Ribosomal_L44,Ogr_Delta,XPA_N,zf-H2C2_2,A2L_zn_ribbon,C1_4,zf-AN1,HTH_Tnp_ISL3,Zn_Tnp_IS1595,zf-C2H2_6,FYVE,Prok-RING_1,zf-H2C2_5,SCAN,zf-BED,DNA_RNApol_7kD,CxxC_CxxC_SSSS,DUF2336,BolA"
B3KTG1,"zf-C2H2_4,zf-C2H2,UPF0547,C1_3,zf-C2H2_jaz,XPA_N,zf-H2C2_2,GAGA,C1_1,C1_4,TFIIS_C,HTH_Tnp_ISL3,Zn_Tnp_IS1595,zf-C2H2_6,C1_2,Desulfoferrod_N,ZZ,zf-BED,DNA_RNApol_7kD,CxxC_CxxC_SSSS,BolA"
B3KTH4,"zf-C2H2_4,zf-C2H2,zf-C2H2_jaz,zf-met,zf-H2C2_2,zf-C2H2_2,zf-C2H2_6"
B3KTM5,"zf-C2H2_4,C1_4,zf-C2H2,TFIIS_C,DNA_RNApol_7kD,zf-C2H2_jaz,XPA_N,zf-H2C2_2,CxxC_CxxC_SSSS,HTH_Tnp_ISL3,zf-C2H2_6,A2L_zn_ribbon"
B3KTR1,"zf-C2H2_4,C1_4,zf-C2H2,zf-BED,DNA_RNApol_7kD,zf-C2H2_jaz,XPA_N,zf-H2C2_2,HTH_Tnp_ISL3,CxxC_CxxC_SSSS,Zn_Tnp_IS1595,Nop16,zf-C2H2_6,GATA,BolA"
B3KU97,"zf-C2H2_4,zf-FPG_IleRS,PyrI_C,zf-C2H2,zf-C2H2_jaz,zf-met,zf-H2C2_2,zf-C2H2_2,GAGA,zf-C2H2_6,BolA"
B3KUA7,"zf-C2H2_4,zf-C2H2,Zn_ribbon_recom,UPF0547,YhfH,zf-C2H2_jaz,C1_3,XPA_N,zf-met,zf-H2C2_2,Yippee,C1_4,TFIIS_C,HTH_Tnp_ISL3,Zn_Tnp_IS1595,zinc_ribbon_2,zf-C2H2_6,KRAB,DNA_RNApol_7kD,CxxC_CxxC_SSSS,DUF2213"
B3KUL8,T-box
B3KUN2,"zf-C2H2_4,zf-C2H2_jaz,zf-met,zf-H2C2_2,DUF4195,zf-C2H2_6"
B3KUR0,"zf-C2H2_4,DUF1768,zf-C2H2,C1_3,zf-C2H2_jaz,XPA_N,zf-H2C2_2,C1_1,A2L_zn_ribbon,zf-RING_3,HTH_Tnp_ISL3,Zn_Tnp_IS1595,zf-MYND,zf-C2H2_6,Prok-RING_1,KRAB,ZZ,Siva,DNA_RNApol_7kD,CxxC_CxxC_SSSS,ANATO,BolA"
B3KUU9,"Hormone_recep,zf-C4"
B3KUX2,"zf-C2H2_4,zf-C2H2,NifU_N,C1_3,zf-C2H2_jaz,zf-trcl,KRAB,XPA_N,zf-H2C2_2,CxxC_CxxC_SSSS,DUF164,Zn_Tnp_IS1595,zf-C2H2_6,BolA"
B3KUX4,"Homeobox,Homeobox_KN"
B3KV39,Fork_head
B3KV76,"zf-C2H2_4,zf-C2H2,zf-BED,BHD_1,zf-C2H2_jaz,XPA_N,zf-H2C2_2,CxxC_CxxC_SSSS,HTH_Tnp_ISL3,Yippee,C1_1,FYDLN_acid,zf-C2H2_6,BolA"
B3KV85,HLH
B3KVD4,"zf-C2H2_4,zf-RING_3,Myc_N,zf-C2H2,Nucleoplasmin,Cenp-B_dimeris,zf-C2H2_jaz,CDC45,Ribosomal_L34e,Nop14,zf-met,zf-H2C2_2,DUF2890,Daxx,zf-C2HC_2,FYDLN_acid,zf-C2H2_6,Tmemb_55A"
B3KVF1,"zf-C2H2_4,C1_4,zf-C2H2,FYVE,TFIIS_C,zf-BED,zf-C2H2_jaz,zf-HIT,XPA_N,zf-H2C2_2,CxxC_CxxC_SSSS,HTH_Tnp_ISL3,Zn_Tnp_IS1595,zf-C2H2_6"
B3KVG5,"zf-C2H2_4,zf-C2H2,zf-C2H2_jaz,DUF2321,zf-met,zf-H2C2_2,GAGA,AKAP95,zf-H2C2_5,zf-C2H2_6"
B3KVK3,Fork_head
B3KVL3,"zf-C2H2_4,zf-C2H2,NifU_N,Prok-RING_2,C1_3,zf-C2H2_jaz,XPA_N,Rapsyn_N,zf-H2C2_2,Yippee,C1_4,TFIIS_C,HTH_Tnp_ISL3,Zn_Tnp_IS1595,zf-C2H2_6,C1_2,FYVE,KRAB,GATA,DNA_RNApol_7kD,zf-trcl,CxxC_CxxC_SSSS,BolA"
B3KVM5,Hormone_recep
B3KVN4,"zf-C2H2_4,zf-C2H2,zf-CHCC,zf-C2H2_jaz,zf-met,zf-H2C2_2,GAGA,C1_1,HNH,zf-C2H2_6,PyrI_C,Ta0938,FYVE,Prok-RING_1,Elf1,zf-BED,Ribosomal_S27e,CxxC_CxxC_SSSS,zf-C2H2_2,zf-C2HC_2,BolA"
B3KVN6,"zf-C2H2_4,zf-C2H2,UPF0547,YhfH,zf-C2H2_jaz,XPA_N,zf-H2C2_2,Yippee,C1_4,zinc_ribbon_5,TFIIS_C,HNH,zf-AN1,HTH_Tnp_ISL3,Zn_Tnp_IS1595,DUF3357,zf-MYND,zf-C2H2_6,Prok-RING_1,GATA,DNA_RNApol_7kD,zf-BED,zinc_ribbon_4,DUF1610,CxxC_CxxC_SSSS,CpXC"
B3KX41,"Myb_DNA-bind_6,Myb_DNA-bind_4,Myb_DNA-binding"
B3KXK2,"zf-C2H2_4,zf-C2H2,zf-C2H2_jaz,zf-met,zf-H2C2_2,zf-C2H2_2,zf-C2H2_6,ELM2,Myb_DNA-binding"
B3KY57,"bZIP_2,bZIP_1,Shugoshin_N,bZIP_Maf"
B3KY96,"zf-C2H2_4,C1_4,zf-C2H2,FYVE,TFIIS_C,zf-BED,zf-C2H2_jaz,zf-HIT,KRAB,zf-H2C2_2,CxxC_CxxC_SSSS,HTH_Tnp_ISL3,Zn_Tnp_IS1595,zf-C2H2_6"
B4DDP1,Hormone_recep
B4DEH6,HSF_DNA-bind
B4DER8,"TIG,RHD"
B4DF20,"zf-C2H2_4,Elf1,zf-C2H2,UPF0547,zinc_ribbon_5,zf-BED,zf-C2H2_jaz,zf-C3HC4_2,zf-AN1,zinc_ribbon_4,zf-met,zf-H2C2_2,BTB,Zn_Tnp_IS1595,CpXC,zf-C2H2_6"
B4DF53,"zf-C2H2_4,zf-C2H2,zf-C2H2_jaz,zf-met,XPA_N,zf-H2C2_2,Yippee,C1_4,DUF2180,zf-AN1,HTH_Tnp_ISL3,Zn_Tnp_IS1595,zf-C2H2_6,zf-UBP,FYVE,Tnp_zf-ribbon_2,Siva,zf-C2HC5,GATA,zf-BED,IBR,CxxC_CxxC_SSSS,BolA"
B4DF82,"zf-C2H2_4,C1_4,zf-C2H2,FYVE,DUF2180,zf-C2H2_jaz,IBR,zf-AN1,Tnp_zf-ribbon_2,zf-H2C2_2,CxxC_CxxC_SSSS,HTH_Tnp_ISL3,Yippee,Zn_Tnp_IS1595,zf-C2HC5,zf-C2H2_6,zf-UBP,BolA"
B4DFC8,"zf-C2H2_4,C1_4,zf-C2H2,Dict-STAT-coil,DUF2688,zf-C2H2_jaz,zf-H2C2_2,CxxC_CxxC_SSSS,DUF4372,Zn_Tnp_IS1595,zf-C2H2_6"
B4DFD9,"zf-C2H2_4,Elf1,zf-C2H2,FYVE,Prok-RING_1,zf-C2H2_jaz,zf-met,Rad50_zn_hook,zf-H2C2_2,zf-C2H2_2,Daxx,zf-C2HC_2,BSP_II,zf-C2H2_6,zf-FCS,NOA36"
B4DFT8,"zf-C2H2_4,zf-C2H2,zf-C2H2_jaz,zf-met,zf-H2C2_2,zf-C2H2_2,Mu-like_Com"
B4DFU0,CXC
B4DFU5,"zf-C2H2_4,zf-RING_3,zf-C2H2,Zn_ribbon_recom,DNA_RNApol_7kD,BHD_1,zf-C2H2_jaz,zf-CHY,zf-H2C2_2,Yippee,Chordopox_RPO7,HTH_18,CxxC_CxxC_SSSS,zf-C2H2_6"
B4DG61,"SAM_1,SAM_PNT,SAM_2"
B4DGI1,"zf-C2H2_4,zf-C2H2,zf-C2H2_jaz,zf-met,zf-H2C2_2,CopK,zf-C2H2_6"
B4DGN3,"RRM_6,RRM_1"
B4DGQ9,"zf-C2H2_4,zf-C2H2,C1_2,TFIIS_C,zf-C2H2_jaz,Ribosomal_L17,XPA_N,zf-H2C2_2,CxxC_CxxC_SSSS,HTH_Tnp_ISL3,DZR,Zn_Tnp_IS1595,Yippee,zf-C2H2_6,GATA,A2L_zn_ribbon"
B4DGV5,"Homeobox,Homeobox_KN"
B4DGV6,BTB
B4DH67,"zf-C2H2_4,PyrI_C,zf-C2H2,zf-C2H2_jaz,zf-met,zf-H2C2_2,zf-C2H2_2,GAGA,zf-H2C2_5,zf-C2H2_6"
B4DH87,"zf-C2H2_4,C1_4,zf-RING_3,zf-C2H2,DNA_RNApol_7kD,C1_3,zf-C2H2_jaz,KRAB,XPA_N,zf-H2C2_2,CxxC_CxxC_SSSS,Chordopox_RPO7,CpXC,zf-C2H2_6,LIM"
B4DHE0,"STAT_alpha,STAT_int,CorA"
B4DHI1,"DASH_Dad4,STAT_alpha,STAT_int,CorA"
B4DHL1,"zf-H2C2_2,DUF4195,zf-C2H2_jaz"
B4DHU8,"zf-C2H2_4,zf-C2H2,zf-C2H2_jaz,Ogr_Delta,zf-TRAF,zf-met,CCAP,zf-H2C2_2,CopK"
B4DI05,"zf-C2H2_4,C1_4,zf-RING_3,zf-C2H2,zf-BED,zf-C2H2_jaz,Rad50_zn_hook,zf-H2C2_2,CxxC_CxxC_SSSS,Yippee,zf-C2HC_2,Zn_Tnp_IS1595,GAGA,FYDLN_acid,zf-C2H2_6,BolA"
B4DI14,"zf-C2H2_4,zf-C2H2,C1_3,zf-C2H2_jaz,zf-met2,zf-met,XPA_N,zf-H2C2_2,HypA,C1_1,C1_4,zf-CHY,RRN7,zf-C2H2_6,zf-FCS,C1_2,Prok-RING_1,LIM,CxxC_CxxC_SSSS,zf-C2H2_2,zf-C2HC_2,FYDLN_acid,BolA"
B4DI86,IRF
B4DIA1,"zf-C2H2_4,C1_4,zf-C2H2,FYVE,zf-BED,zf-C2H2_jaz,KRAB,zf-H2C2_2,CxxC_CxxC_SSSS,Ring_hydroxyl_B,Baculo_IE-1,Zn_Tnp_IS1595,zf-C2H2_6"
B4DIH3,"Microtub_assoc,FlaC_arch,bZIP_2,bZIP_1,DUF2730"
B4DIQ5,"Shugoshin_N,FlaC_arch,bZIP_2,HALZ,bZIP_1"
B4DJ46,"zf-C2H2_4,zf-C2H2,Evr1_Alr,Prok-RING_2,Pilin_PilX,C1_3,zf-C2H2_jaz,YhfH,Ogr_Delta,XPA_N,zf-H2C2_2,HypA,Yippee,C1_1,NinG,C1_4,TFIIS_C,zinc_ribbon_5,zf-AN1,HTH_Tnp_ISL3,Zn_Tnp_IS1595,DUF35_N,zf-C2H2_6,Desulfoferrod_N,Prok-RING_1,zf-HIT,Tnp_zf-ribbon_2,ZZ,ADK_lid,LIM,DNA_RNApol_7kD,zf-trcl,DUF1610,CxxC_CxxC_SSSS,DUF164,zf-C2HC_2,FYDLN_acid,BHD_1,DUF2213,Ribosomal_L44,BolA"
B4DJE4,"zf-C2H2_4,C1_4,zf-C2H2,NuA4,TFIIS_C,zf-BED,DNA_RNApol_7kD,zf-C2H2_jaz,zf-trcl,XPA_N,zf-H2C2_2,CxxC_CxxC_SSSS,HTH_Tnp_ISL3,Zn_Tnp_IS1595,zf-C2H2_6,GATA"
B4DJS4,HSF_DNA-bind
B4DJZ2,"HMG_box,DUF1898,MAT_Alpha1,CTNNB1_binding,CHD5"
B4DK53,"zf-C2H2_4,zf-C2H2,zf-C2H2_jaz,zf-met,XPA_N,zf-H2C2_2,Yippee,HypA,A2L_zn_ribbon,C1_4,HTH_Tnp_ISL3,Zn_Tnp_IS1595,zf-C2H2_6,IGPD,C1_2,DZR,DNA_RNApol_7kD,zf-BED,CxxC_CxxC_SSSS"
B4DKI0,"zf-C2H2_4,zf-C2H2,Zn_ribbon_recom,C1_3,zf-C2H2_jaz,XPA_N,zf-H2C2_2,Yippee,GAGA,TRH,C1_4,TFIIS_C,DUF2256,HTH_Tnp_ISL3,Zn_Tnp_IS1595,zf-C2H2_6,Siva,zf-BED,DNA_RNApol_7kD,zf-trcl,CxxC_CxxC_SSSS,BolA"
B4DKM1,DED
B4DL26,"zf-C2H2_4,zf-C2H2,zf-C2H2_jaz,XPA_N,zf-met,zf-H2C2_2,HypA,C1_4,zf-AN1,HTH_Tnp_ISL3,Zn_Tnp_IS1595,zf-C2H2_6,IGPD,Trm112p,LIM,Rpr2,zf-BED,DNA_RNApol_7kD,zf-trcl,CxxC_CxxC_SSSS,zf-C2HC_2,BHD_1,BolA"
B4DL28,CP2
B4DL38,DUF3446
B4DL45,"HLH,Myc_N"
B4DL50,"zf-C2H2_4,C1_4,zf-C2H2,zf-C2H2_jaz,KRAB,XPA_N,zf-H2C2_2,HTH_Tnp_ISL3,Yippee,Zn_Tnp_IS1595,CpXC,zf-C2H2_6,BolA"
B4DL76,"HIF-1,PAS,PAS_3,PAS_9,PAS_4,Dicty_REP"
B4DLB0,"DHC,HMG_box,DUF3106,DUF1898,Poxvirus_B22R_N,DUF1074"
B4DLB9,"KRAB,SCAN"
B4DLC8,"STAT_int,Lectin_N,STAT_bind,LXG,STAT_alpha,CorA"
B4DLG1,CP2
B4DLS2,"zf-C2H2_4,C1_4,zf-C2H2,DNA_RNApol_7kD,BHD_1,zf-C2H2_jaz,zf-CHY,DUF4389,Rapsyn_N,zf-H2C2_2,CxxC_CxxC_SSSS,Zn_Tnp_IS1595,CpXC,zf-C2H2_6,GATA,BolA"
B4DLZ7,"zf-C2H2_4,zf-C2H2,YEATS,Zn_ribbon_recom,DNA_RNApol_7kD,zf-C2H2_jaz,XPA_N,zf-H2C2_2,CxxC_CxxC_SSSS,HTH_Tnp_ISL3,DUF309,zf-C2HC_2,Siva,zf-C2H2_6"
B4DM07,GTF2I
B4DM42,"zf-C2H2_4,zf-C2H2,zf-C2H2_jaz,zf-met,XPA_N,zf-H2C2_2,HypA,C1_4,zf-RING_3,zf-AN1,HTH_Tnp_ISL3,Zn_Tnp_IS1595,zf-C2H2_6,Kua-UEV1_localn,KRAB,Siva,Baculo_IE-1,Prim_Zn_Ribbon,LIM,GATA,zf-BED,DNA_RNApol_7kD,zf-trcl,CxxC_CxxC_SSSS,zf-C2HC_2,CpXC,zf-LYAR"
B4DM57,"zf-C2H2_4,zf-C2H2,Prok-RING_2,zf-C2H2_jaz,XPA_N,zf-H2C2_2,Yippee,C1_4,TFIIS_C,zinc_ribbon_5,HTH_Tnp_ISL3,Zn_Tnp_IS1595,zf-C2H2_6,KRAB,GATA,DNA_RNApol_7kD,zinc_ribbon_4,CxxC_CxxC_SSSS,CpXC"
B4DM62,"Gag_spuma,Homeobox,NicO,DUF2217,TF_Otx"
B4DM69,"zf-C2H2_4,C1_4,zf-C2H2,FYVE,zf-BED,zf-C2H2_jaz,zf-met,zf-H2C2_2,CxxC_CxxC_SSSS,Baculo_IE-1,Ring_hydroxyl_B,Zn_Tnp_IS1595,DUF82,zf-MYND,Yippee,zf-C2H2_6,BolA"
B4DMG0,"zf-C2H2_4,zf-C2H2,zf-C2H2_jaz,XPA_N,zf-H2C2_2,C1_1,TFIIS_C,HTH_Tnp_ISL3,Zn_Tnp_IS1595,zf-C2H2_6,IGPD,DUF2387,KRAB,Trm112p,Rpr2,zf-trcl,CxxC_CxxC_SSSS,zf-C2H2_2,zf-C2HC_2,Med27"
B4DMH6,"KRAB,SCAN"
B4DMI3,"zf-C2H2_4,C1_4,zf-C2H2,BHD_1,zf-C2H2_jaz,zf-trcl,KRAB,XPA_N,zf-H2C2_2,CxxC_CxxC_SSSS,HTH_Tnp_ISL3,AARP2CN,Zn_Tnp_IS1595,DUF82,zf-C2H2_6"
B4DMI8,"zf-C2H2_4,C1_4,HTH_AraC,zf-C2H2,zf-C2H2_jaz,zf-trcl,zf-met,zf-H2C2_2,CxxC_CxxC_SSSS,Zn_Tnp_IS1595,zf-C2H2_6"
B4DMT1,"zf-C2H2_4,zf-C2H2,Zn_ribbon_recom,YhfH,zf-C2H2_jaz,XPA_N,zf-H2C2_2,A2L_zn_ribbon,C1_4,zf-RING_3,zinc_ribbon_5,HTH_Tnp_ISL3,Zn_Tnp_IS1595,DUF2321,zf-C2H2_6,zf-H2C2_5,LIM,GATA,DNA_RNApol_7kD,zf-BED,zf-trcl,CxxC_CxxC_SSSS,FYDLN_acid,BHD_1,BolA"
B4DN83,"SAM_PNT,SAM_1,Ets,SAM_2"
B4DNF7,"zf-C2H2_4,CHORD,zf-C2H2,IL17,zf-H2C2_2,zf-H2C2_5,zf-C2H2_6"
B4DNH5,"zf-C2H2_4,zf-C2H2,NifU_N,zf-C2H2_jaz,XPA_N,zf-met,zf-H2C2_2,C1_1,A2L_zn_ribbon,HTH_Tnp_ISL3,Zn_Tnp_IS1595,zf-C2H2_6,Rpr2,DNA_RNApol_7kD,zf-BED,zf-trcl,CxxC_CxxC_SSSS,zf-C2H2_2,Peptidase_C23"
B4DNQ8,"zf-C2H2_4,C1_4,zf-RING_3,Elf1,zf-C2H2,Prok-RING_1,zf-C2H2_jaz,zf-met,XPA_N,zf-H2C2_2,CxxC_CxxC_SSSS,FYDLN_acid,zf-C2H2_6"
B4DNX4,DUF3432
B4DP29,"zf-C2H2_4,zf-C2H2,PRP21_like_P,zf-BED,zf-C2H2_jaz,XPA_N,zf-met,zf-H2C2_2,CxxC_CxxC_SSSS,HTH_Tnp_ISL3,zf-C2H2_6,IGPD"
B4DP41,Prox1
B4DP83,"HLH,Myc_N,Apt1,Cenp-B_dimeris,LRS4,BSP_II,TFIIF_alpha"
B4DPC1,"APC_CDC26,TFIIA,Tombus_movement,Auxin_repressed,TBP"
B4DPE6,"zf-C2H2_4,zf-C2H2"
B4DPR1,"Hormone_recep,zf-C4"
B4DPW2,"zf-C2H2_4,zf-C2H2,CHORD,FYVE,zf-C2H2_jaz,zf-met,zf-H2C2_2,zf-C2H2_2,zf-C2HC_2,zf-C2H2_6"
B4DPY9,"zf-C2H2_4,zf-C2H2,zf-C2H2_jaz,XPA_N,zf-H2C2_2,C1_1,A2L_zn_ribbon,C1_4,zf-RING_3,HTH_Tnp_ISL3,Zn_Tnp_IS1595,zf-C2H2_6,Prok-RING_1,KRAB,PHD,DZR,GATA,Rpr2,DNA_RNApol_7kD,CxxC_CxxC_SSSS,CpXC"
B4DR23,"zf-C2H2_4,CpXC,zf-C2H2,TFIIS_C,C1_3,KRAB,XPA_N,zf-H2C2_2,HTH_Tnp_ISL3,Ring_hydroxyl_B,CxxC_CxxC_SSSS,Zn_Tnp_IS1595,C1_1,zf-H2C2_5,zf-C2H2_6"
B4DRA9,GTF2I
B4DRB5,"zf-C2H2_4,zf-C2H2,zf-C2H2_jaz,KRAB,zf-H2C2_2,CxxC_CxxC_SSSS,Zn_Tnp_IS1595,zf-C2H2_6"
B4DS18,"zf-C2H2_4,C1_4,zf-C2H2,Prok-RING_2,zf-C2H2_jaz,zf-CHY,KRAB,zf-met,zf-H2C2_2,CxxC_CxxC_SSSS,Zn_Tnp_IS1595,C1_1,GAGA,zf-C2H2_6,NADH-G_4Fe-4S_3"
B4DS48,"zf-C2HC,MYT1,IBR"
B4DS70,"zf-C2H2_4,zf-C2H2,Prok-RING_2,zf-C2H2_jaz,Ogr_Delta,IBD,zf-met,zf-H2C2_2,C1_1,DUF4116,C1_4,zf-AN1,Zn_Tnp_IS1595,zf-MYND,zf-C2H2_6,Rpr2,zf-BED,zf-trcl,CxxC_CxxC_SSSS,HTH_18"
B4DS85,"HLH,EF_hand_4,efhand,Neuro_bHLH,EF_hand_6,EF_hand_3,EF_hand_5"
B4DSC6,"zf-C2H2_4,zf-C2H2,zf-C2H2_jaz,KRAB,zf-met,zf-H2C2_2,C1_1,zf-C2H2_6"
B4DSG8,"zf-C2H2_4,zf-C2H2,zf-C2H2_jaz,KRAB,zf-H2C2_2,CxxC_CxxC_SSSS,zf-C2H2_6"
B4DSI0,"zf-C2H2_4,zf-C2H2,Zn_ribbon_recom,Prok-RING_2,C1_3,zf-C2H2_jaz,YhfH,XPA_N,zf-H2C2_2,Yippee,C1_4,zf-AN1,HTH_Tnp_ISL3,Zn_Tnp_IS1595,zf-C2H2_6,Siva,LIM,DNA_RNApol_7kD,zf-BED,CxxC_CxxC_SSSS,HTH_18,zf-C2HC_2,DUF164,zf-LYAR"
B4DSK1,"bZIP_2,bZIP_1,IpaB_EvcA"
B4DSK6,CXC
B4DSR0,"DCP2,TPR_14,PPR_1,MA3,Uteroglobin,TPR_8,PPR_2,PPR,PPR_3,ECSIT,Apc3,TPR_16"
B4DSV2,"zf-C2H2_4,zf-C2H2,Desulfoferrod_N,zf-BED,zf-C2H2_jaz,zf-met,DUF2076,zf-H2C2_2,zf-C2H2_6"
B4DSY3,"zf-C2H2_4,C1_4,zf-C2H2,DNA_RNApol_7kD,zf-C2H2_jaz,zf-trcl,KRAB,zf-H2C2_2,Yippee,HTH_18,zf-H2C2_5,FYDLN_acid,zf-C2H2_6,zf-UBP"
B4DT98,"zf-C2H2_4,zf-C2H2,YhfH,zf-C2H2_jaz,XPA_N,zf-H2C2_2,C1_1,TFIIS_C,HTH_Tnp_ISL3,Zn_Tnp_IS1595,zf-C2H2_6,IGPD,Trm112p,DNA_RNApol_7kD,zf-BED,zf-trcl,CxxC_CxxC_SSSS,zf-C2H2_2,zf-C2HC_2,Ribosomal_L44"
B4DTA0,"zf-C2H2_4,C1_4,zf-C2H2,DUF3280,zf-C2H2_jaz,XPA_N,Rapsyn_N,zf-H2C2_2,CxxC_CxxC_SSSS,Zn_Tnp_IS1595,zf-C2H2_6"
B4DTB6,"Fork_head,Trypan_PARP"
B4DTC7,Hormone_recep
B4DTE1,ARID
B4DTN3,"FAST_1,DARPP-32"
B4DU09,RHD
B4DU20,"HLH,Hairy_orange"
B4DU56,"zf-C2H2_4,C1_4,zf-C2H2,DNA_RNApol_7kD,C1_3,zf-C2H2_jaz,zf-trcl,Ogr_Delta,KRAB,XPA_N,zf-H2C2_2,CxxC_CxxC_SSSS,HTH_Tnp_ISL3,Zn_Tnp_IS1595,DUF164,GAGA,ADK_lid,zf-C2H2_6"
B4DUB6,"zf-C2H2_4,C1_4,zf-C2H2,zf-C2H2_jaz,KRAB,zf-H2C2_2,CxxC_CxxC_SSSS,Zn_Tnp_IS1595,zf-C2H2_6"
B4DUB8,"zf-C2H2_4,zf-C2H2,zf-C2H2_jaz,IBD,XPA_N,zf-H2C2_2,Yippee,GAGA,C1_4,zf-RING_3,TFIIS_C,HTH_Tnp_ISL3,Chordopox_RPO7,Zn_Tnp_IS1595,zf-C2H2_6,Prok-RING_1,GATA,DNA_RNApol_7kD,zf-trcl,CxxC_CxxC_SSSS,Rota_NS6,CpXC,FYDLN_acid"
B4DV46,"zf-C2H2_4,zf-C2H2,zf-C2H2_jaz,zf-H2C2_2,HypA,zf-DNA_Pol,C1_4,zf-CHY,DUF3133,DUF2321,zf-C2H2_6,OGG_N,Tnp_zf-ribbon_2,zf-H2C2_5,Trm112p,Elf1,DNA_RNApol_7kD,CxxC_CxxC_SSSS,CpXC,FYDLN_acid,HTH_Tnp_IS66,zf-LYAR,BolA"
B4DV67,"zf-C3HC4,zf-C3HC4_2,Prok-RING_4,zf-C3HC4_3,zf-B_box"
B4DVG0,DUF3446
B4DVP7,"STAT_alpha,SH2,STAT_bind"
B4DVX5,"SAM_PNT,SAM_1,Ets,SAM_2"
B4DW78,"SAM_PNT,GluR_Homer-bdg"
B4DWD5,"HMG_box,DUF1898,CTNNB1_binding"
B4DWJ4,"zf-C2H2_4,C1_4,zf-C2H2,DNA_RNApol_7kD,zf-C2H2_jaz,XPA_N,zf-H2C2_2,CxxC_CxxC_SSSS,HTH_Tnp_ISL3,Yippee,zf-C2H2_6,BolA"
B4DWJ5,"zf-C2H2_4,zf-C2H2,C1_3,zf-C2H2_jaz,XPA_N,zf-met,zf-H2C2_2,Yippee,GAGA,C1_1,C1_4,TFIIS_C,HTH_Tnp_ISL3,Zn_Tnp_IS1595,zinc_ribbon_2,zf-C2H2_6,Prok-RING_1,Siva,DNA_RNApol_7kD,CxxC_CxxC_SSSS,FYDLN_acid,BolA"
B4DWM7,"zf-C2H2_4,C1_4,zf-RING_3,zf-C2H2,DNA_RNApol_7kD,zf-C2H2_jaz,zf-trcl,zf-CHY,LIM,zf-H2C2_2,Yippee,CxxC_CxxC_SSSS,zf-H2C2_5,FYDLN_acid,zf-C2H2_6,zf-UBP"
B4DWR6,"zf-C2H2_4,zf-C2H2,YhfH,zf-C2H2_jaz,XPA_N,zf-met,zf-H2C2_2,Yippee,C1_1,MBD,C1_4,zf-AN1,HTH_Tnp_ISL3,Zn_Tnp_IS1595,zf-C2H2_6,DUF3280,Prok-RING_1,LIM,GATA,zf-BED,zf-trcl,CxxC_CxxC_SSSS,zf-C2HC_2,CpXC,BolA"
B4DX26,"HMG_box,DUF1898,PBP_sp32"
B4DX79,"zf-C2H2_4,zf-C2H2,Zn_ribbon_recom,Prok-RING_2,C1_3,zf-C2H2_jaz,Ogr_Delta,YhfH,XPA_N,zf-H2C2_2,GAGA,C1_4,TFIIS_C,zf-AN1,HTH_Tnp_ISL3,Zn_Tnp_IS1595,zf-UBR,DUF2321,zf-C2H2_6,Desulfoferrod_N,C1_2,Prok-RING_1,zf-HIT,ADK_lid,LIM,DNA_RNApol_7kD,zf-trcl,DUF1610,CxxC_CxxC_SSSS,DUF164,FYDLN_acid,Ribosomal_L44"
B4DX96,"zf-C2H2_4,C1_4,zf-RING_3,zf-C2H2,SCAN,zf-BED,DNA_RNApol_7kD,zf-C2H2_jaz,zf-trcl,zf-AN1,XPA_N,zf-met,zf-H2C2_2,CxxC_CxxC_SSSS,HTH_Tnp_ISL3,HTH_18,Zn_Tnp_IS1595,zf-C2H2_6"
B4DXA9,"zf-C2H2_4,Elf1,zf-C2H2,PyrI_C,zf-BED,DUF3669,zf-C2H2_jaz,zf-HYPF,KRAB,zf-H2C2_2,DZR,zf-C2HC_2,Zn_Tnp_IS1595,zf-MYND,DUF164,FYDLN_acid,zf-C2H2_6,zf-FCS"
B4DXS5,"zf-C2H2_4,C1_4,zf-C2H2,OGG_N,Prok-RING_1,zf-C2H2_jaz,zf-trcl,PHD,XPA_N,zf-met,zf-H2C2_2,CxxC_CxxC_SSSS,RRN7,zf-C2H2_6,BolA"
B4DXX0,"zf-C2H2_4,zf-C2H2,zf-C2H2_jaz,XPA_N,zf-H2C2_2,C1_1,AAA_14,C1_4,DUF2256,HTH_Tnp_ISL3,Zn_Tnp_IS1595,DUF2321,zf-C2H2_6,Desulfoferrod_N,C1_2,Rpr2,DNA_RNApol_7kD,zf-trcl,CxxC_CxxC_SSSS,UBN_AB"
B4DXY4,"zf-C2H2_4,Elf1,zf-C2H2,DUF2180,zf-C2H2_jaz,zf-CHY,zf-met,Rad50_zn_hook,zf-H2C2_2,DZR,CxxC_CxxC_SSSS,zinc_ribbon_2,GAGA,zf-C2H2_2,Zn_Tnp_IS1595,FYDLN_acid,zf-C2H2_6,Ribosomal_L44"
B4DY65,"zf-C2H2_4,C1_4,zf-C2H2,Zn_ribbon_recom,TFIIS_C,DNA_RNApol_7kD,C1_3,zf-C2H2_jaz,YhfH,KRAB,XPA_N,zf-H2C2_2,CxxC_CxxC_SSSS,HTH_Tnp_ISL3,Zn_Tnp_IS1595,zf-MYND,zf-C2H2_6,BolA"
B4DYF0,"zf-C2H2_4,zf-C2H2,Myb_DNA-bind_4,Myb_DNA-bind_3,zf-C2H2_jaz,KRAB,XPA_N,zf-H2C2_2,Myb_DNA-bind_6,MADF_DNA_bdg,Myb_DNA-bind_5,Peptidase_C47,RRN7,zf-C2H2_6,zf-LYAR"
B4DYI9,"zf-C2H2_4,C1_4,CpXC,zf-C2H2,C1_3,zf-C2H2_jaz,ZZ,zf-H2C2_2,CxxC_CxxC_SSSS,HTH_Tnp_ISL3,Zn_Tnp_IS1595,C1_1,GAGA,zf-C2HC_2,FYDLN_acid,zf-C2H2_6,GATA"
B4DYR8,"zf-C2H2_4,zf-C2H2,zf-C2H2_jaz,zf-met,zf-H2C2_2,BTB"
B4DYT4,"zf-C2H2_4,zf-C2H2,NuA4,zf-C2H2_jaz,KRAB,zf-met,XPA_N,zf-H2C2_2,CxxC_CxxC_SSSS,zf-C2H2_6,BolA"
B4DYU5,"zf-C2H2_4,zf-RING_3,PyrI_C,zf-C2H2,zf-C2H2_jaz,CDC27,zf-met,XPA_N,zf-H2C2_2,CxxC_CxxC_SSSS,BTB,zf-C2HC_2,SprT-like,zf-C2H2_6,PhnA_Zn_Ribbon,zf-LYAR"
B4DZK2,"zf-C2H2_4,zf-C2H2,NuA4,zf-C2H2_jaz,KRAB,zf-met,XPA_N,zf-H2C2_2,CxxC_CxxC_SSSS,zf-C2H2_6,BolA"
B4DZP1,"DUF1955,NusB,MH1,Glycos_transf_N"
B4DZP9,"zf-C2H2_4,zf-C2H2,YhfH,zf-C2H2_jaz,XPA_N,zf-H2C2_2,C1_1,TFIIS_C,HTH_Tnp_ISL3,Zn_Tnp_IS1595,zf-C2H2_6,IGPD,DUF2387,KRAB,Trm112p,DZR,DNA_RNApol_7kD,zf-trcl,CxxC_CxxC_SSSS,zf-C2HC_2,Ribosomal_L44"
B4DZY5,"HMG_box,DUF1898,Rer1,MAT_Alpha1,CTNNB1_binding"
B4E082,"RHD,STAS"
B4E0L9,"zf-C2H2_4,zf-C2H2,C1_3,zf-C2H2_jaz,XPA_N,zf-H2C2_2,C1_4,TFIIS_C,zf-CHY,HTH_Tnp_ISL3,Zn_Tnp_IS1595,DUF2321,zf-C2H2_6,Desulfoferrod_N,ADK_lid,DUF2868,DNA_RNApol_7kD,zf-trcl,DUF1610,CxxC_CxxC_SSSS,DUF164,BolA"
B4E165,"HMG_box,DUF1898,Rer1,MAT_Alpha1"
B4E1A1,"zf-C2H2_4,zf-C2H2,FYVE,zf-C3HC4_2,zf-UBP,KRAB,XPA_N,zf-H2C2_2,Chordopox_RPO7,zf-C2H2_6,LIM"
B4E1B1,IRF-3
B4E1G8,"zf-C2H2_4,zf-C2H2,CHORD,zf-C2H2_jaz,zf-met,zf-H2C2_2"
B4E1J4,zf-C4
B4E1L3,"HLH,DUF3772,Hairy_orange"
B4E1P2,RHD
B4E2J7,"zf-C2H2_4,C1_4,zf-C2H2,zf-C2H2_jaz,zf-AN1,KRAB,zf-H2C2_2,HTH_Tnp_ISL3,Siva,CxxC_CxxC_SSSS,Zn_Tnp_IS1595,C1_1,zf-H2C2_5,XS,zf-C2H2_6,GATA,BolA"
B4E2L2,"zf-C2H2_4,zf-C2H2,zf-C2H2_jaz,zf-met,zf-H2C2_2,BTB,GAGA,zf-H2C2_5,DUF3342,zf-C2H2_6,DUF776"
B4E2M6,"zf-RING_2,Hormone_recep,zf-C4"
B4E2P6,"zf-C2H2_4,zf-C2H2,zf-C2H2_jaz,zf-H2C2_2,zf-DNA_Pol,zf-RING_3,HNH,Zn_Tnp_IS1595,zf-MYND,zf-C2H2_6,zf-FCS,Desulfoferrod_N,DZR,LIM,Elf1,zf-BED,CxxC_CxxC_SSSS,zf-C2HC_2,DUF164,CpXC,FYDLN_acid"
B4E2P7,"zf-C2H2_4,zf-C2H2,YhfH,zf-C2H2_jaz,XPA_N,zf-H2C2_2,C1_1,TFIIS_C,HTH_Tnp_ISL3,Zn_Tnp_IS1595,zf-C2H2_6,IGPD,DUF2387,Trm112p,Rpr2,DNA_RNApol_7kD,zf-trcl,CxxC_CxxC_SSSS,zf-C2HC_2,Ribosomal_L44"
B4E2Y1,"Hormone_recep,zf-C4"
B4E374,Hormone_recep
B4E389,FHA
B4E3A6,T-box
B4E3N9,"HMG_box,DUF1898"
B4E3U6,"zf-C2H2_4,C1_4,zf-C2H2,FYVE,zf-BED,zf-C2H2_jaz,KRAB,zf-met,XPA_N,zf-H2C2_2,CxxC_CxxC_SSSS,HypA,zf-C2H2_2,Zn_Tnp_IS1595,FYDLN_acid,zf-C2H2_6,zf-LYAR,BolA"
B5B0A5,"zf-C2H2_4,zf-C2H2,C1_3,zf-C2H2_jaz,zf-CHY,zf-met,zf-C2H2_6,zf-H2C2_2,CxxC_CxxC_SSSS,BTB,GAGA,zf-H2C2_5,DUF3342,DZR"
B5B2P4,"TIG,RHD"
B5B2S2,"TIG,RHD"
B5B2S3,"TIG,RHD"
B5B2S4,"TIG,RHD"
B5B2S5,"TIG,RHD"
B5BUG8,"zf-C2H2_4,zf-C2H2,zf-BED,IBR,zf-met,Rad50_zn_hook,zf-H2C2_2"
B5M0Y2,zf-C4
B5MDS3,"zf-C2H2_4,zf-C2H2,zf-BED,zf-HIT,zf-AN1,zf-met,zf-H2C2_2,TF_Zn_Ribbon,zf-C2H2_6,OrfB_Zn_ribbon"
B5TKC1,zf-C4
B5TZ77,zf-C4
B5TZ78,zf-C4
B5TZ80,zf-C4
B5TZ81,zf-C4
B5TZ82,zf-C4
B5TZ83,zf-C4
B6DP71,"Ribosomal_L37ae,C1_3,DUF3011,zf-C4"
B6DP72,zf-C4
B6DP73,zf-C4
B6DP74,zf-C4
B6DU66,"SapB_2,zf-C4"
B6DU67,"Ribosomal_L37ae,zf-C4"
B6DU68,"Hormone_recep,zf-C4"
B6DU69,zf-C4
B6DU70,"C1_3,zf-C4"
B6ZGR7,zf-C4
B6ZGT3,"Foamy_virus_ENV,Hormone_recep,Se-cys_synth_N,zf-C4"
B6ZGT4,"Foamy_virus_ENV,Hormone_recep,zf-C4"
B6ZGT7,"DUF3892,DUF2318,zf-C4"
B6ZGU9,"zf-RING_2,Hormone_recep,zf-C4"
B7TQ30,"zf-C2H2_4,zf-C2H2"
B7Z1H1,"zf-C2H2_4,zf-C2H2,Evr1_Alr,zf-C2H2_jaz,KRAB,zf-met,zf-H2C2_2,CxxC_CxxC_SSSS,GAGA,zf-C2HC_2,zf-C2H2_6"
B7Z1I8,"TrmB,E2F_TDP"
B7Z1N1,"zf-C2H2_4,C1_4,zf-C2H2,Zn_ribbon_recom,TFIIS_C,DNA_RNApol_7kD,C1_3,zf-C2H2_jaz,XPA_N,zf-H2C2_2,HTH_Tnp_ISL3,CxxC_CxxC_SSSS,Yippee,Zn_Tnp_IS1595,C1_1,zf-H2C2_5,zf-C2H2_6,BolA"
B7Z1P3,"zf-C2H2_4,zf-C2H2,DUF2944,DNA_RNApol_7kD,zf-C2H2_jaz,KRAB,zf-met,XPA_N,zf-H2C2_2,HTH_Tnp_ISL3,CxxC_CxxC_SSSS,zf-C2H2_6"
B7Z1R4,"ETS_PEA3_N,Ets"
B7Z272,"Homeobox,Homeobox_KN"
B7Z2C9,"ETS_PEA3_N,Ets"
B7Z2Z1,"SAP,RRM_6,RRM_5,RRM_1"
B7Z3E4,zf-C4
B7Z3G7,"Myc_N,Homeobox,DUF2890,DUF1053,BSP_II,Homeobox_KN"
B7Z4A9,"Sec15,DUF1319,Homez,IMD,Homeobox,HTH_19,PBC,Homeobox_KN"
B7Z4B3,"Homeobox,Homeobox_KN"
B7Z4B4,"Hormone_recep,zf-C4"
B7Z4K0,"DUF539,T-box"
B7Z4L5,"zf-C2H2_4,zf-C2H2,Prok-RING_2,zf-C2H2_jaz,XPA_N,zf-met,zf-H2C2_2,Yippee,A2L_zn_ribbon,C1_4,zf-RING_3,TFIIS_C,zf-AN1,HTH_Tnp_ISL3,Zn_Tnp_IS1595,zf-C2H2_6,Prok-RING_1,Tnp_zf-ribbon_2,NanE,DUF82,DZR,LIM,Rpr2,zf-BED,DNA_RNApol_7kD,zf-trcl,DUF2072,CxxC_CxxC_SSSS,DUF164,BolA"
B7Z4R7,"zf-C2H2_4,zf-C2H2,YEATS,Prok-RING_2,C1_3,zf-C2H2_jaz,Ogr_Delta,zf-met,zf-H2C2_2,C1_1,C1_4,TFIIS_C,zf-CHY,zf-AN1,HTH_Tnp_ISL3,Zn_Tnp_IS1595,zf-C2H2_6,C1_2,DNA_RNApol_7kD,zf-trcl,CxxC_CxxC_SSSS"
B7Z4V7,"zf-C2H2_4,CpXC,zf-C2H2,zf-C2H2_jaz,zf-met,zf-H2C2_2,zf-C2H2_2,zf-H2C2_5,zf-C2H2_6"
B7Z5E9,"GAT,Hormone_recep"
B7Z5Q0,"NUC130_3NT,Sec15,DUF1319,HTH_3,UCH,Homez,IMD,HTH_26,Homeobox,HTH_19,PBC,Homeobox_KN"
B7Z5S2,"zf-C2H2_4,zf-C2H2,BHD_1,zf-C2H2_jaz,zf-met,zf-H2C2_2,CxxC_CxxC_SSSS,RasGEF,Zn_Tnp_IS1595,zf-C2H2_6,BolA"
B7Z5W6,"DUF539,T-box"
B7Z5X5,T-box
B7Z5Z3,"OmpH,IncA,LOH1CR12"
B7Z619,"DUF539,T-box"
B7Z6F6,"Homeobox,Homeobox_KN"
B7Z6J2,"Nuc_recep-AF1,zf-C4"
B7Z6M2,"zf-C2H2_4,C1_4,zf-C2H2,zf-C2H2_jaz,XPA_N,zf-met,zf-H2C2_2,CxxC_CxxC_SSSS,C1_1,CpXC,zf-C2H2_6,BolA"
B7Z6N1,Ets
B7Z6W3,"Hormone_recep,zf-C4"
B7Z6X3,"Hormone_recep,zf-C4"
B7Z789,"Homez,Homeobox,ORC3_N,PBC,Homeobox_KN"
B7Z7H3,"zf-C2H2_4,Ribosomal_L37ae,zf-C2H2,zf-C2H2_jaz,XPA_N,zf-met,zf-H2C2_2,Yippee,HypA,C1_1,C1_4,TFIIS_C,zf-AN1,HTH_Tnp_ISL3,Zn_Tnp_IS1595,zf-C2H2_6,FYVE,KRAB,Arc_trans_TRASH,zf-BED,zf-trcl,CxxC_CxxC_SSSS,zf-C2HC_2,BolA"
B7Z7J5,"Hormone_recep,zf-C4"
B7Z7Y7,RFX_DNA_binding
B7Z7Z4,"zf-C2H2_4,Elf1,zf-C2H2,zf-BED,zf-C2H2_jaz,zf-trcl,zf-met,zf-H2C2_2,BTB,zf-C2H2_2,C1_1,DUF3342,zf-C2H2_6,zf-DNA_Pol"
B7Z851,"zf-C2H2_4,zf-C2H2,zf-C2H2_jaz,Ogr_Delta,IBR,zf-TRAF,zf-met,zf-H2C2_2,CopK"
B7Z8D8,"Ig_2,LAG1-DNAbind,BTD"
B7Z8F5,RFX1_trans_act
B7Z8M6,"HLH,Oscp1,Hairy_orange"
B7Z8R4,Ets
B7Z8Y1,RHD
B7Z959,"SAP,RRM_6,RRM_5,RRM_1"
B7Z993,"zf-C2H2_4,zf-C2H2,DUF2944,DNA_RNApol_7kD,zf-C2H2_jaz,zf-met,XPA_N,zf-H2C2_2,HTH_Tnp_ISL3,CxxC_CxxC_SSSS,C1_1,zf-C2H2_6"
B7Z9B3,"zf-C2H2_4,C1_4,DUF1768,zf-C2H2,Zn_ribbon_recom,TFIIS_C,DNA_RNApol_7kD,zf-C2H2_jaz,zf-trcl,XPA_N,zf-H2C2_2,CxxC_CxxC_SSSS,HTH_Tnp_ISL3,zinc_ribbon_2,Zn_Tnp_IS1595,Yippee,CpXC,zf-C2H2_6"
B7Z9N6,"Myc_N,Homeobox,DUF2890,DUF1053,BSP_II,Homeobox_KN"
B7ZAB8,"zf-C2H2_4,C1_4,zf-C2H2,Zn_ribbon_recom,TFIIS_C,DNA_RNApol_7kD,C1_3,zf-C2H2_jaz,YhfH,KRAB,XPA_N,zf-H2C2_2,HTH_Tnp_ISL3,CxxC_CxxC_SSSS,Zn_Tnp_IS1595,zf-MYND,zf-C2H2_6,BolA"
B7ZAE7,"zf-C2H2_4,zf-C2H2,Prok-RING_2,zf-C2H2_jaz,XPA_N,zf-H2C2_2,Yippee,HypA,C1_1,A2L_zn_ribbon,C1_4,TFIIS_C,zf-AN1,HTH_Tnp_ISL3,Zn_Tnp_IS1595,zf-C2H2_6,DUF2175,EPTP,DZR,Rpr2,zf-BED,DNA_RNApol_7kD,zf-trcl,CxxC_CxxC_SSSS,HTH_18,DUF164,CpXC,BolA"
B7ZAF3,"Myc_N,Homeobox,DUF2890,DUF1053,BSP_II,Homeobox_KN"
B7ZAX4,"zf-C2H2_4,zf-C2H2,zf-BED,zf-C2H2_jaz,zf-met2,zf-met,zf-H2C2_2,RRN7,zf-C2H2_6"
B7ZAY1,"zf-C2H2_4,C1_4,zf-C2H2,zf-C2H2_jaz,KRAB,XPA_N,zf-H2C2_2,HTH_Tnp_ISL3,Yippee,Zn_Tnp_IS1595,CpXC,zf-C2H2_6,BolA"
B7ZKJ5,"zf-C2H2_4,zf-C2H2,zf-C2H2_jaz,ROS_MUCR,zf-met,zf-H2C2_2,zf-H2C2_5,Zfx_Zfy_act,Adhes-Ig_like"
B7ZKX1,"Cdc6_C,RFX_DNA_binding,Pox_D5,DUF3233"
B7ZLI7,HLH
B7ZLK9,"zf-C2H2_4,zf-C2H2,zf-BED,Prok-RING_1,zf-C2H2_jaz,RseC_MucC,KRAB,XPA_N,zf-H2C2_2,CxxC_CxxC_SSSS,DZR,zf-C2HC_2,zf-C2H2_6,IGPD"
B7ZLN9,"zf-C2H2_4,zf-C2H2,zf-C2H2_jaz,zf-H2C2_2,zf-C2H2_6"
B7ZLP5,"SAP,RRM_6,RRM_5,RRM_1"
B7ZLR9,"zf-C2H2_4,zf-C2H2,zf-C2H2_jaz,KRAB,XPA_N,zf-H2C2_2,Zn_Tnp_IS1595,zf-C2H2_6"
B7ZLY0,"SAM_1,SAM_PNT,SAM_2"
B7ZM21,"zf-C2H2_4,Ribosomal_L37ae,zf-C2H2,C1_3,zf-C2H2_jaz,XPA_N,zf-H2C2_2,Yippee,C1_1,C1_4,zf-RING_3,TFIIS_C,zf-AN1,HTH_Tnp_ISL3,Zn_Tnp_IS1595,zf-C2H2_6,Prok-RING_1,PHD,ZZ,LIM,GATA,zf-BED,DNA_RNApol_7kD,zf-trcl,CxxC_CxxC_SSSS,zf-C2HC_2,CpXC,Ribosomal_L44,BolA"
B7ZMB1,"zf-C2H2_4,C1_4,zf-RING_3,zf-C2H2,DNA_RNApol_7kD,C1_3,zf-C2H2_jaz,zf-trcl,KRAB,XPA_N,zf-met,zf-H2C2_2,CxxC_CxxC_SSSS,FYDLN_acid,zf-C2H2_6"
B7ZW61,"zf-C2H2_4,zf-C2H2,zf-C2H2_jaz,KRAB,zf-met,zf-H2C2_2,zf-C2H2_6,BolA"
B9EG95,"zf-C2H2_4,zf-C2H2,NifU_N,C1_3,zf-C2H2_jaz,zf-trcl,KRAB,XPA_N,zf-H2C2_2,CxxC_CxxC_SSSS,zf-C2H2_6,BolA"
B9EGB3,"zf-C2H2_4,zf-C2H2,Prok-RING_2,C1_3,zf-C2H2_jaz,XPA_N,zf-H2C2_2,GAGA,Vps36_ESCRT-II,HTH_Tnp_ISL3,Zn_Tnp_IS1595,zf-C2H2_6,KRAB,DNA_RNApol_7kD,DUF1610,CxxC_CxxC_SSSS,DUF164,Ribosomal_L44,BolA"
B9EGN4,"zf-C2H2_4,C1_4,zf-C2H2,zf-C2H2_jaz,zf-H2C2_2,HTH_Tnp_ISL3,CxxC_CxxC_SSSS,Yippee,Zn_Tnp_IS1595,NADH_oxidored,zf-C2H2_6"
B9EH69,"zf-C2H2_4,C1_4,zf-C2H2,DUF3280,zf-C2H2_jaz,Ham1p_like,zf-met,XPA_N,zf-H2C2_2,CxxC_CxxC_SSSS,HTH_Tnp_ISL3,Zn_Tnp_IS1595,zf-C2H2_6,zf-LYAR"
B9EIQ3,"zf-C2H2_4,zf-C2H2,C1_3,zf-C2H2_jaz,YhfH,XPA_N,zf-H2C2_2,Yippee,C1_1,C1_4,TFIIS_C,zf-AN1,HTH_Tnp_ISL3,Zn_Tnp_IS1595,zf-C2H2_6,zf-UBP,ROS_MUCR,Siva,LIM,Requiem_N,DNA_RNApol_7kD,zf-BED,zf-trcl,CxxC_CxxC_SSSS,HTH_18,BHD_1,Ribosomal_L44,zf-LYAR,BolA"
B9EK70,"zf-C2H2_4,C1_4,zf-C2H2,TFIIS_C,Prok-RING_1,C1_3,zf-C2H2_jaz,DNA_RNApol_7kD,KRAB,XPA_N,zf-met,zf-H2C2_2,CxxC_CxxC_SSSS,HTH_Tnp_ISL3,DUF164,Zn_Tnp_IS1595,SprT-like,zf-C2H2_6"
B9UZC5,"zf-C2H2_4,zf-C2H2"
C0KTE1,"Homeobox,Pax2_C,DUF765"
C0KTE2,"Homeobox,Pax2_C,DUF765"
C0KTE3,"Homeobox,Pax2_C,DUF765"
C0KTF2,"Terminase_5,HTH_Tnp_IS1,Ribosomal_S13_N,HTH_23,PAX"
C0L927,"C1_3,zf-C4"
C0LJA7,"Hormone_recep,zf-P11,zf-C4"
C0LJA9,"Ribosomal_L37ae,DUF3011,zf-C4"
C0LLI5,"ESR1_C,zf-C4"
C0LLI6,zf-C4
C0LLI7,zf-C4
C0LLI8,"Hormone_recep,zf-C4"
C1INH9,T-box
C1INI1,T-box
C1INI2,T-box
C1INI6,T-box
C3RYR1,T-box
C3UMV2,RHD
C3UMV3,RHD
C3UMV4,RHD
C4PGM0,"zf-C2H2_4,zf-C2H2,zf-C2H2_jaz,zf-H2C2_2,RRN7,zf-C2H2_6"
C5HU01,"DivIC,HLH,DUF3584,FhuF,DUF904"
C6KMR8,Fork_head
C6ZRJ5,"HMG_box,DUF1898,CTNNB1_binding"
C6ZRJ6,"HMG_box,DUF1898,CTNNB1_binding"
C6ZRK1,"HMG_box,DUF1898,MAT_Alpha1,CTNNB1_binding"
C6ZRK2,"HMG_box,DUF1898,CTNNB1_binding"
C6ZRK4,"HMG_box,DUF1898,CTNNB1_binding"
C7FEN9,"zf-C2H2_4,zf-C2H2,zf-BED,zf-C2H2_jaz,zf-H2C2_2,GAGA,zf-C2HC_2,zf-C2H2_6,BolA"
C7FFR5,"Ribosomal_L37ae,zf-C4"
C7FNH7,"HTH_Tnp_IS1,HTH_29,Ribosomal_S13_N,HTH_23,PAX"
C8CD01,zf-C4
C8CJK8,zf-C4
C8CJK9,zf-C4
C8CJL1,zf-C4
C8CJL2,zf-C4
C8CJL3,"Ribosomal_L37ae,zf-C4"
C8CJL5,zf-C4
C8CJL6,"Hormone_recep,zf-C4"
C9DZM4,Menin
C9E0E9,"zf-C2H2,zf-C4"
C9E0F0,"SapB_2,zf-C4"
C9E0F1,SapB_2
C9E0F2,zf-C4
C9E0F3,"C1_3,zf-C4"
C9IYV0,"zf-H2C2_2,Zn_Tnp_IS1595"
C9IZS8,"zf-C2H2_4,zf-C2H2,Prok-RING_2,C1_3,zf-C2H2_jaz,YhfH,XPA_N,zf-H2C2_2,C1_4,HTH_Tnp_ISL3,Zn_Tnp_IS1595,zf-C2H2_6,Desulfoferrod_N,Prok-RING_1,zf-HIT,ADK_lid,DNA_RNApol_7kD,zf-trcl,DUF1610,CxxC_CxxC_SSSS,DUF164,DUF2213,Ribosomal_L44,BolA"
C9J0J4,"HMG_box,Myc_N"
C9J2C8,zf-C4
C9J2N8,"zf-C2H2_4,C1_4,zf-C2H2,zf-C2H2_jaz,zf-H2C2_2,CxxC_CxxC_SSSS,Zn_Tnp_IS1595,zf-C2H2_6"
C9J330,"DUF972,DivIC,Myb_DNA-binding"
C9J423,"zf-C2H2_4,zf-C2H2,UPF0547,YhfH,zf-C2H2_jaz,Ogr_Delta,zf-met2,XPA_N,zf-met,zf-H2C2_2,Rubredoxin,A2L_zn_ribbon,C1_4,TFIIS_C,zinc_ribbon_5,zf-AN1,HTH_Tnp_ISL3,Zn_Tnp_IS1595,zf-C2H2_6,FYVE,Prok-RING_1,zf-HIT,PHD,TF_Zn_Ribbon,SprT-like,zf-BED,DNA_RNApol_7kD,zf-trcl,zinc_ribbon_4,CxxC_CxxC_SSSS,Ribosomal_L44,BolA"
C9J5E3,Homeobox
C9J682,"Zfx_Zfy_act,Adhes-Ig_like"
C9J6X1,"zf-C2H2_4,zf-C2H2,Evr1_Alr,zf-C2H2_jaz,KRAB,zf-H2C2_2,HTH_Tnp_ISL3,CxxC_CxxC_SSSS,Zn_Tnp_IS1595,zf-C2H2_6"
C9J845,Ribophorin_I
C9J872,"DP,E2F_TDP"
C9J8Y5,Myosin_N
C9J977,"DP,E2F_TDP"
C9J9N2,"HLH,PAS,PAS_3,PAS_9,PAS_4"
C9JBI8,"DUF3313,HLH,5-FTHF_cyc-lig,Ribophorin_I"
C9JC15,"zf-C2H2_4,zf-C2H2,DUF2147,zf-BED,zf-C2H2_jaz,zf-met,zf-H2C2_2,CxxC_CxxC_SSSS,HTH_Tnp_ISL3,zf-Sec23_Sec24,Zn_Tnp_IS1595,zf-C2H2_6"
C9JCJ0,"zf-C2H2_4,C1_4,zf-C2H2,zinc_ribbon_5,zf-C2H2_jaz,zf-AN1,zinc_ribbon_4,zf-H2C2_2,CxxC_CxxC_SSSS,HTH_Tnp_ISL3,zf-C2H2_2,RRN7,zf-C2H2_6"
C9JDI9,zf-C4
C9JE62,"HMG_box,Myc_N"
C9JI46,HTH_psq
C9JKS0,"DUF1254,zf-C4"
C9JNQ4,"C1_3,zf-C4"
C9JP85,Nrf1_DNA-bind
C9JTA7,Fork_head
C9JTJ1,"zf-C2H2_4,C1_4,zf-C2H2,C1_2,SpoU_sub_bind,Prok-RING_2,zf-BED,DNA_RNApol_7kD,zf-C2H2_jaz,zf-trcl,zf-CHY,zf-AN1,zf-H2C2_2,CxxC_CxxC_SSSS,HTH_Tnp_ISL3,Zn_Tnp_IS1595,zf-C2H2_6,BolA"
C9JVQ7,Myosin_N
C9JWL3,CP2
C9JXZ2,TF_AP-2
C9JYP7,IRF
C9JZC2,"zf-C2H2_4,C1_4,zf-C2H2,TFIIS_C,Prok-RING_2,Prok-RING_1,DNA_RNApol_7kD,zf-C2H2_jaz,zf-trcl,XPA_N,zf-H2C2_2,CxxC_CxxC_SSSS,HTH_Tnp_ISL3,Zn_Tnp_IS1595,CpXC,zf-C2H2_6,LIM"
C9K0H3,"zf-C2H2_4,C1_4,zf-C2H2,C1_3,zf-C2H2_jaz,zf-met,XPA_N,zf-H2C2_2,CxxC_CxxC_SSSS,HTH_Tnp_ISL3,DUP,Zn_Tnp_IS1595,C1_1,zf-C2H2_6,BolA"
D0QYQ8,"LMSTEN,Myb_DNA-bind_6,Myb_DNA-binding,Cmyb_C"
D0QYQ9,"Cmyb_C,Myb_DNA-bind_6,LMSTEN,Spore_III_AB,Myb_DNA-binding"
D0QYR0,"Cmyb_C,CTF_NFI,Myb_DNA-bind_6,LMSTEN,Myb_DNA-binding"
D2CFI4,"Homeobox,Homeobox_KN"
D2E450,"zf-C2H2_4,zf-C2H2,C1_3,zf-C2H2_jaz,XPA_N,zf-met,zf-H2C2_2,Yippee,C1_4,Succ_CoA_lig,DUF2256,Chordopox_RPO7,NADH_oxidored,DUF2321,zf-C2H2_6,zf-UBP,PHD,DZR,DNA_RNApol_7kD,zf-trcl,CxxC_CxxC_SSSS,HTH_18,DUF164,CpXC"
D2E453,"zf-C2H2_4,zf-C2H2,C1_3,zf-C2H2_jaz,XPA_N,zf-met,zf-H2C2_2,Yippee,C1_4,DUF2256,Chordopox_RPO7,NADH_oxidored,zf-C2H2_6,zf-UBP,PHD,DZR,DNA_RNApol_7kD,zf-trcl,CxxC_CxxC_SSSS,HTH_18,DUF164,CpXC"
D2E456,"zf-C2H2_4,zf-C2H2,C1_3,zf-C2H2_jaz,XPA_N,zf-met,zf-H2C2_2,Yippee,C1_4,Succ_CoA_lig,DUF2256,Chordopox_RPO7,NADH_oxidored,DUF2321,zf-C2H2_6,zf-UBP,PHD,DZR,DNA_RNApol_7kD,zf-trcl,CxxC_CxxC_SSSS,HTH_18,DUF164,CpXC"
D2E459,"zf-C2H2_4,zf-C2H2,C1_3,zf-C2H2_jaz,zf-met,XPA_N,zf-H2C2_2,Yippee,C1_4,DUF2256,Chordopox_RPO7,NADH_oxidored,DUF2321,zf-C2H2_6,zf-UBP,PHD,DZR,DNA_RNApol_7kD,zf-trcl,CxxC_CxxC_SSSS,HTH_18,DUF164,CpXC"
D2E482,"zf-C2H2_4,zf-C2H2,C1_3,zf-C2H2_jaz,zf-met,XPA_N,zf-H2C2_2,Yippee,C1_4,DUF2256,Chordopox_RPO7,NADH_oxidored,DUF2321,zf-C2H2_6,zf-UBP,PHD,DZR,DNA_RNApol_7kD,zf-trcl,CxxC_CxxC_SSSS,HTH_18,DUF164,CpXC"
D2E492,"zf-C2H2_4,zf-C2H2,C1_3,zf-C2H2_jaz,zf-met,XPA_N,zf-H2C2_2,Yippee,C1_4,Succ_CoA_lig,DUF2256,Chordopox_RPO7,NADH_oxidored,zf-C2H2_6,zf-UBP,PHD,DZR,DNA_RNApol_7kD,zf-trcl,CxxC_CxxC_SSSS,HTH_18,DUF164,CpXC"
D2K7E5,"zf-C2H2_4,zf-C2H2,DNA_RNApol_7kD,C1_3,zf-C2H2_jaz,zf-trcl,PHD,XPA_N,zf-H2C2_2,DUF2256,Yippee,HTH_18,NADH_oxidored,zf-C2H2_6"
D2K7E7,"zf-C2H2_4,zf-C2H2,DNA_RNApol_7kD,C1_3,zf-C2H2_jaz,zf-trcl,PHD,XPA_N,zf-met,zf-H2C2_2,DZR,Yippee,HTH_18,Chordopox_RPO7,DUF2256,NADH_oxidored,zf-C2H2_6"
D2K7E8,"zf-C2H2_4,zf-C2H2,DNA_RNApol_7kD,C1_3,zf-C2H2_jaz,zf-trcl,PHD,XPA_N,zf-met,zf-H2C2_2,Yippee,DUF2256,HTH_18,Chordopox_RPO7,NADH_oxidored,zf-C2H2_6"
D2K7E9,"zf-C2H2_4,zf-C2H2,DNA_RNApol_7kD,C1_3,zf-C2H2_jaz,zf-trcl,PHD,XPA_N,zf-H2C2_2,DUF2256,Chordopox_RPO7,HTH_18,NADH_oxidored,zf-C2H2_6"
D2KFR9,"Sfi1_C,STAT_alpha,STAT_int"
D2WHG0,AT_hook
D3GDV5,GCM
D3YTF2,"zf-C2H2_4,zf-C2H2,Prok-RING_2,zf-C2H2_jaz,zf-CHY,zf-met,zf-H2C2_2,CxxC_CxxC_SSSS,Zn_Tnp_IS1595,C1_1,zf-C2H2_6"
D4Q8H3,"Maf_N,Zip,bZIP_Maf,DUF342,bZIP_2,bZIP_1"
D5K9R8,"Pou,Homeobox,HTH_19,HTH_31,Homeobox_KN"
D5K9S5,"Homeobox,HTH_31,Pou,DIL"
D5K9T8,"Homeobox,HTH_31,Pou,DIL"
D5K9U2,"Homeobox,HTH_31,Pou,DUF2347"
D5K9U4,"Homeobox,HTH_31,Pou,DIL"
D6R927,"Ig_2,LAG1-DNAbind,BTD"
D6R9I2,"zf-H2C2_2,BTB,GATase_5"
D6R9N5,"Heme_oxygenase,IRF"
D6RAB1,CTNNB1_binding
D6RAS8,"Homeobox,Homeobox_KN"
D6RAT8,BTB
D6RAX4,RFX_DNA_binding
D6RBK1,BTB
D6RC34,Tat
D6RC96,"zf-C2H2_4,PyrI_C,zf-C2H2,zf-C2H2_jaz,zf-met,zf-H2C2_2,BTB"
D6RDG5,"zf-C2H2_4,zf-C2H2,zf-C2H2_jaz,SMN,zf-met,XPA_N,zf-H2C2_2,HypA,C1_1,C1_4,zf-CHY,zf-AN1,RRN7,zf-C2H2_6,zf-FCS,Prok-RING_1,ROS_MUCR,ADK_lid,DZR,zf-trcl,CxxC_CxxC_SSSS,zf-C2H2_2,zf-C2HC_2,FYDLN_acid,BolA"
D6RE06,BTB
D6RFI6,BTB
D6RG14,"DUF3908,DUF4227,SRF-TF"
D6RID7,CTNNB1_binding
D6RIV1,CTNNB1_binding
D6RJ09,BTB
D6RJ95,SRF-TF
D6RJH2,"BTB,GATase_5"
E0XEY9,Fork_head
E2GH26,"HMG_box,DUF1898,CTNNB1_binding"
E3VSK7,"Hormone_recep,zf-C4"
E5LBD7,PAX
E5RG39,"zf-C2H2_4,C1_4,zf-RING_3,zf-C2H2,Zn_ribbon_recom,TFIIS_C,DNA_RNApol_7kD,C1_3,zf-C2H2_jaz,zf-trcl,zf-CHY,XPA_N,zf-H2C2_2,HTH_Tnp_ISL3,CxxC_CxxC_SSSS,Zn_Tnp_IS1595,zf-MYND,zf-C2H2_6"
E5RG51,"HSF_DNA-bind,AP_endonuc_2_N"
E5RGL7,"SDA1,zf-C2H2"
E5RGQ1,CTNNB1_binding
E5RGS9,CBFD_NFYB_HMF
E5RI93,"zf-C2H2_4,zf-C2H2,zf-C2H2_jaz,zf-met,zf-C2H2_2,AKAP95,GAGA,zf-H2C2_5,zf-C2H2_6"
E5RJ51,"DUF605,CTNNB1_binding"
E5RJV4,HSF_DNA-bind
E7ENS2,Menin
E7EPD2,"STAT_int,STAT_bind,STAT_alpha,Sec20,Alg14"
E7EQD3,"zf-C2H2_4,zf-C2H2,Rpr2,zf-C2H2_jaz,KRAB,zf-H2C2_2,CxxC_CxxC_SSSS,Yippee,HTH_Tnp_ISL3,Zn_Tnp_IS1595,zf-H2C2_5,zf-C2H2_6"
E7ERK2,"PAX,Homeobox,Pax2_C"
E7ES87,"Homeobox,Pax2_C,PAX"
E7ETJ5,"zf-C2H2_4,C1_4,zf-C2H2,TFIIS_C,zf-BED,zf-C2H2_jaz,zf-trcl,KRAB,XPA_N,zf-H2C2_2,CxxC_CxxC_SSSS,DUF82,Zn_Tnp_IS1595,zf-Mss51,zf-C2H2_6"
E7EUL6,"zf-C2H2_4,zf-C2H2,zf-BED,zf-C2H2_jaz,zf-met,zf-H2C2_2,GAGA,zf-C2H2_6,BolA"
E7EVR1,"zf-C2H2_4,C1_4,zf-C2H2,FYVE,TFIIS_C,zf-BED,zf-C2H2_jaz,zf-HIT,KRAB,XPA_N,zf-H2C2_2,CxxC_CxxC_SSSS,HTH_Tnp_ISL3,Zn_Tnp_IS1595,zf-C2H2_6"
E7EWW4,HSF_DNA-bind
E7EX64,"zf-C2H2_4,zf-C2H2,zf-C2H2_jaz,Ogr_Delta,zf-TRAF,zf-met,zf-H2C2_2,CopK"
E9PAR2,"bZIP_2,bZIP_1,bZIP_Maf"
E9PB41,"TPR_MLP1_2,TSC22,bZIP_Maf,bZIP_2,bZIP_1"
E9PDA6,RFX_DNA_binding
E9PI02,"BRE1,HSF_DNA-bind,DUF2365"
E9PI38,RHD
E9PIW4,"Myb_DNA-bind_4,Myb_DNA-bind_6,RST,Myb_DNA-bind_2,LMSTEN,Spore_III_AB,Myb_DNA-binding"
E9PJ96,"Myb_DNA-bind_4,Myb_DNA-binding,Myb_DNA-bind_6,RST,Myb_DNA-bind_2,LMSTEN,Spore_III_AB,Cmyb_C"
E9PJF1,"Cmyb_C,Myb_DNA-bind_4,Myb_DNA-bind_6,Myb_DNA-bind_2,LMSTEN,Spore_III_AB,Myb_DNA-binding"
E9PJR1,RHD
E9PJT2,"Myb_DNA-bind_4,Myb_DNA-bind_6,RST,LMSTEN,Spore_III_AB,Myb_DNA-binding"
E9PJZ9,RHD
E9PKB7,TEA
E9PKH5,"RHD,STAS"
E9PKJ8,"DUF3313,MAS20"
E9PKV4,RHD
E9PKZ3,"Myb_DNA-bind_4,Myb_DNA-binding,Myb_DNA-bind_6,Myb_DNA-bind_2,LMSTEN,Spore_III_AB,Cmyb_C"
E9PL67,FAST_1
E9PLT2,"HMG_box,DUF1898"
E9PM47,RHD
E9PMD5,RHD
E9PMM2,"HMG_box,DUF1898"
E9PMQ0,"Deltaretro_Tax,Myb_DNA-bind_4,Myb_DNA-bind_6,RST,LMSTEN,Spore_III_AB,Myb_DNA-binding"
E9PMU6,"zf-C2H2_4,zf-C2H2,BHD_1,zf-C2H2_jaz,KRAB,zf-met,zf-H2C2_2,CxxC_CxxC_SSSS,RasGEF,Zn_Tnp_IS1595,zf-C2H2_6,BolA"
E9PMZ0,"Myb_DNA-bind_4,Myb_DNA-bind_6,RST,Myb_DNA-bind_2,LMSTEN,Spore_III_AB,Myb_DNA-binding"
E9PN43,"Myb_DNA-bind_4,Myb_DNA-bind_6,RST,Myb_DNA-bind_2,LMSTEN,Spore_III_AB,Myb_DNA-binding"
E9PN92,"Myb_DNA-bind_4,Myb_DNA-bind_6,RST,Myb_DNA-bind_2,LMSTEN,Spore_III_AB,Myb_DNA-binding"
E9PNH6,"Myb_DNA-bind_4,Myb_DNA-bind_6,RST,Myb_DNA-bind_2,LMSTEN,Spore_III_AB,Myb_DNA-binding"
E9PNK5,RHD
E9PNV4,RHD
E9PPL8,"Myb_DNA-bind_4,Myb_DNA-binding,Myb_DNA-bind_6,Myb_DNA-bind_2,LMSTEN,Spore_III_AB,Cmyb_C"
E9PPS9,"SAM_PNT,Ste50p-SAM"
E9PQQ2,"Cmyb_C,Myb_DNA-bind_4,Myb_DNA-bind_6,Myb_DNA-bind_2,LMSTEN,Spore_III_AB,Myb_DNA-binding"
E9PQS6,RHD
E9PQX9,"TAF4,Histone,CBFD_NFYB_HMF,DUF2201_N"
E9PRX2,RHD
E9PSE3,IRF-3
F1D8R9,"zf-RING_2,Hormone_recep,zf-C4"
F1DAL0,"Hormone_recep,zf-C4"
F1DAL8,"XS,Hormone_recep,zf-C4"
F1JVV5,"pKID,bZIP_2,bZIP_1,bZIP_Maf"
F1JVV6,"bZIP_2,bZIP_1,bZIP_Maf"
F2VTX5,"zf-C2H2_4,zf-C2H2,zf-BED,zf-C2H2_jaz,zf-met,zf-H2C2_2"
F2YGU2,"Flagellin_N,Hormone_recep,zf-C4"
F2Z381,"Homeobox_KN,Homeobox,Pou,DUF521"
F4ZW63,DZF
F5H032,"zf-C2H2_4,C1_4,zf-C2H2,Zn_ribbon_recom,TFIIS_C,DNA_RNApol_7kD,C1_3,zf-C2H2_jaz,YhfH,KRAB,XPA_N,zf-H2C2_2,CxxC_CxxC_SSSS,HTH_Tnp_ISL3,Zn_Tnp_IS1595,zf-MYND,zf-C2H2_6,BolA"
F5H0E9,Hormone_recep
F5H2K2,"zf-C2H2_4,zf-C2H2,PRP21_like_P,zf-C2H2_jaz,zf-met,zf-H2C2_2,zf-C2H2_2,zf-C2HC_2,zf-C2H2_6"
F5H2M4,"zf-C2H2_4,zf-C2H2,C1_3,zf-C2H2_jaz,XPA_N,zf-H2C2_2,C1_4,TFIIS_C,zf-CHY,HTH_Tnp_ISL3,Zn_Tnp_IS1595,DUF2321,zf-C2H2_6,Desulfoferrod_N,ADK_lid,DUF2868,DNA_RNApol_7kD,zf-trcl,DUF1610,CxxC_CxxC_SSSS,DUF164,BolA"
F5H630,"zf-C2H2_4,C1_4,zf-C2H2,zf-C2H2_jaz,KRAB,zf-H2C2_2,Yippee,HTH_Tnp_ISL3,CxxC_CxxC_SSSS,MBD,NADH_oxidored,zf-C2H2_6"
F5H6A5,"zf-C2H2_4,zf-C2H2,C1_3,zf-C2H2_jaz,XPA_N,zf-H2C2_2,Yippee,C1_4,zf-RING_3,DUF2256,zf-C2H2_6,zf-UBP,PHD,zf-H2C2_5,DNA_RNApol_7kD,zf-trcl,CxxC_CxxC_SSSS,HTH_18,FYDLN_acid"
F6LHU9,"PAT1,AT_hook"
F6R6G4,"RFX_DNA_binding,Pox_D5"
F6UE82,"RFX_DNA_binding,Pox_D5"
F6X9D6,"RFX_DNA_binding,Pox_D5"
F8TAD1,"Homeobox,Pax7,Homeobox_KN,Fork_head"
F8VPF8,"DUF3795,zf-C4"
F8VRD4,"RFX_DNA_binding,Pox_D5"
F8VS19,"zf-C2H2_4,Ribosomal_L37ae,zf-C2H2,Zn_ribbon_recom,Evr1_Alr,Prok-RING_2,zf-C2H2_jaz,Ogr_Delta,zf-met,XPA_N,zf-H2C2_2,Yippee,Fer4_10,C1_1,NinG,A2L_zn_ribbon,C1_4,TFIIS_C,zf-CHY,zf-AN1,HTH_Tnp_ISL3,Zn_Tnp_IS1595,zf-MYND,zf-C2H2_6,C1_2,Desulfoferrod_N,TF_Zn_Ribbon,SprT-like,zf-BED,DNA_RNApol_7kD,zf-trcl,CxxC_CxxC_SSSS,Fer4_7,CpXC"
F8VTV7,"zf-C2H2_4,zf-C2H2,C1_3,zf-C2H2_jaz,FA,KRAB,zf-met,zf-H2C2_2,CxxC_CxxC_SSSS,Zn_Tnp_IS1595,C1_1,zf-C2H2_6"
F8VUJ0,"Ets,HSF_DNA-bind"
F8VVY8,zf-C4
F8VXQ9,zf-C4
F8VZC4,"RFX_DNA_binding,Pox_D5,OST-HTH"
F8VZQ0,Ets
F8W0C9,"zf-C2H2_4,C1_4,zf-C2H2,C1_3,zf-C2H2_jaz,FA,KRAB,zf-met,zf-H2C2_2,CxxC_CxxC_SSSS,Zn_Tnp_IS1595,C1_1,zf-C2H2_6"
F8W133,Glyoxalase_2
F8W1J9,"Homeobox,Homeobox_KN"
F8W1T9,"RFX_DNA_binding,Pox_D5"
F8W7T7,"zf-C2H2_4,C1_4,zf-C2H2,zf-C2H2_jaz,KRAB,zf-met,zf-H2C2_2,CxxC_CxxC_SSSS,C1_1,zf-C2H2_6"
F8W8R5,"zf-C2H2_4,C1_4,zf-C2H2,Evr1_Alr,FYVE,TFIIS_C,zf-BED,DNA_RNApol_7kD,zf-C2H2_jaz,zf-trcl,XPA_N,zf-H2C2_2,CxxC_CxxC_SSSS,DUF82,Zn_Tnp_IS1595,CpXC,zf-C2H2_6,zf-DNA_Pol"
F8WCM9,T-box
F8WCV6,RuvA_C
F8WEL6,"zf-C2H2_4,zf-C2H2,zf-C2H2_jaz,XPA_N,zf-H2C2_2,C1_1,A2L_zn_ribbon,C1_4,zf-RING_3,HTH_Tnp_ISL3,Zn_Tnp_IS1595,zf-C2H2_6,Prok-RING_1,KRAB,PHD,DZR,GATA,DNA_RNApol_7kD,CxxC_CxxC_SSSS,CpXC,FYDLN_acid"
G3V131,"zf-C2H2_4,zf-C2H2,zf-C2H2_jaz,XPA_N,zf-H2C2_2,C1_1,AAA_14,C1_4,DUF2256,HTH_Tnp_ISL3,Zn_Tnp_IS1595,DUF2321,zf-C2H2_6,Desulfoferrod_N,C1_2,Rpr2,DNA_RNApol_7kD,zf-trcl,CxxC_CxxC_SSSS,UBN_AB"
G3V1B0,"zf-C2H2_4,zf-C2H2,Rpr2,FYVE,zf-C2H2_jaz,zf-met,XPA_N,zf-H2C2_2,zf-C2H2_2,zf-C2H2_6"
G3V1M0,"zf-C2H2_4,zf-C2H2,zf-C2H2_jaz,XPA_N,zf-met,zf-H2C2_2,HypA,C1_4,zf-RING_3,zf-AN1,HTH_Tnp_ISL3,Zn_Tnp_IS1595,zf-C2H2_6,FYVE,SCAN,zf-BED,DNA_RNApol_7kD,zf-trcl,CxxC_CxxC_SSSS,HTH_18"
G3V1Z7,"Ets,HSF_DNA-bind"
G3V447,"BTB,CYTH"
G3V4E6,"zf-C2H2_4,zf-C2H2,CHORD,FYVE,zf-C2H2_jaz,zf-met,zf-H2C2_2,CxxC_CxxC_SSSS,zf-C2H2_2,zf-C2HC_2,zf-C2H2_6"
G3V4U6,RHD
G3V570,"SlyX,DivIC,bZIP_2"
G3V5L1,"SlyX,DivIC,HLH,DUF2937,IncA,bZIP_2"
G3XAE0,"zf-C2H2_4,DUF1768,zf-C2H2,C1_3,zf-C2H2_jaz,XPA_N,zf-H2C2_2,C1_1,A2L_zn_ribbon,zf-RING_3,HTH_Tnp_ISL3,Zn_Tnp_IS1595,zf-MYND,zf-C2H2_6,C1_2,KRAB,ZZ,Siva,Rpr2,DNA_RNApol_7kD,zf-BED,CxxC_CxxC_SSSS,BolA"
G5E9B8,"zf-C2H2_4,zf-C2H2,zf-C2H2_jaz,XPA_N,zf-H2C2_2,Yippee,Remorin_N,zf-AN1,HTH_Tnp_ISL3,Zn_Tnp_IS1595,zf-C2H2_6,DUF2688,KRAB,Luteo_Vpg,LIM,GATA,Elf1,zf-trcl,CxxC_CxxC_SSSS,CpXC,zf-LYAR,Csm1"
G8JLB0,zf-C4
G9G139,"SSXRD,CTNNB1_binding"
H0Y328,"zf-RING_2,Hormone_recep,zf-C4"
H0Y3S9,ARID
H0Y3T8,"zf-C2H2_4,zf-C2H2,Zn_ribbon_recom,zf-C2H2_jaz,KRAB,zf-H2C2_2,CxxC_CxxC_SSSS,HTH_Tnp_ISL3,zinc_ribbon_2,Zn_Tnp_IS1595,zf-C2H2_6"
H0Y4B4,"RFX_DNA_binding,Pox_D5"
H0Y5A7,T-box
H0Y5N4,"HMG_box,DUF1898"
H0Y669,"zf-C2H2_4,zf-C2H2,zf-C2H2_jaz,zf-met,zf-H2C2_2,YyzF,AKAP95,zf-H2C2_5,zf-C2H2_6,DUF3799"
H0Y6D8,"TBP,DUF3378"
H0Y9S1,"zf-C2H2_4,zf-C2H2,zf-C2H2_jaz,PRELI,zf-met2,zf-met,zf-H2C2_2,zf-RING_3,zinc_ribbon_5,zf-CHY,HTH_Tnp_ISL3,RNHCP,DUF2321,zf-C2H2_6,TF_Zn_Ribbon,Trm112p,DUF2225,LIM,DZR,zf-trcl,zinc_ribbon_4,CxxC_CxxC_SSSS,zf-C2H2_2,zf-C2HC_2,CpXC,BolA"
H0YBT7,"HSF_DNA-bind,AP_endonuc_2_N"
H0YCH1,"SAND,zf-MYND"
H0YCM5,"zf-HC5HC2H,zf-RING-like,Prok-RING_1,zf-RING_2,C1_3,PHD,ADK_lid,C1_1,ENT,PHD_2,Syntaxin-6_N"
H0YEK2,"DivIC,zf-HC5HC2H,zf-RING-like,Prok-RING_1,zf-RING_2,C1_3,PHD,DivIVA,ADK_lid,C1_1,ENT,PHD_2,Syntaxin-6_N"
H0YG25,"SAM_PNT,SAM_1"
H0YG99,"DUF1831,Fork_head"
H0YGT3,Hormone_recep
H0YJ22,Fork_head
H0YJ54,Fork_head
H0YJ94,Fork_head
H0YJG3,Fork_head
H0YJV7,"zf-C2H2_4,zf-H2C2_2,zf-C2H2,zf-TRAF"
H0YKA3,"zf-C2H2_4,zf-C2H2,C1_2,DUF3505,zf-H2C2_2,zf-C2H2_2,zf-H2C2_5"
H0YKL0,"Filament,Translin,DivIC,GAS,Fib_alpha,TMF_DNA_bd,DUF972,Trans_reg_C,Bcr-Abl_Oligo,IncA,bZIP_2,Atg14,HALZ,DMPK_coil"
H0YKY6,"DUF3908,DUF4227,SRF-TF"
H0YLA6,"zf-C2H2_4,zf-C2H2,zf-C2H2_jaz,zf-H2C2_2,DUF4195,zf-H2C2_5,zf-C2H2_6"
H0YLN6,"DUF3505,zf-H2C2_5"
H0YLS5,zf-C4
H0YLX2,"Cdc6_C,RFX_DNA_binding,Pox_D5,DUF3233"
H0YLZ7,"zf-C2H2_4,zf-C2H2,zf-CHCC,zf-C2H2_jaz,zf-met,zf-H2C2_2,GAGA,zf-CHY,COPI_C,Rad50_zn_hook,zf-C2H2_6,Scramblase,zf-H2C2_5,DUF2225,PhnA_Zn_Ribbon,DZR,Elf1,zf-CCHC_2,zf-BED,zf-C2H2_2,zf-C2HC_2,FYDLN_acid,BolA"
H0YM09,"zf-C2H2_4,Elf1,DUF3505,zf-H2C2_5,DUF2296"
H0YM62,"DUF3908,DUF4227,SRF-TF"
H0YMH6,"Cdc6_C,RFX_DNA_binding,Pox_D5,YqeY"
H0YMS9,HMG_box
H0YNI2,SRF-TF
H0YNY7,"C1_3,zf-C2H2_jaz,zf-C2H2,zf-H2C2_5"
H2BNB9,"SAM_PNT,SAM_1"
H3BMP3,E2F_TDP
H3BNX4,"Ldl_recept_a,IRF"
H3BQH6,IRF
H3BSL4,"zf-C2H2_4,zf-C2H2,Prok-RING_1,zf-BED,zf-C2H2_jaz,zf-met,zf-H2C2_2,CxxC_CxxC_SSSS,DZR,zf-C2H2_2,zf-C2HC_2,Zn_Tnp_IS1595,zf-C2H2_6"
H3BT31,"IRF,IRF-3"
H3BU30,RHD
H3BUU7,"Homeobox,REV"
H3BVC2,IRF
H3BVE4,"E2F_TDP,B-block_TFIIIC"
H7BXP4,"IRF,IRF-3"
H7BZA3,"HLH,PAS,PAS_3,PAS_9,PAS_4"
H7C092,"RXT2_N,TFIIA,MBD,DUF1510,DUF2457,Sporozoite_P67,HSP90,Cenp-B_dimeris,Pox_Ag35,Daxx,Nucleoplasmin,eIF-3c_N,Paf1,SDA1,Tom37_C,Sigma70_ner,CDC45,TLP-20,Pox_RNA_Pol_19,RRN3,BSP_II,Prothymosin,Myc_N,Nop14,VID27,BUD22,NOA36"
H7C0B1,"Nairo_nucleo,T-box"
H7C0Z2,"HLH,PAS,DUF1722,PAS_9,PAS_4"
H7C1K8,"zf-C2H2_4,zf-C2H2,zf-C2H2_jaz,DUF1610,XPA_N,zf-H2C2_2,CxxC_CxxC_SSSS,zf-C2H2_2,zf-C2HC_2,DUF1340,zf-C2H2_6"
H7C1Y6,Fork_head
H7C2H0,"zf-HC5HC2H,Chromo,HMG_box,PHD,C1_1,CHDNT,NADH-G_4Fe-4S_3,PHD_2"
H7C2N6,"zf-C2H2_4,bZIP_2,bZIP_1,zf-C2H2"
H7C4B6,"bZIP_2,bZIP_1,bZIP_Maf"
H7C4N4,TF_AP-2
H7C4Q8,"DUSP,GTF2I"
H7C528,"SAM_1,SAM_PNT,SAM_2"
H7C574,"HMG_box,DUF1898,MAT_Alpha1"
H9NIM3,"DUF3892,DUF2318,Hormone_recep,zf-C4"
H9XFB5,"zf-C2H2_4,Ribosomal_L37ae,zf-C2H2,UPF0547,Prok-RING_2,C1_3,zf-C2H2_jaz,YhfH,BHD_2,XPA_N,zf-met,zf-H2C2_2,Yippee,C1_1,Rubredoxin,NinG,A2L_zn_ribbon,C1_4,Katanin_con80,TFIIS_C,zinc_ribbon_5,zf-AN1,Ribosomal_L17,HTH_Tnp_ISL3,Zn_Tnp_IS1595,zf-MYND,DUF35_N,zf-C2H2_6,Desulfoferrod_N,C1_2,Prok-RING_1,DUF2688,zf-HIT,COX5B,ZZ,Siva,Baculo_IE-1,DUF82,PhnJ,zf-BED,DNA_RNApol_7kD,DUF1610,zinc_ribbon_4,CxxC_CxxC_SSSS,PDZ_1,HTH_18,BHD_1,Ribosomal_L44,zf-LYAR,BolA"
I0CMK8,"zf-C2H2_4,zf-C2H2,Evr1_Alr,UPF0547,Prok-RING_2,C1_3,zf-C2H2_jaz,YhfH,XPA_N,zf-met,zf-H2C2_2,C1_4,TFIIS_C,zinc_ribbon_5,HNH,zf-CHY,zf-AN1,HTH_Tnp_ISL3,Zn_Tnp_IS1595,zf-C2H2_6,Desulfoferrod_N,C1_2,Prok-RING_1,zf-HIT,COX5B,SprT-like,LIM,PhnA_Zn_Ribbon,DNA_RNApol_7kD,zf-BED,zf-trcl,DUF1610,CxxC_CxxC_SSSS,DUF164,CpXC,Ribosomal_L44"
I0EZ75,"zf-C2H2_4,C1_4,zf-C2H2,DNA_RNApol_7kD,BHD_1,zf-C2H2_jaz,zf-trcl,XPA_N,zf-H2C2_2,CxxC_CxxC_SSSS,HTH_Tnp_ISL3,DUF164,zf-C2H2_6,BolA"
I3L0A5,"LOH1CR12,Exonuc_VII_L,OmpH,DivIVA,DUF3347"
I3L2Z5,"zf-C2H2_4,zf-C2H2,zf-C2H2_jaz,zf-met,XPA_N,zf-H2C2_2,Yippee,HypA,Rad50_zn_hook,zf-MYND,DUF2321,RRN7,zf-C2H2_6,DUF1407,FYVE,Prok-RING_1,Rtf2,zf-Sec23_Sec24,DUF2225,DZR,LIM,Elf1,PRP21_like_P,CxxC_CxxC_SSSS,zf-C2H2_2,FYDLN_acid"
I6L9E7,"HLH,PAS,PAS_3,PAS_9,PAS_4"
I6N936,HoxA13_N
I6V2Q9,"zf-C2H2_4,zf-C2H2,C1_3,zf-C2H2_jaz,XPA_N,zf-met,zf-H2C2_2,Yippee,C1_4,Succ_CoA_lig,DUF2256,Chordopox_RPO7,NADH_oxidored,DUF2321,zf-C2H2_6,zf-UBP,PHD,DZR,DNA_RNApol_7kD,zf-trcl,CxxC_CxxC_SSSS,HTH_18,DUF164,CpXC"
J3KNQ1,"zf-C2H2_4,zf-C2H2,Zn_ribbon_recom,UPF0547,zf-ribbon_3,YhfH,zf-C2H2_jaz,zf-met,XPA_N,zf-H2C2_2,Yippee,GAGA,C1_1,C1_4,zf-RING_3,TFIIS_C,zf-AN1,HTH_Tnp_ISL3,Zn_Tnp_IS1595,zf-C2H2_6,zinc_ribbon_2,Prok-RING_1,KRAB,LIM,DNA_RNApol_7kD,zf-BED,CxxC_CxxC_SSSS,CpXC,Ribosomal_L44,BolA"
J3KPU9,"zf-C2H2_4,DUF3994,KRAB,zf-H2C2_2,zf-Sec23_Sec24,DUF3198,CitX"
J3KQC8,"zf-C2H2_4,C1_4,zf-C2H2,zf-C2H2_jaz,KRAB,XPA_N,zf-H2C2_2,HTH_Tnp_ISL3,Yippee,Zn_Tnp_IS1595,CpXC,zf-C2H2_6,BolA"
J3KQR4,"zf-C2H2_4,zf-C2H2,DUF2944,DNA_RNApol_7kD,zf-C2H2_jaz,KRAB,zf-met,XPA_N,zf-H2C2_2,HTH_Tnp_ISL3,CxxC_CxxC_SSSS,zf-C2H2_6"
J3KR62,"zf-C2H2_4,zf-C2H2,zf-C2H2_jaz,KRAB,zf-met,XPA_N,zf-H2C2_2,CxxC_CxxC_SSSS,HTH_Tnp_ISL3,C1_1,MBD,zf-C2H2_6,BolA"
J3KRL6,RHD
J3KS32,"Homeobox,Homeobox_KN"
J3KSJ4,"Hormone_recep,PAN_3,zf-C4"
J3KTF3,"C1_3,zf-HIT,zf-C4"
J3QQI2,"zf-C2H2_4,C1_4,zf-C2H2,zinc_ribbon_5,Prok-RING_1,zf-C2H2_jaz,zinc_ribbon_4,zf-met,Yippee,zf-H2C2_2,RNA_POL_M_15KD,zf-C2H2_2,DUF82,zf-H2C2_5,zf-MYND,CxxC_CxxC_SSSS,zf-C2H2_6,zf-LYAR"
J3QRA9,"zf-HIT,zf-C4"
J3QSH4,"zf-C2H2_4,DUF4407,BAF1_ABF1,zf-C2H2,FYVE,zf-BED,Prok-RING_1,zf-met,XPA_N,zf-H2C2_2,DZR,Med15,zf-FCS"
J9JIC7,"zf-C2H2_4,DUF4407,BAF1_ABF1,zf-RING_3,zf-C2H2,Sgf11,Endonuclease_7,Prok-RING_1,zf-BED,zf-met,zf-H2C2_2,CxxC_CxxC_SSSS,zf-Sec23_Sec24,Med15,zf-FCS,Peptidase_C6"
J9RYE1,Fork_head
J9SW06,Fork_head
J9SY82,Fork_head
K7EIE6,"zf-C2H2_4,zf-C2H2,zf-C2H2_jaz,XPA_N,zf-H2C2_2,C1_1,TFIIS_C,HTH_Tnp_ISL3,Zn_Tnp_IS1595,zf-C2H2_6,IGPD,DUF2387,KRAB,Trm112p,zf-trcl,CxxC_CxxC_SSSS,zf-C2H2_2,zf-C2HC_2,Med27"
K7EJD4,RFX_DNA_binding
K7EJF3,"zf-C2H2,zf-C2H2_jaz,zf-H2C2_2,Zn_Tnp_IS1595,zf-C2H2_6"
K7EJQ0,HLH
K7EKZ8,"zf-C2H2_4,zf-C2H2,UPF0547,Evr1_Alr,Prok-RING_2,YhfH,zf-C2H2_jaz,XPA_N,zf-H2C2_2,Yippee,HypA,C1_1,zf-DNA_Pol,C1_4,zinc_ribbon_5,TFIIS_C,zf-AN1,HTH_Tnp_ISL3,Zn_Tnp_IS1595,zf-Mss51,zf-C2H2_6,FYVE,Tnp_zf-ribbon_2,DUF82,Rpr2,zf-BED,DNA_RNApol_7kD,zf-trcl,zinc_ribbon_4,CxxC_CxxC_SSSS,DUF164,CpXC,Ribosomal_L44"
K7EL42,"zf-C2H2_4,zf-C2H2,Zn_ribbon_recom,Evr1_Alr,Prok-RING_2,YhfH,zf-C2H2_jaz,XPA_N,zf-H2C2_2,Yippee,A2L_zn_ribbon,C1_4,Pneumo_NS1,TFIIS_C,zf-AN1,HTH_Tnp_ISL3,Zn_Tnp_IS1595,DUF2321,zf-C2H2_6,DUF2688,DUF82,LIM,GATA,Rpr2,zf-BED,DNA_RNApol_7kD,zf-trcl,CxxC_CxxC_SSSS,CpXC"
K7EM32,"zf-C2H2_4,zf-C2H2,HNH,zf-C2H2_jaz,zf-met,zf-H2C2_2,zf-C2HC_2,zf-C2H2_6,BolA"
K7EM63,"zf-C2H2,zf-H2C2_2,CxxC_CxxC_SSSS,Zn_Tnp_IS1595,zf-C2H2_6"
K7EN16,"zf-C2H2_4,zf-C2H2,Prok-RING_2,XPA_N,zf-H2C2_2,A2L_zn_ribbon,zf-DNA_Pol,C1_4,zinc_ribbon_5,TFIIS_C,zf-CHY,DUF3133,Zn_Tnp_IS1595,RRN7,zf-C2H2_6,Tnp_zf-ribbon_2,DNA_RNApol_7kD,zf-trcl,zinc_ribbon_4,CxxC_CxxC_SSSS"
K7EN48,"zf-C2H2_4,zf-C2H2,Evr1_Alr,Prok-RING_2,zf-C2H2_jaz,zf-met,zf-H2C2_2,Yippee,A2L_zn_ribbon,C1_4,TFIIS_C,zinc_ribbon_5,zf-AN1,HTH_Tnp_ISL3,Zn_Tnp_IS1595,zf-C2H2_6,DUF1407,FYVE,Tnp_zf-ribbon_2,DNA_RNApol_7kD,zf-trcl,zinc_ribbon_4,CxxC_CxxC_SSSS,DUF164"
K7ENC1,"DUF3276,Lsr2,PurA"
K7EP55,"zf-C2H2_4,zf-C2H2,UPF0547,Evr1_Alr,Prok-RING_2,C1_3,zf-C2H2_jaz,YhfH,XPA_N,zf-met,zf-H2C2_2,GAGA,C1_4,TFIIS_C,zinc_ribbon_5,HNH,HTH_Tnp_ISL3,Zn_Tnp_IS1595,DUF35_N,zf-C2H2_6,Desulfoferrod_N,Prok-RING_1,zf-HIT,COX5B,PHD,SprT-like,LIM,zf-BED,DNA_RNApol_7kD,zf-trcl,DUF1610,zinc_ribbon_4,CxxC_CxxC_SSSS,DUF164,FYDLN_acid,Ribosomal_L44,BolA"
K7EPY2,T-box
K7EQ32,"zf-C2H2_4,zf-C2H2,zf-C2H2_jaz,XPA_N,zf-H2C2_2,C1_1,C1_4,zinc_ribbon_2,zf-C2H2_6,Desulfoferrod_N,Ta0938,FYVE,DUF3797,DUF82,Elf1,zf-C3HC4_2,DUF1610,zf-dskA_traR,DUF164"
K7EQC9,"zf-C2H2_4,zf-C2H2,KRAB,zf-H2C2_2,DUF2118,zf-C2H2_6"
K7ESJ1,"zf-C2H2_4,Ribosomal_L37ae,zf-C2H2,UPF0547,Evr1_Alr,Prok-RING_2,HTH_Tnp_IS66,YhfH,zf-C2H2_jaz,zf-met,XPA_N,zf-H2C2_2,Yippee,HypA,C1_1,NinG,OrfB_Zn_ribbon,A2L_zn_ribbon,C1_4,TRP_2,TFIIS_C,zf-C2H2_3,zinc_ribbon_5,zf-AN1,HTH_Tnp_ISL3,Zn_Tnp_IS1595,zf-UBR,zf-MYND,DUF2321,zf-Mss51,zf-C2H2_6,FYVE,Prok-RING_1,Tnp_zf-ribbon_2,DUF82,TF_Zn_Ribbon,ADK_lid,SprT-like,DZR,LIM,Med27,CpXC,Rpr2,zf-BED,DNA_RNApol_7kD,zf-trcl,zinc_ribbon_4,DUF2072,CxxC_CxxC_SSSS,DUF164,DUF2175,Ribosomal_L44,zf-LYAR,BolA"
L0R3V2,"zf-C2H2_4,Zn_Tnp_IS1,zf-C2H2,zf-BED,zf-C2H2_jaz,zf-met,zf-H2C2_2,zf-C2HC_2,zf-H2C2_5"
M0QX79,Ets
M0QX82,"zf-C2H2_4,C1_4,zf-C2H2,DNA_RNApol_7kD,DUF2944,zf-C2H2_jaz,zf-met,XPA_N,zf-H2C2_2,HTH_Tnp_ISL3,CxxC_CxxC_SSSS,C1_1,zf-C2H2_6"
M0QXN0,Ets
M0QXU9,"zf-C2H2_4,zf-C2H2,tRNA-synt_2d,UPF0547,C1_3,zf-C2H2_jaz,XPA_N,zf-H2C2_2,Yippee,HypA,C1_1,C1_4,TFIIS_C,zinc_ribbon_5,zf-CHY,HTH_Tnp_ISL3,Zn_Tnp_IS1595,zf-C2H2_6,Desulfoferrod_N,Prok-RING_1,KRAB,ZZ,DNA_RNApol_7kD,zf-trcl,CxxC_CxxC_SSSS,CpXC,BolA"
M0QXW3,"bZIP_2,bZIP_1"
M0QY11,"zf-C2H2_4,C1_4,zf-C2H2,OGG_N,DUF2688,zf-C2H2_jaz,XPA_N,zf-H2C2_2,HTH_Tnp_ISL3,Yippee,CxxC_CxxC_SSSS,Zn_Tnp_IS1595,BolA,CpXC,zf-C2H2_6,Csm1"
M0QY24,"zf-C2H2_4,C1_4,zf-C2H2,Rpr2,TFIIS_C,DNA_RNApol_7kD,zf-C2H2_jaz,zf-CHY,KRAB,XPA_N,zf-met,zf-H2C2_2,CxxC_CxxC_SSSS,HTH_Tnp_ISL3,Zn_Tnp_IS1595,zf-C2H2_6"
M0QY62,"zf-C2H2_4,C1_4,zf-C2H2,DUF3280,DNA_RNApol_7kD,zf-C2H2_jaz,KRAB,zf-met,XPA_N,zf-H2C2_2,C1_1,zf-C2H2_6"
M0QYF1,"zf-C2H2_4,zf-H2C2_2,zf-C2H2_6,zf-C2H2"
M0QZ59,"zf-C2H2_4,zf-C2H2,Rpr2,TFIIS_C,zf-C2H2_jaz,XPA_N,zf-H2C2_2,CxxC_CxxC_SSSS,Yippee,HTH_Tnp_ISL3,Zn_Tnp_IS1595,zf-H2C2_5,zf-C2H2_6"
M0QZF5,"Ribosomal_L37e,zf-C4"
M0QZI7,"zf-C2H2_4,zf-C2H2,tRNA-synt_2d,C1_3,zf-C2H2_jaz,XPA_N,zf-H2C2_2,C1_1,C1_4,TFIIS_C,zf-CHY,HTH_Tnp_ISL3,Zn_Tnp_IS1595,zf-C2H2_6,Desulfoferrod_N,Prok-RING_1,ZZ,DNA_RNApol_7kD,CxxC_CxxC_SSSS,BHD_1"
M0QZP0,"bZIP_2,bZIP_1,bZIP_Maf"
M0QZV4,"DUF3408,KRAB"
M0R087,"zf-C2H2_4,zf-RING_3,zf-C2H2,zf-H2C2_2,zf-C2H2_6"
M0R0C0,"zf-C2H2_4,zf-C2H2,Zn_ribbon_recom,zf-C2H2_jaz,XPA_N,zf-met,zf-H2C2_2,Yippee,Mu-like_Com,C1_4,HTH_Tnp_ISL3,Chordopox_RPO7,Zn_Tnp_IS1595,zf-C2H2_6,DUF3280,KRAB,DUF1163,LIM,zf-BED,DNA_RNApol_7kD,CxxC_CxxC_SSSS,zf-C2HC_2,FYDLN_acid,BolA"
M0R0F3,"zf-C2H2_4,zf-C2H2,C1_3,zf-C2H2_jaz,XPA_N,zf-H2C2_2,GAGA,C1_1,A2L_zn_ribbon,zf-RING_3,TFIIS_C,HNH,zf-AN1,HTH_Tnp_ISL3,Zn_Tnp_IS1595,zf-C2H2_6,Desulfoferrod_N,Prok-RING_1,ZZ,Ndufs5,GATA,CxxC_CxxC_SSSS,CpXC,BolA"
M0R186,"zf-C2H2_4,zf-C2H2,zf-C2H2_jaz,zf-trcl,zf-H2C2_2,CxxC_CxxC_SSSS,zf-C2H2_6"
M0R1C8,"zf-C2H2_4,zf-C2H2,zf-C2H2_jaz,zf-H2C2_2,Yippee,HypA,GAGA,C1_4,zf-AN1,Rad50_zn_hook,HTH_Tnp_ISL3,Zn_Tnp_IS1595,zf-MYND,RRN7,zf-C2H2_6,zf-UBP,zinc_ribbon_2,DUF629,Prok-RING_1,Prok-RING_4,Trm112p,LIM,Elf1,zf-BED,zf-C3HC4_2,zf-trcl,IBR,CxxC_CxxC_SSSS,zf-C2HC_2,DUF164,FYDLN_acid,zf-LYAR,BolA"
M0R1D1,"zf-C2H2_4,zf-C2H2,HTH_Tnp_IS66,C1_3,zf-C2H2_jaz,YhfH,XPA_N,zf-H2C2_2,HypA,C1_4,TFIIS_C,zf-CHY,zf-AN1,HTH_Tnp_ISL3,Zn_Tnp_IS1595,DUF2321,zf-C2H2_6,Rep_fac-A_C,Desulfoferrod_N,Prok-RING_1,zf-HIT,COX5B,SprT-like,DZR,LIM,DNA_RNApol_7kD,zf-BED,zf-trcl,DUF1610,CxxC_CxxC_SSSS,zf-dskA_traR,DUF164,FYDLN_acid,Ribosomal_L44,zf-LYAR,BolA"
M0R1H8,"zf-C2H2_4,GVQW,zf-C2H2,zf-C2H2_jaz,XPA_N,zf-H2C2_2,C1_4,TFIIS_C,zf-AN1,zf-CHY,HTH_Tnp_ISL3,Zn_Tnp_IS1595,zf-Mss51,zf-C2H2_6,zinc_ribbon_2,Prok-RING_1,Tnp_zf-ribbon_2,KRAB,Elf1,DNA_RNApol_7kD,zf-trcl,DUF1610,IBR,CxxC_CxxC_SSSS,DUF164"
M0R1P0,"zf-C2H2_4,zf-C2H2,Zn_ribbon_recom,UPF0547,YhfH,zf-C2H2_jaz,XPA_N,zf-met,zf-H2C2_2,Yippee,C1_4,TFIIS_C,HTH_Tnp_ISL3,Zn_Tnp_IS1595,zinc_ribbon_2,zf-C2H2_6,KRAB,LIM,DNA_RNApol_7kD,CxxC_CxxC_SSSS,DUF2213"
M0R202,"zf-C2H2_4,zf-C2H2,SCAN,FYVE,HNH,zf-C2H2_jaz,zf-trcl,DUF2321,KRAB,zf-H2C2_2,DUF2256,CpXC,DZR"
M0R229,zf-C4
M0R279,Fork_head
M0R2M4,"zf-C2H2_4,C1_4,zf-C2H2,TFIIS_C,DNA_RNApol_7kD,zf-C2H2_jaz,KRAB,zf-met,XPA_N,zf-H2C2_2,HTH_Tnp_ISL3,CxxC_CxxC_SSSS,Yippee,zf-C2H2_6"
M0R2M8,"PAS,PAS_3"
O00164,"DHC,HMG_box,DUF3106,DUF1898,Poxvirus_B22R_N,DUF1074"
O14849,"zf-C2H2_4,zf-H2C2_2,zf-C2H2_6,zf-C2H2"
O14860,"zf-C2H2_4,zf-C2H2,zf-C2H2_jaz,COX5B,XPA_N,zf-H2C2_2,CxxC_CxxC_SSSS,Zn_Tnp_IS1595,SprT-like,zf-C2H2_6,LIM,GATA,zf-LYAR"
O14861,"zf-C2H2_4,Fer4_17,zf-C2H2,UPF0547,Evr1_Alr,C1_3,zf-C2H2_jaz,YhfH,XPA_N,zf-H2C2_2,Yippee,HypA,C1_1,A2L_zn_ribbon,C1_4,zf-RING_3,TFIIS_C,zinc_ribbon_5,zf-AN1,HTH_Tnp_ISL3,Zn_Tnp_IS1595,zf-UBR,zf-Mss51,zinc_ribbon_2,zf-C2H2_6,C1_2,Prok-RING_1,Tnp_zf-ribbon_2,PHD,ADK_lid,SprT-like,DNA_RNApol_7kD,zf-trcl,zinc_ribbon_4,DUF1610,CxxC_CxxC_SSSS,DUF164,CpXC,Ribosomal_L44"
O14885,"zf-C2H2_4,Ribosomal_L37ae,zf-C2H2,Evr1_Alr,Prok-RING_2,C1_3,zf-C2H2_jaz,YhfH,Ribosomal_L44,XPA_N,zf-met,zf-H2C2_2,Yippee,HypA,C1_1,OrfB_Zn_ribbon,A2L_zn_ribbon,C1_4,TFIIS_C,zinc_ribbon_5,zf-AN1,HTH_Tnp_ISL3,Zn_Tnp_IS1595,zf-Mss51,zf-C2H2_6,zinc_ribbon_2,Desulfoferrod_N,DUF1407,DUF2688,zf-HIT,Tnp_zf-ribbon_2,ZZ,DUF82,SprT-like,DZR,DUF3268,DNA_RNApol_7kD,zf-trcl,DUF1610,zinc_ribbon_4,CxxC_CxxC_SSSS,DUF164,CpXC,HTH_Tnp_IS66"
O14887,"zf-C2H2_4,zf-C2H2,YhfH,zf-C2H2_jaz,zf-met,XPA_N,zf-H2C2_2,Fer4_10,C1_4,TFIIS_C,zf-AN1,zf-C2H2_6,Fer4_2,FYVE,Fer4,ADK_lid,LIM,zf-trcl,IBR,DUF1610,Fer4_4,CxxC_CxxC_SSSS,DUF164,BolA"
O14888,"zf-C2H2_4,C1_4,zf-C2H2,Desulfoferrod_N,TFIIS_C,FYVE,YhfH,zf-C2H2_jaz,zf-trcl,IBR,XPA_N,zf-H2C2_2,CxxC_CxxC_SSSS,zf-C2H2_6,LIM,BolA"
O14889,"zf-C2H2_4,Fer4_17,Ribosomal_L37ae,zf-C2H2,Zn_ribbon_recom,UPF0547,Evr1_Alr,Prok-RING_2,C1_3,zf-C2H2_jaz,YhfH,Ogr_Delta,XPA_N,zf-met,zf-H2C2_2,Yippee,HypA,C1_1,A2L_zn_ribbon,C1_4,TFIIS_C,zinc_ribbon_5,zf-AN1,HTH_Tnp_ISL3,YyzF,Zn_Tnp_IS1595,zf-MYND,DUF35_N,RRN7,zf-C2H2_6,DUF2321,Desulfoferrod_N,C1_2,Fer4_2,FYVE,Prok-RING_1,zf-HIT,COX5B,Tnp_zf-ribbon_2,ZZ,PHD,DUF82,TF_Zn_Ribbon,SprT-like,DZR,DNA_RNApol_7kD,zf-BED,zf-trcl,zinc_ribbon_4,DUF1610,Fer4_4,CxxC_CxxC_SSSS,DUF164,CpXC,FYDLN_acid,Ribosomal_L44"
O14890,"zf-C2H2_4,zf-C2H2,YhfH,zf-C2H2_jaz,XPA_N,zf-met,zf-H2C2_2,C1_1,C1_4,zf-AN1,zf-C2H2_6,Desulfoferrod_N,FYVE,zf-HIT,ADK_lid,DZR,LIM,IBR,DUF1610,CxxC_CxxC_SSSS,zf-dskA_traR,DUF164,BolA"
O14892,"zf-C2H2_4,zf-C2H2,zf-C2H2_jaz,zf-met,zf-H2C2_2,C1_1,C1_4,zf-RING_3,zf-AN1,HTH_Tnp_ISL3,Zn_Tnp_IS1595,zf-C2H2_6,zf-UBP,FYVE,Prok-RING_1,Tnp_zf-ribbon_2,zf-C2HC5,SprT-like,GATA,Rpr2,IBR,zf-trcl,CxxC_CxxC_SSSS,zf-C2HC_2,CpXC,BolA"
O14913,"zf-C2H2_4,C1_4,zf-C2H2,FYVE,zf-C2H2_jaz,KRAB,XPA_N,zf-H2C2_2,CxxC_CxxC_SSSS,Zn_Tnp_IS1595,zf-C2H2_6,BolA"
O43245,"FKBP_C,zf-C4"
O43693,"zf-C2H2_4,zf-C2H2,YEATS,Evr1_Alr,Prok-RING_2,C1_3,zf-C2H2_jaz,YhfH,XPA_N,zf-H2C2_2,Yippee,GAGA,C1_4,TFIIS_C,zf-AN1,HTH_Tnp_ISL3,Zn_Tnp_IS1595,zf-C2H2_6,Desulfoferrod_N,C1_2,Prok-RING_1,ADK_lid,SprT-like,DNA_RNApol_7kD,zf-trcl,CxxC_CxxC_SSSS,DUF164,Ribosomal_L44,BolA"
O43698,"zf-C2H2_4,Ribosomal_L37ae,zf-C2H2,Evr1_Alr,C1_3,zf-C2H2_jaz,XPA_N,zf-met,zf-H2C2_2,C1_4,zf-CHY,zf-AN1,YyzF,HTH_Tnp_ISL3,Zn_Tnp_IS1595,zf-MYND,zf-C2H2_6,Desulfoferrod_N,zf-HIT,PHD,SprT-like,DZR,DNA_RNApol_7kD,zf-trcl,CxxC_CxxC_SSSS,DUF164,Ribosomal_L44,Rep_fac-A_C"
O60428,"MRF_C1,NDT80_PhoG,Peptidase_S74"
O60587,"zf-RING_2,Hormone_recep,zf-C4"
O60863,"Homeobox,Terminase_5,Homeobox_KN,Homez"
O75261,"zf-C2H2_4,C1_4,zf-C2H2,Prok-RING_1,zf-BED,zf-C2H2_jaz,KRAB,zf-met,zf-met2,zf-H2C2_2,CxxC_CxxC_SSSS,HTH_Tnp_ISL3,XPA_N,Zn_Tnp_IS1595,Yippee,zf-C2H2_6,BolA"
O75780,Hormone_recep
O95129,"HMG_box,DUF1898,HTH_24"
O95130,"HMG_box,DUF1898,HTH_24"
O95131,"HMG_box,DUF1898,HTH_24"
O95132,"HMG_box,DUF1898,CHDNT"
O95133,HMG_box
O95276,"zf-C2H2_4,zf-RING_3,zf-C2H2,zf-CHCC,BIR,zf-C2H2_jaz,zf-CHY,zf-H2C2_2,zf-C2H2_2,C1_1,Mcm10,zinc_ribbon_2"
O95641,"zf-H2C2_2,zf-C2H2"
O95779,"zf-C2H2_4,zf-C2H2,NifU_N,C1_3,zf-C2H2_jaz,zf-trcl,XPA_N,zf-H2C2_2,CxxC_CxxC_SSSS,DUF164,Zn_Tnp_IS1595,zf-C2H2_6,BolA"
P78365,"SAM_1,SAM_2"
Q05BG0,"zf-C2H2_4,C1_4,zf-C2H2,Zn_ribbon_recom,zf-C2H2_jaz,zf-CHY,zf-H2C2_2,CxxC_CxxC_SSSS,Zn_Tnp_IS1595,zf-C2H2_6"
Q05BY5,"zf-C2H2_4,zf-C2H2,Zn_ribbon_recom,DUF3669,zf-C2H2_jaz,DUF1898,C1_3,Ogr_Delta,zf-met,zf-H2C2_2,Yippee,A2L_zn_ribbon,C1_4,zinc_ribbon_5,TFIIS_C,zf-CHY,zf-AN1,HTH_Tnp_ISL3,Zn_Tnp_IS1595,zf-MYND,zf-C2H2_6,KRAB,Elf1,DNA_RNApol_7kD,zinc_ribbon_4,CxxC_CxxC_SSSS,CpXC,FYDLN_acid,zf-LYAR"
Q05BZ1,"HMG_box,DUF1898,Myb_DNA-bind_4"
Q05CG3,Myb_DNA-binding
Q05CH0,"HMG_box,DUF1898"
Q07644,"KRAB,SCAN"
Q0P6D9,"zf-C2H2_4,zf-C2H2,TFIIS_C,Caenor_Her-1,DUF3280,YhfH,zf-C2H2_jaz,Stig1,zf-trcl,XPA_N,zf-H2C2_2,CxxC_CxxC_SSSS,DZR,DUF164,zf-C2H2_6"
Q0VAN9,"KRAB,SCAN"
Q0VAP0,"KRAB,SCAN"
Q13028,"Homeobox,Homeobox_KN,Homez"
Q13580,"zf-C2H2_4,zf-C2H2,C1_3,zf-C2H2_jaz,zf-met2,zf-met,XPA_N,zf-H2C2_2,Yippee,Fer4_14,HypA,C1_1,NinG,A2L_zn_ribbon,C1_4,zf-CHY,zf-AN1,DUF2256,HTH_Tnp_ISL3,Zn_Tnp_IS1595,zf-C2H2_6,C1_2,Prok-RING_1,DUF1062,DUF2039,CpXC,zf-BED,zf-trcl,CxxC_CxxC_SSSS,Syja_N,DUF3222,DUF2175,BHD_1"
Q13582,"zf-C2H2_4,Ribosomal_L37ae,zf-C2H2,zf-DNL,zf-C2H2_jaz,XPA_N,zf-met,zf-H2C2_2,Yippee,C1_1,C1_4,TFIIS_C,zf-CHY,zf-AN1,HTH_Tnp_ISL3,Zn_Tnp_IS1595,zf-C2H2_6,DUF1407,ZZ,LIM,zf-BED,zf-trcl,DUF1610,CxxC_CxxC_SSSS,DUF164,zf-LYAR"
Q14025,"Myb_DNA-bind_4,Myb_DNA-bind_6,RST,Myb_DNA-bind_2,LMSTEN,Spore_III_AB,Myb_DNA-binding"
Q14543,"Homeobox,Terminase_5,Homeobox_KN"
Q15505,"HMG_box,DUF1898,SOXp"
Q15636,"KRAB,SCAN"
Q15917,"zf-C2H2_4,C1_4,zf-C2H2,Prok-RING_1,zf-C2H2_jaz,XPA_N,zf-H2C2_2,CxxC_CxxC_SSSS,HTH_Tnp_ISL3,Yippee,Zn_Tnp_IS1595,Chordopox_RPO7,GAGA,zf-C2H2_6"
Q15924,"zf-C2H2_4,zf-C2H2,zf-C2H2_jaz,zf-met,zf-H2C2_2,zf-C2H2_6"
Q15927,"zf-C2H2_4,Elf1,zf-C2H2,C1_2,Desulfoferrod_N,FYVE,zf-trcl,zf-HIT,XPA_N,zf-H2C2_2,Ribosomal_S14,CxxC_CxxC_SSSS,Zn_Tnp_IS1595,C1_1,DUF2321,zf-C2H2_6"
Q15930,"zf-C2H2_4,C1_4,zf-C2H2,Desulfoferrod_N,TFIIS_C,zf-CSL,DNA_RNApol_7kD,zf-BED,zf-C2H2_jaz,zf-AN1,XPA_N,zf-H2C2_2,CxxC_CxxC_SSSS,DZR,zf-Mss51,zf-C2H2_6,A2L_zn_ribbon"
Q15933,"zf-C2H2_4,zf-C2H2,Evr1_Alr,C1_3,zf-C2H2_jaz,YhfH,XPA_N,zf-met,zf-H2C2_2,A2L_zn_ribbon,C1_4,TFIIS_C,zf-AN1,DUF983,HTH_Tnp_ISL3,Zn_Tnp_IS1595,DUF2321,zf-MYND,zf-Mss51,zf-C2H2_6,DUF2688,Tnp_zf-ribbon_2,ZZ,LIM,GATA,zf-BED,DNA_RNApol_7kD,zf-trcl,CxxC_CxxC_SSSS,HTH_18,FYDLN_acid,Ribosomal_L44,zf-LYAR,BolA"
Q15934,"zf-C2H2_4,DUF2225,zf-C2H2,zf-C2H2_jaz,zf-met,zf-H2C2_2,zf-C2H2_6"
Q16124,"Homeobox,DUF2209"
Q16324,Ets
Q16423,Homeobox
Q16509,"HLH,DUF2763"
Q17RW3,"zf-C2H2_4,C1_4,DUF1768,zf-C2H2,Zn_ribbon_recom,TFIIS_C,DNA_RNApol_7kD,zf-C2H2_jaz,zf-trcl,XPA_N,zf-H2C2_2,CxxC_CxxC_SSSS,HTH_Tnp_ISL3,Yippee,Zn_Tnp_IS1595,CpXC,zf-C2H2_6"
Q1W386,"Homeobox_KN,Homeobox,PAX"
Q2M1I7,"zf-C2H2_4,C1_4,zf-C2H2,Desulfoferrod_N,DNA_RNApol_7kD,C1_3,zf-C2H2_jaz,Prok-RING_1,XPA_N,zf-H2C2_2,CxxC_CxxC_SSSS,HTH_Tnp_ISL3,SprT-like,zf-C2H2_6,BolA"
Q2NKJ9,"zf-C2H2_4,zf-C2H2,C1_3,zf-C2H2_jaz,XPA_N,zf-H2C2_2,HTH_Tnp_ISL3,Zn_Tnp_IS1595,zf-C2H2_6,Desulfoferrod_N,ROS_MUCR,KRAB,ADK_lid,SprT-like,DNA_RNApol_7kD,DUF1610,CxxC_CxxC_SSSS,DUF164,Rep_fac-A_C,BolA"
Q2NLC9,"DUF3276,PurA"
Q2NLD4,"DUF3276,PurA"
Q2T9G7,"zf-C2H2_4,zf-C2H2,Rpr2,Zn_ribbon_recom,zf-C2H2_jaz,KRAB,zf-H2C2_2,CxxC_CxxC_SSSS,Yippee,HTH_Tnp_ISL3,Zn_Tnp_IS1595,zf-H2C2_5,zf-C2H2_6"
Q2T9G8,"zf-C2H2_4,zf-C2H2,Rpr2,Zn_ribbon_recom,TFIIS_C,zf-C2H2_jaz,XPA_N,zf-H2C2_2,CxxC_CxxC_SSSS,Yippee,HTH_Tnp_ISL3,Zn_Tnp_IS1595,zf-H2C2_5,zf-C2H2_6"
Q2T9L5,"HMG_box,DUF1898,HTH_24"
Q2TAM5,RHD
Q2TB61,"zf-C2H2_4,C1_4,zf-C2H2,zf-C2H2_jaz,KRAB,zf-H2C2_2,Yippee,CpXC,zf-C2H2_6,IGPD"
Q2XU31,PAX
Q2XU32,"Slp,PAX,HTH_Tnp_IS1"
Q32LY2,HLH
Q32M51,"zf-C2H2_4,zf-C2H2,Zn_Tnp_IS1,zf-C2H2_jaz,zf-H2C2_2,Macoilin,RRN7,zf-C2H2_6"
Q32MK9,"zf-C2H2_4,zf-C2H2,C1_2,zf-C2H2_jaz,zf-met,zf-H2C2_2,GAGA,C1_1,zf-C2H2_6"
Q32MN7,"Otopetrin,DUF702,TFIIA,Spore_coat_CotO,Neur_chan_memb,DUF106,DUF1501,SAGA-Tad1,FemAB,BRF1,Med15,Tim54,Cellulose_synt,Pex16,FLO_LFY,DUF1675,DUF2215,DUF966,TBP,Lin-8,Hid1,Ycf1,DUF4045,Ndc1_Nup,Hom_end_hint,RR_TM4-6,Plasmodium_Vir,OAD_gamma,Gti1_Pac2"
Q3B799,"zf-C2H2_4,C1_4,zf-C2H2,zf-C2H2_jaz,zf-AN1,KRAB,XPA_N,zf-H2C2_2,HTH_Tnp_ISL3,Siva,CxxC_CxxC_SSSS,Zn_Tnp_IS1595,HTH_18,zf-H2C2_5,XS,zf-C2H2_6,GATA,BolA"
Q3B832,"Homeobox,Taeniidae_ag,HTH_32,HTH_23,Homeobox_KN"
Q3KNR4,"Homeobox_KN,Homeobox,PAX"
Q3KNR5,"Homeobox_KN,Homeobox,PAX"
Q3KR11,"zf-C2H2_4,zf-C2H2,DUF3669,zf-C2H2_jaz,C1_3,DUF1898,zf-met,zf-H2C2_2,Yippee,C1_1,C1_4,zf-RING_3,HTH_Tnp_ISL3,Zn_Tnp_IS1595,zf-C2H2_6,KRAB,DZR,PhnA_Zn_Ribbon,Elf1,DUF3268,DNA_RNApol_7kD,CxxC_CxxC_SSSS,CpXC"
Q3LIC1,"zf-C2H2_4,Ribosomal_L37ae,zf-C2H2,NifU_N,Prok-RING_2,YhfH,zf-C2H2_jaz,XPA_N,zf-met,zf-H2C2_2,Yippee,C1_4,TFIIS_C,HTH_Tnp_ISL3,Zn_Tnp_IS1595,zf-C2H2_6,zinc_ribbon_2,IGPD,C1_2,Nepo_coat,zf-H2C2_5,LIM,GATA,Rpr2,PRP21_like_P,GGDN,zf-BED,DNA_RNApol_7kD,zf-trcl,CxxC_CxxC_SSSS,zf-C2H2_2,CpXC,Ribosomal_L44"
Q3MI94,"zf-C2H2_4,zf-C2H2,C1_3,zf-C2H2_jaz,YhfH,XPA_N,zf-met,zf-H2C2_2,C1_1,TFIIS_C,HTH_Tnp_ISL3,Zn_Tnp_IS1595,zf-C2H2_6,Desulfoferrod_N,Prok-RING_1,ZZ,DNA_RNApol_7kD,zf-trcl,CxxC_CxxC_SSSS,HTH_18,BolA"
Q3MI95,Fork_head
Q3MN16,"zf-C2H2_4,zf-C2H2_6,EutQ,zf-C2H2"
Q495G0,"Cmyb_C,Myb_DNA-bind_6,LMSTEN,Spore_III_AB,Myb_DNA-binding"
Q498Y4,Fork_head
Q499G5,"UPF0122,E2F_TDP"
Q49A12,"zf-C2H2_4,zf-C2H2,YEATS,Prok-RING_2,C1_3,zf-C2H2_jaz,BHD_2,XPA_N,zf-H2C2_2,GAGA,C1_4,zf-CHY,HTH_Tnp_ISL3,Zn_Tnp_IS1595,zf-C2H2_6,SprT-like,DNA_RNApol_7kD,zf-trcl,CxxC_CxxC_SSSS,BolA"
Q4G131,"zf-C2H2_4,zf-C2H2,Prok-RING_2,C1_3,zf-C2H2_jaz,zf-trcl,KRAB,XPA_N,zf-H2C2_2,CxxC_CxxC_SSSS,HTH_Tnp_ISL3,Zn_Tnp_IS1595,ADK_lid,SprT-like,zf-C2H2_6"
Q4G137,"zf-C2H2_4,zf-C2H2,C1_3,zf-C2H2_jaz,zf-met,XPA_N,zf-H2C2_2,HypA,C1_4,zf-AN1,HTH_Tnp_ISL3,Zn_Tnp_IS1595,zf-C2H2_6,KRAB,Siva,Prim_Zn_Ribbon,LIM,GATA,zf-BED,CxxC_CxxC_SSSS,zf-C2HC_2,zf-LYAR"
Q4G1C8,"KRAB,SCAN,zf-met"
Q4KR72,"Homeobox,HoxA13_N,Homeobox_KN"
Q4LE49,ARID
Q4W5E8,"DUF2256,OrfB_Zn_ribbon,zf-C4"
Q4W5N2,"zf-C2H2_4,zf-C2H2,Prok-RING_2,C1_3,zf-C2H2_jaz,XPA_N,zf-met,zf-H2C2_2,GAGA,C1_1,C1_4,TFIIS_C,zf-AN1,HTH_Tnp_ISL3,Zn_Tnp_IS1595,RRN7,zf-C2H2_6,zf-trcl,CxxC_CxxC_SSSS,DUF164,FYDLN_acid"
Q4ZG79,"zf-C2H2_4,zf-C2H2,zf-C2H2_jaz,zf-met,zf-H2C2_2,zf-H2C2_5"
Q504V9,"zf-C2H2_4,PyrI_C,zf-C2H2,zf-C2H2_jaz,zf-met,zf-H2C2_2,zf-C2H2_2,GAGA,zf-C2H2_6,BolA"
Q53EM3,"zf-C2H2_4,C1_4,zf-C2H2,DNA_RNApol_7kD,zf-C2H2_jaz,zf-trcl,KRAB,zf-H2C2_2,Yippee,HTH_18,FYDLN_acid,zf-C2H2_6,zf-UBP"
Q53ER5,"Sox_C_TAD,DUF1898,HMG_box,YABBY"
Q53EV3,"HMG_box,DUF1898,LOH1CR12"
Q53EW3,"RFX_DNA_binding,Pox_D5"
Q53F30,"HLH,PAS_4,PAS,PAS_3"
Q53F65,"SAM_PNT,Ets"
Q53F82,"TrmB,BRCA-2_OB3,E2F_TDP"
Q53FX2,"TrmB,BRCA-2_OB3,E2F_TDP"
Q53FZ4,"Hormone_recep,zf-C4"
Q53GN9,"Homeobox,Homeobox_KN"
Q53HT3,"HSF_DNA-bind,DUF972,DUF247,NPV_P10,Vert_HS_TF,DUF2365,YlbD_coat,Nnf1"
Q53QP1,"zf-C2H2_4,zf-C2H2,DNA_RNApol_7kD,zf-C2H2_jaz,zf-H2C2_2,zf-C2H2_6"
Q53QZ9,"Adeno_E1A,GATA"
Q53RU9,"bZIP_2,bZIP_1,MHC_II_beta"
Q53SU9,"zf-C2H2_4,Elf1,zf-C2H2,zf-MYND,zf-C2H2_jaz,zf-TRAF,zf-met,zf-H2C2_2,DZR,CxxC_CxxC_SSSS,GAGA,C1_1,zf-H2C2_5,RRN7,zf-C2H2_6"
Q53T87,"Chorion_3,CTNNB1_binding"
Q53Z40,"zf-C2H2_4,zf-C2H2,YhfH,zf-C2H2_jaz,XPA_N,zf-H2C2_2,Yippee,HypA,zinc_ribbon_5,HTH_Tnp_ISL3,Zn_Tnp_IS1595,zf-C2H2_6,LIM,SCAN,DNA_RNApol_7kD,zf-trcl,zinc_ribbon_4,CxxC_CxxC_SSSS,CpXC,BolA"
Q561W4,FHA
Q56H36,"HTH_Tnp_IS1,HTH_5,Fe_dep_repress,HTH_29,HTH_23,PAX"
Q59EB9,"CHAP,Zfx_Zfy_act,Adhes-Ig_like"
Q59EF3,TEA
Q59EH4,"zf-C2H2_4,zf-RING_3,zf-C2H2,zf-BED,zf-C2H2_jaz,zf-trcl,KRAB,zf-met,XPA_N,zf-H2C2_2,CxxC_CxxC_SSSS,Zn_Tnp_IS1595,zf-C2HC_2,zf-C2H2_6"
Q59EI0,"SAND,zf-MYND"
Q59EI7,"TIG,RHD"
Q59EM0,"HLH,Mito_fiss_reg,DUF3446,TFIIF_alpha,Metal_resist"
Q59EY3,"zf-C2H2_4,zf-C2H2,zf-C2H2_jaz,zf-H2C2_2,RRN7,zf-C2H2_6"
Q59EZ7,"zf-C2H2_4,C1_4,zf-C2H2,Desulfoferrod_N,DUF2688,C1_3,zf-C2H2_jaz,zf-AN1,XPA_N,zf-H2C2_2,CxxC_CxxC_SSSS,HTH_Tnp_ISL3,GAGA,Zn_Tnp_IS1595,DUF164,zf-C2H2_6"
Q59EZ8,"zf-C2H2_4,C1_4,zf-C2H2,Zn_ribbon_recom,zf-CHY,KRAB,zf-H2C2_2,CxxC_CxxC_SSSS,Zn_Tnp_IS1595,zf-C2H2_6"
Q59F07,"zf-C2H2_4,zf-C2H2,DNA_RNApol_7kD,zf-trcl,XPA_N,zf-H2C2_2,CxxC_CxxC_SSSS,Zn_Tnp_IS1595,C1_1,DUF2321,zf-C2H2_6,zf-LYAR"
Q59F42,"zf-C2H2_4,C1_4,zf-C2H2,BHD_1,zf-C2H2_jaz,XPA_N,zf-H2C2_2,CxxC_CxxC_SSSS,HTH_Tnp_ISL3,zf-C2H2_6,BolA"
Q59F55,"zf-C2H2_4,zf-C2H2,zf-CHCC,zf-C2H2_jaz,zf-met,zf-H2C2_2,GAGA,C1_1,HNH,zf-C2H2_6,PyrI_C,Ta0938,FYVE,Prok-RING_1,Elf1,zf-BED,Ribosomal_S27e,CxxC_CxxC_SSSS,zf-C2H2_2,zf-C2HC_2,BolA"
Q59F60,"zf-C2H2_4,zf-C2H2,C1_3,zf-C2H2_jaz,BHD_2,XPA_N,zf-H2C2_2,GAGA,C1_4,zf-CHY,zf-AN1,HTH_Tnp_ISL3,Zn_Tnp_IS1595,zf-C2H2_6,ADK_lid,SprT-like,DNA_RNApol_7kD,CxxC_CxxC_SSSS,End_beta_propel,DUF164"
Q59FB0,"zf-C2H2_4,zf-C2H2,Prok-RING_2,C1_3,zf-C2H2_jaz,XPA_N,zf-met,zf-H2C2_2,C1_4,TFIIS_C,zf-AN1,HTH_Tnp_ISL3,Zn_Tnp_IS1595,zf-C2H2_6,Desulfoferrod_N,C1_2,Tnp_zf-ribbon_2,zf-HIT,DNA_RNApol_7kD,zf-trcl,CxxC_CxxC_SSSS,DUF164,BolA"
Q59FC7,"bZIP_2,bZIP_1,bZIP_Maf"
Q59FE0,"zf-C2H2_4,C1_4,zf-RING_3,zf-C2H2,Rpr2,Zn_ribbon_recom,DNA_RNApol_7kD,zf-C2H2_jaz,zf-trcl,XPA_N,zf-H2C2_2,CxxC_CxxC_SSSS,HTH_Tnp_ISL3,Zn_Tnp_IS1595,zf-C2H2_6,DUF2389,MAT_Alpha1,BolA"
Q59FE4,"zf-C2H2_4,zf-C2H2,UPF0547,Prok-RING_2,C1_3,zf-C2H2_jaz,BHD_2,XPA_N,zf-met,zf-H2C2_2,CTV_P23,C1_1,C1_4,TFIIS_C,Ribosomal_L17,HTH_Tnp_ISL3,Zn_Tnp_IS1595,zf-C2H2_6,Desulfoferrod_N,Prok-RING_1,COX5B,ZZ,DUF82,Arc_trans_TRASH,zf-BED,DNA_RNApol_7kD,CxxC_CxxC_SSSS,PDZ_1,BolA"
Q59FG0,"zf-C2H2_4,zf-C2H2,C1_3,zf-C2H2_jaz,XPA_N,zf-H2C2_2,C1_1,C1_4,TFIIS_C,zf-AN1,HTH_Tnp_ISL3,Zn_Tnp_IS1595,DUF35_N,zf-C2H2_6,zinc_ribbon_2,Desulfoferrod_N,C1_2,zf-HIT,PHD,ADK_lid,DNA_RNApol_7kD,DUF1610,CxxC_CxxC_SSSS,DUF164,Ribosomal_L44"
Q59FK5,"Homeobox,Homeobox_KN"
Q59FP3,"zf-C2H2_4,zf-C2H2,zf-BED,BHD_1,zf-C2H2_jaz,zf-trcl,DNA_RNApol_7kD,XPA_N,zf-H2C2_2,CxxC_CxxC_SSSS,HTH_Tnp_ISL3,DUF82,Zn_Tnp_IS1595,DUF164,zf-C2H2_6,LIM,Ribosomal_L44,BolA"
Q59FQ6,"zf-C2H2_4,zf-C2H2"
Q59FS2,"zf-C2H2_4,C1_4,zf-RING_3,zf-C2H2,Zn_ribbon_recom,zf-C2H2_jaz,KRAB,zf-H2C2_2,Yippee,zf-C2H2_6,BolA"
Q59FT8,"zf-C2H2_4,zf-C2H2,C1_3,zf-C2H2_jaz,XPA_N,zf-H2C2_2,C1_1,C1_4,HTH_Tnp_ISL3,Zn_Tnp_IS1595,NADH_oxidored,zinc_ribbon_2,zf-C2H2_6,KRAB,Siva,zf-H2C2_5,LIM,DNA_RNApol_7kD,CxxC_CxxC_SSSS,DUF164"
Q59FV5,"zf-C2H2_4,zf-H2C2_2,zf-C2H2,TP1"
Q59FW1,"GATA,Myb_DNA-binding"
Q59FX5,"zf-C2H2_4,zf-C2H2,zf-C2H2_jaz,zf-H2C2_2,zf-C2H2_6"
Q59G30,"zf-C2H2_4,zf-C2H2,BHD_1,zf-C2H2_jaz,zf-H2C2_2,CxxC_CxxC_SSSS,Zn_Tnp_IS1595,zf-C2H2_6,GATA"
Q59G47,"DivIC,DUF3874,DUF1843,bZIP_Maf,Shugoshin_N,bZIP_2,DUF904,HALZ,bZIP_1"
Q59G67,"zf-C2H2_4,zf-C2H2,Prok-RING_2,zf-C2H2_jaz,XPA_N,zf-H2C2_2,Yippee,C1_4,TFIIS_C,zf-AN1,HTH_Tnp_ISL3,Zn_Tnp_IS1595,zf-C2H2_6,C1_2,GATA,DNA_RNApol_7kD,zf-trcl,CxxC_CxxC_SSSS,CpXC"
Q59GL8,"Hormone_recep,PAN_3,zf-C4"
Q59GP6,"SAM_1,DUF1471,SAM_PNT,zf-FCS,SAM_2"
Q59GP8,"zf-C2H2_4,zf-C2H2,Evr1_Alr,zf-C2H2_jaz,XPA_N,zf-met,zf-H2C2_2,HypA,C1_1,C1_4,TFIIS_C,Rad50_zn_hook,DUF2256,DUF2321,zf-C2H2_6,zf-FCS,DUF1407,FYVE,Prok-RING_1,zf-HIT,Rtf2,SprT-like,DZR,DUF2225,zinc_ribbon_4,CxxC_CxxC_SSSS,zf-C2H2_2,HTH_Tnp_IS66"
Q59GQ8,"Mnd1,OmpH,zf-RING_LisH,DUF3583,zf-C3HC4_3,Cep57_CLD_2,zf-B_box"
Q59GR2,Ets
Q59GR6,"SH2,STAT_bind"
Q59H09,"OmpH,zf-RING_LisH,DUF3583,Prok-RING_4,zf-C3HC4_3,Cep57_CLD_2,zf-B_box"
Q59HC5,"zf-C2H2_4,zf-RING_3,zf-C2H2,zf-C2H2_jaz,zf-met,zf-H2C2_2,zf-C2H2_2,BolA"
Q59HH4,"zf-C2H2_4,zf-C2H2,zf-C2H2_jaz,zf-TRAF,zf-met,zf-H2C2_2"
Q5CZB4,"zf-C2H2_4,C1_4,zf-C2H2,Prok-RING_2,zf-BED,DUF2688,zf-C2H2_jaz,zf-AN1,zf-H2C2_2,CxxC_CxxC_SSSS,HTH_Tnp_ISL3,Yippee,Zn_Tnp_IS1595,zf-C2HC_2,zf-H2C2_5,zf-C2H2_6"
Q5CZI3,"zf-C2H2_4,C1_4,zf-C2H2,zf-C2H2_jaz,KRAB,zf-H2C2_2,CxxC_CxxC_SSSS,Zn_Tnp_IS1595,CpXC,zf-C2H2_6,LIM,GATA"
Q5DTE4,"zf-C2H2_4,zf-C2H2,NuA4,zf-BED,DNA_RNApol_7kD,zf-C2H2_jaz,zf-trcl,XPA_N,zf-H2C2_2,CxxC_CxxC_SSSS,HTH_Tnp_ISL3,Zn_Tnp_IS1595,zf-C2H2_6"
Q5EBM5,"HMG_box,DUF1898,Sporozoite_P67,BAH,CHDNT"
Q5HYD6,"zf-C2H2_4,zf-C2H2,zf-BED,DNA_RNApol_7kD,zf-H2C2_2,CxxC_CxxC_SSSS,zf-C2H2_6"
Q5ISC7,"REV,Homeobox,OAR,Nucleoporin_FG,Homeobox_KN"
Q5JV87,CP2
Q5SY20,"BTB,zf-C2H2"
Q5SY21,BTB
Q5T203,"HLH,Metal_resist"
Q5T4L2,DUF1590
Q5T7U4,Tau95
Q5U0C8,"Otopetrin,DUF702,TFIIA,Spore_coat_CotO,Neur_chan_memb,DUF106,SAGA-Tad1,DUF2486,FemAB,BRF1,Med15,DDHD,Tim54,Cellulose_synt,FCP1_C,Pex16,DUF1675,TBP,Lin-8,Hid1,Ycf1,DUF4045,Ndc1_Nup,RR_TM4-6,Plasmodium_Vir,OAD_gamma,Gti1_Pac2"
Q5U0M2,"SAM_PNT,GluR_Homer-bdg,Ets,HSF_DNA-bind"
Q5U5N5,"zf-C2H2_4,zf-C2H2,C1_3,zf-C2H2_jaz,YhfH,XPA_N,zf-H2C2_2,Yippee,HypA,C1_4,TFIIS_C,zf-AN1,HTH_Tnp_ISL3,Zn_Tnp_IS1595,zf-C2H2_6,Prok-RING_1,Siva,LIM,GATA,DNA_RNApol_7kD,zf-trcl,CxxC_CxxC_SSSS,Ribosomal_L44"
Q5VVR5,CTNNB1_binding
Q5XKG8,"zf-C2H2_4,C1_4,zf-C2H2,zf-C2H2_jaz,KRAB,zf-H2C2_2,PDZ_1,CxxC_CxxC_SSSS,HTH_Tnp_ISL3,Zn_Tnp_IS1595,zf-C2H2_6"
Q658M0,"zf-C2H2_4,zf-C2H2,zf-BED,zf-C2H2_jaz,IBR,zf-met,zf-H2C2_2,zf-C2H2_2,JmjC"
Q658Q3,"zf-C2H2_4,zf-C2H2,Zn_ribbon_recom,C1_3,zf-C2H2_jaz,XPA_N,zf-met,zf-H2C2_2,Yippee,C1_1,MBD,DUF899,C1_4,zf-AN1,HTH_Tnp_ISL3,Chordopox_RPO7,Zn_Tnp_IS1595,zf-C2H2_6,zf-UBP,Prok-RING_1,Siva,LIM,PhnJ,DNA_RNApol_7kD,zf-trcl,CxxC_CxxC_SSSS,CpXC,BolA"
Q659G9,"HMG_box,DUF1898,RPH3A_effect_N"
Q68CX9,"zf-C2H2_4,C1_4,zf-C2H2,zf-C2H2_jaz,zf-met2,zf-met,XPA_N,zf-H2C2_2,CxxC_CxxC_SSSS,HTH_Tnp_ISL3,Zn_Tnp_IS1595,zf-C2H2_6,BolA"
Q68D23,"zf-C2H2_4,zf-C2H2,tRNA-synt_2d,UPF0547,C1_3,zf-C2H2_jaz,BHD_2,XPA_N,Rapsyn_N,zf-H2C2_2,Yippee,C1_1,C1_4,TFIIS_C,zf-CHY,HTH_Tnp_ISL3,Zn_Tnp_IS1595,zf-C2H2_6,DUF2709,Desulfoferrod_N,Prok-RING_1,ZZ,Scramblase,DNA_RNApol_7kD,zf-BED,CxxC_CxxC_SSSS,BHD_1,BolA"
Q68DP2,"zf-C2H2_4,zf-C2H2,DUF629,zf-BED,zf-C2H2_jaz,zf-met,zf-H2C2_2,Zn_Tnp_IS1595,RRN7,zf-C2H2_6"
Q69YN9,"Fork_head,RP1-2"
Q69YQ2,"zf-C2H2_4,zf-C2H2,Zn_ribbon_recom,Evr1_Alr,Prok-RING_2,C1_3,zf-C2H2_jaz,YhfH,XPA_N,zf-H2C2_2,VP9,C1_1,C1_4,TFIIS_C,HNH,zf-AN1,HTH_Tnp_ISL3,Zn_Tnp_IS1595,zf-C2H2_6,zinc_ribbon_2,DYW_deaminase,Desulfoferrod_N,C1_2,Prok-RING_1,zf-HIT,ZZ,DUF82,ADK_lid,SprT-like,DUF2757,DZR,DNA_RNApol_7kD,zf-trcl,DUF1610,CxxC_CxxC_SSSS,DUF164,Ribosomal_L44,Rep_fac-A_C,BolA"
Q69YS5,"zf-C2H2_4,C1_4,zf-C2H2,Prok-RING_1,zf-C2H2_jaz,zf-trcl,XPA_N,zf-H2C2_2,CxxC_CxxC_SSSS,Zn_Tnp_IS1595,zf-C2H2_6"
Q6AHZ7,"SelB-wing_2,B-block_TFIIIC"
Q6AWA4,"SelB-wing_2,B-block_TFIIIC"
Q6AWC6,"zf-C2H2_4,zf-C2H2,zf-C2H2_jaz,XPA_N,zf-H2C2_2,Yippee,C1_1,C1_4,TFIIS_C,zf-AN1,HTH_Tnp_ISL3,Zn_Tnp_IS1595,DUF2321,zf-C2H2_6,KRAB,ZZ,GATA,zf-BED,DNA_RNApol_7kD,zf-trcl,CxxC_CxxC_SSSS,Ribosomal_L44,BolA"
Q6B0D6,"zf-C2H2_4,zf-C2H2,zf-C2H2_jaz,XPA_N,zf-met,zf-H2C2_2,CxxC_CxxC_SSSS,Zn_Tnp_IS1595,zf-C2H2_6"
Q6DI00,"Homeobox,HoxA13_N,Homeobox_KN,Homez"
Q6FG54,"SAM_PNT,GluR_Homer-bdg,Ets,HSF_DNA-bind"
Q6FGL6,"Foamy_virus_ENV,Hormone_recep,zf-C4"
Q6GMQ3,"SAM_1,DUF1471,SAM_PNT,zf-FCS,SAM_2"
Q6GZ69,"Prok-RING_2,Spt4,YdjO,zf-C3HC4_3,zf-C4"
Q6GZ70,zf-C4
Q6GZ72,"Prok-RING_2,YdjO,zf-C4"
Q6GZ81,zf-C4
Q6IS90,Fork_head
Q6IT45,"MRP-L20,Homeobox,Homeobox_KN,OAR"
Q6LAM3,"Homeobox,HTH_23,Homeobox_KN,Homez"
Q6LBH2,Homeobox
Q6LBK7,"DivIC,HLH,Carn_acyltransf,Myc-LZ"
Q6LDH8,"zf-C2H2_4,zf-C2H2,zf-C2H2_jaz,Churchill,zf-met,zf-H2C2_2,C1_1,Zn_Tnp_IS1595,zinc_ribbon_2,zf-C2H2_6,DUF3449,Desulfoferrod_N,zf-HIT,zf-H2C2_5,SprT-like,Elf1,zf-BED,DUF2072,CxxC_CxxC_SSSS,zf-C2H2_2"
Q6MZN6,"zf-C2H2_4,zf-C2H2,Zn_ribbon_recom,Evr1_Alr,UPF0547,Prok-RING_2,C1_3,zf-C2H2_jaz,YhfH,XPA_N,zf-met,zf-H2C2_2,C1_4,TFIIS_C,HNH,zf-AN1,HTH_Tnp_ISL3,Zn_Tnp_IS1595,zf-C2H2_6,zinc_ribbon_2,Desulfoferrod_N,C1_2,Prok-RING_1,zf-HIT,ZZ,DUF1062,ADK_lid,DUF1163,SprT-like,LIM,DNA_RNApol_7kD,zf-trcl,DUF1610,CxxC_CxxC_SSSS,DUF164,zf-C2HC_2,CpXC,FYDLN_acid,Ribosomal_L44,Rep_fac-A_C,BolA"
Q6N083,"SAM_1,PAT1,DUF1471,SAM_PNT,Med15,zf-FCS,SAM_2"
Q6N0A7,"STAT2_C,SH2,STAT_bind"
Q6NTE1,"zf-C2H2_4,C1_4,zf-C2H2,zf-BED,zf-C2H2_jaz,KRAB,zf-met,XPA_N,zf-H2C2_2,HTH_Tnp_ISL3,CxxC_CxxC_SSSS,Yippee,zf-C2H2_6,BolA"
Q6NTH1,Myb_DNA-binding
Q6NUI8,"zf-C2H2_4,C1_4,zf-RING_3,zf-C2H2,Prok-RING_1,zf-C2H2_jaz,zf-trcl,KRAB,XPA_N,zf-met,zf-H2C2_2,HTH_Tnp_ISL3,CxxC_CxxC_SSSS,Zn_Tnp_IS1595,RRN7,zf-C2H2_6,LIM"
Q6NVX3,HLH
Q6NW39,"NUC130_3NT,UCH,Homeobox,PBC,Homeobox_KN"
Q6P088,"KRAB,DUF2573,SCAN"
Q6P3S4,"DivIC,Lipoprotein_20,GAS,Hema_stalk,CAP_N,ATG16,Nup54,IncA,bZIP_2,Pox_A_type_inc,HALZ,DUF2514,IBB,bZIP_1,Myc-LZ"
Q6P514,"zf-C2H2_4,zf-H2C2_2,zf-C2H2,zf-met"
Q6P579,"zf-C2H2_4,zf-C2H2,UPF0547,Prok-RING_2,C1_3,zf-C2H2_jaz,YhfH,XPA_N,zf-met,zf-H2C2_2,CTV_P23,C1_1,Rubredoxin,NinG,A2L_zn_ribbon,C1_4,Katanin_con80,TFIIS_C,zinc_ribbon_5,zf-AN1,Ribosomal_L17,HTH_Tnp_ISL3,Zn_Tnp_IS1595,zf-MYND,RRN7,zf-C2H2_6,Desulfoferrod_N,C1_2,Prok-RING_1,DUF2688,COX5B,PHD,ZZ,Siva,Baculo_IE-1,DUF82,zf-BED,DNA_RNApol_7kD,zinc_ribbon_4,CxxC_CxxC_SSSS,PDZ_1,BHD_1,HTH_Tnp_IS66,BolA"
Q6PDT8,Myb_DNA-binding
Q6PEZ3,"KRAB,SCAN,Saccharop_dh"
Q6PGR4,Myb_DNA-binding
Q6PJ68,"zf-C2H2_4,zf-C2H2,C1_3,zf-C2H2_jaz,XPA_N,zf-H2C2_2,Yippee,HypA,C1_4,TFIIS_C,HTH_Tnp_ISL3,Zn_Tnp_IS1595,zf-C2H2_6,Prok-RING_1,Siva,LIM,DNA_RNApol_7kD,CxxC_CxxC_SSSS,Ribosomal_L44"
Q6PJU4,"zf-C2H2_4,zf-C2H2,C1_3,zf-C2H2_jaz,XPA_N,zf-H2C2_2,Yippee,HypA,C1_4,TFIIS_C,HTH_Tnp_ISL3,Zn_Tnp_IS1595,zf-C2H2_6,Prok-RING_1,Siva,LIM,DNA_RNApol_7kD,CxxC_CxxC_SSSS,Ribosomal_L44"
Q6PK05,"zf-C2H2_4,zf-C2H2,Prok-RING_2,zf-C2H2_jaz,XPA_N,zf-H2C2_2,C1_4,TFIIS_C,zf-AN1,HTH_Tnp_ISL3,Zn_Tnp_IS1595,zf-UBR,zf-Mss51,zf-C2H2_6,KRAB,GATA,Rpr2,DNA_RNApol_7kD,zf-BED,zf-trcl,CxxC_CxxC_SSSS,zf-LYAR"
Q6PK66,Zfx_Zfy_act
Q6PQC4,"zf-C2H2_jaz,zf-met"
Q6Q9Z7,"TrmB,BRCA-2_OB3,E2F_TDP"
Q6QGY2,"zf-FPG_IleRS,zf-RING_2,zf-C3HC4_2,zf-P11,zf-C3HC4_3,zf-C4"
Q6RFR4,"zf-C2H2_4,C1_4,zf-C2H2,FYVE,zf-BED,zf-C2H2_jaz,zf-trcl,zf-AN1,XPA_N,Ribosomal_L17,zf-H2C2_2,CxxC_CxxC_SSSS,HTH_Tnp_ISL3,DUF4389,Zn_Tnp_IS1595,zf-C2H2_6,Csm1"
Q6RFR5,"zf-C2H2_4,zf-C2H2,UPF0547,Evr1_Alr,C1_3,zf-C2H2_jaz,YhfH,IBD,XPA_N,zf-met,zf-H2C2_2,GAGA,C1_1,A2L_zn_ribbon,C1_4,zinc_ribbon_5,TFIIS_C,zf-AN1,HTH_Tnp_ISL3,Zn_Tnp_IS1595,zf-MYND,RRN7,zf-C2H2_6,Desulfoferrod_N,C1_2,Prok-RING_1,zf-HIT,COX5B,ZZ,DUF82,LIM,GATA,zf-BED,DNA_RNApol_7kD,zf-trcl,zinc_ribbon_4,CxxC_CxxC_SSSS,CpXC"
Q6RFR6,"zf-C2H2_4,zf-C2H2,zf-C2H2_jaz,XPA_N,Rapsyn_N,zf-H2C2_2,Yippee,HypA,C1_4,zf-RING_3,TFIIS_C,zinc_ribbon_5,HTH_Tnp_ISL3,Zn_Tnp_IS1595,zf-C2H2_6,ZZ,GATA,DNA_RNApol_7kD,zf-trcl,zinc_ribbon_4,CxxC_CxxC_SSSS,CpXC,BHD_1,Ribosomal_L44,BolA"
Q6RFR7,"zf-C2H2_4,zf-C2H2,UPF0547,Prok-RING_2,C1_3,zf-C2H2_jaz,YhfH,BHD_2,XPA_N,zf-met,zf-H2C2_2,HypA,Yippee,C1_1,A2L_zn_ribbon,C1_4,TFIIS_C,zinc_ribbon_5,zf-AN1,HTH_Tnp_ISL3,Zn_Tnp_IS1595,DUF35_N,zf-C2H2_6,Desulfoferrod_N,C1_2,Prok-RING_1,zf-HIT,COX5B,ZZ,DUF82,LIM,PhnJ,Arc_trans_TRASH,zf-BED,DNA_RNApol_7kD,zf-trcl,DUF1610,zinc_ribbon_4,CxxC_CxxC_SSSS,DUF164,CpXC,zf-LYAR,BolA"
Q6RFR8,"zf-C2H2_4,C1_4,zf-C2H2,C1_2,FYVE,zf-BED,XPA_N,zf-H2C2_2,CxxC_CxxC_SSSS,Yippee,DUF82,Zn_Tnp_IS1595,CpXC,zf-C2H2_6"
Q6RFS1,"zf-C2H2_4,zf-C2H2,zf-C2H2_jaz,XPA_N,zf-H2C2_2,C1_4,TFIIS_C,zf-AN1,HTH_Tnp_ISL3,Zn_Tnp_IS1595,zf-C2H2_6,FYVE,DUF2688,zf-HIT,zf-BED,zf-trcl,CxxC_CxxC_SSSS,zf-LYAR,BolA"
Q6RFS2,"zf-C2H2_4,zf-C2H2,Zn_ribbon_recom,Prok-RING_2,YhfH,zf-C2H2_jaz,Ogr_Delta,C1_3,zf-met,XPA_N,zf-H2C2_2,HypA,C1_4,TFIIS_C,zinc_ribbon_5,zf-CHY,zf-AN1,FeS,HTH_Tnp_ISL3,Zn_Tnp_IS1595,zf-MYND,DUF2321,zf-Mss51,zf-C2H2_6,zinc_ribbon_2,FYVE,DUF2688,Tnp_zf-ribbon_2,RIG-I_C-RD,SprT-like,DZR,Elf1,zf-BED,zf-trcl,zinc_ribbon_4,CxxC_CxxC_SSSS,zf-C2H2_2,CpXC,FYDLN_acid,Ribosomal_L44"
Q6RFS3,"zf-C2H2_4,C1_4,zf-C2H2,zf-C2H2_jaz,Tnp_zf-ribbon_2,IBD,zf-met,XPA_N,zf-H2C2_2,CxxC_CxxC_SSSS,C1_1,CpXC,zf-C2H2_6,BolA"
Q6RFS4,"zf-C2H2_4,C1_4,zf-C2H2,zf-C2H2_jaz,zf-H2C2_2,CxxC_CxxC_SSSS,zf-C2H2_6"
Q6SV71,"Sgf11,DUF581,Arc_trans_TRASH,Vps39_2,DUF2175,zinc_ribbon_2,LIM"
Q6TZ08,"Prog_receptor,zf-C3HC4_2,Hormone_recep,zf-C4"
Q6VB86,"Fork_head,Gly-zipper_OmpA"
Q6VMP0,PAX
Q6X7T3,"zf-C2H2_4,C1_4,zf-C2H2,FYVE,TFIIS_C,zf-BED,zf-C2H2_jaz,KRAB,XPA_N,zf-H2C2_2,CxxC_CxxC_SSSS,Zn_Tnp_IS1595,zf-C2H2_6,BolA"
Q6YFJ8,"HTH_Tnp_IS1,Ribosomal_S13_N,Homeobox,HTH_32,HTH_29,HTH_23,PAX"
Q6ZMW8,"zf-C2H2_4,zf-C2H2,Mito_fiss_reg,Zip,zf-C2H2_3,zf-C2H2_jaz,zf-met,Homeobox,CxxC_CxxC_SSSS,SAPS,zf-C2H2_2,Homeobox_KN"
Q6ZN29,"zf-C2H2_4,zf-C2H2,zf-met,Homeobox,zf-C2H2_2,zf-C2H2_6,Homeobox_KN"
Q6ZNA0,"zf-C2H2_4,zf-C2H2,Zn_ribbon_recom,C1_3,zf-C2H2_jaz,zf-met,XPA_N,zf-H2C2_2,Yippee,C1_4,TFIIS_C,zf-AN1,HTH_Tnp_ISL3,Zn_Tnp_IS1595,zf-C2H2_6,Prok-RING_1,zf-HIT,DZR,LIM,zf-BED,DNA_RNApol_7kD,zf-trcl,CxxC_CxxC_SSSS,CpXC,FYDLN_acid"
Q6ZNB4,RFX_DNA_binding
Q6ZNC6,"zf-C2H2_4,C1_4,zf-C2H2,Prok-RING_1,DNA_RNApol_7kD,zf-C2H2_jaz,zf-trcl,XPA_N,zf-H2C2_2,HTH_Tnp_ISL3,CxxC_CxxC_SSSS,Yippee,zf-C2HC_2,DZR,DUF2321,FYDLN_acid,zf-C2H2_6,GATA"
Q6ZND3,"zf-C2H2_4,zf-C2H2,NuA4,zf-C2H2_jaz,BHD_2,KRAB,XPA_N,ZZ,zf-H2C2_2,CxxC_CxxC_SSSS,HTH_Tnp_ISL3,Zn_Tnp_IS1595,zf-C2H2_6"
Q6ZNU6,Kinesin-related
Q6ZS01,"zf-C2H2_4,zf-C2H2,DUF3279,zf-C2H2_jaz,zf-met2,zf-met,zf-C2H2_6"
Q6ZS47,"zf-C2H2_4,C1_4,zf-C2H2,C1_3,zf-C2H2_jaz,Tnp_zf-ribbon_2,zf-HIT,KRAB,zf-met,XPA_N,zf-H2C2_2,CxxC_CxxC_SSSS,HTH_Tnp_ISL3,Zn_Tnp_IS1595,C1_1,zf-C2H2_6"
Q708E1,"Cmyb_C,Myb_DNA-bind_4,Myb_DNA-bind_6,Myb_DNA-bind_2,LMSTEN,Spore_III_AB,Myb_DNA-binding"
Q708E2,"GVQW,Cmyb_C,Myb_DNA-bind_4,Myb_DNA-bind_6,Myb_DNA-bind_2,LMSTEN,Myb_DNA-binding"
Q708E3,"Myb_DNA-bind_4,Myb_DNA-binding,Myb_DNA-bind_6,Myb_DNA-bind_2,LMSTEN,Spore_III_AB,Cmyb_C"
Q708E5,"Myb_DNA-bind_4,Myb_DNA-bind_6,RST,Myb_DNA-bind_2,LMSTEN,Spore_III_AB,Myb_DNA-binding"
Q708E6,"Myb_DNA-bind_4,Myb_DNA-bind_6,RST,Myb_DNA-bind_2,LMSTEN,Spore_III_AB,Myb_DNA-binding"
Q708E8,"Myb_DNA-bind_4,Myb_DNA-bind_6,RST,Myb_DNA-bind_2,LMSTEN,Spore_III_AB,Myb_DNA-binding"
Q708J0,"Cmyb_C,Myb_DNA-bind_4,Myb_DNA-bind_6,Myb_DNA-bind_2,LMSTEN,Spore_III_AB,Myb_DNA-binding"
Q70AC3,"GVQW,Cmyb_C,Myb_DNA-bind_4,Myb_DNA-bind_6,Myb_DNA-bind_2,LMSTEN,Spore_III_AB,Myb_DNA-binding"
Q71MF7,"zf-C2H2_4,zf-C2H2,FYVE,zf-C2H2_jaz,zf-met,zf-H2C2_2,CxxC_CxxC_SSSS,Zn_Tnp_IS1595,C1_1,GAGA,FYDLN_acid,zf-C2H2_6,zf-LYAR,BolA"
Q75MV2,"zf-C2H2_4,zf-C2H2,Prok-RING_1,BHD_1,zf-C2H2_jaz,KRAB,Rad50_zn_hook,XPA_N,zf-H2C2_2,CxxC_CxxC_SSSS,Zn_Tnp_IS1595,zf-C2H2_6"
Q75MX6,GTF2I
Q7KYZ0,zf-C4
Q7KZ25,"zf-C2H2_4,zf-C2H2,zf-C2H2_jaz,XPA_N,zf-H2C2_2,Yippee,C1_1,C1_4,zf-RING_3,TFIIS_C,zf-CHY,zf-AN1,HTH_Tnp_ISL3,Zn_Tnp_IS1595,zf-MYND,DUF2321,zf-C2H2_6,PHD,DUF82,LIM,zf-BED,DNA_RNApol_7kD,zf-trcl,CxxC_CxxC_SSSS,CpXC,BHD_1"
Q7KZE5,"CENP-B_N,NUC130_3NT,HTH_3,UCH,Homez,HTH_26,Homeobox,HTH_19,PBC,Homeobox_KN"
Q7Z2V4,"zf-C2H2_4,zf-C2H2,Zn_ribbon_recom,DUF3669,zf-C2H2_jaz,DUF1898,zf-met,zf-H2C2_2,Yippee,C1_4,zinc_ribbon_5,zf-CHY,Zn_Tnp_IS1595,zf-C2H2_6,KRAB,DZR,Elf1,DNA_RNApol_7kD,DUF1610,CpXC"
Q7Z3G2,CXC
Q7Z3P1,"zf-C2H2_4,C1_4,zf-RING_3,zf-C2H2,zf-ribbon_3,zf-CHCC,zf-C2H2_jaz,ROS_MUCR,zf-AN1,zf-met,zf-H2C2_2,CxxC_CxxC_SSSS,Yippee,C1_1,zf-C2H2_6,zf-FCS"
Q7Z3R2,"zf-C2H2_4,C1_4,zf-C2H2,DNA_RNApol_7kD,BHD_1,zf-C2H2_jaz,zf-CHY,DUF4389,Rapsyn_N,zf-H2C2_2,CxxC_CxxC_SSSS,Zn_Tnp_IS1595,zf-C2H2_6,BolA"
Q7Z3W8,"zf-C2H2_4,zf-C2H2,zf-BED,zf-H2C2_2,zf-H2C2_5"
Q7Z4B9,"zf-C2H2_4,C1_4,zf-C2H2,FYVE,TFIIS_C,zf-BED,zf-C2H2_jaz,zf-HIT,zf-trcl,XPA_N,zf-H2C2_2,CxxC_CxxC_SSSS,HTH_Tnp_ISL3,Zn_Tnp_IS1595,zf-C2H2_6"
Q7Z5U9,"Foamy_virus_ENV,zf-C4"
Q7Z5Y4,PAX
Q7Z5Y5,Menin
Q7Z6G1,"KRAB,SCAN"
Q7Z6T9,TBP
Q7Z6U0,"TBP,DUF3378"
Q7Z6U1,"TBP,DUF3378"
Q7Z7Q9,"HLH,Myc_N"
Q86TP0,"zf-C2H2_4,zf-RING_3,zf-C2H2,LBP_BPI_CETP,zf-C2H2_jaz,zf-H2C2_2,RRN7,zf-C2H2_6"
Q86U76,"zf-C2H2_4,zf-C2H2,C1_3,zf-C2H2_jaz,XPA_N,zf-H2C2_2,Yippee,C1_1,C1_4,TFIIS_C,zf-AN1,HTH_Tnp_ISL3,Zn_Tnp_IS1595,DUF2321,zf-C2H2_6,Prok-RING_1,KRAB,ZZ,GATA,zf-BED,DNA_RNApol_7kD,zf-trcl,NUMOD4,CxxC_CxxC_SSSS,Ribosomal_L44,BolA"
Q86W52,Myb_DNA-binding
Q86WM2,"zf-C2H2_4,Ribosomal_L37ae,zf-FPG_IleRS,zf-C2H2,Evr1_Alr,C1_3,zf-C2H2_jaz,YhfH,XPA_N,zf-met,zf-H2C2_2,Yippee,C1_1,NinG,C1_4,TFIIS_C,zf-AN1,DUF2256,HTH_Tnp_ISL3,Zn_Tnp_IS1595,RRN7,zf-C2H2_6,Desulfoferrod_N,Prok-RING_1,zf-HIT,ADK_lid,DNA_RNApol_7kD,zf-BED,zf-trcl,CxxC_CxxC_SSSS,DUF164,CpXC,BolA"
Q86XA2,"zf-C2H2_4,zf-C2H2,Prok-RING_2,zf-C2H2_jaz,zf-trcl,zf-met2,zf-H2C2_2,CxxC_CxxC_SSSS,DUF1528,zinc_ribbon_2,Zn_Tnp_IS1595,zf-C2H2_6"
Q86XL8,"zf-C2H2_4,zf-C2H2,Rpr2,FYVE,C1_3,zf-C2H2_jaz,zf-met,zf-H2C2_2,zf-C2H2_2,zf-C2H2_6"
Q86YG2,"zf-C2H2_4,zf-C2H2,Zn_ribbon_recom,DUF3669,zf-C2H2_jaz,DUF1898,zf-met,zf-H2C2_2,Yippee,C1_4,zinc_ribbon_5,zf-CHY,Zn_Tnp_IS1595,zf-C2H2_6,KRAB,TF_Zn_Ribbon,Elf1,DNA_RNApol_7kD,DUF1610,CpXC"
Q8IUI2,"zf-C2H2_4,zf-C2H2,zf-C2H2_jaz,zf-met,XPA_N,zf-H2C2_2,Rad50_zn_hook,zf-MYND,DUF2321,zf-C2H2_6,DUF1407,FYVE,Prok-RING_1,Rtf2,zf-Sec23_Sec24,DZR,LIM,Elf1,PRP21_like_P,CxxC_CxxC_SSSS,zf-C2H2_2"
Q8IW56,"HLH,Neuro_bHLH"
Q8IW86,T-box
Q8IXL1,"Ets,HSF_DNA-bind"
Q8IXV0,"HLH,Hairy_orange"
Q8IY56,"zf-C2H2_4,zf-C2H2,YhfH,zf-C2H2_jaz,XPA_N,zf-H2C2_2,HypA,Yippee,zinc_ribbon_5,HTH_Tnp_ISL3,Zn_Tnp_IS1595,zf-C2H2_6,LIM,SCAN,DNA_RNApol_7kD,zf-trcl,zinc_ribbon_4,CxxC_CxxC_SSSS,CpXC,BolA"
Q8IZZ2,"FlgN,Gag_p24,Homez,Homeobox,Homeobox_KN"
Q8N2J5,"zf-C2H2_4,C1_4,Elf1,zf-C2H2,TFIIS_C,DNA_RNApol_7kD,C1_3,zf-C2H2_jaz,DUF1898,zf-HIT,KRAB,zf-H2C2_2,CxxC_CxxC_SSSS,Zn_Tnp_IS1595,CpXC,zf-C2H2_6,zf-DNA_Pol"
Q8N3P9,"zf-C2H2_4,zf-C2H2,Zn_ribbon_recom,UPF0547,zf-C2H2_jaz,zf-met2,XPA_N,zf-met,zf-H2C2_2,A2L_zn_ribbon,C1_4,zinc_ribbon_5,TFIIS_C,zf-AN1,HTH_Tnp_ISL3,Zn_Tnp_IS1595,zf-C2H2_6,FYVE,Prok-RING_1,zf-HIT,PHD,zf-H2C2_5,LIM,Rpr2,zf-BED,DNA_RNApol_7kD,zf-trcl,zinc_ribbon_4,CxxC_CxxC_SSSS,Ribosomal_L44,BolA"
Q8N4A5,"Fork_head,RP1-2"
Q8N4S8,"Hormone_recep,zf-C4"
Q8N506,"zf-C2H2_4,zf-C2H2,Prok-RING_2,YhfH,zf-C2H2_jaz,XPA_N,zf-met,zf-H2C2_2,Yippee,HypA,C1_1,A2L_zn_ribbon,C1_4,zf-RING_3,TFIIS_C,zf-AN1,HTH_Tnp_ISL3,Zn_Tnp_IS1595,zf-C2H2_6,zf-UBP,FYVE,zf-CSL,zf-HIT,Rpr2,zf-BED,DNA_RNApol_7kD,zf-trcl,CxxC_CxxC_SSSS,HTH_18,FYDLN_acid,Ribosomal_L44,BolA"
Q8N508,"zf-C2H2_4,zf-C2H2,Zn_ribbon_recom,zf-C2H2_jaz,XPA_N,zf-met,zf-H2C2_2,HypA,C1_4,zf-RING_3,TFIIS_C,DUF2180,HTH_Tnp_ISL3,Zn_Tnp_IS1595,zf-MYND,RRN7,zf-C2H2_6,zf-UBP,zf-HIT,PHD,LIM,DNA_RNApol_7kD,zf-trcl,CxxC_CxxC_SSSS,CpXC,FYDLN_acid,zf-LYAR"
Q8N692,"zf-C2H2_4,zf-C2H2,C1_3,zf-C2H2_jaz,zf-met,XPA_N,zf-H2C2_2,Yippee,GAGA,C1_1,A2L_zn_ribbon,C1_4,TFIIS_C,zf-AN1,HTH_Tnp_ISL3,Zn_Tnp_IS1595,zf-C2H2_6,C1_2,DUF3280,DUP,DUF82,zf-H2C2_5,SprT-like,LIM,zf-BED,DNA_RNApol_7kD,CxxC_CxxC_SSSS,zf-LYAR,BolA"
Q8N981,"zf-C2H2_4,zf-C2H2,C1_3,zf-C2H2_jaz,YhfH,zf-met2,XPA_N,zf-met,zf-H2C2_2,Yippee,C1_4,zf-RING_3,HTH_Tnp_ISL3,Zn_Tnp_IS1595,zf-UBR,zf-C2H2_6,C1_2,Desulfoferrod_N,DUF1407,ZZ,zf-Sec23_Sec24,DNA_RNApol_7kD,zf-trcl,CxxC_CxxC_SSSS,HTH_18,BolA"
Q8N9U5,"zf-C2H2_4,zf-C2H2,zf-BED,HNH,zf-C2H2_jaz,Ogr_Delta,zf-met,zf-H2C2_2,GAGA,zf-C2HC_2,zf-H2C2_5,zf-C2H2_6"
Q8N9Y7,"zf-C2H2_4,zf-C2H2,Myb_DNA-bind_4,DNA_RNApol_7kD,zf-C2H2_jaz,XPA_N,zf-H2C2_2,CxxC_CxxC_SSSS,MADF_DNA_bdg,HTH_Tnp_ISL3,Zn_Tnp_IS1595,FYDLN_acid,zf-C2H2_6,A2L_zn_ribbon"
Q8NAP0,"zf-C2H2_4,zf-C2H2,Zn_ribbon_recom,zf-C2H2_jaz,XPA_N,zf-met,zf-H2C2_2,Yippee,C1_4,NuA4,TFIIS_C,Zn_Tnp_IS1595,zf-C2H2_6,FYVE,DUF2688,KRAB,zf-BED,DNA_RNApol_7kD,CxxC_CxxC_SSSS"
Q8NBU2,"zf-C2H2_4,C1_4,zf-C2H2,TFIIS_C,zf-C2H2_jaz,zf-trcl,zf-AN1,KRAB,XPA_N,zf-H2C2_2,CxxC_CxxC_SSSS,Zn_Tnp_IS1595,DUF2321,zf-C2H2_6,GATA,zf-LYAR"
Q8NC84,"zf-C2H2_4,C1_4,zf-C2H2,FYVE,TFIIS_C,zf-BED,zf-C2H2_jaz,zf-HIT,KRAB,XPA_N,zf-H2C2_2,CxxC_CxxC_SSSS,HTH_Tnp_ISL3,Zn_Tnp_IS1595,zf-C2H2_6"
Q8NCC0,"zf-C2H2_4,zf-C2H2,NifU_N,Evr1_Alr,Prok-RING_2,C1_3,zf-C2H2_jaz,XPA_N,zf-H2C2_2,C1_4,TFIIS_C,HTH_Tnp_ISL3,Zn_Tnp_IS1595,DUF2321,zf-C2H2_6,Desulfoferrod_N,SprT-like,DNA_RNApol_7kD,zf-trcl,DUF1610,CxxC_CxxC_SSSS,DUF164,DUF406,Ribosomal_L44,ANATO,Rep_fac-A_C,BolA"
Q8NDR3,"zf-C2H2_4,zf-C2H2,zf-C2H2_jaz,zf-met2,zf-met,zf-H2C2_2,zf-TFIIB,HypA,Yippee,C1_1,zf-DNA_Pol,C1_4,zinc_ribbon_5,ATPase-cat_bd,HNH,zf-CHY,DUF2256,HTH_Tnp_ISL3,Zn_Tnp_IS1595,RRN7,zf-C2H2_6,zf-UBP,C1_2,Prok-RING_1,zf-H2C2_5,DUF2225,LIM,zf-BED,zf-RING_2,zf-C3HC4_2,zinc_ribbon_4,CxxC_CxxC_SSSS,zf-C2H2_2,zf-C2HC_2,CpXC"
Q8NHZ1,"Zfx_Zfy_act,Adhes-Ig_like"
Q8NHZ2,"CHAP,Zfx_Zfy_act,Adhes-Ig_like"
Q8NHZ3,Zfx_Zfy_act
Q8NHZ4,"Zfx_Zfy_act,Adhes-Ig_like"
Q8NHZ5,"Zfx_Zfy_act,Adhes-Ig_like"
Q8WW55,"STAT_alpha,STAT_int,Lge1,STAT_bind"
Q8WWI3,"zf-C2H2_4,zf-C2H2,zf-C2H2_jaz,Herpes_BLLF1,zf-met,zf-H2C2_2,zf-C2H2_6"
Q8WWU0,"zf-C2H2_4,zf-C2H2,zf-C2H2_jaz,ROS_MUCR,zf-met,zf-H2C2_2,zf-C2H2_2,zf-H2C2_5,DWNN,Zfx_Zfy_act"
Q8WWU2,"zf-C2H2_4,zf-C2H2,zf-C2H2_jaz,zf-H2C2_2,RRN7,zf-C2H2_6"
Q8WWU3,"zf-C2H2_4,zf-C2H2,zf-C2H2_jaz,zf-H2C2_2,zf-C2H2_6"
Q8WXB7,"zf-C2H2_4,zf-C2H2,zf-C2H2_jaz,ROS_MUCR,zf-met,zf-H2C2_2,zf-C2H2_2,zf-H2C2_5,Zfx_Zfy_act"
Q8WXB8,Zfx_Zfy_act
Q8WXB9,Zfx_Zfy_act
Q8WYT0,"zf-C2H2_4,Elf1,zf-C2H2,PyrI_C,zf-BED,zf-C2H2_jaz,zf-trcl,zf-AN1,zf-met,zf-H2C2_2,zf-C2H2_2,C1_1,zf-C2H2_6,zf-FCS,zf-DNA_Pol"
Q8WZ46,"zf-C2H2_4,zf-C2H2,zf-C2H2_jaz,zf-met,XPA_N,zf-H2C2_2,Yippee,Rad50_zn_hook,RRN7,zf-C2H2_6,FYVE,zf-Sec23_Sec24,DUF2225,DZR,LIM,Ribosomal_60s,zinc_ribbon_4,zf-C2H2_2,FYDLN_acid"
Q92967,"zf-C2H2_4,C1_4,zf-C2H2,DUF3280,DNA_RNApol_7kD,zf-C2H2_jaz,zf-met,XPA_N,zf-H2C2_2,zf-C2H2_6"
Q92970,"zf-C2H2_4,zf-C2H2,Zn_ribbon_recom,C1_3,zf-C2H2_jaz,YhfH,XPA_N,zf-H2C2_2,Yippee,C1_1,C1_4,zf-RING_3,TFIIS_C,zf-CHY,zf-AN1,HTH_Tnp_ISL3,Zn_Tnp_IS1595,zf-MYND,DUF2321,zf-C2H2_6,FYVE,Prok-RING_1,ZZ,LIM,DNA_RNApol_7kD,zf-BED,zf-trcl,CxxC_CxxC_SSSS,CpXC,BHD_1,Ribosomal_L44,BolA"
Q96AG1,"zf-C2H2_4,Senescence_reg,zf-C2H2,Myb_DNA-bind_4,DNA_RNApol_7kD,zf-C2H2_jaz,XPA_N,zf-H2C2_2,CxxC_CxxC_SSSS,MADF_DNA_bdg,HTH_Tnp_ISL3,Zn_Tnp_IS1595,FYDLN_acid,zf-C2H2_6,A2L_zn_ribbon"
Q96F54,RHD
Q96I02,"Hormone_recep,zf-C4"
Q96JJ8,"zf-C2H2_4,C1_4,zf-C2H2,zf-C2H2_jaz,XPA_N,zf-H2C2_2,CxxC_CxxC_SSSS,Zn_Tnp_IS1595,zf-C2H2_6,GATA,BolA"
Q96JS8,"zf-C2H2_4,zf-C2H2,Zn_ribbon_recom,C1_3,zf-C2H2_jaz,XPA_N,zf-H2C2_2,Yippee,C1_1,C1_4,zf-RING_3,TFIIS_C,zf-AN1,RRN7,zf-C2H2_6,zf-UBP,COX5B,Siva,zf-H2C2_5,LIM,DUF3268,DNA_RNApol_7kD,zf-trcl,CxxC_CxxC_SSSS,zf-C2HC_2,CpXC,zf-LYAR"
Q96JV1,"zf-C2H2_4,zf-C2H2,zf-C2H2_jaz,zf-H2C2_2,CxxC_CxxC_SSSS,zf-C2H2_6"
Q96K00,"zf-C2H2_4,zf-C2H2,UPF0547,Prok-RING_2,C1_3,zf-C2H2_jaz,BHD_2,XPA_N,zf-met,zf-H2C2_2,CTV_P23,C1_1,C1_4,TFIIS_C,Ribosomal_L17,HTH_Tnp_ISL3,Zn_Tnp_IS1595,zf-C2H2_6,Desulfoferrod_N,Prok-RING_1,COX5B,ZZ,DUF82,Arc_trans_TRASH,zf-BED,DNA_RNApol_7kD,CxxC_CxxC_SSSS,BolA"
Q96K08,"zf-C2H2_4,DUF3895,zf-C2H2,YhfH,zf-C2H2_jaz,XPA_N,zf-met,zf-H2C2_2,HypA,C1_1,C1_4,zinc_ribbon_5,HTH_Tnp_ISL3,Zn_Tnp_IS1595,zf-C2H2_6,Prok-RING_1,zf-H2C2_5,SprT-like,zf-BED,CxxC_CxxC_SSSS,Ribosomal_L44"
Q96LU8,"KRAB,SCAN"
Q96QL1,"zf-C2H2_4,zf-C2H2,Zn_ribbon_recom,UPF0547,zf-C2H2_jaz,zf-met2,XPA_N,zf-met,zf-H2C2_2,Rubredoxin,A2L_zn_ribbon,C1_4,Katanin_con80,zinc_ribbon_5,TFIIS_C,zf-AN1,HTH_Tnp_ISL3,Zn_Tnp_IS1595,zf-C2H2_6,FYVE,Prok-RING_1,zf-HIT,PHD,zf-H2C2_5,LIM,Rpr2,zf-BED,DNA_RNApol_7kD,zf-trcl,zinc_ribbon_4,CxxC_CxxC_SSSS,Ribosomal_L44,BolA"
Q96SV5,"zf-C2H2_4,zf-C2H2,UPF0547,Prok-RING_2,C1_3,zf-C2H2_jaz,XPA_N,zf-met,zf-H2C2_2,CTV_P23,C1_1,C1_4,TFIIS_C,Ribosomal_L17,HTH_Tnp_ISL3,Zn_Tnp_IS1595,zf-C2H2_6,Desulfoferrod_N,Prok-RING_1,COX5B,ZZ,Arc_trans_TRASH,zf-BED,DNA_RNApol_7kD,CxxC_CxxC_SSSS,PDZ_1,BolA"
Q96TA9,ARID
Q99557,"DivIC,bZIP_2,bZIP_1,I_LWEQ"
Q9BQR2,"HMG_box,DUF1898,Myb_DNA-bind_4"
Q9BS48,"HSF_DNA-bind,Glyco_hydro_31,bZIP_2,DUF2400,HALZ,bZIP_1,DUF2744,DUF3186"
Q9BY29,"zf-C2H2_4,zf-C2H2,zf-C2H2_jaz,XPA_N,Rapsyn_N,zf-H2C2_2,Yippee,C1_4,TFIIS_C,zf-CHY,Zn_Tnp_IS1595,zf-C2H2_6,PHD,DUF4389,GATA,DNA_RNApol_7kD,zf-trcl,CxxC_CxxC_SSSS,CpXC,BHD_1,BolA"
Q9BZD1,Ets
Q9BZI2,"Homeobox,Homeobox_KN"
Q9BZY1,"zf-C3HC4,zf-RING_LisH,DUF3583,zf-C3HC4_3,Cep57_CLD_2,zf-B_box"
Q9GZQ5,Menin
Q9H3U2,"zf-C2H2_4,zf-C2H2,Evr1_Alr,C1_3,zf-C2H2_jaz,XPA_N,zf-met,zf-H2C2_2,GAGA,C1_1,C1_4,TFIIS_C,zinc_ribbon_5,zf-AN1,HTH_Tnp_ISL3,Zn_Tnp_IS1595,zf-C2H2_6,Desulfoferrod_N,C1_2,zf-HIT,DUF1062,ADK_lid,zf-H2C2_5,SprT-like,LIM,DNA_RNApol_7kD,zf-trcl,DUF1610,CxxC_CxxC_SSSS,DUF164,FYDLN_acid,Ribosomal_L44,BolA"
Q9H3V4,"OrfB_Zn_ribbon,zf-C4"
Q9H5I3,"zf-C2H2_4,zf-C2H2,Zn_ribbon_recom,UPF0547,zf-C2H2_jaz,zf-met2,XPA_N,zf-met,zf-H2C2_2,Rubredoxin,A2L_zn_ribbon,C1_4,Katanin_con80,zinc_ribbon_5,TFIIS_C,zf-AN1,HTH_Tnp_ISL3,Zn_Tnp_IS1595,zf-C2H2_6,FYVE,Prok-RING_1,zf-HIT,PHD,zf-H2C2_5,LIM,Rpr2,zf-BED,DNA_RNApol_7kD,zf-trcl,zinc_ribbon_4,CxxC_CxxC_SSSS,Ribosomal_L44,BolA"
Q9H686,"zf-C2H2_4,zf-C2H2,FYVE,HNH,zf-C2H2_jaz,zf-trcl,DUF2321,zf-H2C2_2,DUF2256,CpXC,GFA"
Q9H726,CUT
Q9H740,"zf-C2H2_4,zf-C2H2,zf-C2H2_jaz,zf-H2C2_2,DUF4195,zf-C2H2_2,zf-C2HC_2,zf-H2C2_5,DUF2296,zf-C2H2_6"
Q9H7I9,HMG_box
Q9H7U2,"zf-C2H2_4,C1_4,zf-C2H2,C1_3,zf-C2H2_jaz,zf-AN1,XPA_N,ZZ,zf-H2C2_2,CxxC_CxxC_SSSS,HTH_Tnp_ISL3,Yippee,Zn_Tnp_IS1595,zf-C2H2_6,BolA"
Q9H836,"SNF5,DUF1679"
Q9H861,"zf-C2H2_4,zf-C2H2,zf-C2H2_jaz,zf-met,zf-H2C2_2,Yippee,HypA,GAGA,C1_4,zf-AN1,Rad50_zn_hook,HTH_Tnp_ISL3,Zn_Tnp_IS1595,zf-MYND,RRN7,zf-C2H2_6,zf-UBP,zinc_ribbon_2,Prok-RING_1,Prok-RING_4,Trm112p,LIM,Elf1,zf-BED,zf-C3HC4_2,DUF1610,zf-trcl,IBR,CxxC_CxxC_SSSS,zf-C2HC_2,DUF164,FYDLN_acid,zf-LYAR,BolA"
Q9H942,"zf-C2H2_4,zf-C2H2,Prok-RING_2,zf-C2H2_jaz,zf-trcl,KRAB,zf-H2C2_2,CxxC_CxxC_SSSS,DUF1528,zinc_ribbon_2,Zn_Tnp_IS1595,zf-C2H2_6"
Q9H9E2,"zf-C2H2_4,C1_4,zf-C2H2,GCC2_GCC3,zf-C2H2_jaz,KRAB,zf-met,XPA_N,zf-H2C2_2,CxxC_CxxC_SSSS,Myb_DNA-bind_6,zf-C2H2_6,BolA"
Q9HBU2,"Homeobox,PHF5,LIM,Homeobox_KN"
Q9HCB2,zf-C4
Q9HD72,"zf-C2H2_4,zf-C2H2,AT_hook,Prok-RING_1,zf-BED,zf-C2H2_jaz,zf-met,XPA_N,zf-H2C2_2,CxxC_CxxC_SSSS,BTB,zf-C2H2_2,RRN7,zf-C2H2_6,A2L_zn_ribbon"
Q9NR94,"zf-C2H2_4,C1_4,zf-C2H2,PRP21_like_P,DNA_RNApol_7kD,HNH,zf-C2H2_jaz,zf-met,XPA_N,zf-H2C2_2,CxxC_CxxC_SSSS,DUF2256,Zn_Tnp_IS1595,ADK_lid,zf-C2H2_6,BolA"
Q9NRR0,DM
Q9NS42,"zf-C2H2_4,PHF5,zf-C2H2,zf-C2H2_jaz,zf-met,XPA_N,zf-H2C2_2,zf-C2H2_6,BolA"
Q9NS43,"zf-C2H2_4,C1_4,zf-C2H2,zf-C2H2_jaz,KRAB,XPA_N,zf-met,zf-H2C2_2,CxxC_CxxC_SSSS,C1_1,zf-C2H2_6,BolA"
Q9NV05,"zf-C2H2_4,zf-C2H2,UPF0547,Prok-RING_2,C1_3,zf-C2H2_jaz,BHD_2,XPA_N,zf-met,zf-H2C2_2,CTV_P23,C1_1,C1_4,TFIIS_C,Ribosomal_L17,HTH_Tnp_ISL3,Zn_Tnp_IS1595,zf-MYND,zf-C2H2_6,Desulfoferrod_N,Prok-RING_1,COX5B,ZZ,Arc_trans_TRASH,zf-BED,DNA_RNApol_7kD,CxxC_CxxC_SSSS,BolA"
Q9NVM2,"HMG_box,DUF1898,Sporozoite_P67"
Q9NY94,"HLH,DUF2763"
Q9NZ00,"zf-C2H2_4,zf-C2H2,C1_3,zf-C2H2_jaz,XPA_N,zf-met,zf-H2C2_2,Yippee,C1_1,C1_4,DUF2180,zf-AN1,HTH_Tnp_ISL3,Zn_Tnp_IS1595,zf-MYND,zf-Mss51,zf-C2H2_6,zf-UBP,Desulfoferrod_N,FYVE,zf-C2HC5,GATA,DNA_RNApol_7kD,zf-trcl,IBR,CxxC_CxxC_SSSS,CpXC,FYDLN_acid,BolA"
Q9NZX4,"Glyco_transf_10,BTB"
Q9P043,DUF2028
Q9P2R2,"NicO,TF_Otx,Zip,DUF3720"
Q9UE24,Menin
Q9UFH1,"zf-C2H2_4,zf-C2H2,zf-C2H2_jaz,zf-met,XPA_N,zf-H2C2_2,C1_1,C1_4,HNH,DUF2256,Zn_Tnp_IS1595,DUF2321,zf-C2H2_6,DUF3449,Desulfoferrod_N,C1_2,zf-HIT,ZZ,ADK_lid,DUF1610,CxxC_CxxC_SSSS,CpXC,BolA"
Q9UG14,"zf-C2H2_4,zf-RING_3,zf-C2H2,DUF2688,zf-C2H2_jaz,zf-trcl,KRAB,zf-H2C2_2,CxxC_CxxC_SSSS,HTH_Tnp_ISL3,Yippee,Zn_Tnp_IS1595,zf-C2H2_6"
Q9UJ31,"zf-C2H2_4,Ribosomal_L37ae,zf-C2H2,UPF0547,zf-C2H2_jaz,XPA_N,zf-met,zf-H2C2_2,HypA,zf-TFIIB,C1_1,C1_4,TFIIS_C,zinc_ribbon_5,zf-CHY,Rad50_zn_hook,HTH_Tnp_ISL3,Zn_Tnp_IS1595,DUF2321,RRN7,zf-C2H2_6,zf-FCS,DUF1407,Prok-RING_1,zf-HIT,zf-H2C2_5,SprT-like,DUF2225,DZR,zf-BED,zinc_ribbon_4,CxxC_CxxC_SSSS,zf-C2H2_2,CpXC,HTH_Tnp_IS66"
Q9UMJ4,"Homeobox_KN,Homeobox,Pou"
Q9UMQ5,"HLH,Myc_N,Apt1"
Q9UQD2,"zf-C2H2_4,C1_4,zf-C2H2,zf-C2H2_jaz,KRAB,zf-met2,zf-met,zf-H2C2_2,CxxC_CxxC_SSSS,HTH_Tnp_ISL3,Zn_Tnp_IS1595,zf-C2H2_6,BolA"
Q9Y2W8,Hormone_recep
Q9Y4A3,"bZIP_2,bZIP_1"
Q9Y4S0,"zf-C2H2_4,zf-C2H2,zf-ribbon_3,Prok-RING_2,zf-C2H2_jaz,zf-met,XPA_N,zf-H2C2_2,C1_1,A2L_zn_ribbon,C1_4,Zn_Tnp_IS1595,zf-MYND,zf-Mss51,zf-C2H2_6,PyrI_C,C1_2,zf-BED,CxxC_CxxC_SSSS"
Q9Y5A5,"zf-C2H2_4,C1_4,zf-C2H2,zf-BED,zf-C2H2_jaz,KRAB,zf-met,zf-H2C2_2,CxxC_CxxC_SSSS,Yippee,zf-C2H2_6,BolA"
R4GMT1,"zf-C2H2_4,zf-C2H2,C1_3,zf-C2H2_jaz,zf-met,XPA_N,zf-H2C2_2,Yippee,GAGA,tRNA-synt_1f,C1_4,zf-AN1,Chordopox_RPO7,RRN7,zf-C2H2_6,FYVE,PHD,ADK_lid,DUF1163,zf-H2C2_5,Rpr2,zf-BED,DUF1610,CxxC_CxxC_SSSS,zf-C2H2_2,zf-C2HC_2"
R4GNI0,IRF
R9W9B1,"Homez,Homeobox,bZIP_C,Homeobox_KN,Pro-kuma_activ"
S0BE05,"bZIP_2,bZIP_1"
S4R3B4,HALZ
S4R3B8,"zf-C2H2_4,zf-C2H2,zf-C2H2_jaz,zf-H2C2_2,CxxC_CxxC_SSSS,HTH_Tnp_ISL3,Yippee,Zn_Tnp_IS1595,C1_1,zf-H2C2_5,GAGA,zf-C2H2_6"
S4R3C8,"zf-C2H2_4,zf-C2H2,DUF629,DUF592,HTH_5,zf-C2H2_jaz,zf-met,Homeobox,DUF3505,zf-C2H2_2,zf-C2H2_6,Homeobox_KN"
S4R3U0,"zf-C2H2_4,zf-C2H2,PRP21_like_P,zf-BED,zf-C2H2_jaz,XPA_N,zf-met,zf-H2C2_2,CxxC_CxxC_SSSS,HTH_Tnp_ISL3,zf-C2H2_6,IGPD"
S4TMV6,"zf-C2H2_4,zf-C2H2,DUF629,zinc_ribbon_5,zf-C3HC4_2,zinc_ribbon_4,zf-met2,zf-met,zf-H2C2_2,zf-Sec23_Sec24,zf-C2H2_2,zf-H2C2_5,Rubredoxin,zf-C2H2_6"
T1WRW3,Hormone_recep
T1WSH6,Hormone_recep
T1WSQ6,Hormone_recep
U3KQ31,T-box
U3KQB5,"Homeobox,Homeobox_KN"
U3KQF6,BTB
U3KQH2,T-box
U3KQJ9,"Homeobox,Homeobox_KN,Homez"
U3KQQ9,T-box
U3KQR8,CUT
U3KQS0,"Homeobox,Homeobox_KN"
V5M1V5,"zf-C2H2_4,zf-C2H2,CHORD,zf-BED,zf-C2H2_jaz,zf-met,zf-H2C2_2,zf-H2C2_5"
V5QRV9,"Homeobox,HoxA13_N,Homeobox_KN"
V9HVY7,"zf-C2H2_4,zf-C2H2,Prok-RING_2,C1_3,zf-C2H2_jaz,XPA_N,zf-H2C2_2,C1_4,HTH_Tnp_ISL3,Zn_Tnp_IS1595,zf-C2H2_6,Desulfoferrod_N,Prok-RING_1,KRAB,ADK_lid,DNA_RNApol_7kD,zf-trcl,DUF1610,CxxC_CxxC_SSSS,DUF164,DUF2213,Ribosomal_L44,BolA"
V9HW07,"zf-C2H2_4,zf-C2H2,zf-C2H2_jaz,zf-met,zf-H2C2_2,Yippee,MBD,DUF899,C1_4,zf-AN1,HTH_Tnp_ISL3,Zn_Tnp_IS1595,zf-C2H2_6,zf-UBP,KRAB,PhnJ,CxxC_CxxC_SSSS,CpXC,BolA"
V9P8K4,IRF
V9TLK5,Hormone_recep
W5S2M5,"Pax7,Homeobox_KN,Homeobox"
X5D8U0,"PAS,PAS_9,PAS_6,PAS_3"
X5D9H9,"PAS_4,HLH,PAS,PAS_3"
X5DRE4,HLH
X5DRF3,"Na_trans_assoc,HLH,PAS,PAS_3,PAS_9,PAS_4"
X5DRK2,"HLH,PAS,PAS_3,PAS_9,PAS_4"
X6R674,"VLPT,BTB"
X6R6Z1,"DZF,FmrO"
A0A087WUV0,C2H2 ZF
B7Z6K7,C2H2 ZF
C9JLR9,BED ZF
C9JN71,C2H2 ZF
E7ETH6,C2H2 ZF
O43313,C2H2 ZF
O75564,CENPB
O94983,CG
P0CF97,BED ZF
P0CG23,C2H2 ZF
P0DKX0,C2H2 ZF
P23497,SAND
P54274,Myb/SANT
P98168,C2H2 ZF
P98169,C2H2 ZF
Q15361,Myb/SANT
Q17R98,C2H2 ZF
Q2QGD7,C2H2 ZF
Q49A26,AT hook
Q49AG3,BED ZF
Q4VC44,FLYWCH
Q53EQ6,CENPB
Q5JPB2,C2H2 ZF
Q5VVJ2,Myb/SANT
Q5VZF2,CCCH ZF
Q6B0B8,CENPB
Q6NT04,CENPB
Q6R2W3,BED ZF
Q6ZQV5,C2H2 ZF
Q6ZTZ1,MADF
Q86V15,C2H2 ZF
Q86YP4,GATA
Q8IY51,CENPB
Q8NCY6,Myb/SANT
Q8WYP5,AT hook
Q96BF6,Unknown
Q96F45,C2H2 ZF
Q96JP5,C2H2 ZF
Q96K58,C2H2 ZF
Q96QR8,Unknown
Q96SL8,C2H2 ZF
Q9H147,AT hook
Q9H2H0,CxxC
Q9H4Q3,C2H2 ZF
Q9H7S9,C2H2 ZF
Q9NQV6,C2H2 ZF
Q9NQX1,C2H2 ZF
Q9Y2K7,CxxC
Q9Y6X0,AT hook
Q9Y6Y1,CG
