identifier	DBD_family	DBD_count
A0A024R0Y4	zf-C2H2_4,RPA_C,ZZ,Myb_DNA-bind_6,SWIRM,Myb_DNA-binding	NA
A0A024R274	IRF-3,MH2,MH1	NA
A0A024R2I8	Hormone_recep,zf-C4	NA
A0A024R3C6	zf-C2H2_4,zf-C2H2,Endonuclease_7,Prok-RING_1,zf-C2H2_jaz,zf-met,zf-H2C2_2,DZR,BTB,zf-C2H2_2,zf-C2HC_2,zf-C2H2_6,GATA	NA
A0A024R531	Pax2_C,HTH_Tnp_IS1,HTH_29,Ribosomal_S13_N,HTH_32,HTH_23,PAX	NA
A0A024R8F3	zf-C2H2_4,zf-C2H2,Rpr2,zf-CHCC,FYVE,Prok-RING_1,zf-BED,zf-C2H2_jaz,zf-CHY,zf-AN1,zf-met,zf-H2C2_2,CxxC_CxxC_SSSS,zf-C2H2_2,GAGA,C1_1,zf-C2H2_6	NA
A0A024RCR3	CENP-B_N,HTH_3,UCH,Homez,HTH_26,Homeobox,HTH_19,PBC,Homeobox_KN	NA
A0A068L529	LisH,Hormone_recep,zf-C4	NA
A0A075B7G3	zf-C2H2_4,zf-C2H2,Zn_ribbon_recom,Prok-RING_2,C1_3,zf-C2H2_jaz,Ogr_Delta,YhfH,XPA_N,zf-H2C2_2,GAGA,C1_4,TFIIS_C,zf-AN1,HTH_Tnp_ISL3,Zn_Tnp_IS1595,zf-UBR,DUF2321,zf-C2H2_6,Desulfoferrod_N,C1_2,Prok-RING_1,zf-HIT,ADK_lid,LIM,DNA_RNApol_7kD,zf-trcl,DUF1610,CxxC_CxxC_SSSS,DUF164,FYDLN_acid,Ribosomal_L44	NA
A0A075B7G4	zf-C2H2_4,C1_4,zf-C2H2,DNA_RNApol_7kD,C1_3,zf-C2H2_jaz,zf-trcl,Ogr_Delta,KRAB,XPA_N,zf-H2C2_2,CxxC_CxxC_SSSS,HTH_Tnp_ISL3,Zn_Tnp_IS1595,DUF164,GAGA,ADK_lid,zf-C2H2_6	NA
A0A076MKN9	Homeobox,Caudal_act	NA
A0A087WSW2	zf-C2H2_4,C1_4,zf-C2H2,DNA_RNApol_7kD,C1_3,zf-C2H2_jaz,KRAB,XPA_N,zf-H2C2_2,CxxC_CxxC_SSSS,HTH_Tnp_ISL3,Zn_Tnp_IS1595,GAGA,zf-C2H2_6,BolA;C2H2 ZF	21
A0A087WT22	P53	NA
A0A087WT67	zf-C2H2_4,C1_4,zf-C2H2,C1_3,zf-C2H2_jaz,KRAB,XPA_N,zf-H2C2_2,CxxC_CxxC_SSSS,HTH_Tnp_ISL3,GAGA,Zn_Tnp_IS1595,DUF164,zf-C2H2_6	NA
A0A087WTB1	zf-C2H2_4,zf-C2H2,C1_3,zf-C2H2_jaz,zf-met,XPA_N,zf-H2C2_2,Yippee,GAGA,C1_1,C1_4,TFIIS_C,HTH_Tnp_ISL3,Zn_Tnp_IS1595,zinc_ribbon_2,zf-C2H2_6,Prok-RING_1,KRAB,Siva,zf-H2C2_5,LIM,DNA_RNApol_7kD,CxxC_CxxC_SSSS,Ribosomal_L44	NA
A0A087WTI6	GVQW,Cmyb_C,Myb_DNA-bind_4,Myb_DNA-bind_6,Myb_DNA-bind_2,LMSTEN,Spore_III_AB,Myb_DNA-binding	NA
A0A087WU35	zf-C2H2_4,zf-C2H2,C1_3,zf-C2H2_jaz,XPA_N,zf-H2C2_2,C1_4,HTH_Tnp_ISL3,Zn_Tnp_IS1595,zf-C2H2_6,DUF3557,KRAB,SprT-like,DNA_RNApol_7kD,CxxC_CxxC_SSSS,DUF164,Ribosomal_L44,Rep_fac-A_C,BolA	NA
A0A087WU46	zf-C2H2_4,zf-C2H2,zf-CHCC,C1_2,zf-C2H2_jaz,zf-H2C2_2,zf-C2H2_2,Zn_Tnp_IS1595,SprT-like,zf-C2H2_6	NA
A0A087WUF3	IRF-3,Prefoldin,MH2,MH1	NA
A0A087WUK2	RRM_1,NID,RRM_6,CBFNT,RRM_3,RRM_5	NA
A0A087WUK4	DUF3892,DUF2318,Hormone_recep,zf-C4	NA
A0A087WUU8	zf-C2H2_4,zf-C2H2,Prok-RING_2,C1_3,zf-C2H2_jaz,XPA_N,zf-H2C2_2,C1_4,zinc_ribbon_5,zf-AN1,HTH_Tnp_ISL3,Zn_Tnp_IS1595,zf-C2H2_6,Desulfoferrod_N,zf-HIT,KRAB,ADK_lid,DNA_RNApol_7kD,zf-trcl,DUF1610,CxxC_CxxC_SSSS,DUF164,zf-C2HC_2,BolA;C2H2 ZF	16
A0A087WUV0	C2H2 ZF	10
A0A087WV68	VGCC_alpha2,RRM_1,RRM_6,Calcipressin,OB_RNB,RRM_3,RRM_5	NA
A0A087WVA2	zf-C2H2_4,C1_4,zf-C2H2,TFIIS_C,zf-BED,zf-C2H2_jaz,KRAB,XPA_N,zf-H2C2_2,CxxC_CxxC_SSSS,HTH_Tnp_ISL3,zf-C2H2_6,zf-LYAR	NA
A0A087WVB7	MRP-L20,Homeobox,Homeobox_KN	NA
A0A087WVH9	zf-C2H2_4,C1_4,zf-C2H2,zf-C2H2_jaz,KRAB,zf-met,zf-H2C2_2,CxxC_CxxC_SSSS,Luteo_Vpg,Zn_Tnp_IS1595,zf-C2H2_6;C2H2 ZF	19
A0A087WVT1	zf-C2H2_4,C1_4,zf-RING_3,zf-C2H2,Ta0938,Prok-RING_1,zf-C2H2_jaz,XPA_N,zf-met,zf-H2C2_2,CxxC_CxxC_SSSS,RRN7,FYDLN_acid,zf-C2H2_6;C2H2 ZF	12
A0A087WVZ7	zf-C2H2_4,C1_4,zf-C2H2,zf-C2H2_jaz,KRAB,zf-met,zf-H2C2_2,zf-C2H2_6;C2H2 ZF	17
A0A087WW90	GTF2I	NA
A0A087WWX5	zf-C2H2_4,zf-C2H2,zf-BED,zf-C2H2_jaz,zf-met,zf-H2C2_2,zf-C2HC_2,RRN7	NA
A0A087WX29	RRM_3,RRM_6,RRM_1	NA
A0A087WXA8	zf-C2H2_4,C1_4,zf-C2H2,DNA_RNApol_7kD,zf-C2H2_jaz,KRAB,zf-H2C2_2,Yippee,HTH_Tnp_ISL3,CxxC_CxxC_SSSS,DUF2039,zf-C2H2_6	NA
A0A087WXP2	MH1,NfI_DNAbd_pre-N,CTF_NFI	NA
A0A087WXQ5	VGCC_alpha2,RRM_1,RRM_6,Calcipressin,OB_RNB,RRM_3,RRM_5	NA
A0A087WXS2	HNF-1_N,HTH_37,TBD,HTH_5,IcmF-related,DUF2183	NA
A0A087WXT3	zf-C2H2_4,C1_4,zf-C2H2,zf-C2H2_jaz,zf-AN1,KRAB,zf-H2C2_2,HTH_Tnp_ISL3,Siva,Zn_Tnp_IS1595,C1_1,zf-H2C2_5,XS,zf-C2H2_6,GATA,BolA	NA
A0A087WXU1	DUF3313,MAS20	NA
A0A087WXV4	Foamy_virus_ENV,Hormone_recep,Se-cys_synth_N,zf-C4	NA
A0A087WXV5	HTH_23,PAX,HTH_32,HTH_29	NA
A0A087WXW6	zf-C2H2_4,DUF2225,zf-LITAF-like,Elf1,zf-C2H2,zf-C2H2_jaz,zf-met,Rad50_zn_hook,zf-H2C2_2,zf-C2H2_2,zf-C2HC_2,zf-C2H2_6,BolA	NA
A0A087WXZ1	P53	NA
A0A087WYF4	zf-C2H2_4,C1_4,zf-C2H2,FYVE,TFIIS_C,zf-BED,zf-C2H2_jaz,zf-HIT,KRAB,XPA_N,zf-H2C2_2,CxxC_CxxC_SSSS,HTH_Tnp_ISL3,Zn_Tnp_IS1595,zf-C2H2_6	NA
A0A087WYK5	zf-C2H2_4,C1_4,zf-C2H2,DNA_RNApol_7kD,C1_3,zf-C2H2_jaz,KRAB,XPA_N,zf-H2C2_2,CxxC_CxxC_SSSS,HTH_Tnp_ISL3,ADK_lid,GAGA,Zn_Tnp_IS1595,zf-C2H2_6,BolA	NA
A0A087WYR5	zf-C2H2_4,zf-C2H2,Zn_ribbon_recom,YhfH,zf-C2H2_jaz,XPA_N,zf-met,zf-H2C2_2,C1_4,zf-AN1,HTH_Tnp_ISL3,Zn_Tnp_IS1595,zf-MYND,zf-C2H2_6,KRAB,Siva,LIM,zf-BED,CxxC_CxxC_SSSS,HTH_18,Ribosomal_L44,BolA	NA
A0A087WYY0	RRM_1,RRM_6,OB_RNB,RRM_3,RRM_5	NA
A0A087WZ09	Elf1,DUF2387,BaffR-Tall_bind,Golgin_A5,ArfGap,CxxC_CxxC_SSSS,eIF-5_eIF-2B,GATA-N,TF_Zn_Ribbon,Zn_Tnp_IS1595,Prim_Zn_Ribbon,DZR,GATA	NA
A0A087WZ88	Hormone_recep,zf-C4	NA
A0A087WZC2	HNF-1_N,HNF-1B_C,HTH_5,Homeobox,DUF2183	NA
A0A087WZJ7	zf-C2H2_4,zf-C2H2,C1_3,zf-C2H2_jaz,XPA_N,zf-H2C2_2,C1_4,TFIIS_C,zf-CHY,HTH_Tnp_ISL3,Zn_Tnp_IS1595,DUF2321,zf-C2H2_6,Desulfoferrod_N,ROS_MUCR,ADK_lid,DUF2868,DNA_RNApol_7kD,zf-trcl,DUF1610,CxxC_CxxC_SSSS,DUF164,BolA	NA
A0A087WZQ2	zf-C2H2_4,C1_4,zf-RING_3,zf-C2H2,Zn_ribbon_recom,DNA_RNApol_7kD,C1_3,zf-C2H2_jaz,KRAB,LIM,zf-H2C2_2,Yippee,Chordopox_RPO7,zf-H2C2_5,FYDLN_acid,zf-C2H2_6,zf-UBP	NA
A0A087X0A2	zf-C2H2_4,zf-C2H2,C1_3,zf-C2H2_jaz,XPA_N,zf-H2C2_2,C1_4,TFIIS_C,zf-CHY,HTH_Tnp_ISL3,Zn_Tnp_IS1595,DUF2321,zf-C2H2_6,Desulfoferrod_N,ADK_lid,DUF2868,DNA_RNApol_7kD,zf-trcl,DUF1610,CxxC_CxxC_SSSS,DUF164,BolA	NA
A0A087X0M6	zf-C2H2_4,zf-C2H2,NifU_N,zf-C2H2_jaz,zf-trcl,KRAB,zf-met,zf-H2C2_2,CxxC_CxxC_SSSS,HTH_Tnp_ISL3,Yippee,Zn_Tnp_IS1595,Siva,GAGA,zf-C2H2_6,Ribosomal_L31,BolA	NA
A0A087X0S4	zf-C2H2_4,Zn_Tnp_IS1,zf-C2H2,zf-BED,zf-C2H2_jaz,zf-met,zf-H2C2_2,zf-C2HC_2,zf-H2C2_5	NA
A0A087X0W8	RHD	NA
A0A087X1B6	zf-C3HC4_2,Androgen_recep,Hormone_recep,zf-C4	NA
A0A087X1F9	HSF_DNA-bind,DUF2365	NA
A0A087X1K6	zf-C2H2_4,zf-C2H2,zf-BED,zf-C2H2_jaz,zf-TRAF,zf-met,zf-H2C2_2,zf-C2HC_2,RRN7,Rep_fac-A_C	NA
A0A087X1P4	zf-C2H2_4,C1_4,zf-C2H2,zf-C2H2_jaz,KRAB,zf-H2C2_2,CxxC_CxxC_SSSS,PDZ_1,Zn_Tnp_IS1595,zf-C2H2_6	NA
A0A087X1Q1	P53_tetramer,P53	NA
A0A087X1W9	Glu_cys_ligase,Ets	NA
A0A087X260	RRM_3,RRM_6,RRM_5,RRM_1	NA
A0A087X2B0	zf-C2H2_4,zf-C2H2,Zn_ribbon_recom,C1_3,zf-C2H2_jaz,YhfH,XPA_N,zf-H2C2_2,Yippee,C1_4,TFIIS_C,HNH,zf-AN1,HTH_Tnp_ISL3,Zn_Tnp_IS1595,zf-MYND,zf-C2H2_6,Siva,zf-H2C2_5,DNA_RNApol_7kD,CxxC_CxxC_SSSS,BolA	NA
A0A087X2F1	zf-C2H2_4,zf-C2H2,Zn_ribbon_recom,YhfH,zf-C2H2_jaz,XPA_N,zf-H2C2_2,A2L_zn_ribbon,C1_4,HTH_Tnp_ISL3,Zn_Tnp_IS1595,DUF2321,zf-C2H2_6,Nop16,LIM,GATA,zf-BED,DNA_RNApol_7kD,CxxC_CxxC_SSSS,BolA	NA
A0A087X2F7	Ets,HSF_DNA-bind	NA
A0A089VKS7	zf-C2H2_4,zf-C2H2,C1_2,zf-BED,zf-C2H2_jaz,DUF3432,zf-met,zf-H2C2_2,zf-C2HC_2,zf-UBR,DUF3446,RRN7,zf-C2H2_6	NA
A0A090N7S8	zf-C2H2_4,Elf1,zf-C2H2,PyrI_C,zf-BED,DUF3669,zf-C2H2_jaz,zf-HYPF,KRAB,zf-H2C2_2,DZR,zf-C2HC_2,Zn_Tnp_IS1595,zf-MYND,DUF164,FYDLN_acid,zf-C2H2_6,zf-FCS	NA
A0A090N7T3	HLH,Neuro_bHLH	NA
A0A090N7U3	zf-C2H2_4,C1_4,zf-RING_3,zf-C2H2,zf-C2H2_jaz,Trm112p,KRAB,zf-met,zf-H2C2_2,FYDLN_acid,zf-C2H2_6	NA
A0A090N7U5	zf-C2H2_4,C1_4,Elf1,zf-C2H2,TFIIS_C,DNA_RNApol_7kD,C1_3,zf-C2H2_jaz,DUF1898,zf-HIT,KRAB,zf-H2C2_2,CxxC_CxxC_SSSS,Zn_Tnp_IS1595,CpXC,zf-C2H2_6,zf-DNA_Pol	NA
A0A090N7W7	Homeobox,Upf2	NA
A0A090N8E5	Homeobox	NA
A0A090N8F2	zf-C2H2_4,zf-C2H2,zf-C2H2_jaz,zf-met,zf-H2C2_2,zf-RING_3,Zn_Tnp_IS1595,zf-MYND,zf-C2H2_6,PyrI_C,Desulfoferrod_N,zf-HYPF,COX5B,DZR,Elf1,zf-BED,CxxC_CxxC_SSSS,zf-C2HC_2,DUF164,CpXC,FYDLN_acid	NA
A0A090N8Y3	zf-C2H2_4,zf-C2H2,Zn_ribbon_recom,DUF3669,zf-C2H2_jaz,DUF1898,zf-met,zf-H2C2_2,Yippee,C1_4,zinc_ribbon_5,zf-CHY,Zn_Tnp_IS1595,zf-C2H2_6,KRAB,Elf1,DNA_RNApol_7kD,DUF1610,CpXC	NA
A0A0A0MQR4	HMG_box,DUF1898	NA
A0A0A0MQW0	RRM_1,RRM_6,DUF3932,RRM_3,Limkain-b1,RRM_5	NA
A0A0A0MR11	zf-C2H2_4,C1_4,zf-C2H2,zf-C2H2_jaz,KRAB,zf-H2C2_2,Siva,HTH_18,Zn_Tnp_IS1595,zf-H2C2_5,zf-C2H2_6,BolA	NA
A0A0A0MR39	RRM_1,RRM_6,DUF3932,RRM_3,Limkain-b1,RRM_5	NA
A0A0A0MR47	zf-C2H2_4,zf-C2H2,SCAN,zf-C2H2_jaz,zf-trcl,zf-AN1,KRAB,XPA_N,zf-met,zf-H2C2_2,CxxC_CxxC_SSSS,HTH_Tnp_ISL3,ADK_lid,C1_1,zf-C2H2_6,LIM	NA
A0A0A0MRF3	Myb_DNA-binding,TEA	NA
A0A0A0MRH7	Pax2_C,HTH_Tnp_IS1,Ribosomal_S13_N,Homeobox,HTH_32,HTH_29,HTH_23,PAX	NA
A0A0A0MRL0	DZF	NA
A0A0A0MRR1	zf-C2H2_4,PHF5,zf-C2H2,Zn_ribbon_recom,C1_3,zf-C2H2_jaz,YhfH,XPA_N,zf-met,zf-H2C2_2,Yippee,C1_4,TFIIS_C,HNH,zf-AN1,HTH_Tnp_ISL3,Zn_Tnp_IS1595,zf-C2H2_6,zinc_ribbon_2,Prok-RING_1,zf-HIT,DZR,LIM,DNA_RNApol_7kD,zf-BED,CxxC_CxxC_SSSS,zf-C2HC_2,FYDLN_acid	NA
A0A0A0MRS1	zf-C2H2_4,C1_4,zf-C2H2,zf-C2H2_jaz,zf-H2C2_2,Siva,HTH_Tnp_ISL3,HTH_18,Zn_Tnp_IS1595,CxxC_CxxC_SSSS,zf-H2C2_5,zf-C2H2_6,GATA,BolA	NA
A0A0A0MRX8	MH1,DIX,NfI_DNAbd_pre-N,CTF_NFI	NA
A0A0A0MS90	zf-CXXC,MBD	NA
A0A0A0MSI2	SAM_1,SAM_PNT,SAM_2	NA
A0A0A0MSL2	zf-C2H2_4,zf-C2H2,zf-CHCC,zf-MYND,zf-C2H2_jaz,DUF2321,zf-TRAF,zf-C2H2_6,zf-H2C2_2,zf-C2H2_2,GAGA,zf-H2C2_5,DZR,GATA	NA
A0A0A0MSM9	RFX_DNA_binding	NA
A0A0A0MSQ2	RFX_DNA_binding,Pox_D5	NA
A0A0A0MSW2	TIG	NA
A0A0A0MSW5	zf-C2H2_4,zf-C2H2,zf-C2H2_jaz,zf-trcl,KRAB,XPA_N,zf-H2C2_2,CxxC_CxxC_SSSS,HTH_Tnp_ISL3,Zn_Tnp_IS1595,GAGA,zf-C2H2_6	NA
A0A0A0MSX5	Homeobox,Homeobox_KN	NA
A0A0A0MT00	Histone,CBFD_NFYB_HMF	NA
A0A0A0MT46	Homeobox_KN,Homeobox,Pou	NA
A0A0A0MT54	zf-C2H2_4,zf-C2H2,CAP_N,zf-met,CCAP,zf-H2C2_2,Ofd1_CTDD,WT1	NA
A0A0A0MT58	TFIIS_C,TFIIS_M,Prok-RING_2,Med26	NA
A0A0A0MTE9	zf-C2H2_4,zf-C2H2,zf-C2H2_jaz,zf-met,zf-H2C2_2,zf-TFIIB,OrfB_Zn_ribbon,zinc_ribbon_5,zf-AN1,Zn_Tnp_IS1595,zf-C2H2_6,Prok-RING_1,zf-H2C2_5,Elf1,zf-BED,DUF1610,zinc_ribbon_4,CxxC_CxxC_SSSS,zf-C2H2_2,zf-C2HC_2,CpXC	NA
A0A0A0MTF4	Homeobox,Homeobox_KN	NA
A0A0A0MTH2	zf-C2H2_4,zf-RING_3,zf-C2H2,Zn_ribbon_recom,DNA_RNApol_7kD,BHD_1,zf-C2H2_jaz,zf-CHY,zf-H2C2_2,Yippee,Chordopox_RPO7,HTH_18,zf-C2H2_6	NA
A0A0A0MTK1	zf-C2H2_4,zf-C2H2,Zn_ribbon_recom,zf-C2H2_jaz,KRAB,zf-H2C2_2,CxxC_CxxC_SSSS,HTH_Tnp_ISL3,zinc_ribbon_2,Zn_Tnp_IS1595,zf-C2H2_6	NA
A0A0A0MTK8	HNF-1B_C,Homeobox,HNF-1A_C,HNF-1_N	NA
A0A0A0MTL7	HMG_box,DUF1898,CTNNB1_binding	NA
A0A0A0MTN5	zf-C2H2_4,zf-C2H2,Prok-RING_2,C1_3,zf-C2H2_jaz,YhfH,XPA_N,zf-H2C2_2,C1_4,TFIIS_C,zf-AN1,HTH_Tnp_ISL3,Zn_Tnp_IS1595,zf-C2H2_6,ADK_lid,SprT-like,DNA_RNApol_7kD,zf-trcl,CxxC_CxxC_SSSS,DUF164,Ribosomal_L44,BolA	NA
A0A0A0MTS0	HLH	NA
A0A0A0MTT2	zf-C2H2_4,zf-C2H2,zf-BED,zf-C2H2_jaz,KRAB,XPA_N,zf-met,zf-H2C2_2,CxxC_CxxC_SSSS,HTH_Tnp_ISL3,zf-C2H2_6	NA
A0A0A0N0L3	RRM_3,RRM_6,RRM_5,RRM_1	NA
A0A0A0N0M3	RRM_3,RRM_6,RRM_5,RRM_1	NA
A0A0A0VEB4	NUP,Hormone_recep,GTF2I,zf-C4	NA
A0A0A1EII5	Fork_head	NA
A0A0A1HAV8	Sigma70_r4_2,Myb_DNA-bind_6,LMSTEN,Spore_III_AB,Myb_DNA-binding	NA
A0A0A6YYK5	Sox_C_TAD,HMG_box,G-patch,G-patch_2	NA
A0A0A6YYL0	Rab5ip,YqzM,Homeobox,Homeobox_KN,DUF2244	NA
A0A0A7EP36	Homeobox	NA
A0A0A7EP75	Homeobox	NA
A0A0A7EPG2	Homeobox	NA
A0A0A7M2K0	SAM_PNT	NA
A0A0A7NV78	Homeobox,TF_Otx	NA
A0A0B4J1Y0	zf-C2H2_4,C1_4,zf-C2H2,zf-C2H2_jaz,KRAB,zf-H2C2_2,CxxC_CxxC_SSSS,PDZ_1,Zn_Tnp_IS1595,zf-C2H2_6	NA
A0A0B4J2F3	Auxin_repressed,Fork_head,Ribosomal_L27e	NA
A0A0B4J2G0	zf-C2H2_4,zf-C2H2,C1_3,zf-C2H2_jaz,KRAB,XPA_N,zf-H2C2_2,CxxC_CxxC_SSSS,HTH_Tnp_ISL3,ADK_lid,GAGA,Zn_Tnp_IS1595,zf-C2H2_6,BolA;C2H2 ZF	21
A0A0B5HBE9	Homeobox,QLQ,HTH_32	NA
A0A0B5HBG5	Homeobox,QLQ,HTH_32	NA
A0A0B5HFB3	HMG_box,PRCH,SOXp,DUF1898	NA
A0A0B5HFC0	Homeobox,QLQ,HTH_32	NA
A0A0B5HFD9	Homeobox,QLQ,HTH_32	NA
A0A0B5HLA0	HMG_box,SOXp,DUF1898	NA
A0A0B5HLA6	Homeobox,QLQ,HTH_32	NA
A0A0B5HLC0	Homeobox,QLQ,HTH_32	NA
A0A0B5HP19	HMG_box,SOXp,DUF1898	NA
A0A0B5HP26	Homeobox,QLQ,HTH_32	NA
A0A0B5HP44	Homeobox,QLQ,HTH_32	NA
A0A0B5HSU7	Homeobox,QLQ,HTH_32	NA
A0A0B5INR0	Fork_head	NA
A0A0B5INR4	Fork_head	NA
A0A0B5INR8	Fork_head	NA
A0A0B5INT4	Fork_head	NA
A0A0B5ISY2	Fork_head	NA
A0A0B5ISY9	Fork_head	NA
A0A0B5ISZ8	Fork_head	NA
A0A0B5IYA5	Fork_head	NA
A0A0B5IYB7	Fork_head	NA
A0A0B5IYD1	Fork_head	NA
A0A0B5J124	Fork_head	NA
A0A0B5J129	Fork_head	NA
A0A0B5J135	Fork_head	NA
A0A0B5J139	Fork_head	NA
A0A0B5J149	Fork_head	NA
A0A0B5J4B6	Fork_head	NA
A0A0B5J4C1	Fork_head	NA
A0A0C3SFZ7	zf-C2H2_4,zf-C2H2,UPF0547,zf-BED,zf-C2H2_jaz,zf-met,zf-H2C2_2,GAGA,zf-C2H2_6	NA
A0A0C4DFM2	zf-C2H2_4,C1_4,Elf1,zf-C2H2,CpXC,zf-C2H2_jaz,zf-met,zf-H2C2_2,C1_1,zf-H2C2_5,FYDLN_acid,zf-C2H2_6,zf-LYAR,BolA	NA
A0A0C4DFN0	zf-C2H2_4,zf-RING_3,zf-C2H2,SCAN,C1_3,zf-C2H2_jaz,Rad50_zn_hook,zf-H2C2_2,CxxC_CxxC_SSSS,DZR,zf-C2HC_2,DUF164,FYDLN_acid,zf-C2H2_6,LIM,zf-DNA_Pol	NA
A0A0C4DFP5	Hormone_recep,zf-C4	NA
A0A0C4DFQ2	zf-C2H2_4,PyrI_C,zf-C2H2,BIR,DUF4187,zf-BED,zf-C2H2_jaz,zf-trcl,ROS_MUCR,zf-met,zf-H2C2_2,BTB,zf-C2H2_2,zf-C2HC_2,C1_1,DUF3342,FYDLN_acid	NA
A0A0C4DFQ3	zf-C2H2_4,zf-C2H2,Zn_ribbon_recom,C1_3,zf-C2H2_jaz,zf-met,XPA_N,zf-H2C2_2,Yippee,C1_4,TFIIS_C,HTH_Tnp_ISL3,Zn_Tnp_IS1595,zf-C2H2_6,DZR,LIM,SCAN,zf-BED,DNA_RNApol_7kD,zf-trcl,CxxC_CxxC_SSSS,CpXC	NA
A0A0C4DFR4	zf-C2H2_4,zf-C2H2,Prok-RING_2,C1_3,zf-C2H2_jaz,zf-H2C2_2,GAGA,C1_4,zinc_ribbon_5,Zn_Tnp_IS1595,zf-C2H2_6,zf-Sec23_Sec24,DUF3172,GATA,Elf1,DNA_RNApol_7kD,zf-BED,zinc_ribbon_4,CxxC_CxxC_SSSS,BolA	NA
A0A0C4DFW9	P53_tetramer,P53	NA
A0A0C4DG06	PPR_1,MA3,PPR_2,RPN7,PPR,PPR_3,ECSIT	NA
A0A0C4DG08	zf-C2H2_4,C1_4,Elf1,zf-C2H2,CpXC,Prok-RING_2,DNA_RNApol_7kD,zf-C2H2_jaz,zf-trcl,zf-AN1,zf-H2C2_2,CxxC_CxxC_SSSS,HTH_Tnp_ISL3,Zn_Tnp_IS1595,zf-H2C2_5,zf-C2H2_6,GATA,BolA	NA
A0A0C4DG19	Myb_DNA-bind_4,Myb_DNA-bind_6,RST,Myb_DNA-bind_2,LMSTEN,Spore_III_AB,Myb_DNA-binding	NA
A0A0C4DG26	DivIC,HLH,DUF3584,FhuF,DUF904	NA
A0A0C4DG37	zf-C2H2_4,C1_4,zf-C2H2,C1_2,TFIIS_C,Prok-RING_2,DNA_RNApol_7kD,zf-C2H2_jaz,zf-trcl,zf-met,XPA_N,zf-H2C2_2,CxxC_CxxC_SSSS,Zn_Tnp_IS1595,CpXC,zf-C2H2_6,A2L_zn_ribbon	NA
A0A0C4DG41	SAM_PNT,SAM_1,Ets,SAM_2	NA
A0A0C4DG42	zf-C2H2_4,zf-C2H2,C1_3,zf-C2H2_jaz,BHD_2,XPA_N,zf-H2C2_2,Yippee,C1_1,C1_4,HTH_Tnp_ISL3,Zn_Tnp_IS1595,zf-C2H2_6,Prok-RING_1,KRAB,DZR,LIM,DNA_RNApol_7kD,CxxC_CxxC_SSSS,zf-C2HC_2	NA
A0A0C4DG47	SAM_PNT	NA
A0A0C4DG53	Hormone_recep,zf-C4	NA
A0A0C4DG88	Homeobox_KN,Homeobox,HTH_31,Pou	NA
A0A0C4DG96	zf-C2H2_4,zf-C2H2,zf-BED,zf-met,zf-H2C2_2,zf-C2HC_2,RRN7,zf-C2H2_6	NA
A0A0C4DGB4	zf-C2H2_4,zf-C2H2,C1_3,zf-C2H2_jaz,XPA_N,zf-met,zf-H2C2_2,Yippee,C1_1,C1_4,TFIIS_C,HTH_Tnp_ISL3,Zn_Tnp_IS1595,zf-C2H2_6,KRAB,DZR,LIM,GATA,zf-BED,CxxC_CxxC_SSSS,HTH_18,zf-LYAR,BolA	NA
A0A0C4DGM2	zf-C2H2_4,zf-C2H2,SCAN,DNA_RNApol_7kD,zf-C2H2_jaz,DUF3027,XPA_N,zf-met,zf-H2C2_2,CxxC_CxxC_SSSS,HTH_Tnp_ISL3,DZR,Zn_Tnp_IS1595,FYDLN_acid,zf-C2H2_6,A2L_zn_ribbon	NA
A0A0C4DGN9	zf-C2H2_4,Elf1,zf-C2H2,zf-C2H2_jaz,zf-met,zf-H2C2_2,zf-C2HC_2,zf-C2H2_6	NA
A0A0C4DGP9	zf-C2H2_4,zf-C2H2,zf-C2H2_jaz,Rapsyn_N,zf-H2C2_2,Yippee,GAGA,C1_1,C1_4,zf-AN1,HTH_Tnp_ISL3,Zn_Tnp_IS1595,zf-C2H2_6,KRAB,GATA,zf-BED,DNA_RNApol_7kD,CxxC_CxxC_SSSS,BolA	NA
A0A0C4DGQ3	zf-C2H2_4,C1_4,zf-C2H2,zf-C2H2_jaz,KRAB,zf-met,XPA_N,zf-H2C2_2,CxxC_CxxC_SSSS,zf-C2H2_6	NA
A0A0C4DGQ9	zf-C2H2_4,zf-C2H2,zf-BED,zf-C2H2_jaz,KRAB,zf-met,zf-H2C2_2,HTH_Tnp_ISL3,CxxC_CxxC_SSSS,zf-C2H2_2,zf-C2H2_6	NA
A0A0C4DGR5	zf-C2H2_4,C1_4,zf-C2H2,DUF2296,zf-C2H2_jaz,DUF2321,KRAB,zf-H2C2_2,DZR,HypA,CxxC_CxxC_SSSS,GAGA,Cys_rich_CPXG,CpXC,HTH_Tnp_ISL3,FYDLN_acid,zf-C2H2_6,A2L_zn_ribbon	NA
A0A0C4DGS8	HNF-1_N,TBD,HNF-1B_C,HTH_5,Homeobox,DUF2183	NA
A0A0C4DGV0	zf-C2H2_4,C1_4,zf-C2H2,TFIIS_C,DNA_RNApol_7kD,zf-C2H2_jaz,XPA_N,zf-met,zf-H2C2_2,Yippee,HTH_Tnp_ISL3,CxxC_CxxC_SSSS,Zn_Tnp_IS1595,DUF82,zf-H2C2_5,zf-C2H2_6,zf-LYAR,BolA	NA
A0A0C4DH12	zf-C2H2_4,DUF4407,zf-C2H2,Prok-RING_1,zf-C2H2_jaz,zf-met,Rad50_zn_hook,zf-H2C2_2,RRN7,DZR	NA
A0A0C5G2Q9	OAR,Homeobox	NA
A0A0C5G2R6	Homeobox	NA
A0A0C5G9P0	OAR,Homeobox	NA
A0A0C5G9P5	OAR,Homeobox	NA
A0A0C5G9Q3	Homeobox	NA
A0A0C5GCA6	OAR,Homeobox	NA
A0A0C5GCA9	Homeobox	NA
A0A0C5GDS1	OAR,Homeobox	NA
A0A0C5GDS2	OAR,Homeobox	NA
A0A0C5GPM3	OAR,Homeobox	NA
A0A0D9SEJ8	zf-C2H2_4,zf-C2H2_jaz,zf-met,zf-H2C2_2,DUF4195,zf-C2H2_6	NA
A0A0D9SEN7	FCP1_C,RunxI,FimP,DUF2828,PsbW,Spt20,Suf,Runt,Folliculin,Med15	NA
A0A0D9SEQ4	zf-C2H2_4,zf-C2H2,zf-C2H2_jaz,zf-met,zf-H2C2_2,HypA,zinc_ribbon_5,DUF2321,zf-C2H2_6,DUF629,FYVE,ADK_lid,Elf1,zf-BED,zinc_ribbon_4,DUF2072,CxxC_CxxC_SSSS,zf-C2H2_2,Baculo_ME53,zf-LYAR	NA
A0A0D9SET2	HJURP_C,SRF-TF	NA
A0A0D9SEX9	zf-C2H2_4,zf-C2H2,zf-C2H2_jaz,zf-met,zf-H2C2_2	NA
A0A0D9SF80	GTF2I	NA
A0A0D9SFD0	HJURP_C,SRF-TF	NA
A0A0D9SFF0	Fork_head,EspF	NA
A0A0D9SFI7	zf-C2H2_4,zf-C2H2,zf-C2H2_jaz,zf-met,zf-H2C2_2,HypA,DUF899,zinc_ribbon_5,DUF2321,zf-C2H2_6,DUF629,FYVE,TF_Zn_Ribbon,ADK_lid,DZR,Elf1,zf-BED,zinc_ribbon_4,CxxC_CxxC_SSSS,zf-C2H2_2,Baculo_ME53	NA
A0A0D9SFM8	zf-C2H2_4,zf-C2H2,zf-C2H2_jaz,zf-met,zf-H2C2_2,HypA,zinc_ribbon_5,DUF2321,zf-C2H2_6,DUF629,FYVE,ADK_lid,Elf1,zf-BED,zinc_ribbon_4,DUF2072,CxxC_CxxC_SSSS,zf-C2H2_2,Baculo_ME53,zf-LYAR	NA
A0A0D9SGD6	DUF4407,Activator-TraM,Bromodomain,Mitofilin,Carbpep_Y_N,PHD,SDH_alpha,zf-MYND,Spore_III_AB,PWWP	NA
A0A0D9SGF7	zf-C2H2_4,zf-DBF,zf-C2H2,zf-C2H2_jaz,zf-met,zf-H2C2_2,HypA,zinc_ribbon_5,DUF2321,zf-C2H2_6,DUF629,FYVE,TF_Zn_Ribbon,ADK_lid,DZR,Elf1,zf-BED,zinc_ribbon_4,DUF2072,CxxC_CxxC_SSSS,zf-C2H2_2,Baculo_ME53,zf-LYAR	NA
A0A0D9SGH8	HMG_box,DUF1898,CTNNB1_binding	NA
A0A0D9SGI2	T-box	NA
A0A0D9SGI5	HJURP_C,SRF-TF	NA
A0A0F6T557	Hormone_recep,zf-C4	NA
A0A0G2JH32	zf-C2H2_4,zf-C2H2,Zn_ribbon_recom,YhfH,zf-C2H2_jaz,XPA_N,zf-H2C2_2,Yippee,C1_1,C1_4,TFIIS_C,zf-AN1,Zn_Tnp_IS1595,zf-MYND,RRN7,zinc_ribbon_2,zf-C2H2_6,Desulfoferrod_N,COX5B,LIM,zf-BED,DNA_RNApol_7kD,zf-trcl,CxxC_CxxC_SSSS,DUF164,CpXC	NA
A0A0G2JKR7	Hormone_recep,zf-C4	NA
A0A0G2JMF9	zf-C2H2_4,zf-C2H2,KRAB,XPA_N,zf-H2C2_2,zf-Sec23_Sec24,GAGA,DUF3198	NA
A0A0G2JMG9	zf-C2H2_4,C1_4,zf-C2H2,Desulfoferrod_N,C1_3,zf-C2H2_jaz,zf-trcl,KRAB,XPA_N,zf-H2C2_2,CxxC_CxxC_SSSS,HTH_Tnp_ISL3,Zn_Tnp_IS1595,DUF164,zf-C2H2_6	NA
A0A0G2JN84	zf-C2H2_4,zf-C2H2_jaz,zf-met,zf-H2C2_2,DUF4195,zf-C2H2_6	NA
A0A0G2JP77	zf-C2H2_4,zf-C2H2,C1_3,zf-C2H2_jaz,XPA_N,zf-H2C2_2,HTH_Tnp_ISL3,Zn_Tnp_IS1595,zf-C2H2_6,Desulfoferrod_N,ATXN-1_C,KRAB,DNA_RNApol_7kD,zf-trcl,DUF1610,CxxC_CxxC_SSSS,DUF164,Ribosomal_L44,BolA	NA
A0A0G2JQ02	WWbp,Homeobox,Homeobox_KN	NA
A0A0G2JQ90	zf-C2H2_4,zf-C2H2,Evr1_Alr,Prok-RING_2,C1_3,zf-C2H2_jaz,YhfH,XPA_N,zf-H2C2_2,Yippee,GAGA,C1_4,TFIIS_C,zf-AN1,HTH_Tnp_ISL3,Zn_Tnp_IS1595,zf-C2H2_6,Desulfoferrod_N,C1_2,Prok-RING_1,SprT-like,PKD,DNA_RNApol_7kD,zf-trcl,DUF1610,CxxC_CxxC_SSSS,DUF164,Ribosomal_L44,BolA	NA
A0A0G2JQK0	T-box	NA
A0A0G2JRP7	Homeobox	NA
A0A0G2JRV3	SNF5,DUF1679	NA
A0A0G2JS52	Ly49,DUF4140,Syntaxin,DUF812,ADIP,IncA,V_ATPase_I,zf-C2HC,DivIC,TBPIP,Nsp1_C,DUF972,Cluap1,Prominin,DUF1664,TMF_DNA_bd,MYT1,IBR,Ax_dynein_light,Peptidase_C6,DUF3450	NA
A0A0H3W5T2	HLH,UPF0564,DUF3371	NA
A0A0J9YVP1	Prog_receptor,zf-C3HC4_2,zf-C4	NA
A0A0J9YWD6	DALR_2,zf-MYND	NA
A0A0J9YX80	zf-MYND	NA
A0A0K0KMI2	Pou	NA
A0A0K0KMS3	Pou	NA
A0A0M3L9V7	Homeobox,CAP_N,Homeobox_KN,Homez	NA
A0A0P0GE07	Homeobox_KN,Homeobox,HTH_31,Pou	NA
A0A0R4J2G5	HJURP_C,SRF-TF	NA
A0A0R5RI99	Hormone_recep	NA
A0A0R5RIB5	Hormone_recep	NA
A0A0S2Q0B1	ARID,DUF3518	NA
A0A0S2Z383	Homeobox	NA
A0A0S2Z3C9	SAM_PNT,SAM_1,Ets,HSF_DNA-bind	NA
A0A0S2Z3K8	TrmB,BRCA-2_OB3,E2F_TDP	NA
A0A0S2Z3N6	SAM_PNT,SAM_1	NA
A0A0S2Z3Q5	DUF3446	NA
A0A0S2Z3U3	MBD	NA
A0A0S2Z3U4	zf-C2H2_4,PyrI_C,zf-C2H2,zf-CHCC,zf-BED,HNH,zf-C2H2_jaz,zf-AN1,zf-met,zf-H2C2_2,zf-C2H2_2,zf-C2HC_2,zf-UBR,RRN7,zf-C2H2_6	NA
A0A0S2Z3X5	HLH	NA
A0A0S2Z3Y0	HLH	NA
A0A0S2Z401	MBD	NA
A0A0S2Z417	HJURP_C,SRF-TF	NA
A0A0S2Z418	Hormone_recep,zf-C4	NA
A0A0S2Z439	Homeobox,LIM,Homeobox_KN	NA
A0A0S2Z453	HJURP_C,SRF-TF	NA
A0A0S2Z454	HJURP_C,SRF-TF	NA
A0A0S2Z493	HLH,Merozoite_SPAM,DUF2146,Neuro_bHLH,CDC45,CDC27,DUF1742,DUF2890,Daxx,RRN3,Nop53	NA
A0A0S2Z4E5	TEA	NA
A0A0S2Z4G1	zf-C2H2_4,RPA_C,ZZ,Myb_DNA-bind_6,SWIRM,Myb_DNA-binding	NA
A0A0S2Z4H3	HTH_29,DIX,NfI_DNAbd_pre-N,MH1	NA
A0A0S2Z4J5	zf-C2H2_4,zf-C2H2,zf-C2H2_jaz,zf-met,zf-H2C2_2,BTB,zf-C2H2_2,zf-C2HC_2,DUF164,zf-C2H2_6	NA
A0A0S2Z4K2	zf-CCHC,zf-CCHC_4,zf-CCHC_3	NA
A0A0S2Z4K4	zf-C2H2_4,zf-C2H2,zf-C2H2_jaz,zf-met,XPA_N,zf-H2C2_2,C1_1,zinc_ribbon_5,HTH_Tnp_ISL3,DUF2321,zf-C2H2_6,Prok-RING_1,AAA_22,LIM,SCAN,DNA_RNApol_7kD,zf-trcl,CxxC_CxxC_SSSS,CpXC,zf-LYAR	NA
A0A0S2Z4K5	PPARgamma_N,Hormone_recep,zf-C4	NA
A0A0S2Z4L1	Homeobox,LIM,Homeobox_KN	NA
A0A0S2Z4L6	zf-C2H2_4,zf-C2H2,zf-C2H2_jaz,zf-met,XPA_N,zf-H2C2_2,C1_1,HTH_Tnp_ISL3,DUF2321,zf-C2H2_6,AAA_22,Prok-RING_1,KRAB,LIM,SCAN,DNA_RNApol_7kD,zf-trcl,CxxC_CxxC_SSSS,CpXC,zf-LYAR	NA
A0A0S2Z4M5	Nuc_recep-AF1,Hormone_recep,zf-C4	NA
A0A0S2Z4N0	PAT1,HJURP_C,SRF-TF	NA
A0A0S2Z4N5	P53_tetramer,P53,Fork_head_N,SAM_2	NA
A0A0S2Z4N6	P53_tetramer,P53,Fork_head_N,SAM_2	NA
A0A0S2Z4P2	Pax2_C,HTH_Tnp_IS1,Ribosomal_S13_N,HTH_23,PAX	NA
A0A0S2Z4Q3	zf-CCHC,zf-CCHC_4,zf-CCHC_3	NA
A0A0S2Z4U5	DivIC,HLH,HALZ	NA
A0A0S2Z4Z9	RRM_1,RRM_6,VIT1,NOPS,RRM_5	NA
A0A0S2Z570	Nuc_recep-AF1,Hormone_recep,zf-C4	NA
A0A0S2Z5C2	SH3_3,DUF2360,BEN	NA
A0A0S2Z5G4	SH3_3,DUF1845,DUF2360,BEN	NA
A0A0S2Z5M2	SH3_3,DUF2360,BEN	NA
A0A0S2Z5N0	V_ATPase_I,ATG16,DUF964,Streptin-Immun,BEN	NA
A0A0S2Z5S4	Homeobox,PHF5,LIM,Homeobox_KN	NA
A0A0S2Z5X3	Atg14,Laminin_I,G-patch,zf-CCCH	NA
A0A0S2Z649	zf-C2H2_4,zf-H2C2_2,zf-C2H2	NA
A0A0S2Z658	zf-C2H2_4,zf-C2H2,zf-C2H2_jaz,XPA_N,zf-met,zf-H2C2_2,Yippee,HypA,C1_1,C1_4,HTH_Tnp_ISL3,zf-C2H2_6,FYVE,KRAB,SCAN,zf-trcl,CxxC_CxxC_SSSS,zf-C2HC_2,BolA;C2H2 ZF	7
A0A0S2Z689	zf-C2H2_4,zf-H2C2_2,zf-C2H2	NA
A0A0S2Z696	DUF1845,BEN	NA
A0A0S2Z6H0	Atg14,Laminin_I,G-patch,zf-CCCH	NA
A0A0U1RQC9	P53_tetramer,P53,DEC-1_N	NA
A0A0U1RQE0	Fork_head,Ycf1,Otopetrin,TT_ORF1,RR_TM4-6,Med15,Plasmodium_Vir	NA
A0A0U1RQM2	Fork_head,TT_ORF1,LMBR1,eIF-3_zeta,Med15,Plasmodium_Vir	NA
A0A0U1RQR8	Fork_head,Otopetrin,Zip,TT_ORF1,LMBR1,Auxin_repressed,RR_TM4-6,Med15,Plasmodium_Vir	NA
A0A0U1RQY3	Fork_head,Ycf1,Otopetrin,Zip,TT_ORF1,DUF1742,Baculo_PP31,Rtf2,Auxin_repressed,Plasmodium_Vir	NA
A0A0U1RRL5	BRF1,Ets,Elf-1_N	NA
A0A0U3FYV6	HMG_box,SOXp,DUF1898	NA
A0A0U4C5A9	CBFB_NFYA,Bre5	NA
A0A0U4U3E8	CytochromB561_N	NA
A0A0U4Z598	HMG_box,DUF1898	NA
A0A125SXV6	Oest_recep,zf-C4	NA
A0A125SXV7	Oest_recep,zf-C4	NA
A0A125SXV8	Oest_recep,zf-C4	NA
A0A125SXV9	Oest_recep,zf-C4	NA
A0A125SXW0	Oest_recep,zf-C4	NA
A0A125SXW1	Oest_recep,Hormone_recep,zf-C4	NA
A0A125SXW2	Oest_recep,Hormone_recep,zf-C4	NA
A0A125SXW3	Oest_recep,Hormone_recep,zf-C4	NA
A0A127AXB3	OAR,Homeobox	NA
A0A127AXF0	Homeobox	NA
A0A127AXH5	OAR,Homeobox	NA
A0A127AXK3	Homeobox,QLQ,HTH_32	NA
A0A127AYT6	Homeobox	NA
A0A140F381	Fork_head	NA
A0A140GPP8	Homeobox_KN,Homeobox,Pou	NA
A0A140TA70	zf-C2H2_4,DUF2225,zf-LITAF-like,zf-C2H2,zf-C2H2_jaz,zf-met,zf-H2C2_2,zf-C2H2_2,zf-C2H2_6,BolA	NA
A0A140TA74	zf-C2H2_4,DUF2225,zf-LITAF-like,Elf1,zf-C2H2,zf-C2H2_jaz,zf-met,zf-H2C2_2,zf-C2H2_2,zf-C2HC_2,zf-C2H2_6,BolA	NA
A0A140VJP0	HMG_box,Maelstrom,DUF1898	NA
A0A140VJS2	REV,Homeobox,Homeobox_KN,OAR	NA
A0A140VK21	HSF_DNA-bind,Menin	NA
A0A140VK50	HLH,Luteo_PO	NA
A0A140VKC4	MBD	NA
A0A140VKD3	HLH,PAS,PAS_2,PAS_3,PAS_9,PAS_4	NA
A0A140VKG3	zf-C2H2_4,zf-RING_3,zf-C2H2,zf-C2H2_jaz,zf-met,zf-H2C2_2,zf-Sec23_Sec24,GAGA,Zn_Tnp_IS1595,FYDLN_acid,zf-C2H2_6	NA
A0A141PNN3	P53_tetramer,P53	NA
A0A141PNN4	P53_tetramer,P53	NA
A0A165EY39	Homeobox,Homez	NA
A0A1B0GTD0	zf-C2H2_4,zf-C2H2,Rpr2,zf-CHCC,FYVE,Prok-RING_1,zf-BED,zf-C2H2_jaz,zf-AN1,zf-CHY,zf-met,zf-H2C2_2,CxxC_CxxC_SSSS,zf-C2H2_2,GAGA,C1_1,zf-C2H2_6	NA
A0A1B0GTJ8	Zip,CDK5_activator,ARID,DUF3518	NA
A0A1B0GTS1	HSF_DNA-bind	NA
A0A1B0GTU5	ARID,DUF3518	NA
A0A1B0GTW4	DUF3908,HJURP_C,SRF-TF,DUF4227	NA
A0A1B0GU97	MH1,NfI_DNAbd_pre-N,CTF_NFI	NA
A0A1B0GUB4	Myb_DNA-bind_6,HTH_23,Myb_DNA-binding	NA
A0A1B0GUH8	zf-C2H2_4,zf-C2H2,C1_3,zf-C2H2_jaz,XPA_N,zf-H2C2_2,C1_4,zf-RING_3,TFIIS_C,zf-AN1,HTH_Tnp_ISL3,Chordopox_RPO7,Zn_Tnp_IS1595,zf-C2H2_6,zf-C4_ClpX,LIM,DNA_RNApol_7kD,zf-trcl,CxxC_CxxC_SSSS	NA
A0A1B0GUL0	DUF3446	NA
A0A1B0GV02	zf-C2H2_4,zf-C2H2,zf-C2H2_jaz,zf-met,zf-H2C2_2,Homeobox,zf-C2H2_2,zf-H2C2_5,zf-C2H2_6	NA
A0A1B0GV32	HJURP_C,SRF-TF	NA
A0A1B0GV48	zf-C2H2_4,PyrI_C,zf-C2H2,zf-C2H2_jaz,zf-CHY,zf-H2C2_2,BTB,zf-C2H2_2,zf-C2HC_2,SprT-like,zf-C2H2_6	NA
A0A1B0GV63	ARID,CDC45,VID27,RRN3,Daxx,Upf2,DUF1510,DUF3518	NA
A0A1B0GVB8	HLH	NA
A0A1B0GVC6	Otopetrin,DUF702,TFIIA,Spore_coat_CotO,Neur_chan_memb,zf-DHHC,AUX_IAA,DUF106,DUF1501,EIIBC-GUT_N,SAGA-Tad1,FemAB,BRF1,Mem_trans,Med15,Tim54,Cellulose_synt,DDHD,Pex16,DUF1764,LMBR1,FLO_LFY,DUF1675,DUF2215,Ctr,DUF966,TBP,NARP1,Lin-8,Hid1,Ycf1,YjgP_YjgQ,DUF4045,MMR1,RR_TM4-6,PAT1,Plasmodium_Vir,OAD_gamma,Gti1_Pac2	NA
A0A1B0GVE1	HMG_box,DUF1898,Rer1,MAT_Alpha1,CTNNB1_binding,CHD5	NA
A0A1B0GVI4	CreA,SRF-TF	NA
A0A1B0GVI7	HLH,PAS,PAS_3,PAS_9,PAS_4	NA
A0A1B0GVK1	SDA1,ARID,CDC45,VID27,RRN3,Daxx,Upf2,DUF1510,DUF3518	NA
A0A1B0GVR6	HLH,Trehalase	NA
A0A1B0GVV8	zf-C2H2_4,zf-C2H2,zf-C2H2_jaz,zf-met,zf-H2C2_2,Homeobox,zf-C2H2_2,zf-H2C2_5,zf-C2H2_6	NA
A0A1B0GW37	MH1,NfI_DNAbd_pre-N,CTF_NFI	NA
A0A1B0GW50	zf-C2H2_4,zf-C2H2,zf-C2H2_jaz,zf-met,zf-H2C2_2,Homeobox,zf-C2H2_2,zf-H2C2_5,zf-C2H2_6	NA
A0A1B0GW55	Homeobox,HTH_26,CENP-B_N,Homeobox_KN	NA
A0A1B0GW91	HLH,Trehalase	NA
A0A1B0GWD5	HLH,Trehalase	NA
A0A1B0GWH4	HSF_DNA-bind	NA
A0A1B0GWI9	MH1,NfI_DNAbd_pre-N,CTF_NFI	NA
A0A1B0GWJ2	SDA1,ARID,CDC45,VID27,RRN3,Daxx,Upf2,DUF1510,DUF3518	NA
A0A1B0GWJ4	MH1,NfI_DNAbd_pre-N,CTF_NFI	NA
A0A1B0GXL9	HLH,TFIIA,MAS20,DUF605,Suf	NA
A0A1B1RS94	IRF	NA
A0A1C7CYX1	zf-Mss51,zf-UBP,ELM2,Myb_DNA-binding	NA
A0A1C7CYY7	Pou,Homeobox,HTH_32,Flu_NS1,HTH_31,Homeobox_KN	NA
A0A1L4FMK7	DUF4047,Hormone_recep,zf-C4	NA
A0A1P8C958	Ank_2,Ank_3,Ank,Death,RHD,Ank_4,Ank_5	NA
A0A1P8DYP2	IRF,IRF-3	NA
A0A1P8LI09	MarR_2,HTH_29,HTH_28,HTH_32,HTH_23,PAX	NA
A0A1S5UZ15	zf-C2H2_4,C1_4,zf-C2H2,zf-BED,zf-C2H2_jaz,KRAB,zf-met,zf-H2C2_2,CxxC_CxxC_SSSS,HTH_Tnp_ISL3,Zn_Tnp_IS1595,zf-C2H2_6,LIM,BolA	NA
A0A1U9WYY8	zf-C2H2_4,zf-C2H2	NA
A0A1U9X796	DUF4407,DUF972,bZIP_Maf,bZIP_2,bZIP_1,DUF2205	NA
A0A1U9X799	DUF4407,DUF972,bZIP_Maf,bZIP_2,bZIP_1,DUF2205	NA
A0A1U9X8A1	CENP-B_N,HTH_3,UCH,Homez,HTH_26,Homeobox,HTH_19,PBC,Homeobox_KN	NA
A0A1U9X8A2	CENP-B_N,HTH_3,UCH,Homez,HTH_26,Homeobox,HTH_19,PBC,Homeobox_KN	NA
A0A1U9X8A4	HTH_31,Pou	NA
A0A1U9X8B4	HTH_31,Pou	NA
A0A1U9X8R9	zf-C3HC4,PRY,zf-RING_2,zf-C3HC4_2,zf-AN1,zf-RING_LisH,Baculo_IE-1,zf-C3HC4_3,SPRY,Mer2,zf-B_box,DUF325	NA
A0A1U9X8U9	zf-C2H2_4,DUF2225,Elf1,zf-C2H2,zf-C2H2_jaz,zf-H2C2_2,DUF2256,BTB,Rtf2,zf-C2H2_2,zf-C2H2_6	NA
A0A1U9X8V3	zf-C2H2_4,DUF2225,Elf1,zf-C2H2,zf-C2H2_jaz,zf-H2C2_2,DUF2256,BTB,Rtf2,zf-C2H2_2,zf-C2H2_6	NA
A0A1U9X8V5	zf-C2H2_4,zf-C2H2,zf-C2H2_jaz,KRAB,zf-H2C2_2,zf-C2H2_6,BolA	NA
A0A1U9X8W3	zf-C2H2_4,C1_4,zf-C2H2,zf-C2H2_jaz,KRAB,XPA_N,zf-H2C2_2,CxxC_CxxC_SSSS,DZR,C1_1,zf-C2H2_6,BolA	NA
A0A1U9X8W6	zf-C2H2_4,C1_4,zf-C2H2,zf-C2H2_jaz,KRAB,zf-H2C2_2,CxxC_CxxC_SSSS,C1_1,zf-C2H2_6,BolA	NA
A0A1U9X8W8	zf-C2H2_4,zf-C2H2,zf-C2H2_jaz,KRAB,zf-H2C2_2,zf-C2H2_6,BolA	NA
A0A1U9X8X7	zf-C2H2_4,C1_4,zf-C2H2,zf-C2H2_jaz,KRAB,XPA_N,zf-H2C2_2,CxxC_CxxC_SSSS,DZR,C1_1,zf-C2H2_6,BolA	NA
A0A1U9X8Y0	zf-C2H2_4,zf-C2H2,zf-C2H2_jaz,KRAB,zf-H2C2_2,zf-C2H2_6,BolA	NA
A0A1U9X8Y2	zf-C2H2_4,zf-C2H2,zf-C2H2_jaz,KRAB,zf-H2C2_2,zf-C2H2_6,BolA	NA
A0A1W2PNS7	Homeobox,Homeobox_KN	NA
A0A1W2PNW1	STAT_alpha,STAT_int,SH2,STAT_bind	NA
A0A1W2PP27	Homeobox,Homeobox_KN	NA
A0A1W2PP89	Homeobox,Homeobox_KN	NA
A0A1W2PPD9	TFIIF_alpha,HLH,Myc_N,Apt1	NA
A0A1W2PPF3	CENP-B_N,MerR_1,HTH_3,Phage_CII,HTH_23,Homeobox,HTH_Tnp_1,HTH_26,Homeobox_KN	NA
A0A1W2PPG3	Homeobox,Homeobox_KN	NA
A0A1W2PPH0	Homeobox,Homeobox_KN	NA
A0A1W2PPJ2	Homeobox,Homeobox_KN	NA
A0A1W2PPK0	MRP-L20,Homeobox,Homeobox_KN	NA
A0A1W2PPM1	Homeobox,Homeobox_KN,CPSF73-100_C	NA
A0A1W2PPM5	Homeobox_KN,Homeobox,PAX,HTH_Tnp_IS1	NA
A0A1W2PPN2	HTH_Tnp_IS1,PAX,Homeobox,HTH_32,Homeobox_KN	NA
A0A1W2PPX4	HTH_Tnp_IS1,HTH_29,Homeobox_KN,Homeobox,HTH_23,PAX	NA
A0A1W2PQ31	Homeobox,Homeobox_KN	NA
A0A1W2PQ54	zf-C2H2_4,Hydrophobin_2,zf-C2H2,Zn_ribbon_recom,C1_3,zf-C2H2_jaz,zf-met,XPA_N,zf-H2C2_2,C1_1,C1_4,HTH_Tnp_ISL3,zf-C2H2_6,KRAB,LIM,FdhD-NarQ,CxxC_CxxC_SSSS,CpXC,BolA	NA
A0A1W2PQ73	Ets,HSF_DNA-bind	NA
A0A1W2PQA8	HTH_Tnp_IS1,HTH_29,Homeobox_KN,Homeobox,HTH_32,HTH_23,PAX	NA
A0A1W2PQG3	Homeobox,HA,Homeobox_KN	NA
A0A1W2PQG7	HTH_Tnp_IS1,HTH_29,Homeobox_KN,Homeobox,HTH_32,HTH_23,PAX	NA
A0A1W2PQJ8	Homeobox,Homeobox_KN	NA
A0A1W2PQL4	zf-C2H2_4,C1_4,zf-C2H2,Desulfoferrod_N,C1_2,C1_3,zf-C2H2_jaz,BHD_1,DUF1610,KRAB,XPA_N,zf-H2C2_2,CxxC_CxxC_SSSS,DUF164,zf-C2H2_6,BolA	NA
A0A1W2PQL7	HTH_Tnp_IS1,PAX,Homeobox,HTH_32,Homeobox_KN	NA
A0A1W2PQM7	HTH_Tnp_IS1,HTH_29,Homeobox_KN,Homeobox,HTH_23,PAX	NA
A0A1W2PQQ0	zf-C2H2_4,zf-C2H2,CAP_N,zf-met,CCAP,zf-H2C2_2,Ofd1_CTDD,WT1	NA
A0A1W2PQW3	PAX,HTH_Tnp_IS1,HTH_32	NA
A0A1W2PR07	zf-C2H2_4,zf-C2H2,zf-C2H2_jaz,zf-met,CCAP,zf-H2C2_2,Ofd1_CTDD,WT1,zf-C2HC_2	NA
A0A1W2PR58	HTH_23,PAX,HTH_Tnp_IS1	NA
A0A1W2PRA4	HTH_Tnp_IS1,PAX,Homeobox,HTH_32,Homeobox_KN	NA
A0A1W2PRA8	Homeobox,Homeobox_KN	NA
A0A1W2PRG3	Homeobox_KN,Homeobox,PAX,HTH_Tnp_IS1	NA
A0A1W2PRH6	Homeobox,Homeobox_KN	NA
A0A1W2PRP0	Fork_head	NA
A0A1W2PRS6	HTH_Tnp_IS1,HTH_29,Homeobox_KN,Homeobox,HTH_23,PAX	NA
A0A1W2PRU4	Homeobox,Homeobox_KN	NA
A0A1W2PRW7	Homeobox,HA,Homeobox_KN	NA
A0A1W2PS25	zf-C2H2_4,Ribosomal_L37ae,zf-C2H2,zf-C2H2_jaz,zf-met,zf-H2C2_2,zf-C2H2_6,Rep_fac-A_C	NA
A0A1W2PS91	Homeobox_KN,Homeobox,PAX,HTH_Tnp_IS1	NA
A0A1W2PSA8	HTH_Tnp_IS1,HTH_29,Homeobox_KN,Homeobox,HTH_32,HTH_23,PAX	NA
A0A1W2PSB5	Homeobox,HA,Homeobox_KN	NA
A0A1X7SBS4	Myb_DNA-binding,TEA	NA
A0A1X7SBT0	Homeobox_KN,Homeobox,PAX,HTH_Tnp_IS1	NA
A0A1X7SBT5	zf-C2H2_4,zf-C2H2,CHORD,zf-C2H2_jaz,zf-met,zf-H2C2_2,zf-C2H2_2	NA
A0A1X7SC99	zf-C2H2_4,zf-RING_3,Elf1,zf-C2H2,Zn_ribbon_recom,Sgf11,zinc_ribbon_5,Di19,zf-C2H2_jaz,zf-AN1,zf-met,zf-H2C2_2,DZR,zf-C2H2_2,zf-H2C2_5,Rubredoxin,zf-C2H2_6	NA
A0A1X9RU27	Fork_head	NA
A0A1Z1G4M2	Secretin_N,DUF1897,KH_5,KH_1,KH_4,KH_3,KH_2	NA
A0A1Z3FT70	HMG_box,DUF1898,HTH_24	NA
A0A218MJB0	P53,CEP1-DNA_bind	NA
A0A218MJC8	P53,CEP1-DNA_bind	NA
A0A218MJD5	P53,CEP1-DNA_bind	NA
A0A218MJD9	P53	NA
A0A218MJE1	P53,CEP1-DNA_bind	NA
A0A218MJE5	P53,CEP1-DNA_bind	NA
A0A218MJF3	P53	NA
A0A223LNB8	Homeobox,QLQ,HTH_32	NA
A0A223LNB9	Homeobox,QLQ,HTH_32	NA
A0A223LNP9	Homeobox,QLQ,HTH_32	NA
A0A223PQI5	P53,DEC-1_N,P53_TAD	NA
A0A223PZB5	zf-C2H2_4,zf-C2H2,CHORD,zf-BED,zf-C2H2_jaz,zf-met,zf-H2C2_2,zf-H2C2_5	NA
A0A223ZRY6	Hormone_recep,zf-C4	NA
A0A224A4N4	Hormone_recep	NA
A0A286NGJ4	Ets,Gly-rich_Ago1	NA
A0A286NGJ5	Ets,Gly-rich_Ago1	NA
A0A286NGJ6	Ets	NA
A0A286NGJ7	Ets,Gly-rich_Ago1	NA
A0A286NGJ8	Ets,Gly-rich_Ago1	NA
A0A286R9D9	HMG_box,DUF1898,Nucleoplasmin,Nucleo_P87	NA
A0A286YEX4	MH1,NfI_DNAbd_pre-N,CTF_NFI	NA
A0A2P1H683	zf-C2H2_jaz,zf-met,Homeobox,zf-C2H2_2,AKAP95,zf-H2C2_5,zf-C2H2_6,Homeobox_KN,Ada_Zn_binding	NA
A0A2P9DTZ0	Fork_head,EspF	NA
A0A2P9DTZ1	Fork_head,EspF	NA
A0A2P9DTZ8	Fork_head,EspF	NA
A0A2R3XWA5	HNF-1_N,HNF-1B_C,Homeobox,HTH_24,Homeobox_KN,DUF2183	NA
A0A2R3XWA6	HNF-1B_C,Homeobox,HNF-1A_C,HNF-1_N	NA
A0A2R3XWC8	HNF-1B_C,Homeobox,HNF-1A_C,HNF-1_N	NA
A0A2R3XWF7	HNF-1_N,HNF-1B_C,Homeobox,HNF-1A_C,DUF2183	NA
A0A2R4LFC5	Homeobox,Homez	NA
A0A2R4LFK0	Homeobox,Homez	NA
A0A2R4LG35	Homeobox,Homez	NA
A0A2R8Y491	Phage_Mu_Gam,Hormone_recep,zf-C4	NA
A0A2R8Y4G1	Homeobox,Homeobox_KN	NA
A0A2R8Y509	zf-C4	NA
A0A2R8Y560	RFX_DNA_binding	NA
A0A2R8Y595	zf-C2H2_4,GVQW,zf-C2H2,zf-C2H2_jaz,zf-met,zf-H2C2_2,CxxC_CxxC_SSSS,ChAPs,GAGA,C1_1,zf-H2C2_5,zf-C2H2_2,zf-C2H2_6,LIM	NA
A0A2R8Y683	Homeobox,Homeobox_KN	NA
A0A2R8Y693	STAT_alpha,Lipoprotein_20,STAT_int,NPV_P10	NA
A0A2R8Y6X0	zf-C2H2_4,zf-C2H2,Homeobox,zf-C2H2_2,zf-C2H2_6,zf-FCS,Homeobox_KN	NA
A0A2R8Y739	Homeobox_KN,Homeobox,HTH_31,Pou	NA
A0A2R8Y7G1	HLH,PAS,PAS_3,PAS_9,PAS_4	NA
A0A2R8Y7P3	cIII	NA
A0A2R8Y7V8	MH1,NfI_DNAbd_pre-N,CTF_NFI	NA
A0A2R8Y852	Homeobox,Homeobox_KN,HOOK,CUT	NA
A0A2R8Y8C8	Homeobox,Homeobox_KN	NA
A0A2R8YDI1	Reo_sigmaC,HOOK,Homeobox,Homeobox_KN,CUT	NA
A0A2R8YDQ5	zf-C2H2_4,Elf1,zf-C2H2,zinc_ribbon_5,DUF3669,zf-C2H2_jaz,DUF1898,zf-CHY,KRAB,zf-met,XPA_N,zf-H2C2_2,HTH_Tnp_ISL3,zf-C2HC_2,zf-C2H2_6	NA
A0A2R8YDQ8	zf-C2H2_4,Baculo_ME53,zf-C2H2,zf-C2H2_jaz,zf-met,zf-H2C2_2,zf-C2H2_6,Rep_fac-A_C	NA
A0A2R8YE36	zf-C2H2_4,zf-C2H2,zf-C2H2_jaz,zf-H2C2_2,HypA,zf-DNA_Pol,C1_4,zf-CHY,DUF3133,DUF2321,zf-C2H2_6,OGG_N,Tnp_zf-ribbon_2,zf-H2C2_5,Trm112p,Elf1,DNA_RNApol_7kD,CxxC_CxxC_SSSS,CpXC,FYDLN_acid,HTH_Tnp_IS66,zf-LYAR,BolA	NA
A0A2R8YED2	FBD,RFX_DNA_binding	NA
A0A2R8YEW3	Homeobox	NA
A0A2R8YF24	zf-C4	NA
A0A2R8YF72	DivIC,zf-C2HC,MYT1,DUF2968,zf-RING-like,IBR,IncA,zf-RAG1,DUF1664,bZIP_1	NA
A0A2R8YFL0	zf-C2H2_4,zf-C2H2,zf-C2H2_jaz,zf-met,zf-H2C2_2,ChAPs,GAGA,C1_1,zf-H2C2_5,zf-C2H2_2,zf-C2H2_6	NA
A0A2R8YFR0	zf-C2H2_4,zf-C2H2,zf-C2H2_jaz,zf-H2C2_2,zf-C2H2_2,GAGA,AKAP95,zf-H2C2_5,zf-C2H2_6	NA
A0A2R8YGX0	zf-C2H2_4,zf-H2C2_2,zf-C2H2	NA
A0A2S1RD52	Ets	NA
A0A2Z1D411	DndB,Fork_head	NA
A0A2Z4LIS9	Fork_head	NA
A0A2Z5HTM8	HMG_box,DUF1898,CTNNB1_binding	NA
A0A2Z5HTN9	HMG_box,DUF1898,CTNNB1_binding	NA
A0A2Z6DSZ2	zf-C2H2_4,zf-C2H2,UPF0547,C1_3,zf-C2H2_jaz,XPA_N,zf-H2C2_2,GAGA,C1_1,C1_4,zf-RING_3,TFIIS_C,HTH_Tnp_ISL3,Zn_Tnp_IS1595,zf-C2H2_6,C1_2,Desulfoferrod_N,ZZ,zf-BED,DNA_RNApol_7kD,CxxC_CxxC_SSSS,BolA	NA
A0A345GP07	zf-C4	NA
A0A345S7Y2	Homeobox_KN,Homeobox,HTH_31,Pou	NA
A0A348FV91	ERbeta_N,Oest_recep,Hormone_recep,zf-C4	NA
A0A348FV92	ERbeta_N,Oest_recep,Hormone_recep,zf-C4	NA
A0A348FV93	ERbeta_N,Oest_recep,Hormone_recep,zf-C4	NA
A0A348FV94	ERbeta_N,Oest_recep,Hormone_recep,zf-C4	NA
A0A348FV95	ERbeta_N,Oest_recep,Hormone_recep,zf-C4	NA
A0A348FV96	ERbeta_N,Oest_recep,Hormone_recep,zf-C4	NA
A0A348FV97	ERbeta_N,Oest_recep,Hormone_recep,zf-C4	NA
A0A348FV98	ERbeta_N,Oest_recep,Hormone_recep,zf-C4	NA
A0A384MDX9	Secretin_N,DUF1897,KH_5,KH_1,KH_4,KH_3,KH_2	NA
A0A384MEH2	zf-C2H2_4,DUF2225,zf-LITAF-like,zf-C2H2,zf-C2H2_jaz,zf-met,zf-H2C2_2,zf-C2H2_2,zf-C2H2_6,BolA	NA
A0A384MTX4	TFIIS_M,TFIIS_C,Prok-RING_2,tRNA_synt_1c_R2,Med26,TF_Zn_Ribbon,Baculo_LEF5_C,Sec23_helical	NA
A0A384N5W4	STAT_int,STAT_bind,STAT_alpha,Hemerythrin,SH2	NA
A0A384NPT7	CENP-B_N,Homeobox,Sigma70_r3,HTH_26,Homeobox_KN	NA
A0A385I6V6	T-box	NA
A0A386NC20	P53_tetramer,P53,DEC-1_N,P53_TAD	NA
A0A386NC22	P53_tetramer,P53,DEC-1_N,P53_TAD	NA
A0A386NC25	P53,DEC-1_N,P53_TAD	NA
A0A386NC55	P53_tetramer,P53,DEC-1_N,P53_TAD	NA
A0A386NC62	P53_tetramer,P53,DEC-1_N,P53_TAD	NA
A0A386NCA6	P53_tetramer,P53,DEC-1_N,P53_TAD	NA
A0A386NCB1	P53_tetramer,P53,DEC-1_N,P53_TAD	NA
A0A386NCU2	P53_tetramer,P53,DEC-1_N,P53_TAD	NA
A0A386NCW8	P53_tetramer,P53,DEC-1_N,P53_TAD	NA
A0A386NCX4	P53_tetramer,P53,DEC-1_N,P53_TAD	NA
A0A386NDA8	P53_tetramer,P53,DEC-1_N,P53_TAD	NA
A0A386NDB3	P53_tetramer,P53,DEC-1_N,P53_TAD	NA
A0A386NFX3	P53_tetramer,P53,DEC-1_N,P53_TAD	NA
A0A386NFY2	P53_tetramer,P53,DEC-1_N,P53_TAD	NA
A0A386NG45	P53_tetramer,P53,DEC-1_N,P53_TAD	NA
A0A3B3IRF0	Tropomyosin_1,DUF1319,CENP-Q,zf-RAG1,UPF0242,DUF812,Tmemb_cc2,IncA,DUF342,Prefoldin,V_ATPase_I,zf-C2HC,DivIC,DUF3573,TBPIP,DUF972,AAA_27,GrpE,DUF724,Macoilin,APG6,DUF1664,TMF_DNA_bd,MYT1,CENP-H,zf-RING-like,IBR	NA
A0A3B3IRM3	DivIC,zf-C2HC,MYT1,zf-RING-like,DUF1319,IBR,zf-RAG1,DUF2730	NA
A0A3B3IRN7	zf-C2H2_4,zf-C2H2,zf-C2H2_jaz,Ogr_Delta,zf-met,zf-H2C2_2,CxxC_CxxC_SSSS,zf-C2H2_2,zf-C2HC_2,DUF899,DUF2321,zf-C2H2_6	NA
A0A3B3IRS5	Fork_head,Ribosomal_L27e	NA
A0A3B3IRT9	zf-C2HC,MYT1,DUF2968,zf-RING-like,DUF1319,IBR,zf-RAG1,DUF1664,bZIP_1	NA
A0A3B3IRW4	zf-C2H2_4,zf-C2H2,Zn_Tnp_IS1,zf-C2H2_jaz,zf-H2C2_2,RRN7,zf-C2H2_6	NA
A0A3B3IRW5	Auxin_repressed,Fork_head,Ribosomal_L27e	NA
A0A3B3IRX0	DivIC,zf-C2HC,MYT1,zf-RING-like,IBR,zf-RAG1	NA
A0A3B3IRX5	DivIC,zf-C2HC,MYT1,DUF2968,zf-RING-like,DUF1319,IBR,zf-RAG1,DUF1664,bZIP_1	NA
A0A3B3IRZ6	BTB	NA
A0A3B3IS14	DivIC,zf-C2HC,MYT1,zf-RING-like,DUF1319,IBR,zf-RAG1,DUF2730	NA
A0A3B3IS18	T-box	NA
A0A3B3IS30	Homeobox,Staygreen,Homeobox_KN	NA
A0A3B3IS61	DivIC,zf-C2HC,MYT1,zf-RING-like,DUF1319,IBR,zf-RAG1,DUF2730	NA
A0A3B3IS71	Rb_C,RB_A,TFIIB,DUF3452,RB_B	NA
A0A3B3IS77	DivIC,zf-C2HC,MYT1,V_ATPase_I,TBPIP,zf-RING-like,DUF1319,IBR,IncA,DUF342,zf-RAG1,bZIP_1,DUF2730	NA
A0A3B3IS87	Fork_head	NA
A0A3B3ISB6	zf-C2HC,MYT1	NA
A0A3B3ISI4	Tropomyosin_1,DUF3251,DUF1319,CENP-Q,zf-RAG1,UPF0242,DUF812,XhlA,Prefoldin_2,Tmemb_cc2,IncA,DUF342,Prefoldin,V_ATPase_I,zf-C2HC,DivIC,DUF3573,TBPIP,DUF972,TSC22,AAA_27,GrpE,DUF724,GBP_C,APG6,DUF1664,TMF_DNA_bd,MYT1,CENP-H,zf-RING-like,IBR	NA
A0A3B3ISN1	zf-C2HC,IBR,zf-RING-like,MYT1	NA
A0A3B3ISN3	zf-C2HC,MYT1,SDA1,zf-RING-like,DUF1319,IBR,zf-RAG1,DUF2730	NA
A0A3B3ISP2	zf-C2HC,MYT1,zf-RING-like,IBR,zf-RAG1	NA
A0A3B3IST0	Fork_head,Ribosomal_L27e	NA
A0A3B3IST6	Auxin_repressed,Fork_head,Ribosomal_L27e	NA
A0A3B3ISW5	DivIC,zf-C2HC,MYT1,DUF2968,zf-RING-like,IBR,zf-RAG1,DUF1664,bZIP_1	NA
A0A3B3IT03	zf-C2H2_4,C1_4,zf-C2H2,Prok-RING_1,BHD_1,zf-C2H2_jaz,C1_3,BHD_2,KRAB,zf-met,zf-CHY,zf-H2C2_2,CxxC_CxxC_SSSS,HTH_Tnp_ISL3,Zn_Tnp_IS1595,zf-C2H2_6,BolA	NA
A0A3B3IT14	Auxin_repressed,Fork_head,Ribosomal_L27e	NA
A0A3B3IT59	MRG,CDC45,Tudor-knot,Chromo	NA
A0A3B3IT66	Auxin_repressed,Fork_head,Ribosomal_L27e	NA
A0A3B3ITE4	zf-C2H2_4,C1_4,zf-C2H2,DNA_RNApol_7kD,BHD_1,zf-C2H2_jaz,zf-CHY,KRAB,DUF4389,Rapsyn_N,zf-H2C2_2,CxxC_CxxC_SSSS,Zn_Tnp_IS1595,zf-C2H2_6,BolA	NA
A0A3B3ITJ8	DivIC,zf-C2HC,MYT1,DUF2968,zf-RING-like,zf-RAG1,DUF1664,bZIP_1	NA
A0A3B3ITL3	zf-C2HC,MYT1,SDA1,DUF3573,zf-RING-like,DUF1319,IBR,bZIP_1,zf-RAG1,DUF1664,UPF0242	NA
A0A3B3ITL5	MRG,Tudor-knot	NA
A0A3B3ITS6	zf-C2HC,MYT1,DUF3573,SDA1,zf-RING-like,DUF1319,IBR,zf-RAG1,Daxx,DUF1664,UPF0242	NA
A0A3B3ITU2	zf-C2H2_4,zf-C2H2,C1_3,zf-C2H2_jaz,XPA_N,zf-H2C2_2,HTH_Tnp_ISL3,Zn_Tnp_IS1595,zf-C2H2_6,Desulfoferrod_N,ATXN-1_C,KRAB,DNA_RNApol_7kD,zf-trcl,DUF1610,CxxC_CxxC_SSSS,DUF164,Ribosomal_L44,BolA;C2H2 ZF	14
A0A3B3IU66	zf-C2HC,MYT1,Ycf1	NA
A0A3B3IU83	zf-C2HC,IBR,MYT1	NA
A0A3B3IUE2	V_ATPase_I,zf-C2HC,MYT1,DivIC,TBPIP,zf-RING-like,DUF3573,DUF2968,DUF972,DUF1319,IBR,IncA,DUF342,zf-RAG1,DUF1664,bZIP_1,Prefoldin	NA
A0A3F2YNW7	Zip,CDK5_activator,ARID,DUF3518	NA
A0A3F2YPB8	zf-C2H2_4,zf-C2H2,TFIIS_C,zf-BED,zf-C2H2_jaz,zf-trcl,KRAB,XPA_N,zf-met,zf-H2C2_2,CxxC_CxxC_SSSS,HTH_Tnp_ISL3,Zn_Tnp_IS1595,C1_1,zf-C2H2_6	NA
A0A3G1VCY8	Hormone_recep,zf-C4	NA
A0A3P3ZKM0	PPARgamma_N,DUF1319,zf-C4	NA
A0A3Q5AD24	zf-C2H2_4,zf-C2H2,tRNA-synt_2d,UPF0547,C1_3,zf-C2H2_jaz,XPA_N,zf-H2C2_2,Yippee,C1_1,C1_4,TFIIS_C,zf-CHY,HTH_Tnp_ISL3,Zn_Tnp_IS1595,zf-C2H2_6,C1_2,Desulfoferrod_N,ZZ,DNA_RNApol_7kD,zf-BED,CxxC_CxxC_SSSS,BolA;C2H2 ZF	18
A0A411ELD0	HMG_box,DUF1908,DUF1898	NA
A0A411ELD1	HMG_box,DUF1908,DUF1898	NA
A0A411ELD8	HMG_box,DUF1908,DUF1898	NA
A0A411ELE5	HMG_box,DUF1908,DUF1898	NA
A0A411ELF4	HMG_box,DUF1908,DUF1898	NA
A0A411ELH3	HMG_box,DUF1908,DUF1898	NA
A0A411ELN9	HMG_box,DUF1908,DUF1898	NA
A0A411ELP6	HMG_box,DUF1908,DUF1898	NA
A0A411ELP9	HMG_box,DUF1908,DUF1898	NA
A0A411ELQ6	HMG_box,DUF1908,DUF1898	NA
A0A411ELR1	HMG_box,DUF1908,DUF1898	NA
A0A411ELS2	HMG_box,DUF1908,DUF1898	NA
A0A455R6J4	Med3,Homeobox,Rotamase_2,Homeobox_KN	NA
A0A481V744	zf-C2H2_4,zf-C2H2,CAP_N,zf-met,CCAP,zf-H2C2_2,Ofd1_CTDD,WT1	NA
A0A494BZV4	zf-C2H2_4,zf-C2H2,zf-C2H2_jaz,zf-H2C2_2,CxxC_CxxC_SSSS,zf-C2H2_6	NA
A0A494C012	Hormone_recep	NA
A0A494C069	zf-C2H2_4,zf-C2H2,zf-C2H2_jaz,zf-H2C2_2,CxxC_CxxC_SSSS,zf-C2H2_6	NA
A0A494C070	zf-C2H2_4,zf-C2H2,zf-C2H2_jaz,zf-H2C2_2,zf-C2H2_6	NA
A0A494C0B5	STAT_alpha,STAT_int,CorA	NA
A0A494C0D9	PPARgamma_N,Hormone_recep,zf-C4	NA
A0A494C0H6	DUF3276,PurA	NA
A0A494C0I1	CENP-B_N,GTF2I,HTH_Tnp_Tc5,HTH_28,DUF4371,HTH_23;GTF2I	2
A0A494C0J2	zf-C2H2_4,C1_4,zf-C2H2,Prok-RING_2,zf-BED,zf-C2H2_jaz,zf-trcl,zf-AN1,IBD,zf-met,zf-H2C2_2,CxxC_CxxC_SSSS,HTH_18,Zn_Tnp_IS1595,C1_1,zf-MYND,zf-C2H2_6	NA
A0A494C0P1	Hormone_recep,GCR,zf-C4	NA
A0A494C0Q7	GTF2I	NA
A0A494C0S6	zf-C4	NA
A0A494C0T3	Hormone_recep,zf-C4	NA
A0A494C0T4	STAT_alpha,STAT_int,SH2,STAT_bind	NA
A0A494C0U8	zf-C2H2_4,C1_4,zf-C2H2,zf-C2H2_jaz,zf-trcl,zf-AN1,KRAB,XPA_N,DUF4389,zf-H2C2_2,CxxC_CxxC_SSSS,HTH_Tnp_ISL3,Zn_Tnp_IS1595,zf-C2H2_6,Csm1	NA
A0A494C0Z6	zf-C2H2_4,zf-C2H2,zf-C2H2_jaz,zf-H2C2_2,zf-C2H2_6	NA
A0A494C130	HLH	NA
A0A494C157	RHD	NA
A0A494C164	STAT_int,STAT_bind,STAT_alpha,LXG,CorA,STAT2_C,SH2	NA
A0A494C1C1	LXG,HLH,Atg14	NA
A0A494C1E9	RHD	NA
A0A494C1F9	PPARgamma_N,DUF1319,zf-C4	NA
A0A494C1G8	zf-C2H2_4,zf-C2H2,zf-C2H2_jaz,zf-H2C2_2,zf-C2H2_6	NA
A0A494C1I7	zf-C2H2_4,C1_4,zf-C2H2,DUF3280,DNA_RNApol_7kD,zf-C2H2_jaz,KRAB,zf-met,XPA_N,zf-H2C2_2,C1_1,zf-C2H2_6;C2H2 ZF	5
A0A494C1K3	CENP-B_N,GTF2I,HTH_Tnp_Tc5,HTH_28,Herpes_IE68,HTH_23	NA
A0A494C1L3	AATF-Che1,ACP53EA,STAT_int,LXG,STAT_alpha,DUF342,CorA	NA
A0A494C1N8	CENP-B_N,GTF2I,HTH_Tnp_Tc5,HTH_28,DUF4371,HTH_23,Dimer_Tnp_hAT	NA
A0A494C1R3	DUF4349,HLH,RR_TM4-6,CDC45	NA
A0A494C1T8	HLH,Myc_N,Myc-LZ,TRH	NA
A0A494C1V2	zf-C2H2_4,C1_4,zf-C2H2,zf-BED,zf-C2H2_jaz,KRAB,XPA_N,zf-met,zf-H2C2_2,CxxC_CxxC_SSSS,HTH_Tnp_ISL3,Zn_Tnp_IS1595,GAGA,zf-C2H2_6,GATA,zf-LYAR	NA
A0A499FIV4	PPARgamma_N,zf-C4	NA
A0A4P8D7D1	zf-C4	NA
A0A4P8D7F0	Hormone_recep	NA
A0A4P8L6U7	Hormone_recep	NA
A0A4Y5R8X2	bZIP_2	NA
A0A510GFN1	T-box	NA
A0A590UJ82	HTH_29,NfI_DNAbd_pre-N,MH1	NA
A0A590UJE0	zf-C2H2_4,zf-C2H2,Zn_ribbon_recom,zf-C2H2_jaz,zf-met,XPA_N,zf-H2C2_2,Yippee,GAGA,C1_4,HTH_Tnp_ISL3,zf-C2H2_6,zf-C4_ClpX,Prok-RING_1,KRAB,LIM,Elf1,SCAN,CxxC_CxxC_SSSS,CpXC,FYDLN_acid	NA
A0A590UJP9	SAM_PNT,Ets	NA
A0A590UK09	HTH_29,MH1,NfI_DNAbd_pre-N,CTF_NFI	NA
A0A590UK73	HTH_29,MH1,NfI_DNAbd_pre-N,CTF_NFI	NA
A0A5A4PVW8	Homeobox,Rotamase_2	NA
A0A5B9M2L1	Homeobox,Homeobox_KN,Homez	NA
A0A5B9RIM3	Hormone_recep,GCR,zf-C4	NA
A0A5F9ZHH6	Nuc_recep-AF1,Hormone_recep,zf-C4	NA
A0A5F9ZHS3	Menin	NA
A0A5F9ZHS7	bZIP_2,bZIP_1,Mto2_bdg	NA
A0A5F9ZHY1	Homeobox	NA
A0A5F9ZI68	Menin	NA
A0A5K1VW50	Hormone_recep,zf-C4	NA
A0A669K9T0	Hox9_act,HTH_23,Homeobox	NA
A0A669KB17	Sfi1_C,STAT_alpha,STAT_int	NA
A0A669KB29	PHD,zf-CXXC,zf-CpG_bind_C	NA
A0A669KB50	PHD_3,PHD,DUF1423,C1_1,PHD_2	NA
A0A669KB52	STAT_int,NPV_P10,STAT_bind,STAT_alpha,SH2,Sec20	NA
A0A669KB53	STAT_int,NPV_P10,STAT_bind,STAT_alpha,SH2,Sec20,STAT1_TAZ2bind	NA
A0A669KB56	STAT_int,NPV_P10,STAT_bind,STAT_alpha,SH2,Sec20,STAT1_TAZ2bind	NA
A0A669KB68	STAT_int,NPV_P10,STAT_bind,STAT_alpha,SH2,Sec20,STAT1_TAZ2bind	NA
A0A669KB72	Homeobox,Homeobox_KN,Homez	NA
A0A669KB75	STAT_int,NPV_P10,STAT_bind,STAT_alpha,Sec20	NA
A0A669KB78	SAM_PNT,Ets	NA
A0A669KBA4	STAT_int,NPV_P10,STAT_bind,STAT_alpha,SH2,Sec20,STAT1_TAZ2bind	NA
A0A669KBA7	MarR_2,HTH_29,HTH_28,HTH_23,PAX	NA
A0A669KBC8	Hox9_act,HTH_23,Homeobox	NA
A0A669KBC9	zf-C2H2_4,zf-H2C2_2,zf-C2H2	NA
A0A669KBF4	HLH,PAS,PAS_2,PAS_3,PAS_9,PAS_4	NA
A0A669KBH0	ARID	NA
A0A669KBI6	STAT_int,NPV_P10,STAT_bind,STAT_alpha,SH2,Sec20	NA
A0A669KBJ7	zf-C2H2_4,Homeobox,zf-C2H2_2,zf-H2C2_5,Homeobox_KN	NA
A0A669KBK7	zf-C2H2_4,C1_4,zf-RING_3,Elf1,zf-C2H2,zf-C2H2_jaz,zf-met,zf-H2C2_2,CxxC_CxxC_SSSS,HypA,Zn_Tnp_IS1595,zf-H2C2_5,SprT-like,FYDLN_acid,zf-C2H2_6,BolA	NA
A0A669KBL4	zf-C2H2_4,zf-H2C2_2,zf-C2H2	NA
A0A679EM68	Oest_recep,zf-C4	NA
A0A6E1W9L1	zf-C2H2_4,zf-C2H2,zf-BED,zf-H2C2_2,BTB,zf-C2H2_6	NA
A0A6E1WB48	Foamy_virus_ENV,Hormone_recep,zf-C4	NA
A0A6E1WCP9	Hormone_recep,zf-C4	NA
A0A6E1XE14	TF_AP-2	NA
A0A6E1XZL4	Homeobox_KN,Homeobox,Pou	NA
A0A6E1YDD0	Homeobox,Homeobox_KN,HTH_Tnp_1,Homez	NA
A0A6I8PRC2	HLH,Hairy_orange	NA
A0A6I8PRS3	HLH,Hairy_orange	NA
A0A6Q8NVI4	Zip,CDK5_activator,ARID,DUF3518	NA
A0A6Q8PFM9	HTH_psq	NA
A0A6Q8PG17	V_ATPase_I,DivIC,GAS,Laminin_II,Mer2,IncA,HOOK,bZIP_2,APG6,AAA_13,bZIP_1,DUF3450	NA
A0A6Q8PG83	HTH_psq	NA
A0A6Q8PGL8	HTH_psq	NA
A0A6Q8PGR8	HTH_psq	NA
A0A6Q8PH34	zf-C2H2_4,C1_4,Ribosomal_L37ae,Baculo_ME53,zf-C2H2,zf-C2H2_jaz,zf-met,XPA_N,zf-H2C2_2,CxxC_CxxC_SSSS,zf-C2HC_2,C1_1,zf-C2H2_6,Rep_fac-A_C	NA
A0A7H1D2R2	HLH	NA
A0A7H1D2R4	HLH	NA
A0A7H1D2R5	HLH	NA
A0A7H1D2R6	HLH	NA
A0A7H1D2S6	HLH	NA
A0A7I2PJA1	zf-C2H2_4,zf-H2C2_2,zf-C2H2,TP1	NA
A0A7I2PK40	HLH,PAS,PAS_3,PAS_9,PAS_4	NA
A0A7I2S1M6	zf-C2H2_4,zf-C2H2,zf-C2H2_jaz,zf-H2C2_2,zf-C2H2_6,BolA	NA
A0A7I2V2G1	Tropomyosin_1,STAT_int,Fib_alpha,MerR-DNA-bind,STAT_bind,eIF3_N,STAT_alpha,DUF342,Baculo_PEP_C,SH2,Syntaxin-6_N	NA
A0A7I2V2T1	Tropomyosin_1,STAT_int,Fib_alpha,MerR-DNA-bind,STAT_bind,eIF3_N,STAT_alpha,DUF342,Baculo_PEP_C,TMF_DNA_bd,DUF2730,Syntaxin-6_N	NA
A0A7I2V2U7	RRM_6,RRM_5,RRM_1	NA
A0A7I2V349	RRM_6,RRM_5,RRM_1	NA
A0A7I2V380	STAT_int,STAT_bind,STAT_alpha,Hemerythrin,SH2	NA
A0A7I2V395	Tropomyosin_1,STAT_int,Fib_alpha,MerR-DNA-bind,STAT_bind,eIF3_N,STAT_alpha,DUF342,Baculo_PEP_C,SH2,Syntaxin-6_N	NA
A0A7I2V3F3	RRM_1,RRM_6,DbpA,Limkain-b1,RRM_5	NA
A0A7I2V3V0	Tropomyosin_1,STAT_int,Fib_alpha,MerR-DNA-bind,STAT_bind,eIF3_N,STAT_alpha,DUF342,Baculo_PEP_C,SH2,Syntaxin-6_N	NA
A0A7I2V428	RRM_1,RRM_6,DbpA,Limkain-b1,RRM_5	NA
A0A7I2V444	Tropomyosin_1,STAT_int,Fib_alpha,MerR-DNA-bind,STAT_bind,eIF3_N,STAT_alpha,DUF342,Baculo_PEP_C,SH2,Syntaxin-6_N	NA
A0A7I2V464	RRM_1,RRM_6,Aldedh,PAS_7,NOPS,DUF3256,RRM_5	NA
A0A7I2V4C8	Tropomyosin_1,STAT_int,Fib_alpha,MerR-DNA-bind,STAT_bind,eIF3_N,STAT_alpha,DUF342,Baculo_PEP_C,SH2,Syntaxin-6_N	NA
A0A7I2V4F6	Tropomyosin_1,STAT_int,Fib_alpha,DUF3373,MerR-DNA-bind,STAT_bind,eIF3_N,STAT_alpha,DUF342,Arabinose_Iso_C,Baculo_PEP_C,TMF_DNA_bd,DUF2730,Syntaxin-6_N	NA
A0A7I2V4J2	RRM_1,RRM_6,VIT1,NOPS,RRM_5	NA
A0A7I2V4N2	RRM_1,RRM_6,Aldedh,PAS_7,NOPS,DUF3256,RRM_5	NA
A0A7I2V4R2	Tropomyosin_1,STAT_int,Fib_alpha,MerR-DNA-bind,STAT_bind,eIF3_N,STAT_alpha,DUF342,Baculo_PEP_C,SH2,Syntaxin-6_N	NA
A0A7I2V4R3	Tropomyosin_1,STAT_int,Fib_alpha,MerR-DNA-bind,STAT_bind,eIF3_N,STAT_alpha,DUF342,Baculo_PEP_C,SH2,Syntaxin-6_N	NA
A0A7I2V4X9	zf-C2H2_4,zf-H2C2_2,zf-C2H2	NA
A0A7I2V506	RRM_6,RRM_5,RRM_1	NA
A0A7I2V535	RRM_1,RRM_6,PAS_7,NOPS,DUF3256,RRM_5	NA
A0A7I2V552	STAT_int,STAT_bind,STAT_alpha,SH2,HD_4	NA
A0A7I2V5M5	RRM_3,RRM_6,RRM_5,RRM_1	NA
A0A7I2V5N9	Tropomyosin_1,STAT_int,Fib_alpha,MerR-DNA-bind,STAT_bind,eIF3_N,STAT_alpha,DUF342,Baculo_PEP_C,SH2,Syntaxin-6_N	NA
A0A7I2V5Y7	RRM_1,RRM_6,VIT1,PAS_7,NOPS,RRM_5	NA
A0A7I2V699	Limkain-b1,RRM_6,RRM_5,RRM_1	NA
A0A7I2YQD2	Tropomyosin_1,STAT_int,Fib_alpha,MerR-DNA-bind,STAT_bind,eIF3_N,STAT_alpha,DUF342,Baculo_PEP_C,SH2,Syntaxin-6_N	NA
A0A7I2YQF1	STAT_int,STAT_bind,STAT_alpha,Hemerythrin,SH2	NA
A0A7I2YQI1	Tropomyosin_1,STAT_int,Fib_alpha,MerR-DNA-bind,STAT_bind,eIF3_N,STAT_alpha,DUF342,Baculo_PEP_C,SH2,Syntaxin-6_N	NA
A0A7I2YQR5	Tropomyosin_1,STAT_int,Fib_alpha,MerR-DNA-bind,STAT_bind,eIF3_N,STAT_alpha,DUF342,Baculo_PEP_C,SH2,Syntaxin-6_N	NA
A0A7I2YQR9	HLH,TFIIA,MAS20,DUF605,Suf	NA
A0A7I2YQY3	STAT_int,STAT_bind,STAT_alpha,Hemerythrin,SH2	NA
A0A7P0MRW0	GVQW,RRM_1,RRM_6,SMN,NOPS,RRM_5	NA
A0A7P0N7C4	zf-C2H2_4,zf-C2H2,PhnJ,zf-H2C2_2,zf-H2C2_5,zf-C2H2_6	NA
A0A7P0Q1F0	zf-C2H2_4,CdhC,zf-C2H2,zf-C2H2_jaz,zf-met,zf-H2C2_2,zf-C2H2_2,zf-C2H2_6	NA
A0A7P0SNI2	Myb_DNA-binding,TEA	NA
A0A7P0T820	zf-C2H2_4,zf-C2H2,zf-C2H2_jaz,zf-met,Spore_coat_CotO,zf-H2C2_2,BTB,zf-CHY,SAPS,RRN7,zf-C2H2_6,zf-FCS,ADK_lid,TFIIF_alpha,DZR,Ycf1,Nop14,zf-C2H2_2,BolA;C2H2 ZF	8
A0A7P0T8R5	DUF972,Kinetocho_Slk19,bZIP_Maf,bZIP_2,DUF904,bZIP_1	NA
A0A7P0T8Y1	NICE-3	NA
A0A7P0T907	Pax2_C,HTH_Tnp_IS1,HTH_29,Ribosomal_S13_N,HTH_32,HTH_23,PAX	NA
A0A7P0T947	Ig_2,LAG1-DNAbind,TIG,BTD	NA
A0A7P0T992	NICE-3	NA
A0A7P0T9H5	DUF972,bZIP_Maf,bZIP_2,DUF904,bZIP_1	NA
A0A7P0T9V3	DUF972,bZIP_Maf,bZIP_2,DUF904,bZIP_1	NA
A0A7P0T9Y9	Ig_2,LAG1-DNAbind,TIG,BTD	NA
A0A7P0TA87	HLH	NA
A0A7P0TAC9	Pax2_C,HTH_Tnp_IS1,Ribosomal_S13_N,Homeobox,HTH_32,HTH_29,HTH_23,PAX	NA
A0A7P0TAD2	ERO1,ARID	NA
A0A7P0TAF2	DUF972,bZIP_Maf,bZIP_2,DUF904,bZIP_1	NA
A0A7P0TAH1	DUF972,bZIP_Maf,bZIP_2,DUF904,bZIP_1	NA
A0A7P0TAL6	IRF	NA
A0A7P0TAN4	zf-C2H2_4,zf-C2H2,C1_3,zf-C2H2_jaz,YhfH,XPA_N,zf-met,zf-H2C2_2,C1_1,A2L_zn_ribbon,C1_4,HTH_Tnp_ISL3,Zn_Tnp_IS1595,zf-C2H2_6,Prok-RING_1,KRAB,ZZ,CxxC_CxxC_SSSS,BolA	NA
A0A7P0TB89	DUF972,bZIP_Maf,bZIP_2,DUF904,bZIP_1	NA
A0A7P0TBJ4	Ig_2,LAG1-DNAbind,TIG,BTD	NA
A0A7P0Z421	DUF972,bZIP_Maf,bZIP_2,DUF904,bZIP_1	NA
A0A7P0Z4A3	T-box	NA
A0A7P0Z4I7	DUF972,bZIP_Maf,bZIP_2,DUF904,bZIP_1	NA
A0A7P0Z4M5	PSD5,C2	NA
A0A7P0Z4N7	Ig_2,LAG1-DNAbind,TIG,BTD	NA
A0A804HHU7	zf-C2H2_4,zf-C2H2,zf-C2H2_jaz,XPA_N,zf-H2C2_2,Yippee,C1_1,DUF899,C1_4,TFIIS_C,HTH_Tnp_ISL3,Zn_Tnp_IS1595,zf-C2H2_6,KRAB,Siva,LIM,DNA_RNApol_7kD,CxxC_CxxC_SSSS,BolA	NA
A0A804HHY9	TPR_14,PPR_1,MA3,PPR_2,PPR,PPR_3,TPR_1,ECSIT,TPR_16	NA
A0A804HI14	TPR_14,PPR_1,MA3,Uteroglobin,PPR_2,PPR,PPR_3,TPR_1,ECSIT,Apc3,TPR_16	NA
A0A804HI40	TPR_14,PPR_1,MA3,TPR_8,PPR_2,RPN7,PPR,PPR_3,TPR_1,ECSIT,Apc3,TPR_16	NA
A0A804HI69	zf-C2H2_4,zf-C2H2,DNA_RNApol_7kD,zf-C2H2_jaz,zf-trcl,KRAB,zf-met,zf-H2C2_2,CxxC_CxxC_SSSS,Zn_Tnp_IS1595,zf-C2H2_6	NA
A0A804HIC1	GVQW,zf-C2H2_4,zf-C2H2,Prok-RING_1,zf-C2H2_jaz,zf-met,XPA_N,zf-H2C2_2,DZR,BTB,DUF2197,zinc_ribbon_2,zf-C2H2_2,RRN7,zf-C2H2_6	NA
A0A804HIG1	PPARgamma_N	NA
A0A804HIG4	TPR_14,PPR_1,MA3,Uteroglobin,PPR_2,PPR,PPR_3,TPR_1,ECSIT,Apc3,TPR_16	NA
A0A804HIN4	TPR_14,PPR_1,MA3,Uteroglobin,PPR_2,PPR,PPR_3,TPR_1,ECSIT,Apc3,TPR_16	NA
A0A804HIQ7	TPR_14,PPR_1,MA3,TPR_8,PPR_2,PPR,PPR_3,TPR_1,ECSIT,Apc3,TPR_16	NA
A0A804HIR4	Foamy_virus_ENV,zf-C4	NA
A0A804HIS1	SAND,zf-MYND	NA
A0A804HIV5	MA3,PPR_1,PPR_2,RPN7,PPR,PPR_3,ECSIT,Herpes_BBRF1	NA
A0A804HJ42	zf-C2H2_4,zf-C2H2,DUF3926,SCAN,zf-C2H2_jaz,zf-met2,XPA_N,ZZ,zf-H2C2_2,CxxC_CxxC_SSSS,HTH_Tnp_ISL3,zf-C2H2_6,LIM,MAT_Alpha1,A2L_zn_ribbon	NA
A0A804HJ45	zf-C2H2_4,zf-C2H2,Endonuclease_7,zf-C2H2_jaz,zf-met,zf-H2C2_2,DZR,BTB,zf-C2H2_2,zf-C2HC_2,DUF164,zf-C2H2_6,GATA	NA
A0A804HJ59	zf-C2H2_4,C1_4,zf-C2H2,FYVE,zf-trcl,DUF1610,KRAB,XPA_N,zf-AN1,zf-H2C2_2,CxxC_CxxC_SSSS,HTH_Tnp_ISL3,ROS_MUCR,zf-HIT,zf-C2H2_6,Rep_fac-A_C,BolA	NA
A0A804HJ81	zf-C4	NA
A0A804HJE2	zf-C2H2_4,zf-RING_3,zf-C2H2,zf-C2H2_jaz,MSA-2c,zf-met,zf-H2C2_2,zf-C2HC_2,Pex14_N,zf-C2H2_6	NA
A0A804HJH8	MA3,PPR_1,TPR_14,PPR_2,RPN7,PPR,PPR_3,ECSIT,TPR_16,Herpes_BBRF1	NA
A0A804HJL7	Foamy_virus_ENV,zf-C4	NA
A0A804HJN2	PPARgamma_N,zf-C4	NA
A0A804HJZ1	TPR_14,PPR_1,MA3,Uteroglobin,PPR_2,PPR,PPR_3,TPR_1,ECSIT,Apc3,TPR_16,YkyA	NA
A0A804HK02	MA3,PPR_1,TPR_14,PPR_2,RPN7,PPR,PPR_3,ECSIT,Herpes_BBRF1	NA
A0A804HK30	TPR_14,PPR_1,MA3,Uteroglobin,PPR_2,PPR,PPR_3,TPR_1,ECSIT,Apc3,TPR_16	NA
A0A804HKG3	DUF2360,BEN	NA
A0A804HKI2	TPR_14,PPR_1,MA3,PPR_2,PPR,PPR_3,TPR_1,ECSIT,TPR_16,YkyA	NA
A0A804HKJ0	TPR_14,PPR_1,MA3,Uteroglobin,PPR_2,PPR,PPR_3,TPR_1,ECSIT,Apc3,TPR_16	NA
A0A804HKR3	TPR_14,PPR_1,MA3,Uteroglobin,PPR_2,PPR,PPR_3,TPR_1,ECSIT,Apc3,TPR_16,YkyA	NA
A0A804HKR5	PPR_1,MA3,TPR_14,PPR_2,RPN7,PPR,PPR_3,ECSIT	NA
A0A804HKX0	PPR_1,MA3,TPR_14,PPR_2,RPN7,PPR,PPR_3,ECSIT	NA
A0A804HL40	TPR_14,PPR_1,MA3,Uteroglobin,PPR_2,PPR,PPR_3,TPR_1,ECSIT,Apc3,TPR_16	NA
A0A804HL89	PPARgamma_N,Hormone_recep,DUF1319,zf-C4	NA
A0A804HLG8	TPR_14,PPR_1,MA3,Uteroglobin,PPR_2,PPR,PPR_3,TPR_1,ECSIT,Apc3,TPR_16	NA
A0A804HLH1	PPARgamma_N	NA
A0A8A2IE78	Homeobox_KN,Homeobox,HTH_31,Pou	NA
A0A8B0SUP7	Fork_head	NA
A0A8B0SUS0	Fork_head	NA
A0A8B0SWK9	Fork_head	NA
A0A8B0SWN0	Fork_head	NA
A0A8B0SX42	Fork_head	NA
A0A8B0SX55	Fork_head	NA
A0A8B0SXM7	Fork_head	NA
A0A8B0SXP0	Fork_head	NA
A0A8B0SXZ5	Fork_head	NA
A0A8B0SY07	Fork_head	NA
A0A8B0SY93	Fork_head	NA
A0A8B0T069	Fork_head	NA
A0A8B0T146	Fork_head	NA
A0A8B0T273	Fork_head	NA
A0A8B0T278	Fork_head	NA
A0A8C8KI51	Menin	NA
A0A8C8KI72	Menin	NA
A0A8C8P5L8	HLH,T-box	NA
A0A8C8UYX0	Cdc6_C,RFX_DNA_binding,Pox_D5	NA
A0A8E8R776	SAM_PNT,Ets,AT_hook	NA
A0A8E8R7S3	Ets	NA
A0A8E8R7T2	SAM_PNT,Ets,AT_hook	NA
A0A8E8R951	SAM_PNT,Ets,AT_hook	NA
A0A8E8R9M4	Ets,AT_hook	NA
A0A8E8R9T1	SAM_PNT,Ets,AT_hook	NA
A0A8E8R9U5	SAM_PNT,Ets,AT_hook	NA
A0A8E8RB67	SAM_PNT,Ets,AT_hook	NA
A0A8E8V181	SAM_PNT,Ets,AT_hook	NA
A0A8E8V1G0	SAM_PNT,Ets,AT_hook	NA
A0A8E8V1H0	Ets,AT_hook	NA
A0A8E8V1S5	SAM_PNT,Ets,AT_hook	NA
A0A8E8V1T0	SAM_PNT,Ets	NA
A0A8E8V2S2	SAM_PNT,Ets	NA
A0A8F9S2Z6	GTF2I	NA
A0A8F9W6H4	HLH	NA
A0A8I5JYA4	zf-C2H2_4,zf-C2H2,Evr1_Alr,C1_3,zf-C2H2_jaz,XPA_N,zf-met,zf-H2C2_2,C1_4,zf-RING_3,TFIIS_C,HTH_Tnp_ISL3,Zn_Tnp_IS1595,zf-C2H2_6,KRAB,ZZ,GATA,zf-BED,DNA_RNApol_7kD,CxxC_CxxC_SSSS	NA
A0A8I5KNZ0	CAP_N,Mito_fiss_reg,zf-C4	NA
A0A8I5KPE6	HJURP_C,SRF-TF	NA
A0A8I5KQX3	FadA,DUF1140,Hormone_recep,zf-C4	NA
A0A8I5KQY1	GVQW,SAND,zf-MYND	NA
A0A8I5KRB5	zf-C2H2_4,zf-C2H2,zf-H2C2,zf-C2H2_jaz,HNH,zf-met,zf-H2C2_2,DZR,BTB,zf-C2H2_2,zf-C2H2_6	NA
A0A8I5KRF8	zf-C2H2_4,DUF2225,Elf1,zf-C2H2,DUF3449,zf-C2H2_jaz,zf-met,zf-H2C2_2,zf-C2H2_2,zf-C2HC_2,zf-C2H2_6,BolA	NA
A0A8I5KRR0	zf-C2H2_4,zf-C2H2,HNH,zf-C2H2_jaz,zf-met,zf-H2C2_2,DZR,BTB,zf-C2H2_2,zf-C2H2_6	NA
A0A8I5KRZ6	Ribophorin_I,DUF3313,HLH,RNA_pol_Rpb4	NA
A0A8I5KSR9	FadA,DUF1140,zf-C4	NA
A0A8I5KSZ4	HLH,DUF3371,DUF3313,RNA_pol_Rpb4,5-FTHF_cyc-lig,Ribophorin_I	NA
A0A8I5KTU3	HLH,5-FTHF_cyc-lig,DUF3371	NA
A0A8I5KTY6	zf-C2H2_4,zf-C2H2,zf-C2H2_jaz,XPA_N,Rapsyn_N,zf-H2C2_2,Yippee,C1_4,zinc_ribbon_5,TFIIS_C,zf-AN1,HTH_Tnp_ISL3,Zn_Tnp_IS1595,zf-C2H2_6,C1_2,DUF3280,zf-CSL,Prok-RING_1,FYVE,Tnp_zf-ribbon_2,ZZ,GATA,DNA_RNApol_7kD,zf-BED,zf-trcl,zinc_ribbon_4,CxxC_CxxC_SSSS,CpXC,Ribosomal_L44,BolA	NA
A0A8I5KUA2	GVQW,SAND,zf-MYND	NA
A0A8I5KUH8	FadA,DUF1140,Topoisom_I_N,zf-C4	NA
A0A8I5KUQ1	CP2;Grainyhead	1
A0A8I5KVB5	CENP-B_N,GTF2I,HTH_Tnp_Tc5,HTH_28,Herpes_IE68,HTH_23	NA
A0A8I5KVN9	Mito_fiss_reg,zf-C4	NA
A0A8I5KVP8	FadA,DUF1140,Hormone_recep,CAP_N,zf-C4	NA
A0A8I5KVQ4	HJURP_C,SRF-TF	NA
A0A8I5KW15	HMG_box,DUF1898,Sox_N,MAT_Alpha1	NA
A0A8I5KWP3	FadA,DUF1140,Hormone_recep,CAP_N,zf-C4	NA
A0A8I5KWX0	zf-C2H2_4,zf-C2H2,zf-C2H2_jaz,KRAB,zf-met,zf-H2C2_2	NA
A0A8I5KX72	dsrm,DUF3469,R3H,G-patch_2,G-patch	NA
A0A8I5KXD0	zf-C4	NA
A0A8I5KXT3	FadA,DUF1140,Hormone_recep,CAP_N,zf-C4	NA
A0A8I5KYE6	MH1,CTF_NFI	NA
A0A8I5KYI5	zf-C2H2_4,zf-C2H2,zf-CHCC,zf-BED,zf-C2H2_jaz,zf-H2C2_2,zf-C2HC_2,zf-UBR,DUF3446,RRN7,zf-C2H2_6	NA
A0A8I5KYI8	Homeobox,HTH_31,Pou	NA
A0A8I5QJC6	SAND,zf-MYND	NA
A0A8I5QKU9	Fork_head	NA
A0A8I5QKX4	zf-C2H2_4,DUF4208,zf-C2H2,HNH,zf-C2H2_jaz,zf-H2C2,zf-met,zf-H2C2_2,DZR,BTB,zf-C2H2_2,zf-C2H2_6	NA
A0A8I5QL24	ARID	NA
A0A8J8YL86	MH1,NfI_DNAbd_pre-N,CTF_NFI	NA
A0A8J9C2I7	Homeobox,Homeobox_KN,OAR,XRCC4	NA
A0A8J9FQ52	zf-C2H2_4,Elf1,zf-C2H2,zinc_ribbon_5,DUF3669,zf-C2H2_jaz,DUF1898,zf-CHY,KRAB,zf-met,XPA_N,zf-H2C2_2,HTH_Tnp_ISL3,zf-C2HC_2,zf-C2H2_6	NA
A0A8J9GB59	SDA1,ARID,CDC45,VID27,RRN3,Daxx,DUF1510,DUF3518	NA
A0A8Q3SI57	zf-C2H2_4,zf-C2H2,zf-C2H2_jaz,zf-met,zf-H2C2_2,zf-C2H2_2,zf-C2H2_6,ELM2,Myb_DNA-binding	NA
A0A8Q3SIN3	Elf1,DUF2387,ArfGap,CxxC_CxxC_SSSS,eIF-5_eIF-2B,TF_Zn_Ribbon,Prim_Zn_Ribbon,DZR,GATA,A2L_zn_ribbon	NA
A0A8Q3SIP6	Elf1,DUF2387,ArfGap,CxxC_CxxC_SSSS,eIF-5_eIF-2B,TF_Zn_Ribbon,Prim_Zn_Ribbon,DZR,GATA,A2L_zn_ribbon	NA
A0A8Q3SIR0	zf-C2H2_4,zf-C2H2,UPF0547,YhfH,zf-C2H2_jaz,XPA_N,zf-H2C2_2,C1_4,TFIIS_C,zinc_ribbon_5,zf-AN1,HTH_Tnp_ISL3,Zn_Tnp_IS1595,DUF2321,zf-C2H2_6,Prok-RING_1,COX5B,LIM,GATA,Rpr2,SCAN,DNA_RNApol_7kD,zf-trcl,zinc_ribbon_4,CxxC_CxxC_SSSS,CpXC	NA
A0A8Q3SIT6	Elf1,DUF2387,ArfGap,CxxC_CxxC_SSSS,eIF-5_eIF-2B,TF_Zn_Ribbon,Prim_Zn_Ribbon,DZR,GATA,A2L_zn_ribbon	NA
A0A8Q3SIT7	zf-C2H2_4,zf-C2H2,UPF0547,YhfH,zf-C2H2_jaz,XPA_N,zf-H2C2_2,C1_4,TFIIS_C,zinc_ribbon_5,zf-AN1,HTH_Tnp_ISL3,Zn_Tnp_IS1595,DUF2321,zf-C2H2_6,Prok-RING_1,LIM,GATA,Rpr2,SCAN,DNA_RNApol_7kD,zf-trcl,zinc_ribbon_4,CxxC_CxxC_SSSS,CpXC	NA
A0A8Q3SIZ8	Heme_oxygenase,IRF	NA
A0A8Q3SJ00	IRF	NA
A0A8Q3SJ30	Heme_oxygenase,IRF	NA
A0A8Q3SJ42	IRF	NA
A0A8Q3SJ75	IRF,IRF-3	NA
A0A8Q3SJG7	TF_Zn_Ribbon,GATA	NA
A0A8Q3WKH9	zf-C2H2_4,zf-C2H2,zf-C2H2_jaz,zf-H2C2_2,Zn_Tnp_IS1595,zf-C2HC_2,zf-H2C2_5,zf-C2H2_6	NA
A0A8Q3WKM1	zf-C2H2_4,PyrI_C,zf-C2H2,BIR,zf-BED,zf-C2H2_jaz,zf-trcl,ROS_MUCR,zf-met,zf-H2C2_2,BTB,zf-C2H2_2,zf-C2HC_2,C1_1,DUF3342,FYDLN_acid	NA
A0A8Q3WLD0	DUF2387,eIF-5_eIF-2B,TF_Zn_Ribbon,Prim_Zn_Ribbon,GATA	NA
A0A8Q3WLD2	HTH_11,Homeobox,DUF2175,LIM,Homeobox_KN	NA
A0A8Q3WLL3	DUF3275,IRF	NA
A0A8Q3WLX6	BTB	NA
A0A8V8TL94	zf-C4	NA
A0A8V8TLG8	STAT_int,STAT_bind,STAT_alpha,LXG,CorA,STAT2_C,SH2	NA
A0A8V8TLI6	Sfi1_C,STAT_alpha,STAT_int	NA
A0A8V8TLJ4	STAT_int,STAT_bind,STAT_alpha,LXG,CorA,STAT2_C,SH2	NA
A0A8V8TLS8	zf-C2H2_4,zf-C2H2,zf-C2H2_jaz,zf-met,XPA_N,zf-H2C2_2,CxxC_CxxC_SSSS,BTB,GAGA,C1_1,zf-H2C2_5,zf-C2HC_2,RRN7,zf-C2H2_6,zf-FCS,zf-LYAR	NA
A0A8V8TLT3	zf-C2H2_4,zf-C2H2,C1_3,zf-C2H2_jaz,zf-met,zf-H2C2_2,HypA,BTB,GAGA,C1_1,zinc_ribbon_5,zf-CHY,HTH_Tnp_ISL3,zf-C2H2_6,zf-H2C2_5,Elf1,zf-BED,zf-trcl,CxxC_CxxC_SSSS,zf-C2H2_2,zf-C2HC_2,zf-LYAR	NA
A0A8V8TM01	HMG_box,DUF1898,Sox_N,Beta-lactamase	NA
A0A8V8TM03	BTB	NA
A0A8V8TM04	SAM_PNT,Ets	NA
A0A8V8TM49	Homeobox,Homeobox_KN	NA
A0A8V8TM84	STAT_alpha,STAT_int,SH2,STAT_bind	NA
A0A8V8TM91	STAT_alpha,STAT_int,STAT_bind	NA
A0A8V8TMC2	zf-C2H2_4,zf-C2H2,zf-C2H2_jaz,zf-met,XPA_N,zf-H2C2_2,BTB,DUF2180,zinc_ribbon_5,zf-AN1,zf-C2H2_6,zf-FCS,zf-H2C2_5,DZR,LIM,zf-trcl,CxxC_CxxC_SSSS,zf-C2HC_2,WAC_Acf1_DNA_bd,BolA;C2H2 ZF; AT hook	8
A0A8V8TMG8	zf-C2H2_4,zf-C2H2,zf-C2H2_jaz,XPA_N,zf-met,zf-H2C2_2,A2L_zn_ribbon,C1_4,TFIIS_C,zf-CHY,HTH_Tnp_ISL3,Zn_Tnp_IS1595,zf-Mss51,zf-C2H2_6,KRAB,Siva,Rpr2,zf-trcl,CxxC_CxxC_SSSS	NA
A0A8V8TMJ8	IRF,IRF-3	NA
A0A8V8TMK4	Homeobox,Homeobox_KN	NA
A0A8V8TMK5	IRF	NA
A0A8V8TMN7	IRF,IRF-3	NA
A0A8V8TMP0	IRF,IRF-3	NA
A0A8V8TMP1	IRF,IRF-3	NA
A0A8V8TMP4	STAT_alpha,STAT_int,SH2,STAT_bind	NA
A0A8V8TMP6	IRF	NA
A0A8V8TMQ7	IRF,IRF-3	NA
A0A8V8TMR0	STAT_alpha,STAT_int,SH2,STAT_bind	NA
A0A8V8TMU9	RHD	NA
A0A8V8TMW2	RHD	NA
A0A8V8TN13	IRF,IRF-3	NA
A0A8V8TN14	bZIP_2,bZIP_1,bZIP_Maf	NA
A0A8V8TN47	IRF,IRF-3	NA
A0A8V8TN81	STAT_int,NPV_P10,STAT_bind,STAT_alpha,SH2,Sec20,STAT1_TAZ2bind	NA
A0A8V8TN85	bZIP_2,bZIP_1,bZIP_Maf	NA
A0A8V8TNA6	zf-C2H2_4,Elf1,zf-C2H2,DUF2180,FYVE,zinc_ribbon_5,zf-C2H2_jaz,zf-AN1,COX5B,XPA_N,zf-H2C2_2,CxxC_CxxC_SSSS,BTB,HTH_Tnp_ISL3,zf-C2H2_6,LIM,A2L_zn_ribbon	NA
A0A8V8TNL7	zf-C2H2_4,zf-C2H2,zinc_ribbon_5,zf-C2H2_jaz,zf-trcl,XPA_N,zf-met,zf-H2C2_2,CxxC_CxxC_SSSS,BTB,HypA,DZR,zf-H2C2_5,zf-C2H2_6,zf-FCS,zf-LYAR	NA
A0A8V8TNM0	bZIP_2,bZIP_1,bZIP_Maf	NA
A0A8V8TNQ0	zf-C2H2_4,zf-C2H2,zf-C2H2_jaz,zf-met,zf-H2C2_2,zf-C2H2_2,GAGA,AKAP95,zf-C2H2_6	NA
A0A8V8TP00	STAT_alpha,STAT_int,SH2,STAT_bind	NA
A0A8V8TP16	STAT_alpha,STAT_int,SH2,STAT_bind	NA
A0A8V8TP21	STAT_alpha,STAT_int,SH2,STAT_bind	NA
A0A8V8TP35	IRF,IRF-3	NA
A0A8V8TP43	IRF	NA
A0A8V8TP49	HTH_29,MH1,NfI_DNAbd_pre-N,CTF_NFI	NA
A0A8V8TP65	HTH_29,MH1,NfI_DNAbd_pre-N,CTF_NFI	NA
A0A8V8TP83	IRF	NA
A0A8V8TPA8	bZIP_2,bZIP_1,bZIP_Maf	NA
A0A8V8TPB7	Homeobox,DUF4332,Homeobox_KN	NA
A0A8V8TPC8	bZIP_2,bZIP_1,bZIP_Maf	NA
A0A8V8TPD7	IRF,IRF-3	NA
A0A8V8TPF1	IRF,IRF-3	NA
A0A8V8TPF3	Pol_alpha_B_N,MEI4-Rec24,HTH_3,CUT	NA
A0A8V8TPF4	bZIP_2,bZIP_1,bZIP_Maf	NA
A0A8V8TPF5	IRF,IRF-3	NA
A0A8V8TPF7	CENP-B_N,NUC130_3NT,Sec15,DUF1319,HTH_3,UCH,Homez,HTH_26,Homeobox,HTH_19,PBC,Homeobox_KN	NA
A0A8V8TPI9	zf-C2H2_4,zf-C2H2,DUF3279,zf-C2H2_jaz,zf-met,zf-C2H2_6;C2H2 ZF	4
A0A8V8TPL7	RHD	NA
A0A8V8TPM0	bZIP_2,bZIP_1,bZIP_Maf	NA
A0A8V8TPN0	HTH_29,MH1,NfI_DNAbd_pre-N,CTF_NFI	NA
A0A8V8TPV9	zf-C4	NA
A0A8V8TQG7	HTH_29,MH1,NfI_DNAbd_pre-N,CTF_NFI	NA
A0A8V8TQI3	HTH_29,MH1,NfI_DNAbd_pre-N,CTF_NFI	NA
A0A8V8TQU6	Homeobox,Homeobox_KN	NA
A0A8V8TQV0	HTH_29,MH1,NfI_DNAbd_pre-N,CTF_NFI	NA
A0A8V8TQY2	RHD	NA
A0A8V8TR16	DUF1648,RuvA_C	NA
A0A8V8TR19	Hormone_recep,zf-C4	NA
A0A8V8TR38	T-box	NA
A0A994J3Q8	Secretin_N,DUF1897,KH_5,KH_1,KH_4,KH_3,KH_2	NA
A0A994J434	FCP1_C,AT_hook	NA
A0A994J4C0	RapA_C,DUF4407,Activator-TraM,Bromodomain,Mitofilin,PHD,SDH_alpha,zf-MYND,Spore_III_AB,PWWP	NA
A0A994J4E9	Phi-29_GP3,KH_5,KH_1,KH_4,KH_3,KH_2,ROKNT	NA
A0A994J4F0	HMG_box,DUF1898,Rer1,MAT_Alpha1,CTNNB1_binding	NA
A0A994J4N4	HMG_box,DUF1898,Poxvirus_B22R_N	NA
A0A994J4S7	Phi-29_GP3,KH_5,KH_1,KH_4,KH_3,KH_2,ROKNT	NA
A0A994J4U9	Phi-29_GP3,KH_5,KH_1,KH_4,KH_3,KH_2,ROKNT	NA
A0A994J5B8	Myb_DNA-bind_6,Myb_DNA-binding	NA
A0A994J5C6	zf-C2H2_4,CpXC,zf-C2H2,zf-CHCC,Elf1,Di19,zf-C2H2_jaz,zf-met,zf-H2C2_2,zf-C2H2_2,GAGA,zf-H2C2_5;C2H2 ZF	8
A0A994J5J9	SAM_1,SAM_PNT,SAM_2	NA
A0A994J5Q4	zf-C2H2_4,CpXC,zf-C2H2,zf-C2H2_jaz,zf-H2C2_2,DUF3505,zf-C2H2_2,GAGA,Cys_rich_CPXG,zf-H2C2_5,DZR	NA
A0A994J5R8	zf-C2H2_4,C1_4,zf-C2H2,FYVE,BHD_1,zf-C2H2_jaz,XPA_N,zf-H2C2_2,CxxC_CxxC_SSSS,HTH_Tnp_ISL3,zf-C2H2_6	NA
A0A994J6H2	Fork_head	NA
A0A994J6L2	HLH,T-box	NA
A0A994J6L7	RRM_1,RRM_6,OB_RNB,RRM_3,RRM_5	NA
A0A994J6T5	Phi-29_GP3,KH_5,KH_1,KH_4,KH_3,KH_2,ROKNT	NA
A0A994J6U9	Phi-29_GP3,KH_5,KH_1,KH_4,KH_3,KH_2,ROKNT	NA
A0A994J6W1	Fork_head,Otopetrin,Zip,LMBR1,Baculo_PP31,eIF-3_zeta,Plasmodium_Vir,Mgr1	NA
A0A994J6X9	Exonuc_VII_L,IncA,DivIVA,AAA_23,DUF3347	NA
A0A994J6Y5	RapA_C,DUF4407,Activator-TraM,Bromodomain,Mitofilin,HSP70,Carbpep_Y_N,PHD,SDH_alpha,zf-MYND,Spore_III_AB,PWWP	NA
A0A994J705	FCP1_C,AT_hook	NA
A0A994J711	HMG_box,DUF1898,CTNNB1_binding	NA
A0A994J726	zf-C2H2_4,zf-RING_3,zf-C2H2,CHORD,Raffinose_syn,zf-C2H2_jaz,IBR,zf-met,CCAP,zf-H2C2_2,XPA_N,Transpos_assoc,zf-C2H2_6,zf-CGNR	NA
A0A994J782	Phi-29_GP3,KH_5,KH_1,KH_4,KH_3,KH_2,ROKNT	NA
A0A994J795	KH_1,KH_4,KH_3,KH_2,ROKNT	NA
A0A994J7A5	zf-C2H2_4,DUF4208,zf-C2H2,Desulfoferrod_N,HNH,zf-C2H2_jaz,zf-H2C2,zf-H2C2_2,DZR,BTB,zf-C2H2_2,DUF2175,zf-C2H2_6	NA
A0A994J7C0	HMG_box,DUF1898,CENP-K,LOH1CR12	NA
A0A994J7H0	zf-CXXC,MBD	NA
A0A994J7Z0	zf-C2H2_4,zf-C2H2,zf-CHCC,Di19,zf-C2H2_jaz,C1_3,Rad50_zn_hook,zf-H2C2_2,zf-C2H2_2,GAGA,zf-H2C2_5,zf-DNA_Pol;C2H2 ZF	8
A0A9E8DG70	RRM_1,RRM_6,Hormone_recep,DUF1993,RRM_5,zf-C4	NA
A0A9L9PX76	TFIIF_beta	NA
A0A9L9PXL4	HMG_box,DUF1898,BAH,Bromodomain	NA
A0A9L9PXU6	Pax2_C,HTH_Tnp_IS1,Ribosomal_S13_N,Homeobox,HTH_32,HTH_29,HTH_23,PAX	NA
A0A9L9PYK3	Pax2_C,HTH_Tnp_IS1,Ribosomal_S13_N,Homeobox,HTH_32,HTH_29,HTH_23,PAX	NA
A0AA34QVR9	HAP1_N,Striatin,DivIC,PspA_IM30,TMF_DNA_bd,Jun,bZIP_Maf,FlaC_arch,bZIP_2,DUF904,Seryl_tRNA_N,Jnk-SapK_ap_N,bZIP_1,DUF3450	NA
A0AA34QVS9	zf-C2H2_4,zf-RING_3,zf-C2H2,zf-CHCC,zf-C2H2_jaz,MSA-2c,zf-met,zf-H2C2_2,zf-C2HC_2,Pex14_N,zf-C2H2_6	NA
A0AA34QVT6	zf-C2H2_4,zf-C2H2,Zn_ribbon_recom,zf-C2H2_jaz,XPA_N,zf-H2C2_2,Yippee,GAGA,A2L_zn_ribbon,C1_4,TFIIS_C,zf-AN1,HTH_Tnp_ISL3,Zn_Tnp_IS1595,DUF2321,zf-Mss51,zf-C2H2_6,C1_2,Prok-RING_1,DUF2688,Tnp_zf-ribbon_2,ZZ,GATA,DNA_RNApol_7kD,zf-trcl,CxxC_CxxC_SSSS,CpXC,Ribosomal_L44	NA
A0AA34QVX2	HLH	NA
A0AA75I0P0	Menin	NA
A0AA96HC68	Fork_head	NA
A0AAA9Y9D9	Cdc6_C,RFX_DNA_binding,Pox_D5,DUF3233	NA
A0AAA9YHI0	HMG_box,DUF1898,Sox_N	NA
A0AAA9YHK5	Ets	NA
A0AAA9YHN4	HMG_box,DUF1898,Sox_N,MAT_Alpha1	NA
A0AAA9YHR6	zf-C2H2_4,C1_4,zf-C2H2,NuA4,DUF2688,C1_3,zf-C2H2_jaz,KRAB,XPA_N,zf-met,zf-H2C2_2,CxxC_CxxC_SSSS,Yippee,HTH_Tnp_ISL3,Zn_Tnp_IS1595,HTH_18,zf-C2H2_6	NA
A0AAA9YHU3	HMG_box,DUF1898,Sox_N	NA
A0AAF0YZ08	HIF-1,HIF-1a_CTAD,PAS,HLH,PAS_3,PAS_9,PAS_4	NA
A0AAG2TIR3	zf-C2H2_4,zf-C2H2,Raffinose_syn,KRAB,zf-H2C2_2,zf-Sec23_Sec24,GAGA	NA
A0AAG2TJ73	IRF,IRF-3	NA
A0AAG2TKU2	zf-C2H2_4,zf-C2H2,KRAB,XPA_N,zf-H2C2_2,zf-Sec23_Sec24,GAGA,DUF3198	NA
A0AAG2TLJ2	IRF	NA
A0AAG2TMI8	zf-C2H2_4,zf-C2H2,KRAB,zf-H2C2_2,zf-Sec23_Sec24,GAGA	NA
A0AAG2UW58	Homeobox,Homeobox_KN,Homez	NA
A0AAG2UW84	Fork_head	NA
A0AAG2UWQ9	dsrm,DUF3469,R3H,G-patch_2,G-patch	NA
A0AAQ5BGJ6	Homeobox_KN,Homeobox,HTH_32,HTH_23,Pax7,PAX	NA
A0AAQ5BGK0	Homeobox_KN,Homeobox,HTH_32,HTH_23,Pax7,PAX	NA
A0AAQ5BH24	Rb_C,RB_A,TFIIB,DUF3452,RB_B	NA
A0AAQ5BH52	Rb_C,RB_A,TFIIB,DUF3452,RB_B	NA
A0AAQ5BHQ0	IRF-3,Prefoldin,MH2,MH1	NA
A0AAQ5BHQ2	DUF1955,NusB,MH1,Glycos_transf_N	NA
A0AAQ5BHR1	STAT_int,NPV_P10,STAT_bind,STAT_alpha,CRC_subunit	NA
A0AAQ5BHS1	zf-C2H2_4,zf-C2H2,zf-C2H2_jaz,zf-met,zf-H2C2_2,FYDLN_acid,zf-C2H2_6,zf-C4_ClpX	NA
A0AAQ5BHS5	IRF-3,Prefoldin,MH2,MH1	NA
A0AAQ5BHS9	MH2,MH1	NA
A0AAQ5BHT7	DUF1955,NusB,MH1,Ded_cyto,Prefoldin,Glycos_transf_N	NA
A0AAQ5BHU0	MH2,MH1	NA
A0AAQ5BHU1	DUF1955,NusB,MH1,Glycos_transf_N	NA
A0AAQ5BHU2	IRF-3,MH2,MH1	NA
A0AAQ5BHU9	DUF1955,NusB,MH1,Glycos_transf_N	NA
A0AAQ5BHV1	IRF-3,MH2,MH1	NA
A0AAQ5BHV2	IRF-3,MH2,MH1	NA
A0AAQ5BHV5	IRF-3,MH2,MH1	NA
A0AAQ5BHW2	MH2,MH1	NA
A0AAQ5BHW3	STAT_int,NPV_P10,STAT_bind,STAT_alpha,CRC_subunit,SH2	NA
A0AAQ5BHX1	HisKA_2,STAT_alpha,STAT_int,STAT_bind	NA
A0AAQ5BHX5	P53_tetramer,P53,DEC-1_N,P53_TAD	NA
A0AAQ5BHY1	P53_tetramer,P53,DEC-1_N	NA
A0AAQ5BHY6	IRF-3,MH2,MH1	NA
A0AAQ5BHZ6	DUF1955,MH1,Glycos_transf_N	NA
A0AAQ5BHZ9	P53_tetramer,P53,DEC-1_N,P53_TAD	NA
A0AAQ5BI40	STAT_alpha,STAT_int,STAT_bind	NA
A0AAQ5BIG2	RRM_1,RRM_6,RRM_5,zf-RanBP	NA
A0AAQ5BIH9	zf-C2H2_4,zf-C2H2,zf-C2H2_jaz,KRAB,zf-met,zf-H2C2_2,zf-C2H2_6	NA
A0AAQ5BIJ6	zf-C2H2_4,C1_4,zf-C2H2,TFIIS_C,DNA_RNApol_7kD,C1_3,zf-C2H2_jaz,zf-AN1,KRAB,XPA_N,ZZ,zf-H2C2_2,CxxC_CxxC_SSSS,Yippee,HTH_Tnp_ISL3,Zn_Tnp_IS1595,MBD,zf-C2H2_6	NA
A0AAU7P1G8	Fork_head	NA
A0AUX1	zf-C2H2_4,C1_4,zf-C2H2,zf-C2H2_jaz,KRAB,zf-H2C2_2,Siva,HTH_18,Zn_Tnp_IS1595,zf-H2C2_5,zf-C2H2_6,BolA	NA
A0AV05	zf-C2H2_4,zf-C2H2,Prok-RING_1,DNA_RNApol_7kD,zf-C2H2_jaz,KRAB,XPA_N,zf-H2C2_2,CxxC_CxxC_SSSS,Zn_Tnp_IS1595,FYDLN_acid,zf-C2H2_6,LIM	NA
A0AVK6	TrmB,UPF0122,E2F_TDP,B-block_TFIIIC	NA
A0JLQ9	STAT_int,STAT_bind,LXG,STAT_alpha,CorA	NA
A0JLS9	zf-C2H2_4,zf-C2H2,zf-C2H2_jaz,DUF1610,zf-met,zf-H2C2_2,Homeobox,zf-C2H2_6	NA
A0JNV5	zf-C2H2_4,C1_4,zf-C2H2,zf-C2H2_jaz,KRAB,zf-met2,zf-H2C2_2,CxxC_CxxC_SSSS,HTH_Tnp_ISL3,Zn_Tnp_IS1595,zf-C2H2_6,BolA	NA
A0JP08	zf-C2H2_4,zf-C2H2,zf-C2H2_jaz,zf-met,zf-H2C2_2,Homeobox,zf-C2H2_2,zf-H2C2_5,zf-C2H2_6	NA
A0PJ47	RRM_5,RRM_6,SAP,RRM_1	NA
A0PJ55	zf-C2H2_4,zf-C2H2,Zn_ribbon_recom,NifU_N,Prok-RING_2,zf-C2H2_jaz,XPA_N,zf-met,zf-H2C2_2,HypA,GAGA,C1_1,Rubredoxin,A2L_zn_ribbon,C1_4,TFIIS_C,zinc_ribbon_5,zf-AN1,HTH_Tnp_ISL3,Zn_Tnp_IS1595,zf-C2H2_6,C1_2,ADK_lid,LIM,GATA,zf-BED,DNA_RNApol_7kD,zf-trcl,CxxC_CxxC_SSSS,zf-C2H2_2,FYDLN_acid	NA
A0PJD3	ELM2,Myb_DNA-binding	NA
A0PJF9	HLH,PAS,PAS_3,PAS_9,RNA_pol_Rpb4	NA
A0PJY2	zf-C2H2_4,zf-RING_3,zf-C2H2,zf-C2H2_jaz,zf-C3HC4_2,zf-CHY,zf-met,zf-H2C2_2,CxxC_CxxC_SSSS,HypA,zf-Sec23_Sec24,GAGA,Zn_Tnp_IS1595,DZR,FYDLN_acid,zf-C2H2_6	NA
A1A519	RHH_1,zf-C2H2_jaz	NA
A1A525	zf-C2H2_4,C1_4,zf-RING_3,zf-C2H2,Zn_ribbon_recom,TFIIS_C,Prok-RING_1,DNA_RNApol_7kD,zf-C2H2_jaz,zf-trcl,XPA_N,zf-met,zf-H2C2_2,HTH_Tnp_ISL3,CxxC_CxxC_SSSS,Zn_Tnp_IS1595,zf-C2H2_6,LIM	NA
A1ECB1	Homeobox,Homez	NA
A1ECB2	Homeobox,Homez	NA
A1ECB6	Homeobox,Homez	NA
A1ECB7	Homeobox,Homez	NA
A1ECB8	Homeobox,Homez	NA
A1ECD1	Homeobox,Homez	NA
A1L0T6	Homeobox,DUF2209,Homeobox_KN	NA
A2A2N5	zf-C2H2_4,zf-C2H2,zf-C2H2_jaz,zf-met,zf-H2C2_2,YyzF,AKAP95,zf-H2C2_5,zf-C2H2_6,DUF3799	NA
A2AB93	HOK_GEF,BTB	NA
A2I2P5	HLH,PAS,PAS_3,PAS_9,RNA_pol_Rpb4	NA
A2I829	dsrm,R3H,G-patch,G-patch_2	NA
A2NIV0	Ets,ETS_PEA3_N	NA
A2RRD8	zf-C2H2_4,C1_4,zf-C2H2,Prok-RING_1,C1_3,zf-C2H2_jaz,BHD_2,KRAB,zf-met,XPA_N,zf-H2C2_2,CxxC_CxxC_SSSS,HTH_Tnp_ISL3,Zn_Tnp_IS1595,A2L_zn_ribbon,zf-C2H2_6,BolA	NA
A2RU54	Homeobox	NA
A2RUI7	zf-C2H2_4,C1_4,zf-C2H2,FYVE,DUF2180,zf-C2H2_jaz,IBR,zf-AN1,KRAB,zf-H2C2_2,HTH_Tnp_ISL3,zf-C2H2_6,zf-UBP,BolA	NA
A2VDJ6	zf-C2H2_4,zf-C2H2,Zn_ribbon_recom,zf-C2H2_jaz,XPA_N,zf-H2C2_2,Yippee,C1_1,C1_4,zf-RING_3,TFIIS_C,zf-AN1,HTH_Tnp_ISL3,Zn_Tnp_IS1595,zf-C2H2_6,KRAB,GATA,zf-BED,DNA_RNApol_7kD,CxxC_CxxC_SSSS,BolA	NA
A3F768	dsrm,R3H,G-patch,G-patch_2	NA
A3F769	dsrm,R3H,G-patch,G-patch_2	NA
A3KPE3	Fork_head	NA
A4D0T4	Fork_head,Zip,TT_ORF1,eIF-3_zeta,Plasmodium_Vir,Mgr1	NA
A4D0Z1	HTH_Tnp_IS1,HTH_29,Homeobox_KN,Homeobox,HTH_23,PAX	NA
A4D178	bZIP_2,bZIP_1,bZIP_Maf	NA
A4D182	DUF4074,Homeobox	NA
A4D1Z4	Fork_head	NA
A4D2A4	zf-C2H2_4,zf-C2H2,zf-C2H2_jaz,XPA_N,zf-H2C2_2,Yippee,C1_1,C1_4,TFIIS_C,zf-AN1,HTH_Tnp_ISL3,Zn_Tnp_IS1595,DUF2321,zf-MYND,zf-C2H2_6,FYVE,Prok-RING_1,KRAB,ZZ,zf-H2C2_5,GATA,zf-BED,DNA_RNApol_7kD,NUMOD4,zf-trcl,CxxC_CxxC_SSSS,CpXC	NA
A4D2L0	Ets	NA
A4D2M8	Tachystatin_B,GTF2I,Phospho_p8	NA
A4D7U3	zf-C2H2_4,zf-C2H2,DUF3408,bZIP_2,DUF2397,bZIP_1	NA
A4D7U7	bZIP_2,bZIP_1,DUF2397	NA
A4D7U9	Shugoshin_N,bZIP_Maf,bZIP_2,IPP-2,bZIP_1	NA
A4D7V5	bZIP_2,bZIP_1,Shugoshin_N,bZIP_Maf	NA
A4LBB6	HLH	NA
A5D905	Sfi1_C,STAT_alpha,STAT_int	NA
A5HJR3	zf-C2H2_4,zf-C2H2,zf-C2H2_jaz,XPA_N,zf-H2C2_2,C1_1,C1_4,DUF2256,HTH_Tnp_ISL3,Zn_Tnp_IS1595,DUF2321,zf-C2H2_6,Desulfoferrod_N,C1_2,KRAB,Rpr2,DNA_RNApol_7kD,zf-trcl,CxxC_CxxC_SSSS,UBN_AB	NA
A5PKW7	Myb_DNA-binding	NA
A5PL18	zf-C2H2_4,C1_4,zf-C2H2,zf-C2H2_jaz,zf-met,zf-H2C2_2,DZR,BTB,GAGA,zf-H2C2_5,DUF3342,zf-C2H2_6,DUF776	NA
A5Y0M9	AT_hook	NA
A5YM43	SAM_1,SAM_PNT,zf-FCS,SAM_2	NA
A6H901	Fork_head	NA
A6NCS4	Homeobox,Homez	NA
A6NDR6	Homeobox,Homeobox_KN	NA
A6NDX5	zf-C2H2_4,C1_4,zf-C2H2,HTH_OrfB_IS605,zf-C2H2_jaz,zf-CHY,KRAB,zf-H2C2_2,CxxC_CxxC_SSSS,Zn_Tnp_IS1595,zf-C2H2_6,NADH-G_4Fe-4S_3,BolA	NA
A6NFD8	HLH,RNA_pol_Rpb4,Hairy_orange	NA
A6NFI3	zf-C2H2_4,Elf1,zf-C2H2,zf-C2H2_jaz,zf-trcl,KRAB,zf-met,zf-H2C2_2,CxxC_CxxC_SSSS,zf-C2HC_2,zf-C2H2_6,zf-LYAR	NA
A6NFQ7	Homeobox,Homeobox_KN	NA
A6NFS0	zf-C2H2_4,zf-C2H2,Evr1_Alr,YhfH,zf-C2H2_jaz,zf-met,XPA_N,zf-H2C2_2,HypA,C1_4,zinc_ribbon_5,zf-AN1,HTH_Tnp_ISL3,Zn_Tnp_IS1595,zf-C2H2_6,DUF1407,Prok-RING_1,COX5B,LIM,GATA,Elf1,DNA_RNApol_7kD,CxxC_CxxC_SSSS,zf-C2H2_2,CpXC	NA
A6NGV6	HLH,PAS,PAS_3,PAS_9,PAS_4	NA
A6NHJ4	zf-C2H2_4,zf-C2H2,Prok-RING_1,C1_3,zf-C2H2_jaz,KRAB,zf-met,XPA_N,zf-H2C2_2,CxxC_CxxC_SSSS,HTH_Tnp_ISL3,Zn_Tnp_IS1595,C1_1,zf-H2C2_5,GAGA,zf-C2H2_6,BolA	NA
A6NHT5	Homeobox	NA
A6NI15	HLH	NA
A6NJ46	Homeobox,Homez	NA
A6NJG6	Homeobox,mRNA_triPase,Phostensin_N	NA
A6NJL1	zf-C2H2_4,C1_4,PyrI_C,zf-C2H2,DUF3268,SCAN,DUF1407,zf-C2H2_jaz,zf-AN1,zf-met,zf-H2C2_2,GAGA,C1_1,zf-MYND,RRN7,zf-C2H2_6,BolA	NA
A6NJT0	Homeobox	NA
A6NK53	zf-C2H2_4,zf-C2H2,zf-C2H2_jaz,KRAB,zf-met,zf-H2C2_2,zf-C2H2_6,BolA;C2H2 ZF	9
A6NK75	zf-C2H2_4,C1_4,zf-C2H2,Desulfoferrod_N,DNA_RNApol_7kD,C1_3,zf-C2H2_jaz,DUF1610,KRAB,XPA_N,ROS_MUCR,zf-H2C2_2,CxxC_CxxC_SSSS,HTH_Tnp_ISL3,DUF164,Zn_Tnp_IS1595,zf-C2H2_6,BolA	NA
A6NKF2	ARID	NA
A6NLG4	MRP-L20,Homeobox,Homeobox_KN,OAR	NA
A6NLW8	Homeobox,CENP-B_N,Homeobox_KN,CS	NA
A6NM28	zf-C2H2_4,zf-C2H2,Acetone_carb_G,C1_3,zf-C2H2_jaz,XPA_N,zf-met,zf-H2C2_2,Yippee,GAGA,C1_1,DrsE,C1_4,zf-CHY,zf-AN1,HTH_Tnp_ISL3,Zn_Tnp_IS1595,zf-MYND,RRN7,zf-C2H2_6,zf-UBP,zf-CSL,KRAB,zf-H2C2_5,DZR,CxxC_CxxC_SSSS,FYDLN_acid,zf-LYAR,BolA	NA
A6NMT0	Homeobox,DUF2986,Homez	NA
A6NN14	zf-C2H2_4,zf-C2H2,BHD_1,zf-C2H2_jaz,KRAB,XPA_N,zf-H2C2_2,CxxC_CxxC_SSSS,Zn_Tnp_IS1595,C1_1,DUF2790,zf-C2H2_6,BolA;C2H2 ZF	37
A6NNA5	Homeobox,Homeobox_KN,OAR	NA
A6NNF4	zf-C2H2_4,C1_4,zf-C2H2,DNA_RNApol_7kD,C1_3,zf-C2H2_jaz,zf-trcl,zf-AN1,KRAB,XPA_N,zf-H2C2_2,CxxC_CxxC_SSSS,HTH_Tnp_ISL3,Zn_Tnp_IS1595,zf-C2H2_6,DUF2213,BolA;C2H2 ZF	18
A6NP11	zf-C2H2_4,zf-C2H2,C1_3,zf-C2H2_jaz,Ogr_Delta,XPA_N,zf-met,zf-H2C2_2,Ribosomal_L31,C1_4,zinc_ribbon_5,zf-CHY,HTH_Tnp_ISL3,Zn_Tnp_IS1595,zf-C2H2_6,C1_2,Desulfoferrod_N,KRAB,DNA_RNApol_7kD,zf-trcl,DUF1610,zinc_ribbon_4,CxxC_CxxC_SSSS,DUF164,CpXC,BolA	NA
A6PVD3	HMG_box,DUF1898,Sox_N,MAT_Alpha1	NA
A6XGM5	zf-C2H2_4,zf-C2H2,zf-H2C2_2,GAGA,AKAP95	NA
A6XGM6	zf-C2H2_4,zf-C2H2,zf-H2C2_2,zf-C2H2_2,AKAP95,GAGA,zf-H2C2_5	NA
A6XGM9	zf-C2H2_4,zf-H2C2_2,zf-C2H2,zf-H2C2_5	NA
A6XGN5	zf-C2H2_4,zf-C2H2,PhnJ,zf-C2H2_jaz,zf-H2C2_2,zf-C2H2_2,AKAP95,GAGA,zf-H2C2_5,HTH_18,zf-C2H2_6	NA
A7E228	zf-C2H2_4,zf-C2H2,zf-CHCC,Di19,zf-C2H2_jaz,C1_3,Rad50_zn_hook,zf-H2C2_2,zf-C2H2_2,GAGA,zf-H2C2_5,zf-DNA_Pol;C2H2 ZF	8
A7MAY2	zf-C2H2_4,zf-C2H2,Zn_ribbon_recom,zf-DNL,zf-C2H2_jaz,XPA_N,zf-H2C2_2,Yippee,C1_4,TFIIS_C,HTH_Tnp_ISL3,Zn_Tnp_IS1595,zf-C2H2_6,Prok-RING_1,DUF2688,KRAB,ZZ,GATA,DNA_RNApol_7kD,zf-trcl,CxxC_CxxC_SSSS,CpXC,Ribosomal_L44	NA
A7MD06	zf-C2H2_4,zf-C2H2,SCAN,zf-C2H2_jaz,KRAB,XPA_N,zf-H2C2_2,CxxC_CxxC_SSSS,Zn_Tnp_IS1595,zf-C2HC_2,zf-C2H2_6,BolA	NA
A7WPU7	HMG_box,DUF1908,DUF1898	NA
A7WPU8	HMG_box,DUF1908,DUF1898	NA
A7WPU9	HMG_box,DUF1908,DUF1898	NA
A7WPV0	HMG_box,DUF1908,DUF1898	NA
A7WPV2	HMG_box,DUF1908,DUF1898	NA
A7XAK3	HMG_box,DUF1898	NA
A7YF73	zf-C2H2_4,zf-C2H2,zf-C2H2_jaz,zf-AN1,zf-met,zf-C2H2_2,zf-C2HC_2,zf-C2H2_6	NA
A8IE48	SAM_PNT,Ets,GABP-alpha	NA
A8K079	MBD	NA
A8K0D5	DUF3584,HMG_box,DUF1898,IncA,OmpH	NA
A8K0G7	zf-C2H2_4,zf-C2H2,Homez,Homeobox,DUF4028,Homeobox_KN	NA
A8K0S8	Homeobox,Homeobox_KN	NA
A8K0Z7	HLH,TIG	NA
A8K124	zf-H2C2_2,DUF4195,zf-C2H2_jaz	NA
A8K1C6	zf-C2H2_4,C1_4,zf-C2H2,Prok-RING_1,C1_3,zf-C2H2_jaz,BHD_2,zf-met,XPA_N,zf-H2C2_2,HTH_Tnp_ISL3,CxxC_CxxC_SSSS,Zn_Tnp_IS1595,zf-C2H2_6,BolA	NA
A8K1G6	zf-C2H2_4,C1_4,zf-C2H2,zf-C2H2_jaz,XPA_N,zf-H2C2_2,CxxC_CxxC_SSSS,C1_1,zf-C2H2_6,BolA	NA
A8K1I4	zf-C2H2_4,C1_4,zf-C2H2,YhfH,zf-C2H2_jaz,zf-AN1,zf-met,XPA_N,zf-H2C2_2,CxxC_CxxC_SSSS,zinc_ribbon_2,zf-C2HC_2,zf-C2H2_6,Ribosomal_L31,zf-LYAR	NA
A8K1M8	HLH,DUF3772,Hairy_orange	NA
A8K1S9	zf-C2H2_4,zf-C2H2,Sigma_reg_C,UPF0547,tRNA-synt_2d,C1_3,zf-C2H2_jaz,BHD_2,XPA_N,Rapsyn_N,zf-H2C2_2,CTV_P23,C1_1,C1_4,TFIIS_C,HTH_Tnp_ISL3,Zn_Tnp_IS1595,zf-C2H2_6,Prok-RING_1,KRAB,ZZ,DNA_RNApol_7kD,CxxC_CxxC_SSSS,BHD_1,BolA	NA
A8K206	Hormone_recep,zf-C4	NA
A8K251	zf-C2H2_4,DUF2225,zf-C2H2,Endonuclease_7,Prok-RING_1,zf-C2H2_jaz,zf-CHY,zf-met,zf-H2C2_2,HTH_Tnp_ISL3,BTB,zf-C2H2_2,zf-C2HC_2,zf-Sec23_Sec24,zf-C2H2_6,BolA	NA
A8K2N2	zf-C2H2_4,C1_4,zf-C2H2,OGG_N,DUF2688,zf-C2H2_jaz,XPA_N,zf-H2C2_2,HTH_Tnp_ISL3,Yippee,CxxC_CxxC_SSSS,Zn_Tnp_IS1595,CpXC,zf-C2H2_6,GATA,Csm1	NA
A8K2T5	zf-C2H2_4,PHF5,CpXC,zf-C2H2,zf-H2C2_2,zf-C2H2_2,zf-H2C2_5	NA
A8K2V5	TIG,RHD	NA
A8K329	SAP,RRM_6,RRM_5,RRM_1	NA
A8K350	zf-C2H2_4,Elf1,zf-C2H2,Zn_Tnp_IS1,zf-BED,zf-C2H2_jaz,zf-met,zf-H2C2_2,zf-C2H2_2,zf-H2C2_5,RRN7,zf-C2H2_6	NA
A8K360	zf-C2H2_4,zf-C2H2,C1_3,zf-C2H2_jaz,XPA_N,zf-H2C2_2,HTH_Tnp_ISL3,Zn_Tnp_IS1595,zf-C2H2_6,Desulfoferrod_N,ROS_MUCR,KRAB,ADK_lid,SprT-like,DNA_RNApol_7kD,DUF1610,CxxC_CxxC_SSSS,DUF164,Rep_fac-A_C,BolA	NA
A8K383	DUF972,bZIP_Maf,bZIP_2,DUF904,bZIP_1	NA
A8K3D4	zf-C2H2_4,C1_4,zf-RING_3,zf-C2H2,DNA_RNApol_7kD,zf-C2H2_jaz,XPA_N,zf-met,zf-H2C2_2,HTH_Tnp_ISL3,CxxC_CxxC_SSSS,Yippee,Zn_Tnp_IS1595,C1_1,CpXC,zf-C2H2_6,LIM,GATA	NA
A8K3E0	DUF2248,bZIP_Maf,bZIP_2,Hemerythrin,bZIP_1	NA
A8K3H3	Hormone_recep,Troponin-I_N,zf-C4	NA
A8K3H7	bZIP_2,bZIP_1	NA
A8K3H9	RHD	NA
A8K3J6	T-box	NA
A8K3P5	zf-C2H2_4,zf-C2H2,Zn_ribbon_recom,zf-C2H2_jaz,XPA_N,zf-met,zf-H2C2_2,Yippee,MBD,C1_4,zf-RING_3,HTH_Tnp_ISL3,Zn_Tnp_IS1595,zf-C2H2_6,zf-UBP,IGPD,KRAB,GATA,DNA_RNApol_7kD,CxxC_CxxC_SSSS,zf-C2HC_2,BolA	NA
A8K3T5	zf-C2H2_4,zf-C2H2,C1_3,zf-H2C2_2,HypA,zf-DNA_Pol,DUF2752,Rad50_zn_hook,Zn_Tnp_IS1595,zf-Mss51,Terminase_GpA,zf-C2H2_6,Prok-RING_1,zf-H2C2_5,DUF2225,DZR,Elf1,CxxC_CxxC_SSSS,zf-C2H2_2	NA
A8K3U6	zf-C2H2_4,C1_4,zf-C2H2,Prok-RING_1,zf-BED,zf-C2H2_jaz,DNA_RNApol_7kD,KRAB,zf-met,zf-met2,zf-H2C2_2,CxxC_CxxC_SSSS,HTH_Tnp_ISL3,Zn_Tnp_IS1595,zf-C2HC_2,zf-C2H2_6,BolA	NA
A8K3X7	Homeobox,MerR_1,LIM,Homeobox_KN	NA
A8K433	zf-C2H2_4,zf-C2H2,Zn_ribbon_recom,YhfH,zf-C2H2_jaz,XPA_N,zf-met,zf-H2C2_2,C1_4,zf-AN1,HTH_Tnp_ISL3,Zn_Tnp_IS1595,RRN7,zf-C2H2_6,Prok-RING_1,Siva,LIM,zf-BED,CxxC_CxxC_SSSS,HTH_18,Ribosomal_L44,BolA	NA
A8K443	SAM_PNT,Ets	NA
A8K4D1	Homeobox,Homez	NA
A8K4H1	RRM_1,RRM_6,RRM_5,zf-RanBP	NA
A8K4L4	zf-C2H2_4,zf-C2H2,YEATS,zf-C2H2_jaz,zf-CHY,KRAB,ARS2,zf-H2C2_2,CxxC_CxxC_SSSS,HTH_18,Zn_Tnp_IS1595,zf-C2H2_6	NA
A8K4Q6	bZIP_Maf,bZIP_2,BTB,DUF904,bZIP_1	NA
A8K4S9	STAT_alpha,STAT_int,SH2,STAT_bind	NA
A8K525	RRM_1,RRM_6,VIT1,NOPS,RRM_5	NA
A8K557	TF_AP-2	NA
A8K591	Fork_head,EspF	NA
A8K5A9	zf-C2H2_4,zf-C2H2,C1_3,zf-C2H2_jaz,zf-met,XPA_N,zf-H2C2_2,Yippee,C1_4,TFIIS_C,HTH_Tnp_ISL3,Zn_Tnp_IS1595,zf-C2H2_6,DZR,SCAN,zf-BED,DNA_RNApol_7kD,zf-trcl,CxxC_CxxC_SSSS,CpXC	NA
A8K5C0	zf-C2H2_4,C1_4,zf-C2H2,zf-C2H2_jaz,zf-trcl,zf-CHY,KRAB,cEGF,zf-met,zf-H2C2_2,CpXC,zf-C2H2_6,LIM	NA
A8K5C7	zf-C2H2_4,C1_4,zf-C2H2,Prok-RING_2,zf-BED,zf-C2H2_jaz,zf-trcl,IBD,KRAB,zf-AN1,zf-met,zf-H2C2_2,CxxC_CxxC_SSSS,HTH_18,Zn_Tnp_IS1595,C1_1,zf-MYND,zf-C2H2_6	NA
A8K5C8	zf-C2H2_4,zf-C2H2,zf-C2H2_jaz,zf-met,zf-H2C2_2,Yippee,MBD,DUF899,C1_4,zf-AN1,HTH_Tnp_ISL3,Zn_Tnp_IS1595,zf-C2H2_6,zf-UBP,KRAB,PhnJ,CxxC_CxxC_SSSS,CpXC,BolA	NA
A8K5H1	zf-C2H2_4,zf-C2H2,C1_3,zf-C2H2_jaz,XPA_N,zf-H2C2_2,zf-CHY,HTH_Tnp_ISL3,Zn_Tnp_IS1595,DUF2321,zf-C2H2_6,Desulfoferrod_N,ROS_MUCR,KRAB,ADK_lid,DNA_RNApol_7kD,zf-trcl,CxxC_CxxC_SSSS,DUF164,BolA	NA
A8K5K3	HLH,DUF3371,DUF3313,RNA_pol_Rpb4,5-FTHF_cyc-lig	NA
A8K5P3	zf-C2H2_4,C1_4,zf-C2H2,Zn_ribbon_recom,zf-C2H2_jaz,zf-CHY,KRAB,zf-H2C2_2,CxxC_CxxC_SSSS,Zn_Tnp_IS1595,zf-C2H2_6	NA
A8K5U8	zf-C2H2_4,C1_4,DUF1806,zf-RING_3,zf-C2H2,Rpr2,zf-BED,BHD_1,zf-C2H2_jaz,zf-trcl,KRAB,zf-met2,XPA_N,zf-H2C2_2,CxxC_CxxC_SSSS,DUF82,Zn_Tnp_IS1595,zf-C2H2_6	NA
A8K5V0	CENP-B_N,Sec15,DUF1319,HTH_3,UCH,Homez,HTH_26,Homeobox,HTH_19,PBC,Homeobox_KN	NA
A8K5X3	zf-C2H2_4,zf-C2H2,zf-C2H2_jaz,Fer2_2,zf-met,zf-H2C2_2,zf-C2HC_2,FYDLN_acid,zf-C2H2_6,BolA	NA
A8K5X7	zf-C2H2_4,C1_4,zf-C2H2,DNA_RNApol_7kD,zf-BED,zf-C2H2_jaz,zf-H2C2_2,CxxC_CxxC_SSSS,HTH_Tnp_ISL3,Yippee,Zn_Tnp_IS1595,C1_1,DUF1528,Chordopox_RPO7,DUF899,zf-C2H2_6,LIM	NA
A8K601	zf-C2H2_4,PyrI_C,zf-C2H2,zinc_ribbon_5,zf-C2H2_jaz,zf-AN1,zinc_ribbon_4,zf-met,zf-H2C2_2,DUF3505,CxxC_CxxC_SSSS,zf-C2H2_2,DUF678,DUF3222,zf-C2H2_6	NA
A8K654	zf-CXXC,MBD	NA
A8K6F4	zf-C2H2_4,zf-C2H2,Mito_fiss_reg,zf-C2H2_jaz,zf-CHY,zf-met,zf-H2C2_2,BTB,zf-C2H2_2,GAGA,C1_1,RRN7,zf-C2H2_6	NA
A8K6I5	STAT_int,STAT_bind,STAT_alpha,Hemerythrin,SH2	NA
A8K6P0	HLH,PAS,PAS_3,Ribosomal_S13_N,PAS_9,PAS_4	NA
A8K6P6	zf-C2H2_4,zf-C2H2,Rpr2,FYVE,zf-C2H2_jaz,zf-met,zf-H2C2_2,zf-C2H2_2,zf-C2H2_6	NA
A8K6R9	zf-C2H2_4,C1_4,zf-RING_3,zf-C2H2,DNA_RNApol_7kD,C1_3,zf-C2H2_jaz,KRAB,XPA_N,zf-H2C2_2,CxxC_CxxC_SSSS,CpXC,zf-C2H2_6,LIM	NA
A8K6T5	SPRY	NA
A8K6U2	HMG_box,DUF1898,DUF2028	NA
A8K720	HJURP_C,SRF-TF	NA
A8K725	SAM_PNT,GluR_Homer-bdg,Ets,HSF_DNA-bind	NA
A8K7J8	zf-C2H2_4,C1_4,zf-C2H2,DNA_RNApol_7kD,zf-C2H2_jaz,XPA_N,zf-H2C2_2,CxxC_CxxC_SSSS,Yippee,zf-C2HC_2,CpXC,zf-C2H2_6	NA
A8K7L7	FadA,DUF1140,Hormone_recep,CAP_N,zf-C4	NA
A8K7N7	Fork_head	NA
A8K7X9	zf-C2H2_4,zf-C2H2,zf-C2H2_jaz,XPA_N,zf-H2C2_2,zf-RING_3,zf-CHY,Chordopox_RPO7,Zn_Tnp_IS1595,zf-C2H2_6,zf-UBP,KRAB,WAC_Acf1_DNA_bd,LIM,zf-BED,zf-trcl,CxxC_CxxC_SSSS,FYDLN_acid,BHD_1,zf-LYAR,BolA	NA
A8K7Y5	zf-C2H2_4,C1_4,zf-C2H2,DUF3280,zf-C2H2_jaz,Ham1p_like,KRAB,zf-met,XPA_N,zf-H2C2_2,CxxC_CxxC_SSSS,HTH_Tnp_ISL3,Zn_Tnp_IS1595,zf-C2H2_6	NA
A8K811	Fork_head	NA
A8K823	GAS,DUF972,TSC22,FtsL,Herpes_BLRF2,HOOK,bZIP_Maf,IncA,DUF2630,bZIP_2,NDUF_B6,Shugoshin_N,UPF0242,CASP_C,bZIP_1	NA
A8K840	Hormone_recep,zf-C4	NA
A8K8A2	zf-C2H2_4,C1_4,zf-RING_3,zf-C2H2,SCAN,DNA_RNApol_7kD,zf-BED,zf-C2H2_jaz,zf-trcl,zf-met,XPA_N,zf-H2C2_2,CxxC_CxxC_SSSS,HTH_Tnp_ISL3,HTH_18,Zn_Tnp_IS1595,Yippee,zf-C2H2_6	NA
A8K8K6	zf-C2H2_4,zf-C2H2,YhfH,zf-C2H2_jaz,XPA_N,zf-H2C2_2,Yippee,HypA,zinc_ribbon_5,HTH_Tnp_ISL3,Zn_Tnp_IS1595,zf-C2H2_6,LIM,SCAN,DNA_RNApol_7kD,zf-trcl,zinc_ribbon_4,CxxC_CxxC_SSSS,CpXC,BolA	NA
A8K8Q0	C1_3,zf-C2H2_jaz,Homez,Homeobox,Nucleo_P87,zf-H2C2_5,Homeobox_KN	NA
A8K8T4	zf-C2H2_4,C1_4,zf-C2H2,Prok-RING_1,C1_3,zf-C2H2_jaz,DUF2688,BHD_2,KRAB,zf-met,XPA_N,zf-H2C2_2,HTH_Tnp_ISL3,CxxC_CxxC_SSSS,Zn_Tnp_IS1595,zf-C2H2_6,BolA	NA
A8K8U0	zf-C2H2_4,C1_4,zf-C2H2,Prok-RING_2,C1_3,zf-C2H2_jaz,zf-trcl,zf-AN1,XPA_N,zf-H2C2_2,CxxC_CxxC_SSSS,Zn_Tnp_IS1595,C1_1,zf-C2H2_6,A2L_zn_ribbon	NA
A8K8V0	zf-C2H2_4,zf-C2H2,Zn_ribbon_recom,zf-CHCC,zf-C2H2_jaz,zf-met,zf-H2C2_2,Yippee,zf-DNA_Pol,zf-RING_3,TFIIS_C,zf-CHY,zf-AN1,RRN7,zf-C2H2_6,Prok-RING_1,KRAB,DUF1163,SprT-like,PhnA_Zn_Ribbon,zf-trcl,Plasmod_MYXSPDY,CxxC_CxxC_SSSS,zf-C2HC_2,CpXC,zf-LYAR	NA
A8K8Y5	zf-C2H2_4,zf-C2H2,zf-C2H2_jaz,KRAB,zf-met,XPA_N,zf-H2C2_2,CxxC_CxxC_SSSS,zf-C2H2_6,BolA	NA
A8K962	HMG_box,DUF1898,DHC,Poxvirus_B22R_N	NA
A8K964	DUF1421,Pinin_SDK_N,Pinin_SDK_memA	NA
A8K9C6	TIG,RHD	NA
A8K9F2	zf-C2H2_4,Mem_trans,C1_4,zf-C2H2,zf-C2H2_jaz,zf-met,zf-H2C2_2,zf-C2H2_2,ADK_lid,zf-C2HC_2,RRN7,zf-C2H2_6,zf-FCS,BolA	NA
A8K9W2	zf-C2H2_4,zf-C2H2,Zn_ribbon_recom,zf-C2H2_jaz,XPA_N,zf-H2C2_2,Yippee,C1_4,zf-RING_3,zf-CHY,HTH_Tnp_ISL3,Chordopox_RPO7,zf-C2H2_6,zf-UBP,KRAB,SANTA,LIM,DNA_RNApol_7kD,zf-trcl,CxxC_CxxC_SSSS,CpXC,BolA	NA
A8K9W7	DUF605,Herpes_IE68,GTF2I	NA
A8K9Y8	CP2	NA
A8KA13	zf-C2H2_4,C1_4,zf-C2H2,zf-CHCC,C1_3,zf-C2H2_jaz,SR-25,zf-met,zf-H2C2_2,CxxC_CxxC_SSSS,BTB,DUF678,RRN7,zf-C2H2_6	NA
A8KAD2	zf-C2H2_4,zf-C2H2,DUF3280,DNA_RNApol_7kD,zf-C2H2_jaz,zf-trcl,zf-met,XPA_N,zf-H2C2_2,CxxC_CxxC_SSSS,HTH_Tnp_ISL3,Ring_hydroxyl_B,zf-C2H2_6,LIM,BolA	NA
A8KAD9	zf-C2H2_4,zf-C2H2,zf-CHCC,zf-C2H2_jaz,XPA_N,zf-H2C2_2,C1_1,C1_4,HTH_Tnp_ISL3,Zn_Tnp_IS1595,zf-C2H2_6,FYVE,Trm112p,zf-BED,DNA_RNApol_7kD,zf-trcl,CxxC_CxxC_SSSS,zf-C2H2_2,BHD_1	NA
A8KAF4	ESR1_C,Oest_recep,Hormone_recep,zf-C4	NA
A8KAI3	bZIP_2,bZIP_1,DUF3552,bZIP_Maf	NA
A8KAK2	zf-C2H2_4,zf-C2H2,zf-C2H2_jaz,zf-met,zf-H2C2_2,zf-C2H2_2,zf-C2H2_6	NA
A8KAN5	CP2,SAM_1,Ebola_NP,SAM_PNT	NA
A8KAN8	zf-C2H2_4,C1_4,zf-C2H2,TFIIS_C,Prok-RING_2,DNA_RNApol_7kD,BHD_1,zf-C2H2_jaz,KRAB,zf-met,XPA_N,zf-H2C2_2,CxxC_CxxC_SSSS,HTH_Tnp_ISL3,Yippee,Zn_Tnp_IS1595,zf-C2H2_6	NA
A8MQ14	zf-C2H2_4,zf-C2H2,zf-C2H2_jaz,zf-trcl,KRAB,zf-met,zf-H2C2_2,CxxC_CxxC_SSSS,HTH_Tnp_ISL3,Yippee,Zn_Tnp_IS1595,Siva,zf-C2H2_6,BolA;C2H2 ZF	29
A8MT65	zf-C2H2_4,C1_4,zf-C2H2,zf-BED,zf-C2H2_jaz,KRAB,XPA_N,zf-met,zf-H2C2_2,CxxC_CxxC_SSSS,HTH_Tnp_ISL3,HTH_18,Zn_Tnp_IS1595,GAGA,zf-C2H2_6,GATA,zf-LYAR	NA
A8MTJ6	Fork_head,HNH_2	NA
A8MTQ0	Homeobox,HTH_23,Homez	NA
A8MTY0	zf-C2H2_4,zf-C2H2,Prok-RING_2,C1_3,zf-C2H2_jaz,XPA_N,zf-H2C2_2,GAGA,C1_4,zf-AN1,HTH_Tnp_ISL3,Zn_Tnp_IS1595,zf-C2H2_6,Desulfoferrod_N,KRAB,ADK_lid,DNA_RNApol_7kD,zf-trcl,DUF1610,CxxC_CxxC_SSSS,DUF164,zf-C2HC_2,BolA;C2H2 ZF	16
A8MUP8	Hormone_recep,zf-C4	NA
A8MUV4	Fork_head,Otopetrin,Zip,TT_ORF1,LMBR1,RR_TM4-6,Med15,Plasmodium_Vir	NA
A8MUV8	zf-C2H2_4,zf-C2H2,C1_3,zf-C2H2_jaz,KRAB,XPA_N,zf-H2C2_2,HTH_Tnp_ISL3,CxxC_CxxC_SSSS,Zn_Tnp_IS1595,zf-C2H2_6	NA
A8MUZ8	zf-C2H2_4,zf-C2H2,KRAB,zf-H2C2_2,zf-Sec23_Sec24,GAGA,DUF3198	NA
A8MWA4	zf-C2H2_4,zf-RING_3,zf-C2H2,KRAB,XPA_N,zf-H2C2_2,zf-Sec23_Sec24,GAGA,DUF3198;C2H2 ZF	3
A8MX39	SAM_1,Ets,Pex14_N,SAM_PNT,SAM_2	NA
A8MXY4	zf-C2H2_4,zf-C2H2,Prok-RING_1,BHD_1,zf-C2H2_jaz,KRAB,XPA_N,zf-H2C2_2,CxxC_CxxC_SSSS,VP9,HTH_Tnp_ISL3,Zn_Tnp_IS1595,C1_1,DUF2790,zf-C2H2_6,BolA	NA
A8MYV6	HIF-1,HIF-1a_CTAD,PAS,HLH,PAS_3,PAS_9,PAS_4,Dicty_REP	NA
A8MYZ6	Fork_head	NA
A8MZ24	SAM_1,Ets,Pex14_N,SAM_PNT,SAM_2	NA
A8MZ59	Homeobox;Homeodomain	1
A8WFP5	DUF4164,DivIC,TMF_DNA_bd,DUF4140,Microtub_assoc,DUF972,IncA,bZIP_Maf,HGTP_anticodon2,DUF342,SAGA-Tad1,bZIP_2,Spc24,HALZ,DUF904,bZIP_1,DUF1192	NA
A9JR48	zf-C2H2_4,DUF2225,zf-LITAF-like,Elf1,zf-C2H2,zf-C2H2_jaz,zf-met,Rad50_zn_hook,zf-H2C2_2,zf-C2H2_2,zf-C2HC_2,zf-C2H2_6,BolA	NA
A9YTQ3	HLH,PAS,PAS_3,PAS_9,PAS_4	NA
B0AZM1	HLH,PAS,PAS_3,PAS_9,PAS_4	NA
B0QY70	DivIC,DUF2046,DUF2216,DUF4140,DUF972,Mod_r,IncA,bZIP_Maf,bZIP_2,HALZ,Macoilin,DUF904,bZIP_1	NA
B0QY71	DivIC,DUF2046,DUF4140,DUF972,Mod_r,TSC22,IncA,bZIP_Maf,DUF465,bZIP_2,DUF904,Macoilin,HALZ,bZIP_1,DUF1192	NA
B0QYS6	DUF3678,HLH,DUF3371	NA
B0QYS7	HLH,Suf,DUF3371	NA
B0QYW7	Hormone_recep,zf-C4	NA
B0QYX1	zf-C4	NA
B0ZBF6	Hormone_recep,zf-C4	NA
B0ZBF8	zf-C4	NA
B0ZTD4	HNF_C,Fork_head,Fork_head_N	NA
B1AHH1	DivIC,DUF972,TSC22,FtsL,IncA,bZIP_Maf,Shugoshin_N,bZIP_2,UPF0242,CASP_C,bZIP_1	NA
B1AHH2	FlxA,DUF972,bZIP_Maf,DUF2630,bZIP_2,NDUF_B6,CASP_C,bZIP_1	NA
B1AKB1	DUF605,Suf,MAS20	NA
B1AKB2	DUF605,PAT1,Suf,MAS20	NA
B1AKB4	HLH,TFIIA,MAS20,DUF605,Suf	NA
B1AKB5	DUF3678,HLH,DUF3371	NA
B1AKC8	BTB	NA
B1AKN5	MH1,CTF_NFI,DUF605,HTH_29,NfI_DNAbd_pre-N	NA
B1AKN6	HTH_29,MH1,NfI_DNAbd_pre-N,CTF_NFI	NA
B1AKN7	HTH_29,MH1,NfI_DNAbd_pre-N,CTF_NFI	NA
B1AKN8	HTH_29,MH1,NfI_DNAbd_pre-N,CTF_NFI	NA
B1AKP7	RRM_3,RRM_6,RRM_5,RRM_1	NA
B1ALC2	zf-C2H2_4,zf-C2H2,zf-BED,zf-HIT,zf-AN1,zf-met,zf-H2C2_2,TF_Zn_Ribbon,zf-C2H2_6,OrfB_Zn_ribbon	NA
B1ANN8	HLH	NA
B1AQP1	DivIC,HLH,HALZ	NA
B1AQP5	DED	NA
B1AT47	DUF948,SAND	NA
B1B1I8	Homeobox_KN,Homeobox,PAX,HTH_Tnp_IS1	NA
B1B1I9	Homeobox_KN,Homeobox,PAX,HTH_Tnp_IS1	NA
B1B1J0	Homeobox,PAX,HTH_Tnp_IS1	NA
B1B1S6	Homeobox,HA,Homeobox_KN	NA
B1PRL2	Ets	NA
B2CNW3	Homeobox,Homeobox_KN,CUT	NA
B2R5R9	RFX_DNA_binding,Pox_D5	NA
B2R617	HIF-1,HIF-1a_CTAD,PAS,HLH,PAS_3,PAS_9,PAS_4,Dicty_REP	NA
B2R680	STAT_alpha,STAT_int,SH2,STAT_bind	NA
B2R681	HJURP_C,SRF-TF	NA
B2R6J0	HMG_box,SOXp,DUF1898	NA
B2R755	HLH	NA
B2R762	IRF,IRF-3	NA
B2R7C0	Nuc_recep-AF1,Hormone_recep,zf-C4	NA
B2R7F1	Hormone_recep,zf-C4	NA
B2R7J8	zf-C2H2_4,C1_4,zf-C2H2,zf-C2H2_jaz,KRAB,zf-met,zf-H2C2_2,CxxC_CxxC_SSSS,Yippee,zf-C2H2_6,zf-LYAR	NA
B2R7W6	zf-C2H2_4,zf-C2H2,Zn_ribbon_recom,zf-C2H2_jaz,XPA_N,zf-H2C2_2,Yippee,GAGA,TRH,C1_4,TFIIS_C,HTH_Tnp_ISL3,Zn_Tnp_IS1595,zf-C2H2_6,DUF2688,KRAB,zf-BED,DNA_RNApol_7kD,zf-trcl,CxxC_CxxC_SSSS,BolA	NA
B2R850	zf-C2H2_4,C1_4,Elf1,zf-C2H2,zf-C2H2_jaz,zf-CHY,zf-met,zf-H2C2_2,BTB,zf-C2HC_2,RIG-I_C-RD,zf-C2H2_6,LIM,K_tetra	NA
B2R8B9	Hormone_recep,zf-C4	NA
B2R8D6	zf-C2H2_4,zf-C2H2,tRNA-synt_2d,Prok-RING_2,zf-C2H2_jaz,XPA_N,zf-H2C2_2,Yippee,A2L_zn_ribbon,TFIIS_C,zf-AN1,HTH_Tnp_ISL3,Zn_Tnp_IS1595,DUF2321,zf-C2H2_6,DUF3280,GATA,DNA_RNApol_7kD,zf-trcl,CxxC_CxxC_SSSS,CpXC,FYDLN_acid	NA
B2R8K4	pKID,ASD2,bZIP_Maf,bZIP_2,bZIP_1	NA
B2R8P9	zf-C2H2_4,zf-C2H2,zf-C2H2_jaz,zf-met,zf-H2C2_2,zf-C2H2_6	NA
B2R8U0	zf-C2H2_4,zf-C2H2,Microtub_assoc,bZIP_Maf,bZIP_2,bZIP_1	NA
B2R8V7	IRF,IRF-3	NA
B2R8X4	SAM_PNT,Ets,GABP-alpha	NA
B2R940	HTH_29,HTH_28,HTH_32,HTH_23,PAX	NA
B2R947	bZIP_2,bZIP_1,IpaB_EvcA	NA
B2R952	mTERF	NA
B2R956	zf-C2H2_4,zf-C2H2,zf-C2H2_jaz,XPA_N,zf-H2C2_2,C1_1,Cys_rich_CPXG,A2L_zn_ribbon,C1_4,zf-RING_3,HTH_Tnp_ISL3,Zn_Tnp_IS1595,zf-C2H2_6,Prok-RING_1,PHD,DZR,GATA,DNA_RNApol_7kD,CxxC_CxxC_SSSS,CpXC,FYDLN_acid	NA
B2R962	zf-C2H2_4,zf-C2H2,zf-BED,Prok-RING_1,zf-C2H2_jaz,RseC_MucC,KRAB,XPA_N,zf-H2C2_2,CxxC_CxxC_SSSS,DZR,zf-C2HC_2,zf-C2H2_6,IGPD	NA
B2R968	zf-C2H2_4,PyrI_C,zf-C2H2,zf-C2H2_jaz,zf-met,zf-H2C2_2,zf-C2H2_2,zf-C2H2_6	NA
B2R9D8	zf-C2H2_4,C1_4,zf-C2H2,zf-C2H2_jaz,KRAB,XPA_N,zf-H2C2_2,CxxC_CxxC_SSSS,HTH_Tnp_ISL3,zf-C2H2_6,BolA	NA
B2R9E2	TF_AP-2	NA
B2R9S1	zf-C2H2_4,zf-C2H2,zf-C2H2_jaz,XPA_N,zf-H2C2_2,HTH_Tnp_ISL3,CxxC_CxxC_SSSS,Yippee,Zn_Tnp_IS1595,C1_1,zf-H2C2_5,zf-C2H2_6,LIM	NA
B2R9U5	Rox3,Homeobox,DUF3528	NA
B2R9V3	zf-C2H2_4,zf-C2H2,Zn_ribbon_recom,zf-C2H2_jaz,zf-met,XPA_N,zf-H2C2_2,C1_4,zf-RING_3,HTH_Tnp_ISL3,RRN7,zf-C2H2_6,zf-UBP,DUF1163,LIM,DNA_RNApol_7kD,CxxC_CxxC_SSSS,zf-C2H2_2,zf-C2HC_2,FYDLN_acid,zf-LYAR,BolA	NA
B2RA05	zf-C2H2_4,zf-H2C2_2,zf-C2H2,zf-H2C2_5	NA
B2RA75	DUF4404,TPR_MLP1_2,ADIP,bZIP_Maf,bZIP_2,Prominin,bZIP_1,DUF3552	NA
B2RAI2	zf-C2H2_4,zf-RING_3,zf-C2H2,DNA_RNApol_7kD,zf-C2H2_jaz,DUF680,XPA_N,zf-C2H2_6,zf-H2C2_2,Zn_Tnp_IS1595,zf-MYND,DZR	NA
B2RAN6	TF_AP-2	NA
B2RAP3	HLH,Transformer	NA
B2RAT9	zf-C2H2_4,C1_4,zf-C2H2,zf-ribbon_3,SCAN,zf-CHCC,zf-C2H2_jaz,ROS_MUCR,zf-met,zf-H2C2_2,CxxC_CxxC_SSSS,zf-C2H2_6	NA
B2RB84	zf-C2H2_4,zf-C2H2,zf-C2H2_jaz,DUF2321,zf-TRAF,zf-met,zf-H2C2_2,GAGA,Zn_Tnp_IS1595,zf-H2C2_5,AKAP95,zf-C2H2_6	NA
B2RB92	zf-C2H2_4,C1_4,zf-C2H2,HNH,zf-C2H2_jaz,KRAB,zf-met,XPA_N,zf-H2C2_2,CxxC_CxxC_SSSS,Zn_Tnp_IS1595,zf-C2H2_6,BolA	NA
B2RB98	zf-C2H2_4,C1_4,zf-C2H2,FYVE,zf-C2H2_jaz,KRAB,zf-met,XPA_N,zf-H2C2_2,CxxC_CxxC_SSSS,HypA,zf-C2H2_2,Zn_Tnp_IS1595,FYDLN_acid,zf-C2H2_6,zf-LYAR	NA
B2RBC6	zf-C2H2_4,zf-C2H2,Sigma_reg_C,UPF0547,tRNA-synt_2d,C1_3,zf-C2H2_jaz,BHD_2,XPA_N,Rapsyn_N,zf-H2C2_2,CTV_P23,C1_1,C1_4,TFIIS_C,HTH_Tnp_ISL3,Zn_Tnp_IS1595,zf-C2H2_6,Prok-RING_1,KRAB,ZZ,DNA_RNApol_7kD,CxxC_CxxC_SSSS,BHD_1,BolA	NA
B2RBI8	zf-C2H2_4,zf-C2H2,zf-C2H2_jaz,DUF1610,zf-met,zf-H2C2_2,Homeobox,zf-C2H2_2,zf-C2H2_6	NA
B2RBK2	Glyco_transf_10,BTB	NA
B2RBM8	zf-C2H2_4,zf-C2H2_jaz,Homeobox,zf-C2H2_2,zf-H2C2_5,Homeobox_KN	NA
B2RC57	Homeobox,Homeobox_KN	NA
B2RC72	Myf5,HLH,Basic	NA
B2RCD9	zf-C2H2_4,zf-RING_3,zf-C2H2,Zn_ribbon_recom,TFIIS_C,DNA_RNApol_7kD,zf-C2H2_jaz,zf-trcl,KRAB,XPA_N,zf-met,zf-H2C2_2,HTH_Tnp_ISL3,CxxC_CxxC_SSSS,Zn_Tnp_IS1595,zf-C2H2_6,LIM	NA
B2RCE4	zf-C2H2_4,zf-C2H2,zf-C2H2_jaz,zf-met,XPA_N,zf-H2C2_2,NAPRTase,Yippee,C1_4,TFIIS_C,zf-AN1,HTH_Tnp_ISL3,Zn_Tnp_IS1595,zf-C2H2_6,FYVE,Prok-RING_1,DUF82,GATA,Rpr2,zf-BED,DNA_RNApol_7kD,zf-trcl,CxxC_CxxC_SSSS,zf-LYAR,BolA	NA
B2RCL8	HLH,PAS,PAS_2,PAS_3,PAS_9,PAS_4	NA
B2RCN8	DUF948,SAND	NA
B2RCP2	zf-C2H2_4,zf-RING_3,zf-C2H2,zf-BED,zf-C2H2_jaz,Trm112p,zf-met,XPA_N,zf-H2C2_2,zf-H2C2_5,BTB,HTH_18,zf-C2HC_2,C1_1,Zn_Tnp_IS1595,CxxC_CxxC_SSSS,zf-C2H2_2,zf-C2H2_6	NA
B2RCP6	zf-C2H2_4,zf-C2H2,CHORD,zf-C2H2_jaz,zf-met,zf-H2C2_2,zf-C2HC_2	NA
B2RCW4	zf-C2H2_4,DUF2225,zf-C2H2,Endonuclease_7,Prok-RING_1,zf-C2H2_jaz,zf-met,zf-H2C2_2,HTH_Tnp_ISL3,BTB,zf-C2H2_2,zf-C2HC_2,zf-Sec23_Sec24,zf-C2H2_6,BolA	NA
B2RCZ6	zf-C2H2_4,zf-C2H2,zf-BED,zf-C2H2_jaz,zf-met2,zf-met,zf-H2C2_2,RRN7,zf-C2H2_6	NA
B2RD50	zf-C2H2_4,zf-C2H2,C1_3,zf-C2H2_jaz,zf-met,XPA_N,zf-H2C2_2,HypA,C1_1,C1_4,zf-RING_3,zf-AN1,Chordopox_RPO7,Zn_Tnp_IS1595,zf-C2H2_6,KRAB,Siva,Prim_Zn_Ribbon,LIM,GATA,zf-BED,CxxC_CxxC_SSSS,zf-C2HC_2,zf-LYAR	NA
B2RD90	zf-C2H2_4,zf-C2H2,C1_3,zf-C2H2_jaz,Ogr_Delta,zf-met,XPA_N,zf-H2C2_2,Yippee,RNA_pol_Rpb1_R,OrfB_Zn_ribbon,C1_4,HTH_Tnp_ISL3,Zn_Tnp_IS1595,zf-C2H2_6,DUF2709,Prok-RING_1,LIM,CxxC_CxxC_SSSS,zf-C2HC_2,FYDLN_acid,BolA	NA
B2RDB6	zf-C2H2_4,zf-C2H2,C1_3,zf-C2H2_jaz,XPA_N,zf-H2C2_2,Yippee,C1_1,C1_4,TFIIS_C,zf-AN1,HTH_Tnp_ISL3,Zn_Tnp_IS1595,DUF2321,zf-C2H2_6,Prok-RING_1,KRAB,ZZ,GATA,zf-BED,DNA_RNApol_7kD,zf-trcl,NUMOD4,CxxC_CxxC_SSSS,Ribosomal_L44,BolA	NA
B2RDP4	zf-C2H2_4,C1_4,zf-C2H2,YhfH,zf-C2H2_jaz,zf-AN1,zf-met,XPA_N,zf-H2C2_2,CxxC_CxxC_SSSS,HTH_Tnp_ISL3,zinc_ribbon_2,zf-C2HC_2,zf-C2H2_6,zf-LYAR	NA
B2RDT1	Hormone_recep,zf-C4	NA
B2RE18	zf-C2H2_4,zf-C2H2,Zn_ribbon_recom,YhfH,zf-C2H2_jaz,XPA_N,zf-met,zf-H2C2_2,C1_4,zf-AN1,HTH_Tnp_ISL3,Zn_Tnp_IS1595,zf-MYND,zf-C2H2_6,Prok-RING_1,Siva,LIM,GATA,zf-BED,CxxC_CxxC_SSSS,HTH_18,Ribosomal_L44,BolA	NA
B2RE66	zf-C2H2_4,zf-C2H2,C1_3,zf-C2H2_jaz,XPA_N,zf-met,zf-H2C2_2,C1_1,C1_4,zf-RING_3,TFIIS_C,Raffinose_syn,HTH_Tnp_ISL3,Zn_Tnp_IS1595,zf-C2H2_6,Prok-RING_1,Siva,zf-H2C2_5,DNA_RNApol_7kD,zf-trcl,CxxC_CxxC_SSSS,FYDLN_acid,Minor_capsid_1	NA
B2RN90	zf-C2H2_4,zf-C2H2,zf-C2H2_jaz,zf-met,zf-H2C2_2,C1_1,zf-C2H2_6	NA
B2RPK0	RXT2_N,HMG_box,DUF1898,Nucleo_P87,Nucleoplasmin	NA
B2RXF5	zf-C2H2_4,Elf1,zf-C2H2,zinc_ribbon_5,FYVE,zf-C2H2_jaz,zinc_ribbon_4,Cys_rich_CWC,zf-met,Rad50_zn_hook,zf-H2C2_2,zf-CHY,BTB,GAGA,CpXC,FYDLN_acid,zf-C2H2_6,zf-LYAR	NA
B2RXH1	SAM_1,DUF1471,SAM_PNT,zf-FCS,SAM_2	NA
B3KM38	SH3_3,DUF2360,BEN	NA
B3KM80	RRM_1,RRM_6,Nop14,DbpA,Limkain-b1,RRM_5	NA
B3KMS4	DED	NA
B3KMY9	zf-C2H2_4,zf-C2H2,Prok-RING_2,zf-C2H2_jaz,zf-CHY,KRAB,zf-met,zf-H2C2_2,CxxC_CxxC_SSSS,Zn_Tnp_IS1595,C1_1,GAGA,zf-C2H2_6,NADH-G_4Fe-4S_3	NA
B3KMZ4	zf-C2H2_4,zf-C2H2,NuA4,zf-C2H2_jaz,KRAB,zf-met,XPA_N,zf-H2C2_2,CxxC_CxxC_SSSS,zf-C2H2_6,BolA	NA
B3KN18	SAM_PNT,SAM_1,SAM_2	NA
B3KN61	zf-C2H2_4,C1_4,zf-C2H2,SCAN,zf-BED,zf-C2H2_jaz,KRAB,zf-met,zf-H2C2_2,CxxC_CxxC_SSSS,Yippee,zf-C2H2_6,BolA	NA
B3KNB1	zf-C2H2_4,zf-C2H2,zf-C2H2_jaz,zf-met,XPA_N,zf-H2C2_2,C1_4,TFIIS_C,Raffinose_syn,HTH_Tnp_ISL3,Zn_Tnp_IS1595,zf-C2H2_6,DUF3280,Ham1p_like,GATA,zf-BED,zf-trcl,CxxC_CxxC_SSSS,zf-LYAR	NA
B3KND7	zf-C2H2_4,Rpr2,zf-C2H2,FYVE,zf-H2C2_2,DZR,Zn_Tnp_IS1595,GAGA,RRN7,zf-C2H2_6	NA
B3KNE6	zf-C2H2_4,zf-C2H2,zf-C2H2_jaz,zf-H2C2_2,zf-H2C2_5	NA
B3KNG7	zf-C2H2_4,zf-C2H2,zf-C2H2_jaz,zf-met,zf-H2C2_2,zf-C2H2_2,zf-C2H2_6	NA
B3KNJ5	Homeobox,LIM,Homeobox_KN,Homez	NA
B3KNJ7	DUF4074,Homeobox	NA
B3KNK7	zf-C2H2_4,C1_4,zf-C2H2,DNA_RNApol_7kD,zf-C2H2_jaz,zf-H2C2_2,Yippee,CxxC_CxxC_SSSS,CpXC,DrsE,zf-C2H2_6,IGPD	NA
B3KNK8	zf-C2H2_4,zf-C2H2,SCAN,Prok-RING_1,BHD_1,zf-C2H2_jaz,KRAB,XPA_N,zf-H2C2_2,CxxC_CxxC_SSSS,zf-C2H2_6,BolA	NA
B3KNM4	zf-C2H2_4,zf-C2H2,Zn_ribbon_recom,Prok-RING_2,C1_3,zf-C2H2_jaz,XPA_N,zf-met,zf-H2C2_2,Yippee,C1_4,zf-AN1,HTH_Tnp_ISL3,Zn_Tnp_IS1595,zf-C2H2_6,Siva,LIM,DNA_RNApol_7kD,CxxC_CxxC_SSSS,zf-C2HC_2,DUF164	NA
B3KNP9	zf-C2H2_4,zf-C2H2,zf-C2H2_jaz,XPA_N,zf-H2C2_2,Yippee,C1_4,zinc_ribbon_5,zf-AN1,HTH_Tnp_ISL3,Zn_Tnp_IS1595,DUF3357,zf-C2H2_6,Prok-RING_1,CDC45,KRAB,GATA,SCAN,DNA_RNApol_7kD,zinc_ribbon_4,CxxC_CxxC_SSSS,CpXC	NA
B3KNS9	zf-C2H2_4,C1_4,zf-C2H2,zf-C2H2_jaz,KRAB,XPA_N,zf-met,zf-H2C2_2,CxxC_CxxC_SSSS,Yippee,Zn_Tnp_IS1595,FYDLN_acid,zf-C2H2_6,GATA	NA
B3KNX6	HLH,Neuro_bHLH	NA
B3KNY8	zf-C2H2_4,zf-C2H2,UPF0547,C1_3,zf-C2H2_jaz,BHD_2,XPA_N,zf-met,zf-H2C2_2,CTV_P23,C1_1,C1_4,TFIIS_C,Ribosomal_L17,HTH_Tnp_ISL3,Zn_Tnp_IS1595,zf-MYND,zf-C2H2_6,Desulfoferrod_N,Prok-RING_1,COX5B,ZZ,DUF82,Arc_trans_TRASH,zf-BED,DNA_RNApol_7kD,CxxC_CxxC_SSSS,PDZ_1,BolA	NA
B3KP07	BEN	NA
B3KP81	Homeobox,Homeobox_KN	NA
B3KP91	zf-C2H2_4,zf-C2H2,zf-ribbon_3,UPF0547,YhfH,zf-C2H2_jaz,Ogr_Delta,zf-met,zf-H2C2_2,HypA,A2L_zn_ribbon,C1_4,zf-RING_3,zinc_ribbon_5,TFIIS_C,Rad50_zn_hook,HTH_Tnp_ISL3,Zn_Tnp_IS1595,zinc_ribbon_2,zf-C2H2_6,DUF2709,zf-HIT,DZR,DUF3113,CxxC_CxxC_SSSS,zf-C2HC_2,CpXC	NA
B3KPC9	zf-C2H2_4,C1_4,zf-RING_3,zf-C2H2,zf-C2H2_jaz,zf-trcl,zf-CHY,cEGF,zf-met,zf-H2C2_2,zf-H2C2_5,Yippee,CpXC,zf-C2H2_6,LIM	NA
B3KPD8	Homeobox,Homeobox_KN	NA
B3KPE4	zf-C2H2_4,zf-C2H2,C1_3,zf-C2H2_jaz,XPA_N,zf-H2C2_2,Yippee,C1_4,zf-RING_3,DUF2256,HTH_Tnp_ISL3,zf-C2H2_6,zf-UBP,PHD,zf-H2C2_5,DNA_RNApol_7kD,zf-trcl,CxxC_CxxC_SSSS,HTH_18,FYDLN_acid	NA
B3KPG1	zf-C2H2_4,C1_4,zf-C2H2,DNA_RNApol_7kD,C1_3,zf-C2H2_jaz,zf-trcl,Ogr_Delta,KRAB,XPA_N,zf-H2C2_2,CxxC_CxxC_SSSS,HTH_Tnp_ISL3,Zn_Tnp_IS1595,DUF164,GAGA,zf-C2H2_6	NA
B3KPI4	zf-C2H2_4,zf-H2C2_2,zf-C2H2_jaz,zf-C2H2	NA
B3KPJ4	SAM_1,SAM_PNT,SAM_2	NA
B3KPK8	zf-C2H2_4,C1_4,zf-RING_3,zf-C2H2,zf-C2H2_jaz,zf-trcl,zf-CHY,cEGF,zf-met,zf-H2C2_2,zf-H2C2_5,CpXC,zf-C2H2_6,LIM	NA
B3KPL8	zf-C2H2_4,zf-C2H2,zf-BED,zf-C2H2_jaz,KRAB,XPA_N,zf-met,zf-H2C2_2,CxxC_CxxC_SSSS,HTH_Tnp_ISL3,zf-C2H2_6,IGPD	NA
B3KPN8	DUF4074,Homeobox_KN,Homeobox	NA
B3KPP0	zf-C2H2_4,C1_4,zf-C2H2,FYVE,zf-C2H2_jaz,KRAB,zf-met,XPA_N,zf-H2C2_2,CxxC_CxxC_SSSS,zf-C2H2_2,Zn_Tnp_IS1595,zf-C2H2_6,zf-LYAR	NA
B3KPQ9	Homeobox,MEI4-Rec24,CUT	NA
B3KPY4	zf-C2H2_4,zf-RING_3,Elf1,zf-C2H2,C1_3,zf-C2H2_jaz,KRAB,Rad50_zn_hook,zf-met,zf-H2C2_2,CxxC_CxxC_SSSS,zinc_ribbon_2,zf-C2HC_2,FYDLN_acid,zf-C2H2_6,LIM,zf-DNA_Pol	NA
B3KQ07	zf-C2H2_4,C1_4,zf-C2H2,FYVE,zf-C2H2_jaz,zf-H2C2_2,zf-C2H2_6;C2H2 ZF	6
B3KQ23	SRF-TF	NA
B3KQ40	zf-C2H2_4,zf-C2H2,zf-C2H2_jaz,zf-met,zf-H2C2_2,zf-C2H2_2,Mu-like_Com	NA
B3KQ42	zf-C2H2_4,PyrI_C,zf-C2H2,zf-CHCC,zf-C2H2_jaz,zf-met,zf-H2C2_2,CxxC_CxxC_SSSS,BTB,zf-C2H2_2,GAGA,zf-C2H2_6	NA
B3KQ54	zf-C2H2_4,zf-C2H2,zf-C2H2_jaz,KRAB,XPA_N,zf-H2C2_2,HTH_Tnp_ISL3,CxxC_CxxC_SSSS,Yippee,Zn_Tnp_IS1595,C1_1,zf-H2C2_5,zf-C2HC_2,zf-C2H2_6	NA
B3KQ75	HMG_box,DUF1898,MAT_Alpha1	NA
B3KQ93	zf-C2H2_4,C1_4,zf-C2H2,zf-C2H2_jaz,KRAB,zf-H2C2_2,CxxC_CxxC_SSSS,PDZ_1,Zn_Tnp_IS1595,C1_1,zf-C2H2_6	NA
B3KQB8	HLH,Hairy_orange	NA
B3KQC6	HMG_box,DUF1898,CHD5	NA
B3KQG1	HTH_Tnp_IS1,HTH_29,Homeobox_KN,Homeobox,HTH_32,HTH_23,PAX	NA
B3KQJ6	zf-C2H2_4,zf-C2H2,UPF0547,Prok-RING_2,C1_3,zf-C2H2_jaz,BHD_2,XPA_N,zf-met,zf-H2C2_2,CTV_P23,C1_1,C1_4,TFIIS_C,Ribosomal_L17,HTH_Tnp_ISL3,Zn_Tnp_IS1595,zf-MYND,zf-C2H2_6,Desulfoferrod_N,Prok-RING_1,COX5B,ZZ,DUF82,Arc_trans_TRASH,zf-BED,DNA_RNApol_7kD,CxxC_CxxC_SSSS,BolA	NA
B3KQX0	zf-C2H2_4,zf-C2H2,zf-C2H2_jaz,zf-met,zf-H2C2_2,zf-C2H2_2,zf-H2C2_5,zf-C2H2_6	NA
B3KR52	BTB	NA
B3KR55	zf-C2H2_4,C1_4,zf-C2H2,DNA_RNApol_7kD,BHD_1,zf-C2H2_jaz,zf-CHY,DUF4389,Rapsyn_N,zf-H2C2_2,CxxC_CxxC_SSSS,Zn_Tnp_IS1595,zf-C2H2_6,BolA	NA
B3KR77	HLH,DUF904	NA
B3KRD9	T-box	NA
B3KRE9	Homeobox_KN,Homeobox,HTH_31,Pou	NA
B3KRF7	zf-C2H2_4,zf-C2H2,UPF0547,YhfH,zf-C2H2_jaz,XPA_N,zf-H2C2_2,Yippee,C1_4,DUF2201_N,zinc_ribbon_5,TFIIS_C,zf-AN1,HTH_Tnp_ISL3,Zn_Tnp_IS1595,DUF3357,zf-MYND,zf-C2H2_6,Prok-RING_1,CDC45,KRAB,GATA,DNA_RNApol_7kD,zinc_ribbon_4,CxxC_CxxC_SSSS,CpXC	NA
B3KRG6	Hormone_recep	NA
B3KRH5	zf-C2H2_4,zf-C2H2,Zn_ribbon_recom,Prok-RING_2,C1_3,zf-C2H2_jaz,YhfH,zf-met,XPA_N,zf-H2C2_2,Yippee,Ring_hydroxyl_B,MBD,A2L_zn_ribbon,C1_4,TFIIS_C,DUF2256,HTH_Tnp_ISL3,Zn_Tnp_IS1595,zf-C2H2_6,zf-UBP,Prok-RING_1,ADK_lid,LIM,GATA,DNA_RNApol_7kD,zf-BED,zf-trcl,CxxC_CxxC_SSSS,zf-C2HC_2,CpXC,FYDLN_acid,BolA	NA
B3KRI0	zf-C2H2_4,Elf1,zf-C2H2,zf-BED,YhfH,zf-C2H2_jaz,DNA_RNApol_7kD,zf-met,XPA_N,zf-H2C2_2,CxxC_CxxC_SSSS,HTH_Tnp_ISL3,Siva,Zn_Tnp_IS1595,zf-C2H2_6	NA
B3KRK0	zf-C2H2_4,zf-C2H2,Prok-RING_2,zf-C2H2_jaz,XPA_N,zf-met,zf-H2C2_2,Yippee,GAGA,C1_4,TFIIS_C,zf-AN1,HTH_Tnp_ISL3,Zn_Tnp_IS1595,zf-C2H2_6,Prok-RING_1,zf-BED,zf-trcl,CxxC_CxxC_SSSS,BHD_1,Ribosomal_L44,BolA	NA
B3KRP4	zf-C2H2_4,zf-C2H2,zf-C2H2_jaz,XPA_N,zf-H2C2_2,Yippee,C1_1,C1_4,TFIIS_C,zf-AN1,HTH_Tnp_ISL3,Zn_Tnp_IS1595,DUF2321,zf-C2H2_6,KRAB,ZZ,DUF82,GATA,zf-BED,DNA_RNApol_7kD,NUMOD4,zf-trcl,CxxC_CxxC_SSSS,Ribosomal_L44,BolA	NA
B3KRX3	zf-C2H2_4,zf-C2H2,Zn_ribbon_recom,C1_3,zf-C2H2_jaz,XPA_N,zf-met,zf-H2C2_2,Yippee,C1_1,C1_4,HNH,zf-AN1,DUF2256,HTH_Tnp_ISL3,zf-C2H2_6,Prok-RING_1,KRAB,LIM,Zn_Tnp_IS1,Arc_trans_TRASH,DNA_RNApol_7kD,zf-trcl,CxxC_CxxC_SSSS,zf-C2HC_2,CpXC	NA
B3KS08	zf-C2H2_4,zf-C2H2,zinc_ribbon_5,TFIIS_C,DNA_RNApol_7kD,zf-C2H2_jaz,KRAB,XPA_N,zf-H2C2_2,HTH_Tnp_ISL3,CxxC_CxxC_SSSS,zinc_ribbon_2,Zn_Tnp_IS1595,zf-C2HC_2,Yippee,zf-C2H2_6	NA
B3KS76	zf-C2H2_4,zf-C2H2,zf-C2H2_jaz,XPA_N,zf-H2C2_2,C1_1,A2L_zn_ribbon,C1_4,zf-RING_3,HTH_Tnp_ISL3,Zn_Tnp_IS1595,zf-C2H2_6,Prok-RING_1,KRAB,PHD,DZR,GATA,DNA_RNApol_7kD,CxxC_CxxC_SSSS,CpXC,FYDLN_acid,BolA	NA
B3KS93	zf-C2H2_4,zf-C2H2_jaz,DUF2111,zf-met,zf-H2C2_2,DUF4195,zf-C2H2_6	NA
B3KSI6	HMG_box,DUF1898,MAT_Alpha1	NA
B3KSN8	zf-C2H2_4,C1_4,zf-C2H2,zf-BED,zf-C2H2_jaz,KRAB,zf-H2C2_2,CxxC_CxxC_SSSS,Yippee,Zn_Tnp_IS1595,CpXC,zf-C2H2_6,LIM,GATA	NA
B3KSP5	zf-C2H2_4,zf-C2H2,Prok-RING_2,zf-C2H2_jaz,XPA_N,zf-H2C2_2,HypA,C1_4,zf-RING_3,TFIIS_C,HTH_Tnp_ISL3,Zn_Tnp_IS1595,zf-C2H2_6,Prok-RING_1,KRAB,DZR,LIM,GATA,Elf1,DNA_RNApol_7kD,zf-trcl,CxxC_CxxC_SSSS,CpXC,zf-LYAR	NA
B3KSR4	zf-C2H2_4,zf-C2H2,zf-C2H2_jaz,XPA_N,zf-met,zf-H2C2_2,NAPRTase,Yippee,C1_4,TFIIS_C,zf-AN1,HTH_Tnp_ISL3,Zn_Tnp_IS1595,zf-C2H2_6,FYVE,Prok-RING_1,Tnp_zf-ribbon_2,DUF82,GATA,Rpr2,zf-BED,DNA_RNApol_7kD,zf-trcl,CxxC_CxxC_SSSS,zf-LYAR,BolA	NA
B3KT80	zf-C2H2_4,zf-C2H2,Zn_ribbon_recom,Prok-RING_2,C1_3,zf-C2H2_jaz,YhfH,XPA_N,zf-met,zf-H2C2_2,Yippee,HypA,C1_1,C1_4,TFIIS_C,zf-AN1,HTH_Tnp_ISL3,Chordopox_RPO7,Zn_Tnp_IS1595,zf-MYND,RRN7,zf-C2H2_6,zf-UBP,T4_baseplate,LIM,GATA,Rpr2,DNA_RNApol_7kD,zf-BED,zf-trcl,CxxC_CxxC_SSSS,zf-C2H2_2,zf-C2HC_2,CpXC,FYDLN_acid,zf-LYAR	NA
B3KT91	Pou,Homeobox,Taeniidae_ag,HTH_32,HTH_31,Homeobox_KN	NA
B3KT94	zf-C2H2_4,zf-C2H2,zf-C2H2_jaz,XPA_N,zf-H2C2_2,CxxC_CxxC_SSSS,zf-C2HC_2,zf-C2H2_6,BolA	NA
B3KTA4	zf-C2H2_4,zf-C2H2,zf-C2H2_jaz,Ribosomal_L44,Ogr_Delta,XPA_N,zf-H2C2_2,A2L_zn_ribbon,C1_4,zf-AN1,HTH_Tnp_ISL3,Zn_Tnp_IS1595,zf-C2H2_6,FYVE,Prok-RING_1,zf-H2C2_5,SCAN,zf-BED,DNA_RNApol_7kD,CxxC_CxxC_SSSS,DUF2336,BolA	NA
B3KTG1	zf-C2H2_4,zf-C2H2,UPF0547,C1_3,zf-C2H2_jaz,XPA_N,zf-H2C2_2,GAGA,C1_1,C1_4,TFIIS_C,HTH_Tnp_ISL3,Zn_Tnp_IS1595,zf-C2H2_6,C1_2,Desulfoferrod_N,ZZ,zf-BED,DNA_RNApol_7kD,CxxC_CxxC_SSSS,BolA	NA
B3KTH4	zf-C2H2_4,zf-C2H2,zf-C2H2_jaz,zf-met,zf-H2C2_2,zf-C2H2_2,zf-C2H2_6	NA
B3KTH8	Pou,PAT1,Spt20,Homeobox,Suf,HTH_31,Homeobox_KN	NA
B3KTM5	zf-C2H2_4,C1_4,zf-C2H2,TFIIS_C,DNA_RNApol_7kD,zf-C2H2_jaz,XPA_N,zf-H2C2_2,CxxC_CxxC_SSSS,HTH_Tnp_ISL3,zf-C2H2_6,A2L_zn_ribbon	NA
B3KTP9	RRM_1,RRM_6,DbpA,Limkain-b1,RRM_5	NA
B3KTR1	zf-C2H2_4,C1_4,zf-C2H2,zf-BED,DNA_RNApol_7kD,zf-C2H2_jaz,XPA_N,zf-H2C2_2,HTH_Tnp_ISL3,CxxC_CxxC_SSSS,Zn_Tnp_IS1595,Nop16,zf-C2H2_6,GATA,BolA	NA
B3KTS2	zf-C2H2_4,DUF2225,Elf1,zf-C2H2,zf-C2H2_jaz,zf-H2C2_2,DUF2256,BTB,Rtf2,zf-C2H2_2,zf-C2H2_6	NA
B3KU46	zf-C2H2_4,zf-C2H2,C1_3,zf-C2H2_jaz,BHD_2,XPA_N,zf-H2C2_2,Yippee,C1_1,C1_4,HTH_Tnp_ISL3,Zn_Tnp_IS1595,zf-C2H2_6,Prok-RING_1,DZR,LIM,DNA_RNApol_7kD,CxxC_CxxC_SSSS,zf-C2HC_2	NA
B3KU58	zf-C2H2_4,zf-C2H2,SCAN,Prok-RING_1,zf-C2H2_jaz,KRAB,zf-met,XPA_N,zf-H2C2_2,CxxC_CxxC_SSSS,Rad50_zn_hook,Zn_Tnp_IS1595,zf-C2H2_6	NA
B3KU63	HemX,LOH1CR12,HMG_box,Exonuc_VII_L,OmpH	NA
B3KU97	zf-C2H2_4,zf-FPG_IleRS,PyrI_C,zf-C2H2,zf-C2H2_jaz,zf-met,zf-H2C2_2,zf-C2H2_2,GAGA,zf-C2H2_6,BolA	NA
B3KUA7	zf-C2H2_4,zf-C2H2,Zn_ribbon_recom,UPF0547,YhfH,zf-C2H2_jaz,C1_3,XPA_N,zf-met,zf-H2C2_2,Yippee,C1_4,TFIIS_C,HTH_Tnp_ISL3,Zn_Tnp_IS1595,zinc_ribbon_2,zf-C2H2_6,KRAB,DNA_RNApol_7kD,CxxC_CxxC_SSSS,DUF2213	NA
B3KUF4	Elf1,zf-ribbon_3,DUF2387,BaffR-Tall_bind,Golgin_A5,ArfGap,CxxC_CxxC_SSSS,eIF-5_eIF-2B,TF_Zn_Ribbon,Zn_Tnp_IS1595,C1_1,Prim_Zn_Ribbon,RRN7,DZR,GATA	NA
B3KUG7	zf-C2H2_4,zf-C2H2,zf-ribbon_3,C1_2,zf-C2H2_jaz,KRAB,zf-met,zf-H2C2_2,CxxC_CxxC_SSSS,zf-C2H2_6	NA
B3KUL8	T-box	NA
B3KUN2	zf-C2H2_4,zf-C2H2_jaz,zf-met,zf-H2C2_2,DUF4195,zf-C2H2_6	NA
B3KUR0	zf-C2H2_4,DUF1768,zf-C2H2,C1_3,zf-C2H2_jaz,XPA_N,zf-H2C2_2,C1_1,A2L_zn_ribbon,zf-RING_3,HTH_Tnp_ISL3,Zn_Tnp_IS1595,zf-MYND,zf-C2H2_6,Prok-RING_1,KRAB,ZZ,Siva,DNA_RNApol_7kD,CxxC_CxxC_SSSS,ANATO,BolA	NA
B3KUU9	Hormone_recep,zf-C4	NA
B3KUX2	zf-C2H2_4,zf-C2H2,NifU_N,C1_3,zf-C2H2_jaz,zf-trcl,KRAB,XPA_N,zf-H2C2_2,CxxC_CxxC_SSSS,DUF164,Zn_Tnp_IS1595,zf-C2H2_6,BolA	NA
B3KUX3	Hormone_recep,zf-C4	NA
B3KUX4	Homeobox,Homeobox_KN	NA
B3KV37	Hormone_recep,zf-C4	NA
B3KV39	Fork_head	NA
B3KV76	zf-C2H2_4,zf-C2H2,zf-BED,BHD_1,zf-C2H2_jaz,XPA_N,zf-H2C2_2,CxxC_CxxC_SSSS,HTH_Tnp_ISL3,Yippee,C1_1,FYDLN_acid,zf-C2H2_6,BolA	NA
B3KV85	HLH	NA
B3KVA4	HLH	NA
B3KVD4	zf-C2H2_4,zf-RING_3,Myc_N,zf-C2H2,Nucleoplasmin,Cenp-B_dimeris,zf-C2H2_jaz,CDC45,Ribosomal_L34e,Nop14,zf-met,zf-H2C2_2,DUF2890,Daxx,zf-C2HC_2,FYDLN_acid,zf-C2H2_6,Tmemb_55A	NA
B3KVF1	zf-C2H2_4,C1_4,zf-C2H2,FYVE,TFIIS_C,zf-BED,zf-C2H2_jaz,zf-HIT,XPA_N,zf-H2C2_2,CxxC_CxxC_SSSS,HTH_Tnp_ISL3,Zn_Tnp_IS1595,zf-C2H2_6	NA
B3KVG5	zf-C2H2_4,zf-C2H2,zf-C2H2_jaz,DUF2321,zf-met,zf-H2C2_2,GAGA,AKAP95,zf-H2C2_5,zf-C2H2_6	NA
B3KVJ1	zf-C2H2_4,zf-C2H2,Desulfoferrod_N,NuA4,zinc_ribbon_5,DNA_RNApol_7kD,zf-C2H2_jaz,zinc_ribbon_4,PHD,XPA_N,zf-H2C2_2,CxxC_CxxC_SSSS,HTH_Tnp_ISL3,Chordopox_RPO7,zf-C2H2_6,BolA	NA
B3KVK3	Fork_head	NA
B3KVL3	zf-C2H2_4,zf-C2H2,NifU_N,Prok-RING_2,C1_3,zf-C2H2_jaz,XPA_N,Rapsyn_N,zf-H2C2_2,Yippee,C1_4,TFIIS_C,HTH_Tnp_ISL3,Zn_Tnp_IS1595,zf-C2H2_6,C1_2,FYVE,KRAB,GATA,DNA_RNApol_7kD,zf-trcl,CxxC_CxxC_SSSS,BolA	NA
B3KVM5	Hormone_recep	NA
B3KVN4	zf-C2H2_4,zf-C2H2,zf-CHCC,zf-C2H2_jaz,zf-met,zf-H2C2_2,GAGA,C1_1,HNH,zf-C2H2_6,PyrI_C,Ta0938,FYVE,Prok-RING_1,Elf1,zf-BED,Ribosomal_S27e,CxxC_CxxC_SSSS,zf-C2H2_2,zf-C2HC_2,BolA	NA
B3KVN6	zf-C2H2_4,zf-C2H2,UPF0547,YhfH,zf-C2H2_jaz,XPA_N,zf-H2C2_2,Yippee,C1_4,zinc_ribbon_5,TFIIS_C,HNH,zf-AN1,HTH_Tnp_ISL3,Zn_Tnp_IS1595,DUF3357,zf-MYND,zf-C2H2_6,Prok-RING_1,GATA,DNA_RNApol_7kD,zf-BED,zinc_ribbon_4,DUF1610,CxxC_CxxC_SSSS,CpXC	NA
B3KX41	Myb_DNA-bind_6,Myb_DNA-bind_4,Myb_DNA-binding	NA
B3KXA1	zf-C2H2_4,zf-H2C2_2,zf-C2H2	NA
B3KXK2	zf-C2H2_4,zf-C2H2,zf-C2H2_jaz,zf-met,zf-H2C2_2,zf-C2H2_2,zf-C2H2_6,ELM2,Myb_DNA-binding	NA
B3KXP2	zf-C2H2_4,HlyC,zf-C2H2,zf-C2H2_jaz,zf-met,zf-H2C2_2,zf-C2H2_2,RRN7,zf-C2H2_6	NA
B3KXT5	zf-C2H2_4,UPF0150,zf-C2H2,zf-C2H2_jaz,zf-met2,zf-met,XPA_N,zf-H2C2_2,GAGA,C1_1,zf-RING_3,zf-C2H2_6,KRAB,Rpr2,SCAN,zf-BED,zf-C3HC4_2,zf-C2HC_2,BolA	NA
B3KXT6	Homeobox,CDC45,Paf1	NA
B3KXW2	zf-C2H2_4,zf-C2H2,zf-C2H2_jaz,zf-met,zf-H2C2_2,DUF3595,zf-C2H2_6	NA
B3KXZ7	HLH,DUF904	NA
B3KY01	zf-C2H2_4,zf-C2H2,TFIIS_C,zinc_ribbon_5,DNA_RNApol_7kD,YhfH,zf-C2H2_jaz,KRAB,XPA_N,zf-H2C2_2,HTH_Tnp_ISL3,CxxC_CxxC_SSSS,zinc_ribbon_2,Zn_Tnp_IS1595,Yippee,zf-C2HC_2,zf-C2H2_6	NA
B3KY57	bZIP_2,bZIP_1,Shugoshin_N,bZIP_Maf	NA
B3KY60	Myb_DNA-bind_6,Myb_Cef,Myb_DNA-binding	NA
B3KY96	zf-C2H2_4,C1_4,zf-C2H2,FYVE,TFIIS_C,zf-BED,zf-C2H2_jaz,zf-HIT,KRAB,zf-H2C2_2,CxxC_CxxC_SSSS,HTH_Tnp_ISL3,Zn_Tnp_IS1595,zf-C2H2_6	NA
B4DDB5	TFIIF_alpha	NA
B4DDN6	zf-C2H2_4,zf-C2H2,zf-C2H2_jaz,zf-AN1,zf-met,Homeobox,DUF3505,zf-H2C2_2,zf-C2H2_2,DUF3222,zf-C2HC_2,zf-C2H2_6	NA
B4DDP1	Hormone_recep	NA
B4DDR9	zf-SNAP50_C	NA
B4DE54	SH3_3,DUF2360,BEN	NA
B4DED3	zf-C2H2_4,zf-RING_3,Elf1,zf-C2H2,Prok-RING_1,zf-C2H2_jaz,zf-met,Rad50_zn_hook,zf-H2C2_2,zf-C2H2_2,Daxx,zf-C2HC_2,BSP_II,zf-C2H2_6,NOA36	NA
B4DEH6	HSF_DNA-bind	NA
B4DER8	TIG,RHD	NA
B4DES6	zf-C2H2_4,zf-C2H2,zf-ribbon_3,Evr1_Alr,zf-BED,zf-C2H2_jaz,IBR,CxxC_CxxC_SSSS,zf-C2H2_2,CpXC,zf-FCS,OrfB_Zn_ribbon	NA
B4DEU6	HLH,DUF904	NA
B4DF20	zf-C2H2_4,Elf1,zf-C2H2,UPF0547,zinc_ribbon_5,zf-BED,zf-C2H2_jaz,zf-C3HC4_2,zf-AN1,zinc_ribbon_4,zf-met,zf-H2C2_2,BTB,Zn_Tnp_IS1595,CpXC,zf-C2H2_6	NA
B4DF53	zf-C2H2_4,zf-C2H2,zf-C2H2_jaz,zf-met,XPA_N,zf-H2C2_2,Yippee,C1_4,DUF2180,zf-AN1,HTH_Tnp_ISL3,Zn_Tnp_IS1595,zf-C2H2_6,zf-UBP,FYVE,Tnp_zf-ribbon_2,Siva,zf-C2HC5,GATA,zf-BED,IBR,CxxC_CxxC_SSSS,BolA	NA
B4DF82	zf-C2H2_4,C1_4,zf-C2H2,FYVE,DUF2180,zf-C2H2_jaz,IBR,zf-AN1,Tnp_zf-ribbon_2,zf-H2C2_2,CxxC_CxxC_SSSS,HTH_Tnp_ISL3,Yippee,Zn_Tnp_IS1595,zf-C2HC5,zf-C2H2_6,zf-UBP,BolA	NA
B4DFC8	zf-C2H2_4,C1_4,zf-C2H2,Dict-STAT-coil,DUF2688,zf-C2H2_jaz,zf-H2C2_2,CxxC_CxxC_SSSS,DUF4372,Zn_Tnp_IS1595,zf-C2H2_6	NA
B4DFD9	zf-C2H2_4,Elf1,zf-C2H2,FYVE,Prok-RING_1,zf-C2H2_jaz,zf-met,Rad50_zn_hook,zf-H2C2_2,zf-C2H2_2,Daxx,zf-C2HC_2,BSP_II,zf-C2H2_6,zf-FCS,NOA36	NA
B4DFF1	Phi-29_GP3,KH_5,KH_1,KH_4,KH_3,KH_2,ROKNT	NA
B4DFT8	zf-C2H2_4,zf-C2H2,zf-C2H2_jaz,zf-met,zf-H2C2_2,zf-C2H2_2,Mu-like_Com	NA
B4DFU0	CXC	NA
B4DFU5	zf-C2H2_4,zf-RING_3,zf-C2H2,Zn_ribbon_recom,DNA_RNApol_7kD,BHD_1,zf-C2H2_jaz,zf-CHY,zf-H2C2_2,Yippee,Chordopox_RPO7,HTH_18,CxxC_CxxC_SSSS,zf-C2H2_6	NA
B4DG61	SAM_1,SAM_PNT,SAM_2	NA
B4DGE5	bZIP_2,bZIP_1,DUF904,bZIP_Maf	NA
B4DGI1	zf-C2H2_4,zf-C2H2,zf-C2H2_jaz,zf-met,zf-H2C2_2,CopK,zf-C2H2_6	NA
B4DGI9	HLH	NA
B4DGL1	PHD_2,zf-CXXC,PHD	NA
B4DGN3	RRM_6,RRM_1	NA
B4DGQ9	zf-C2H2_4,zf-C2H2,C1_2,TFIIS_C,zf-C2H2_jaz,Ribosomal_L17,XPA_N,zf-H2C2_2,CxxC_CxxC_SSSS,HTH_Tnp_ISL3,DZR,Zn_Tnp_IS1595,Yippee,zf-C2H2_6,GATA,A2L_zn_ribbon	NA
B4DGU2	zf-C2H2_4,C1_4,zf-C2H2,zf-C2H2_jaz,DUF1610,zf-met,zf-H2C2_2,Homeobox,DUF2321,zf-C2H2_6	NA
B4DGV5	Homeobox,Homeobox_KN	NA
B4DGV6	BTB	NA
B4DGV9	HLH,DUF904	NA
B4DH52	DUF605,Herpes_IE68,GTF2I	NA
B4DH67	zf-C2H2_4,PyrI_C,zf-C2H2,zf-C2H2_jaz,zf-met,zf-H2C2_2,zf-C2H2_2,GAGA,zf-H2C2_5,zf-C2H2_6	NA
B4DH80	zf-C2H2_4,zf-C2H2,zf-BED,zf-C2H2_jaz,zf-met,zf-H2C2_2,zf-C2HC_2,DUF3446,RRN7,zf-C2H2_6	NA
B4DH87	zf-C2H2_4,C1_4,zf-RING_3,zf-C2H2,DNA_RNApol_7kD,C1_3,zf-C2H2_jaz,KRAB,XPA_N,zf-H2C2_2,CxxC_CxxC_SSSS,Chordopox_RPO7,CpXC,zf-C2H2_6,LIM	NA
B4DH96	HLH	NA
B4DHE0	STAT_alpha,STAT_int,CorA	NA
B4DHH6	zf-C2H2_4,Elf1,zf-C2H2,DUF3449,zf-C2H2_jaz,zf-met,zf-H2C2_2,zf-C2H2_2,zf-C2HC_2,zf-C2H2_6,BolA	NA
B4DHI1	DASH_Dad4,STAT_alpha,STAT_int,CorA	NA
B4DHL1	zf-H2C2_2,DUF4195,zf-C2H2_jaz	NA
B4DHU8	zf-C2H2_4,zf-C2H2,zf-C2H2_jaz,Ogr_Delta,zf-TRAF,zf-met,CCAP,zf-H2C2_2,CopK	NA
B4DHW2	MH1,NfI_DNAbd_pre-N,CTF_NFI	NA
B4DI05	zf-C2H2_4,C1_4,zf-RING_3,zf-C2H2,zf-BED,zf-C2H2_jaz,Rad50_zn_hook,zf-H2C2_2,CxxC_CxxC_SSSS,Yippee,zf-C2HC_2,Zn_Tnp_IS1595,GAGA,FYDLN_acid,zf-C2H2_6,BolA	NA
B4DI14	zf-C2H2_4,zf-C2H2,C1_3,zf-C2H2_jaz,zf-met2,zf-met,XPA_N,zf-H2C2_2,HypA,C1_1,C1_4,zf-CHY,RRN7,zf-C2H2_6,zf-FCS,C1_2,Prok-RING_1,LIM,CxxC_CxxC_SSSS,zf-C2H2_2,zf-C2HC_2,FYDLN_acid,BolA	NA
B4DI41	zf-CXXC,MBD	NA
B4DI77	HMG_box,DUF1898,Sox_N	NA
B4DI86	IRF	NA
B4DIA1	zf-C2H2_4,C1_4,zf-C2H2,FYVE,zf-BED,zf-C2H2_jaz,KRAB,zf-H2C2_2,CxxC_CxxC_SSSS,Ring_hydroxyl_B,Baculo_IE-1,Zn_Tnp_IS1595,zf-C2H2_6	NA
B4DIA5	HLH,DUF3371	NA
B4DIH3	Microtub_assoc,FlaC_arch,bZIP_2,bZIP_1,DUF2730	NA
B4DIQ5	Shugoshin_N,FlaC_arch,bZIP_2,HALZ,bZIP_1	NA
B4DIY6	zf-C2H2_4,zf-C2H2,zf-BED,zf-C2H2_jaz,zf-met,zf-H2C2_2,zf-C2H2_2,zf-C2HC_2,RRN7,zf-C2H2_6	NA
B4DJ36	HMG_box,DUF1898,MAT_Alpha1,AXH	NA
B4DJ39	HMG_box,DUF1898,YABBY	NA
B4DJ46	zf-C2H2_4,zf-C2H2,Evr1_Alr,Prok-RING_2,Pilin_PilX,C1_3,zf-C2H2_jaz,YhfH,Ogr_Delta,XPA_N,zf-H2C2_2,HypA,Yippee,C1_1,NinG,C1_4,TFIIS_C,zinc_ribbon_5,zf-AN1,HTH_Tnp_ISL3,Zn_Tnp_IS1595,DUF35_N,zf-C2H2_6,Desulfoferrod_N,Prok-RING_1,zf-HIT,Tnp_zf-ribbon_2,ZZ,ADK_lid,LIM,DNA_RNApol_7kD,zf-trcl,DUF1610,CxxC_CxxC_SSSS,DUF164,zf-C2HC_2,FYDLN_acid,BHD_1,DUF2213,Ribosomal_L44,BolA	NA
B4DJD4	DivIC,V_ATPase_I,GAS,Laminin_II,Mer2,IncA,HOOK,bZIP_2,APG6,AAA_13,bZIP_1,DUF3450	NA
B4DJE4	zf-C2H2_4,C1_4,zf-C2H2,NuA4,TFIIS_C,zf-BED,DNA_RNApol_7kD,zf-C2H2_jaz,zf-trcl,XPA_N,zf-H2C2_2,CxxC_CxxC_SSSS,HTH_Tnp_ISL3,Zn_Tnp_IS1595,zf-C2H2_6,GATA	NA
B4DJS4	HSF_DNA-bind	NA
B4DJZ2	HMG_box,DUF1898,MAT_Alpha1,CTNNB1_binding,CHD5	NA
B4DK53	zf-C2H2_4,zf-C2H2,zf-C2H2_jaz,zf-met,XPA_N,zf-H2C2_2,Yippee,HypA,A2L_zn_ribbon,C1_4,HTH_Tnp_ISL3,Zn_Tnp_IS1595,zf-C2H2_6,IGPD,C1_2,DZR,DNA_RNApol_7kD,zf-BED,CxxC_CxxC_SSSS	NA
B4DK65	zf-C2H2_4,Elf1,zf-C2H2,Desulfoferrod_N,zf-C2H2_jaz,zf-met,Rad50_zn_hook,zf-H2C2_2,zf-C2H2_2,Daxx,zf-C2HC_2,BSP_II,zf-C2H2_6,NOA36	NA
B4DKI0	zf-C2H2_4,zf-C2H2,Zn_ribbon_recom,C1_3,zf-C2H2_jaz,XPA_N,zf-H2C2_2,Yippee,GAGA,TRH,C1_4,TFIIS_C,DUF2256,HTH_Tnp_ISL3,Zn_Tnp_IS1595,zf-C2H2_6,Siva,zf-BED,DNA_RNApol_7kD,zf-trcl,CxxC_CxxC_SSSS,BolA	NA
B4DKM1	DED	NA
B4DL26	zf-C2H2_4,zf-C2H2,zf-C2H2_jaz,XPA_N,zf-met,zf-H2C2_2,HypA,C1_4,zf-AN1,HTH_Tnp_ISL3,Zn_Tnp_IS1595,zf-C2H2_6,IGPD,Trm112p,LIM,Rpr2,zf-BED,DNA_RNApol_7kD,zf-trcl,CxxC_CxxC_SSSS,zf-C2HC_2,BHD_1,BolA	NA
B4DL28	CP2	NA
B4DL38	DUF3446	NA
B4DL45	HLH,Myc_N	NA
B4DL50	zf-C2H2_4,C1_4,zf-C2H2,zf-C2H2_jaz,KRAB,XPA_N,zf-H2C2_2,HTH_Tnp_ISL3,Yippee,Zn_Tnp_IS1595,CpXC,zf-C2H2_6,BolA	NA
B4DL76	HIF-1,PAS,PAS_3,PAS_9,PAS_4,Dicty_REP	NA
B4DLB0	DHC,HMG_box,DUF3106,DUF1898,Poxvirus_B22R_N,DUF1074	NA
B4DLB7	Homeobox,Homeobox_KN,RNA_pol_3_Rpc31,Homez	NA
B4DLB9	KRAB,SCAN	NA
B4DLC8	STAT_int,Lectin_N,STAT_bind,LXG,STAT_alpha,CorA	NA
B4DLG1	CP2	NA
B4DLH3	zf-C2H2_4,zf-C2H2,zf-C2H2_jaz,zf-met,zf-H2C2_2,zf-H2C2_5,zf-C2H2_6	NA
B4DLJ1	HLH	NA
B4DLQ8	HLH,TPR_4,DUF904	NA
B4DLS2	zf-C2H2_4,C1_4,zf-C2H2,DNA_RNApol_7kD,BHD_1,zf-C2H2_jaz,zf-CHY,DUF4389,Rapsyn_N,zf-H2C2_2,CxxC_CxxC_SSSS,Zn_Tnp_IS1595,CpXC,zf-C2H2_6,GATA,BolA	NA
B4DLZ7	zf-C2H2_4,zf-C2H2,YEATS,Zn_ribbon_recom,DNA_RNApol_7kD,zf-C2H2_jaz,XPA_N,zf-H2C2_2,CxxC_CxxC_SSSS,HTH_Tnp_ISL3,DUF309,zf-C2HC_2,Siva,zf-C2H2_6	NA
B4DM07	GTF2I	NA
B4DM42	zf-C2H2_4,zf-C2H2,zf-C2H2_jaz,zf-met,XPA_N,zf-H2C2_2,HypA,C1_4,zf-RING_3,zf-AN1,HTH_Tnp_ISL3,Zn_Tnp_IS1595,zf-C2H2_6,Kua-UEV1_localn,KRAB,Siva,Baculo_IE-1,Prim_Zn_Ribbon,LIM,GATA,zf-BED,DNA_RNApol_7kD,zf-trcl,CxxC_CxxC_SSSS,zf-C2HC_2,CpXC,zf-LYAR	NA
B4DM57	zf-C2H2_4,zf-C2H2,Prok-RING_2,zf-C2H2_jaz,XPA_N,zf-H2C2_2,Yippee,C1_4,TFIIS_C,zinc_ribbon_5,HTH_Tnp_ISL3,Zn_Tnp_IS1595,zf-C2H2_6,KRAB,GATA,DNA_RNApol_7kD,zinc_ribbon_4,CxxC_CxxC_SSSS,CpXC	NA
B4DM62	Gag_spuma,Homeobox,NicO,DUF2217,TF_Otx	NA
B4DM69	zf-C2H2_4,C1_4,zf-C2H2,FYVE,zf-BED,zf-C2H2_jaz,zf-met,zf-H2C2_2,CxxC_CxxC_SSSS,Baculo_IE-1,Ring_hydroxyl_B,Zn_Tnp_IS1595,DUF82,zf-MYND,Yippee,zf-C2H2_6,BolA	NA
B4DMG0	zf-C2H2_4,zf-C2H2,zf-C2H2_jaz,XPA_N,zf-H2C2_2,C1_1,TFIIS_C,HTH_Tnp_ISL3,Zn_Tnp_IS1595,zf-C2H2_6,IGPD,DUF2387,KRAB,Trm112p,Rpr2,zf-trcl,CxxC_CxxC_SSSS,zf-C2H2_2,zf-C2HC_2,Med27	NA
B4DMG1	HMG_box,Aldedh,DUF1898,Trans_reg_C,LMSTEN	NA
B4DMH2	P53_tetramer,P53,P53_TAD	NA
B4DMH6	KRAB,SCAN	NA
B4DMI3	zf-C2H2_4,C1_4,zf-C2H2,BHD_1,zf-C2H2_jaz,zf-trcl,KRAB,XPA_N,zf-H2C2_2,CxxC_CxxC_SSSS,HTH_Tnp_ISL3,AARP2CN,Zn_Tnp_IS1595,DUF82,zf-C2H2_6	NA
B4DMI8	zf-C2H2_4,C1_4,HTH_AraC,zf-C2H2,zf-C2H2_jaz,zf-trcl,zf-met,zf-H2C2_2,CxxC_CxxC_SSSS,Zn_Tnp_IS1595,zf-C2H2_6	NA
B4DMT1	zf-C2H2_4,zf-C2H2,Zn_ribbon_recom,YhfH,zf-C2H2_jaz,XPA_N,zf-H2C2_2,A2L_zn_ribbon,C1_4,zf-RING_3,zinc_ribbon_5,HTH_Tnp_ISL3,Zn_Tnp_IS1595,DUF2321,zf-C2H2_6,zf-H2C2_5,LIM,GATA,DNA_RNApol_7kD,zf-BED,zf-trcl,CxxC_CxxC_SSSS,FYDLN_acid,BHD_1,BolA	NA
B4DMV4	Auxin_repressed,Fork_head	NA
B4DMZ9	MscS_porin,CASP_C,DUF3287,ADIP,IncA,AA_kinase,bZIP_1,V_ATPase_I,DivIC,DUF972,DUF724,EMP24_GP25L,DUF4407,DUF3373,bZIP_2,OppC_N,Atg14,DUF904,Cas_CXXC_CXXC	NA
B4DN83	SAM_PNT,SAM_1,Ets,SAM_2	NA
B4DNB0	bZIP_2,bZIP_1,bZIP_Maf	NA
B4DNC7	HLH,DUF3371,DUF3313,5-FTHF_cyc-lig,Ribophorin_I	NA
B4DNF7	zf-C2H2_4,CHORD,zf-C2H2,IL17,zf-H2C2_2,zf-H2C2_5,zf-C2H2_6	NA
B4DNH5	zf-C2H2_4,zf-C2H2,NifU_N,zf-C2H2_jaz,XPA_N,zf-met,zf-H2C2_2,C1_1,A2L_zn_ribbon,HTH_Tnp_ISL3,Zn_Tnp_IS1595,zf-C2H2_6,Rpr2,DNA_RNApol_7kD,zf-BED,zf-trcl,CxxC_CxxC_SSSS,zf-C2H2_2,Peptidase_C23	NA
B4DNI2	P53_tetramer,P53,P53_TAD	NA
B4DNP0	Tropomyosin_1,Fib_alpha,MerR-DNA-bind,MIF4G_like_2,STAT_bind,eIF3_N,STAT_alpha,DUF342,DUF892,Baculo_PEP_C,SH2,DUF2730,Syntaxin-6_N	NA
B4DNQ1	HMG_box,DUF1898,DHC,Poxvirus_B22R_N	NA
B4DNQ8	zf-C2H2_4,C1_4,zf-RING_3,Elf1,zf-C2H2,Prok-RING_1,zf-C2H2_jaz,zf-met,XPA_N,zf-H2C2_2,CxxC_CxxC_SSSS,FYDLN_acid,zf-C2H2_6	NA
B4DNX4	DUF3432	NA
B4DP29	zf-C2H2_4,zf-C2H2,PRP21_like_P,zf-BED,zf-C2H2_jaz,XPA_N,zf-met,zf-H2C2_2,CxxC_CxxC_SSSS,HTH_Tnp_ISL3,zf-C2H2_6,IGPD	NA
B4DP41	Prox1	NA
B4DP83	HLH,Myc_N,Apt1,Cenp-B_dimeris,LRS4,BSP_II,TFIIF_alpha	NA
B4DPA6	Homeobox,LIM,Homeobox_KN,SpoIIIAH	NA
B4DPC1	APC_CDC26,TFIIA,Tombus_movement,Auxin_repressed,TBP	NA
B4DPE6	zf-C2H2_4,zf-C2H2	NA
B4DPE9	zf-C2H2_4,zf-C2H2,CHORD,zf-C2H2_jaz,zf-met,zf-H2C2_2,zf-C2HC_2	NA
B4DPL3	DUF3678,HLH,DUF3371	NA
B4DPL6	HNF-1_N,HNF-1B_C,HTH_5,Homeobox,Homeobox_KN	NA
B4DPN4	HNF-1_N,HNF-1B_C,Homeobox,Homeobox_KN,DUF2183	NA
B4DPR1	Hormone_recep,zf-C4	NA
B4DPR9	DUF4116,mTERF	NA
B4DPU9	HMG_box,DUF1898,MAT_Alpha1,AXH	NA
B4DPW2	zf-C2H2_4,zf-C2H2,CHORD,FYVE,zf-C2H2_jaz,zf-met,zf-H2C2_2,zf-C2H2_2,zf-C2HC_2,zf-C2H2_6	NA
B4DPY9	zf-C2H2_4,zf-C2H2,zf-C2H2_jaz,XPA_N,zf-H2C2_2,C1_1,A2L_zn_ribbon,C1_4,zf-RING_3,HTH_Tnp_ISL3,Zn_Tnp_IS1595,zf-C2H2_6,Prok-RING_1,KRAB,PHD,DZR,GATA,Rpr2,DNA_RNApol_7kD,CxxC_CxxC_SSSS,CpXC	NA
B4DQB0	ARID	NA
B4DQB3	STAT_alpha,SH2,STAT_bind	NA
B4DQE4	Hormone_recep,zf-C4	NA
B4DQP4	zf-C2H2_4,zf-C2H2,Mito_fiss_reg,RXT2_N,zf-C2H2_jaz,zf-met,zf-H2C2_2,DUF2890,DUF2457,DUF2180,Pox_Ag35,Daxx,zf-C2H2_6,CDC45,Nop14,CxxC_CxxC_SSSS,zf-C2H2_2,FYDLN_acid,zf-LYAR,BolA	NA
B4DQV3	zf-C2H2_4,zf-C2H2,zf-C2H2_jaz,zf-met,zf-H2C2_2,zf-C2H2_2,zf-C2H2_6	NA
B4DR15	zf-C2H2_4,zf-C2H2,Zn_ribbon_recom,YhfH,zf-C2H2_jaz,XPA_N,zf-met,zf-H2C2_2,C1_4,zf-AN1,HTH_Tnp_ISL3,Zn_Tnp_IS1595,zf-MYND,zf-C2H2_6,KRAB,Siva,LIM,zf-BED,CxxC_CxxC_SSSS,HTH_18,Ribosomal_L44,BolA	NA
B4DR23	zf-C2H2_4,CpXC,zf-C2H2,TFIIS_C,C1_3,KRAB,XPA_N,zf-H2C2_2,HTH_Tnp_ISL3,Ring_hydroxyl_B,CxxC_CxxC_SSSS,Zn_Tnp_IS1595,C1_1,zf-H2C2_5,zf-C2H2_6	NA
B4DR42	STAT_alpha,SH2,STAT_bind	NA
B4DR70	RRM_1,RRM_6,RRM_5,zf-RanBP	NA
B4DRA9	GTF2I	NA
B4DRB3	Rb_C,RB_B,DUF3452,RB_A	NA
B4DRB5	zf-C2H2_4,zf-C2H2,zf-C2H2_jaz,KRAB,zf-H2C2_2,CxxC_CxxC_SSSS,Zn_Tnp_IS1595,zf-C2H2_6	NA
B4DRK1	zf-C2H2_4,zf-H2C2_2,zf-C2H2	NA
B4DRM0	zf-C2H2_4,zf-C2H2,zf-C2H2_jaz,zf-met,XPA_N,zf-H2C2_2,Yippee,C1_1,MBD,DUF899,C1_4,HTH_Tnp_ISL3,zf-C2H2_6,Prok-RING_1,KRAB,LIM,GATA,DNA_RNApol_7kD,CxxC_CxxC_SSSS,CpXC,BolA	NA
B4DRN9	HTH_29,MH1,NfI_DNAbd_pre-N,CTF_NFI	NA
B4DRP8	zf-C2H2_4,zf-C2H2,BHD_1,zf-C2H2_jaz,KRAB,zf-H2C2_2,CxxC_CxxC_SSSS,zf-C2H2_6,GATA	NA
B4DRR6	zf-C2H2_4,zf-C2H2,Prok-RING_2,zf-C2H2_jaz,XPA_N,zf-met,zf-H2C2_2,Yippee,C1_4,TFIIS_C,zf-AN1,HTH_Tnp_ISL3,Zn_Tnp_IS1595,zf-C2H2_6,EPTP,DUF82,DZR,Rpr2,zf-BED,DNA_RNApol_7kD,zf-trcl,CxxC_CxxC_SSSS,DUF2175,BolA	NA
B4DRV7	Hormone_recep,zf-C4	NA
B4DRW3	RRM_3,RRM_6,RRM_5,RRM_1	NA
B4DRZ1	HLH,Myc_N,Cenp-B_dimeris,LRS4,BSP_II,TFIIF_alpha	NA
B4DS18	zf-C2H2_4,C1_4,zf-C2H2,Prok-RING_2,zf-C2H2_jaz,zf-CHY,KRAB,zf-met,zf-H2C2_2,CxxC_CxxC_SSSS,Zn_Tnp_IS1595,C1_1,GAGA,zf-C2H2_6,NADH-G_4Fe-4S_3	NA
B4DS26	zf-C2H2_4,zf-DBF,Elf1,zf-C2H2,Zn_ribbon_recom,zf-C2H2_jaz,zf-met,zf-H2C2_2,Homeobox,CxxC_CxxC_SSSS,zf-C2H2_2,zf-C2H2_6	NA
B4DS34	HIF-1,HIF-1a_CTAD,PAS,PAS_3,PAS_9,PAS_4,Dicty_REP	NA
B4DS48	zf-C2HC,MYT1,IBR	NA
B4DS70	zf-C2H2_4,zf-C2H2,Prok-RING_2,zf-C2H2_jaz,Ogr_Delta,IBD,zf-met,zf-H2C2_2,C1_1,DUF4116,C1_4,zf-AN1,Zn_Tnp_IS1595,zf-MYND,zf-C2H2_6,Rpr2,zf-BED,zf-trcl,CxxC_CxxC_SSSS,HTH_18	NA
B4DS73	zf-C2H2_4,PyrI_C,zf-C2H2,zf-C2H2_jaz,zf-met,zf-H2C2_2,zf-C2H2_2,GAGA,zf-H2C2_5,Zfx_Zfy_act	NA
B4DS74	MH1,NfI_DNAbd_pre-N,CTF_NFI	NA
B4DS85	HLH,EF_hand_4,efhand,Neuro_bHLH,EF_hand_6,EF_hand_3,EF_hand_5	NA
B4DSB8	zf-C2H2_4,zf-C2H2,zinc_ribbon_5,Ndc1_Nup,zf-C2H2_jaz,zf-HIT,zf-met,zf-H2C2_2,Homeobox,HypA,CxxC_CxxC_SSSS,zf-C2H2_6	NA
B4DSC6	zf-C2H2_4,zf-C2H2,zf-C2H2_jaz,KRAB,zf-met,zf-H2C2_2,C1_1,zf-C2H2_6	NA
B4DSF4	zf-C2H2_4,C1_4,zf-RING_3,zf-C2H2,zf-C2H2_jaz,zf-trcl,zf-AN1,XPA_N,zf-H2C2_2,CxxC_CxxC_SSSS,HTH_Tnp_ISL3,Zn_Tnp_IS1595,C1_1,FYDLN_acid,zf-C2H2_6	NA
B4DSG8	zf-C2H2_4,zf-C2H2,zf-C2H2_jaz,KRAB,zf-H2C2_2,CxxC_CxxC_SSSS,zf-C2H2_6	NA
B4DSH1	Myb_DNA-bind_6,Myb_Cef,Myb_DNA-binding	NA
B4DSI0	zf-C2H2_4,zf-C2H2,Zn_ribbon_recom,Prok-RING_2,C1_3,zf-C2H2_jaz,YhfH,XPA_N,zf-H2C2_2,Yippee,C1_4,zf-AN1,HTH_Tnp_ISL3,Zn_Tnp_IS1595,zf-C2H2_6,Siva,LIM,DNA_RNApol_7kD,zf-BED,CxxC_CxxC_SSSS,HTH_18,zf-C2HC_2,DUF164,zf-LYAR	NA
B4DSI3	FadA,DUF1140,Hormone_recep,zf-C4	NA
B4DSK1	bZIP_2,bZIP_1,IpaB_EvcA	NA
B4DSK6	CXC	NA
B4DSR0	DCP2,TPR_14,PPR_1,MA3,Uteroglobin,TPR_8,PPR_2,PPR,PPR_3,ECSIT,Apc3,TPR_16	NA
B4DSU0	HLH	NA
B4DSV2	zf-C2H2_4,zf-C2H2,Desulfoferrod_N,zf-BED,zf-C2H2_jaz,zf-met,DUF2076,zf-H2C2_2,zf-C2H2_6	NA
B4DSY3	zf-C2H2_4,C1_4,zf-C2H2,DNA_RNApol_7kD,zf-C2H2_jaz,zf-trcl,KRAB,zf-H2C2_2,Yippee,HTH_18,zf-H2C2_5,FYDLN_acid,zf-C2H2_6,zf-UBP	NA
B4DSY7	STAT_int,NPV_P10,STAT_bind,STAT_alpha,CRC_subunit,SH2	NA
B4DSZ7	Rz1,Fork_head	NA
B4DT31	Secretin_N,DUF1897,KH_5,KH_1,KH_4,KH_3,KH_2	NA
B4DT98	zf-C2H2_4,zf-C2H2,YhfH,zf-C2H2_jaz,XPA_N,zf-H2C2_2,C1_1,TFIIS_C,HTH_Tnp_ISL3,Zn_Tnp_IS1595,zf-C2H2_6,IGPD,Trm112p,DNA_RNApol_7kD,zf-BED,zf-trcl,CxxC_CxxC_SSSS,zf-C2H2_2,zf-C2HC_2,Ribosomal_L44	NA
B4DTA0	zf-C2H2_4,C1_4,zf-C2H2,DUF3280,zf-C2H2_jaz,XPA_N,Rapsyn_N,zf-H2C2_2,CxxC_CxxC_SSSS,Zn_Tnp_IS1595,zf-C2H2_6	NA
B4DTA2	RRM_1,NID,RRM_6,RRM_3,RRM_5	NA
B4DTB6	Fork_head,Trypan_PARP	NA
B4DTC7	Hormone_recep	NA
B4DTE1	ARID	NA
B4DTK5	T-box	NA
B4DTN0	Rb_C,RB_A,TFIIB,DUF3452,RB_B	NA
B4DTN3	FAST_1,DARPP-32	NA
B4DU09	RHD	NA
B4DU20	HLH,Hairy_orange	NA
B4DU55	zf-C2H2_4,zf-C2H2,C1_3,zf-C2H2_jaz,XPA_N,zf-met,zf-H2C2_2,Yippee,C1_4,HTH_Tnp_ISL3,Zn_Tnp_IS1595,DUF2321,zf-C2H2_6,KRAB,PRP21_like_P,zf-BED,DNA_RNApol_7kD,zf-trcl,CxxC_CxxC_SSSS,BolA	NA
B4DU56	zf-C2H2_4,C1_4,zf-C2H2,DNA_RNApol_7kD,C1_3,zf-C2H2_jaz,zf-trcl,Ogr_Delta,KRAB,XPA_N,zf-H2C2_2,CxxC_CxxC_SSSS,HTH_Tnp_ISL3,Zn_Tnp_IS1595,DUF164,GAGA,ADK_lid,zf-C2H2_6	NA
B4DUB6	zf-C2H2_4,C1_4,zf-C2H2,zf-C2H2_jaz,KRAB,zf-H2C2_2,CxxC_CxxC_SSSS,Zn_Tnp_IS1595,zf-C2H2_6	NA
B4DUB8	zf-C2H2_4,zf-C2H2,zf-C2H2_jaz,IBD,XPA_N,zf-H2C2_2,Yippee,GAGA,C1_4,zf-RING_3,TFIIS_C,HTH_Tnp_ISL3,Chordopox_RPO7,Zn_Tnp_IS1595,zf-C2H2_6,Prok-RING_1,GATA,DNA_RNApol_7kD,zf-trcl,CxxC_CxxC_SSSS,Rota_NS6,CpXC,FYDLN_acid	NA
B4DUQ1	Phi-29_GP3,KH_5,KH_1,KH_4,KH_3,KH_2,ROKNT	NA
B4DUR3	zf-CXXC,MBD	NA
B4DV04	STAT_int,NPV_P10,STAT_bind,STAT_alpha,CRC_subunit,SH2	NA
B4DV46	zf-C2H2_4,zf-C2H2,zf-C2H2_jaz,zf-H2C2_2,HypA,zf-DNA_Pol,C1_4,zf-CHY,DUF3133,DUF2321,zf-C2H2_6,OGG_N,Tnp_zf-ribbon_2,zf-H2C2_5,Trm112p,Elf1,DNA_RNApol_7kD,CxxC_CxxC_SSSS,CpXC,FYDLN_acid,HTH_Tnp_IS66,zf-LYAR,BolA	NA
B4DV67	zf-C3HC4,zf-C3HC4_2,Prok-RING_4,zf-C3HC4_3,zf-B_box	NA
B4DVE5	RunxI,Runt	NA
B4DVG0	DUF3446	NA
B4DVP7	STAT_alpha,SH2,STAT_bind	NA
B4DVR6	Tropomyosin_1,Fib_alpha,MerR-DNA-bind,STAT_bind,eIF3_N,STAT_alpha,DUF342,Baculo_PEP_C,SH2,DUF2730,Syntaxin-6_N	NA
B4DVX5	SAM_PNT,SAM_1,Ets,SAM_2	NA
B4DW78	SAM_PNT,GluR_Homer-bdg	NA
B4DWA0	AT_hook	NA
B4DWD5	HMG_box,DUF1898,CTNNB1_binding	NA
B4DWF2	zf-C2H2_4,zf-C2H2,zf-CHCC,zf-C2H2_jaz,zf-TRAF,zf-met,zf-H2C2_2,zf-H2C2_5,GAGA,zf-MYND,zf-C2H2_6	NA
B4DWJ4	zf-C2H2_4,C1_4,zf-C2H2,DNA_RNApol_7kD,zf-C2H2_jaz,XPA_N,zf-H2C2_2,CxxC_CxxC_SSSS,HTH_Tnp_ISL3,Yippee,zf-C2H2_6,BolA	NA
B4DWJ5	zf-C2H2_4,zf-C2H2,C1_3,zf-C2H2_jaz,XPA_N,zf-met,zf-H2C2_2,Yippee,GAGA,C1_1,C1_4,TFIIS_C,HTH_Tnp_ISL3,Zn_Tnp_IS1595,zinc_ribbon_2,zf-C2H2_6,Prok-RING_1,Siva,DNA_RNApol_7kD,CxxC_CxxC_SSSS,FYDLN_acid,BolA	NA
B4DWL1	Secretin_N,KH_5,KH_1,KH_4,KH_3,KH_2	NA
B4DWM7	zf-C2H2_4,C1_4,zf-RING_3,zf-C2H2,DNA_RNApol_7kD,zf-C2H2_jaz,zf-trcl,zf-CHY,LIM,zf-H2C2_2,Yippee,CxxC_CxxC_SSSS,zf-H2C2_5,FYDLN_acid,zf-C2H2_6,zf-UBP	NA
B4DWN5	DndB,Fork_head,HNF_C,Fork_head_N	NA
B4DWR6	zf-C2H2_4,zf-C2H2,YhfH,zf-C2H2_jaz,XPA_N,zf-met,zf-H2C2_2,Yippee,C1_1,MBD,C1_4,zf-AN1,HTH_Tnp_ISL3,Zn_Tnp_IS1595,zf-C2H2_6,DUF3280,Prok-RING_1,LIM,GATA,zf-BED,zf-trcl,CxxC_CxxC_SSSS,zf-C2HC_2,CpXC,BolA	NA
B4DX26	HMG_box,DUF1898,PBP_sp32	NA
B4DX44	zf-C2H2_4,Katanin_con80,zf-C2H2,NifU_N,C1_3,zf-C2H2_jaz,zf-trcl,KRAB,zf-H2C2_2,CxxC_CxxC_SSSS,zf-C2HC_2,zf-C2H2_6	NA
B4DX56	DM	NA
B4DX79	zf-C2H2_4,zf-C2H2,Zn_ribbon_recom,Prok-RING_2,C1_3,zf-C2H2_jaz,Ogr_Delta,YhfH,XPA_N,zf-H2C2_2,GAGA,C1_4,TFIIS_C,zf-AN1,HTH_Tnp_ISL3,Zn_Tnp_IS1595,zf-UBR,DUF2321,zf-C2H2_6,Desulfoferrod_N,C1_2,Prok-RING_1,zf-HIT,ADK_lid,LIM,DNA_RNApol_7kD,zf-trcl,DUF1610,CxxC_CxxC_SSSS,DUF164,FYDLN_acid,Ribosomal_L44	NA
B4DX80	Homeobox,Homeobox_KN,RNA_pol_3_Rpc31,Homez	NA
B4DX96	zf-C2H2_4,C1_4,zf-RING_3,zf-C2H2,SCAN,zf-BED,DNA_RNApol_7kD,zf-C2H2_jaz,zf-trcl,zf-AN1,XPA_N,zf-met,zf-H2C2_2,CxxC_CxxC_SSSS,HTH_Tnp_ISL3,HTH_18,Zn_Tnp_IS1595,zf-C2H2_6	NA
B4DXA9	zf-C2H2_4,Elf1,zf-C2H2,PyrI_C,zf-BED,DUF3669,zf-C2H2_jaz,zf-HYPF,KRAB,zf-H2C2_2,DZR,zf-C2HC_2,Zn_Tnp_IS1595,zf-MYND,DUF164,FYDLN_acid,zf-C2H2_6,zf-FCS	NA
B4DXD3	Hormone_recep,PAN_3,zf-C4	NA
B4DXL8	ARID	NA
B4DXR9	zf-C2H2_4,zf-C2H2,C1_3,zf-C2H2_jaz,XPA_N,zf-H2C2_2,GAGA,zf-AN1,HTH_Tnp_ISL3,zf-MYND,zf-C2H2_6,KRAB,DUF2039,zf-trcl,DUF1610,CxxC_CxxC_SSSS,DUF164,Phycobilisome,BolA;C2H2 ZF	15
B4DXS5	zf-C2H2_4,C1_4,zf-C2H2,OGG_N,Prok-RING_1,zf-C2H2_jaz,zf-trcl,PHD,XPA_N,zf-met,zf-H2C2_2,CxxC_CxxC_SSSS,RRN7,zf-C2H2_6,BolA	NA
B4DXU5	Hormone_recep,zf-C4	NA
B4DXW7	HMG_box,DUF1898	NA
B4DXX0	zf-C2H2_4,zf-C2H2,zf-C2H2_jaz,XPA_N,zf-H2C2_2,C1_1,AAA_14,C1_4,DUF2256,HTH_Tnp_ISL3,Zn_Tnp_IS1595,DUF2321,zf-C2H2_6,Desulfoferrod_N,C1_2,Rpr2,DNA_RNApol_7kD,zf-trcl,CxxC_CxxC_SSSS,UBN_AB	NA
B4DXY2	TFIIF_alpha	NA
B4DXY4	zf-C2H2_4,Elf1,zf-C2H2,DUF2180,zf-C2H2_jaz,zf-CHY,zf-met,Rad50_zn_hook,zf-H2C2_2,DZR,CxxC_CxxC_SSSS,zinc_ribbon_2,GAGA,zf-C2H2_2,Zn_Tnp_IS1595,FYDLN_acid,zf-C2H2_6,Ribosomal_L44	NA
B4DY09	DZF	NA
B4DY33	Fork_head,FHA	NA
B4DY65	zf-C2H2_4,C1_4,zf-C2H2,Zn_ribbon_recom,TFIIS_C,DNA_RNApol_7kD,C1_3,zf-C2H2_jaz,YhfH,KRAB,XPA_N,zf-H2C2_2,CxxC_CxxC_SSSS,HTH_Tnp_ISL3,Zn_Tnp_IS1595,zf-MYND,zf-C2H2_6,BolA	NA
B4DY71	zf-C2H2_4,zf-C2H2,PGAMP,KRAB,XPA_N,zf-H2C2_2,CxxC_CxxC_SSSS,zf-C2H2_6	NA
B4DYE1	bZIP_2,bZIP_1,bZIP_Maf	NA
B4DYF0	zf-C2H2_4,zf-C2H2,Myb_DNA-bind_4,Myb_DNA-bind_3,zf-C2H2_jaz,KRAB,XPA_N,zf-H2C2_2,Myb_DNA-bind_6,MADF_DNA_bdg,Myb_DNA-bind_5,Peptidase_C47,RRN7,zf-C2H2_6,zf-LYAR	NA
B4DYI9	zf-C2H2_4,C1_4,CpXC,zf-C2H2,C1_3,zf-C2H2_jaz,ZZ,zf-H2C2_2,CxxC_CxxC_SSSS,HTH_Tnp_ISL3,Zn_Tnp_IS1595,C1_1,GAGA,zf-C2HC_2,FYDLN_acid,zf-C2H2_6,GATA	NA
B4DYR8	zf-C2H2_4,zf-C2H2,zf-C2H2_jaz,zf-met,zf-H2C2_2,BTB	NA
B4DYT4	zf-C2H2_4,zf-C2H2,NuA4,zf-C2H2_jaz,KRAB,zf-met,XPA_N,zf-H2C2_2,CxxC_CxxC_SSSS,zf-C2H2_6,BolA	NA
B4DYU5	zf-C2H2_4,zf-RING_3,PyrI_C,zf-C2H2,zf-C2H2_jaz,CDC27,zf-met,XPA_N,zf-H2C2_2,CxxC_CxxC_SSSS,BTB,zf-C2HC_2,SprT-like,zf-C2H2_6,PhnA_Zn_Ribbon,zf-LYAR	NA
B4DYZ9	PHD,zf-B_box,Bromodomain	NA
B4DZ50	HLH,CDC45	NA
B4DZB7	RFX_DNA_binding,Pox_D5	NA
B4DZH5	HLH	NA
B4DZK2	zf-C2H2_4,zf-C2H2,NuA4,zf-C2H2_jaz,KRAB,zf-met,XPA_N,zf-H2C2_2,CxxC_CxxC_SSSS,zf-C2H2_6,BolA	NA
B4DZP1	DUF1955,NusB,MH1,Glycos_transf_N	NA
B4DZP2	HLH,CDC45	NA
B4DZP9	zf-C2H2_4,zf-C2H2,YhfH,zf-C2H2_jaz,XPA_N,zf-H2C2_2,C1_1,TFIIS_C,HTH_Tnp_ISL3,Zn_Tnp_IS1595,zf-C2H2_6,IGPD,DUF2387,KRAB,Trm112p,DZR,DNA_RNApol_7kD,zf-trcl,CxxC_CxxC_SSSS,zf-C2HC_2,Ribosomal_L44	NA
B4DZR3	zf-C2H2_4,zf-C2H2,zf-C2H2_jaz,zf-met,zf-H2C2_2,zf-C2H2_6	NA
B4DZY5	HMG_box,DUF1898,Rer1,MAT_Alpha1,CTNNB1_binding	NA
B4E082	RHD,STAS	NA
B4E095	P53,DEC-1_N	NA
B4E0D0	zf-C2H2_4,zf-C2H2,zf-C2H2_jaz,XPA_N,zf-H2C2_2,C1_1,Cys_rich_CPXG,A2L_zn_ribbon,C1_4,zf-RING_3,HTH_Tnp_ISL3,Zn_Tnp_IS1595,zf-C2H2_6,Prok-RING_1,KRAB,PHD,DZR,GATA,DNA_RNApol_7kD,CxxC_CxxC_SSSS,CpXC,FYDLN_acid	NA
B4E0K3	HLH,IncA	NA
B4E0L9	zf-C2H2_4,zf-C2H2,C1_3,zf-C2H2_jaz,XPA_N,zf-H2C2_2,C1_4,TFIIS_C,zf-CHY,HTH_Tnp_ISL3,Zn_Tnp_IS1595,DUF2321,zf-C2H2_6,Desulfoferrod_N,ADK_lid,DUF2868,DNA_RNApol_7kD,zf-trcl,DUF1610,CxxC_CxxC_SSSS,DUF164,BolA	NA
B4E0P9	zf-C2H2_4,zf-C2H2,Myb_DNA-bind_4,SCAN,Myb_DNA-bind_3,zf-C2H2_jaz,KRAB,XPA_N,zf-met,zf-H2C2_2,Myb_DNA-bind_6,MADF_DNA_bdg,Myb_DNA-bind_5,Peptidase_C47,zf-C2H2_6	NA
B4E0X7	zf-C2H2_4,PyrI_C,zf-C2H2,zf-ribbon_3,Desulfoferrod_N,zf-BED,zf-C2H2_jaz,IBR,LIM,zf-met,zf-C2H2_6,zf-C2HC5,zf-C2H2_2,zinc_ribbon_2,CpXC,DZR,zf-FCS	NA
B4E0X8	Secretin_N,DUF1897,KH_5,KH_1,KH_4,KH_3,KH_2	NA
B4E165	HMG_box,DUF1898,Rer1,MAT_Alpha1	NA
B4E172	HLH,TIG	NA
B4E1A1	zf-C2H2_4,zf-C2H2,FYVE,zf-C3HC4_2,zf-UBP,KRAB,XPA_N,zf-H2C2_2,Chordopox_RPO7,zf-C2H2_6,LIM	NA
B4E1B1	IRF-3	NA
B4E1F9	zf-C2H2_4,zf-RING_3,zf-C2H2,zf-BED,zf-C2H2_jaz,Trm112p,zf-met,XPA_N,zf-H2C2_2,CxxC_CxxC_SSSS,BTB,zf-H2C2_5,zf-C2HC_2,C1_1,Zn_Tnp_IS1595,HTH_18,zf-C2H2_2,zf-C2H2_6	NA
B4E1G8	zf-C2H2_4,zf-C2H2,CHORD,zf-C2H2_jaz,zf-met,zf-H2C2_2	NA
B4E1J4	zf-C4	NA
B4E1L3	HLH,DUF3772,Hairy_orange	NA
B4E1N7	HLH,Myc_N,Myc-LZ,TRH	NA
B4E1P2	RHD	NA
B4E257	HNF_C,Fork_head,Fork_head_N	NA
B4E2H9	zf-C2H2_4,C1_4,zf-C2H2,FYVE,zf-BED,zf-C2H2_jaz,DUF1610,SMN,zf-met,XPA_N,zf-H2C2_2,FYDLN_acid,zf-C2H2_2,zf-C2HC_2,GAGA,RRN7,Inhibitor_I10,zf-C2H2_6	NA
B4E2J7	zf-C2H2_4,C1_4,zf-C2H2,zf-C2H2_jaz,zf-AN1,KRAB,zf-H2C2_2,HTH_Tnp_ISL3,Siva,CxxC_CxxC_SSSS,Zn_Tnp_IS1595,C1_1,zf-H2C2_5,XS,zf-C2H2_6,GATA,BolA	NA
B4E2K5	HIF-1,HIF-1a_CTAD,PAS,PAS_3,PAS_9,PAS_4,Dicty_REP	NA
B4E2L2	zf-C2H2_4,zf-C2H2,zf-C2H2_jaz,zf-met,zf-H2C2_2,BTB,GAGA,zf-H2C2_5,DUF3342,zf-C2H2_6,DUF776	NA
B4E2M6	zf-RING_2,Hormone_recep,zf-C4	NA
B4E2P6	zf-C2H2_4,zf-C2H2,zf-C2H2_jaz,zf-H2C2_2,zf-DNA_Pol,zf-RING_3,HNH,Zn_Tnp_IS1595,zf-MYND,zf-C2H2_6,zf-FCS,Desulfoferrod_N,DZR,LIM,Elf1,zf-BED,CxxC_CxxC_SSSS,zf-C2HC_2,DUF164,CpXC,FYDLN_acid	NA
B4E2P7	zf-C2H2_4,zf-C2H2,YhfH,zf-C2H2_jaz,XPA_N,zf-H2C2_2,C1_1,TFIIS_C,HTH_Tnp_ISL3,Zn_Tnp_IS1595,zf-C2H2_6,IGPD,DUF2387,Trm112p,Rpr2,DNA_RNApol_7kD,zf-trcl,CxxC_CxxC_SSSS,zf-C2HC_2,Ribosomal_L44	NA
B4E2U7	HIF-1,HIF-1a_CTAD,PAS,PAS_3,PAS_9,Dicty_REP	NA
B4E2U8	HLH,TIG	NA
B4E2Y1	Hormone_recep,zf-C4	NA
B4E374	Hormone_recep	NA
B4E389	FHA	NA
B4E3A6	T-box	NA
B4E3L5	HLH,PAS,PAS_3,Ribosomal_S13_N,PAS_9,PAS_4	NA
B4E3N9	HMG_box,DUF1898	NA
B4E3R5	ESR1_C,Oest_recep,Hormone_recep,zf-C4	NA
B4E3U6	zf-C2H2_4,C1_4,zf-C2H2,FYVE,zf-BED,zf-C2H2_jaz,KRAB,zf-met,XPA_N,zf-H2C2_2,CxxC_CxxC_SSSS,HypA,zf-C2H2_2,Zn_Tnp_IS1595,FYDLN_acid,zf-C2H2_6,zf-LYAR,BolA	NA
B5B0A5	zf-C2H2_4,zf-C2H2,C1_3,zf-C2H2_jaz,zf-CHY,zf-met,zf-C2H2_6,zf-H2C2_2,CxxC_CxxC_SSSS,BTB,GAGA,zf-H2C2_5,DUF3342,DZR	NA
B5B2P4	TIG,RHD	NA
B5B2S0	TIG,RHD	NA
B5B2S1	TIG,RHD	NA
B5B2S2	TIG,RHD	NA
B5B2S3	TIG,RHD	NA
B5B2S4	TIG,RHD	NA
B5B2S5	TIG,RHD	NA
B5BTZ6	STAT_int,Fib_alpha,MerR-DNA-bind,STAT_bind,eIF3_N,STAT_alpha,DUF342,Baculo_PEP_C,SH2,Syntaxin-6_N	NA
B5BU30	HMG_box,DUF1898,CTNNB1_binding	NA
B5BUG8	zf-C2H2_4,zf-C2H2,zf-BED,IBR,zf-met,Rad50_zn_hook,zf-H2C2_2	NA
B5LY05	B12-binding_2,DUF717,Hormone_recep,RecO_C,SapB_2,ESR1_C,zf-C4	NA
B5M0Y2	zf-C4	NA
B5MBY7	Hormone_recep,zf-C4	NA
B5MCB4	MBD	NA
B5MCP8	ArfGap,zf-trcl,TF_Zn_Ribbon,RRN7,DZR,GATA,NOB1_Zn_bind;GATA	1
B5MCT2	ETS_PEA3_N,Ets	NA
B5MDS3	zf-C2H2_4,zf-C2H2,zf-BED,zf-HIT,zf-AN1,zf-met,zf-H2C2_2,TF_Zn_Ribbon,zf-C2H2_6,OrfB_Zn_ribbon	NA
B5MDW0	SAM_PNT,SAM_1,Ets,SAM_2	NA
B5ME60	Homeobox,HTH_31,Pou	NA
B5TKC0	ESR1_C,zf-C4	NA
B5TKC1	zf-C4	NA
B5TKC2	SapB_2,ESR1_C,zf-C4	NA
B5TZ77	zf-C4	NA
B5TZ78	zf-C4	NA
B5TZ79	ESR1_C,zf-C4	NA
B5TZ80	zf-C4	NA
B5TZ81	zf-C4	NA
B5TZ82	zf-C4	NA
B5TZ83	zf-C4	NA
B6DP71	Ribosomal_L37ae,C1_3,DUF3011,zf-C4	NA
B6DP72	zf-C4	NA
B6DP73	zf-C4	NA
B6DP74	zf-C4	NA
B6DU66	SapB_2,zf-C4	NA
B6DU67	Ribosomal_L37ae,zf-C4	NA
B6DU68	Hormone_recep,zf-C4	NA
B6DU69	zf-C4	NA
B6DU70	C1_3,zf-C4	NA
B6E4X6	P53_tetramer,P53,DEC-1_N,P53_TAD	NA
B6ZGR6	DUF3921,Hormone_recep,zf-C4	NA
B6ZGR7	zf-C4	NA
B6ZGR8	FadA,DUF1140,Hormone_recep,CAP_N,zf-C4	NA
B6ZGS2	PPARgamma_N,Hormone_recep,zf-C4	NA
B6ZGS3	Hormone_recep,PAN_3,zf-C4	NA
B6ZGS4	Hormone_recep,zf-C4	NA
B6ZGS5	DUF4047,Hormone_recep,zf-C4	NA
B6ZGS6	Hormone_recep,zf-C4	NA
B6ZGS7	Hormone_recep,CBFNT,zf-C4	NA
B6ZGS8	Hormone_recep,zf-C4	NA
B6ZGS9	Hormone_recep,zf-C4	NA
B6ZGT0	Hormone_recep,zf-C4	NA
B6ZGT1	Hormone_recep,zf-C4	NA
B6ZGT2	Hormone_recep,Prok-RING_2,Mac,YdjO,PAPA-1,zf-C4	NA
B6ZGT3	Foamy_virus_ENV,Hormone_recep,Se-cys_synth_N,zf-C4	NA
B6ZGT4	Foamy_virus_ENV,Hormone_recep,zf-C4	NA
B6ZGT6	Nuc_recep-AF1,Hormone_recep,zf-C4	NA
B6ZGT7	DUF3892,DUF2318,zf-C4	NA
B6ZGT9	Hormone_recep,zf-C4	NA
B6ZGU2	Hormone_recep,zf-C4	NA
B6ZGU3	ESR1_C,Oest_recep,Hormone_recep,zf-C4	NA
B6ZGU5	GAT,Hormone_recep,zf-C4	NA
B6ZGU6	Hormone_recep,GCR,zf-C4	NA
B6ZGU8	Hormone_recep,UPF0547,zf-C3HC4_2,zf-P11,zf-C4	NA
B6ZGU9	zf-RING_2,Hormone_recep,zf-C4	NA
B7TQ30	zf-C2H2_4,zf-C2H2	NA
B7WNQ9	Elf1,zf-ribbon_3,DUF2387,C1_3,ArfGap,CxxC_CxxC_SSSS,eIF-5_eIF-2B,TF_Zn_Ribbon,DZR,GATA,A2L_zn_ribbon	NA
B7WNT5	HMG_box,DUF1898,CTNNB1_binding	NA
B7Z1H1	zf-C2H2_4,zf-C2H2,Evr1_Alr,zf-C2H2_jaz,KRAB,zf-met,zf-H2C2_2,CxxC_CxxC_SSSS,GAGA,zf-C2HC_2,zf-C2H2_6	NA
B7Z1I8	TrmB,E2F_TDP	NA
B7Z1N1	zf-C2H2_4,C1_4,zf-C2H2,Zn_ribbon_recom,TFIIS_C,DNA_RNApol_7kD,C1_3,zf-C2H2_jaz,XPA_N,zf-H2C2_2,HTH_Tnp_ISL3,CxxC_CxxC_SSSS,Yippee,Zn_Tnp_IS1595,C1_1,zf-H2C2_5,zf-C2H2_6,BolA	NA
B7Z1P3	zf-C2H2_4,zf-C2H2,DUF2944,DNA_RNApol_7kD,zf-C2H2_jaz,KRAB,zf-met,XPA_N,zf-H2C2_2,HTH_Tnp_ISL3,CxxC_CxxC_SSSS,zf-C2H2_6	NA
B7Z1R4	ETS_PEA3_N,Ets	NA
B7Z1Z0	PC4,QLQ	NA
B7Z272	Homeobox,Homeobox_KN	NA
B7Z2C9	ETS_PEA3_N,Ets	NA
B7Z2H6	HLH,PAS,PAS_9,PAS_3	NA
B7Z2Y7	zf-C2H2_4,zf-C2H2,C1_3,zf-C2H2_jaz,Ogr_Delta,zf-met,XPA_N,zf-H2C2_2,Yippee,RNA_pol_Rpb1_R,OrfB_Zn_ribbon,C1_4,DUF2180,HTH_Tnp_ISL3,zf-C2H2_6,Prok-RING_1,LIM,CxxC_CxxC_SSSS,zf-C2HC_2,FYDLN_acid,zf-LYAR	NA
B7Z2Z1	SAP,RRM_6,RRM_5,RRM_1	NA
B7Z3E4	zf-C4	NA
B7Z3G7	Myc_N,Homeobox,DUF2890,DUF1053,BSP_II,Homeobox_KN	NA
B7Z423	Hormone_recep,zf-C4	NA
B7Z4A9	Sec15,DUF1319,Homez,IMD,Homeobox,HTH_19,PBC,Homeobox_KN	NA
B7Z4B3	Homeobox,Homeobox_KN	NA
B7Z4B4	Hormone_recep,zf-C4	NA
B7Z4K0	DUF539,T-box	NA
B7Z4L5	zf-C2H2_4,zf-C2H2,Prok-RING_2,zf-C2H2_jaz,XPA_N,zf-met,zf-H2C2_2,Yippee,A2L_zn_ribbon,C1_4,zf-RING_3,TFIIS_C,zf-AN1,HTH_Tnp_ISL3,Zn_Tnp_IS1595,zf-C2H2_6,Prok-RING_1,Tnp_zf-ribbon_2,NanE,DUF82,DZR,LIM,Rpr2,zf-BED,DNA_RNApol_7kD,zf-trcl,DUF2072,CxxC_CxxC_SSSS,DUF164,BolA	NA
B7Z4R7	zf-C2H2_4,zf-C2H2,YEATS,Prok-RING_2,C1_3,zf-C2H2_jaz,Ogr_Delta,zf-met,zf-H2C2_2,C1_1,C1_4,TFIIS_C,zf-CHY,zf-AN1,HTH_Tnp_ISL3,Zn_Tnp_IS1595,zf-C2H2_6,C1_2,DNA_RNApol_7kD,zf-trcl,CxxC_CxxC_SSSS	NA
B7Z4T4	Hormone_recep,Troponin-I_N,zf-C4	NA
B7Z4T6	MH1,NfI_DNAbd_pre-N,CTF_NFI	NA
B7Z4V7	zf-C2H2_4,CpXC,zf-C2H2,zf-C2H2_jaz,zf-met,zf-H2C2_2,zf-C2H2_2,zf-H2C2_5,zf-C2H2_6	NA
B7Z4W0	TFIIS_M,TFIIS_C,Prok-RING_2,Med26,TF_Zn_Ribbon,Baculo_LEF5_C	NA
B7Z569	DP,E2F_TDP	NA
B7Z5E9	GAT,Hormone_recep	NA
B7Z5F4	ETS_PEA3_N,Ets	NA
B7Z5Q0	NUC130_3NT,Sec15,DUF1319,HTH_3,UCH,Homez,IMD,HTH_26,Homeobox,HTH_19,PBC,Homeobox_KN	NA
B7Z5S2	zf-C2H2_4,zf-C2H2,BHD_1,zf-C2H2_jaz,zf-met,zf-H2C2_2,CxxC_CxxC_SSSS,RasGEF,Zn_Tnp_IS1595,zf-C2H2_6,BolA	NA
B7Z5U7	Hormone_recep,zf-C4	NA
B7Z5W6	DUF539,T-box	NA
B7Z5X5	T-box	NA
B7Z5Z3	OmpH,IncA,LOH1CR12	NA
B7Z619	DUF539,T-box	NA
B7Z6D4	zf-C2H2_4,zf-C2H2,zf-C2H2_jaz,Rad50_zn_hook,zf-met,zf-H2C2_2,zf-H2C2_5,zf-C4_ClpX	NA
B7Z6F6	Homeobox,Homeobox_KN	NA
B7Z6H1	zf-C2H2_4,zf-C2H2,zf-C2H2_jaz,Rad50_zn_hook,zf-met,zf-H2C2_2,zf-H2C2_5	NA
B7Z6J2	Nuc_recep-AF1,zf-C4	NA
B7Z6K4	zf-C2H2_4,zf-C2H2,zf-C2H2_jaz,zf-met,Rad50_zn_hook,zf-H2C2_2,Rep_fac-A_3,zf-C2H2_2,zf-H2C2_5,zf-C4_ClpX	NA
B7Z6K7	C2H2 ZF	22
B7Z6M2	zf-C2H2_4,C1_4,zf-C2H2,zf-C2H2_jaz,XPA_N,zf-met,zf-H2C2_2,CxxC_CxxC_SSSS,C1_1,CpXC,zf-C2H2_6,BolA	NA
B7Z6N1	Ets	NA
B7Z6W3	Hormone_recep,zf-C4	NA
B7Z6X3	Hormone_recep,zf-C4	NA
B7Z720	Ets,Elf-1_N	NA
B7Z757	HLH	NA
B7Z774	CENP-B_N,NUC130_3NT,Sec15,DUF1319,HTH_3,UCH,Homez,HTH_26,Homeobox,HTH_19,PBC,Homeobox_KN	NA
B7Z789	Homez,Homeobox,ORC3_N,PBC,Homeobox_KN	NA
B7Z7H3	zf-C2H2_4,Ribosomal_L37ae,zf-C2H2,zf-C2H2_jaz,XPA_N,zf-met,zf-H2C2_2,Yippee,HypA,C1_1,C1_4,TFIIS_C,zf-AN1,HTH_Tnp_ISL3,Zn_Tnp_IS1595,zf-C2H2_6,FYVE,KRAB,Arc_trans_TRASH,zf-BED,zf-trcl,CxxC_CxxC_SSSS,zf-C2HC_2,BolA	NA
B7Z7I2	Hormone_recep,zf-C4	NA
B7Z7J5	Hormone_recep,zf-C4	NA
B7Z7Y7	RFX_DNA_binding	NA
B7Z7Z4	zf-C2H2_4,Elf1,zf-C2H2,zf-BED,zf-C2H2_jaz,zf-trcl,zf-met,zf-H2C2_2,BTB,zf-C2H2_2,C1_1,DUF3342,zf-C2H2_6,zf-DNA_Pol	NA
B7Z851	zf-C2H2_4,zf-C2H2,zf-C2H2_jaz,Ogr_Delta,IBR,zf-TRAF,zf-met,zf-H2C2_2,CopK	NA
B7Z885	zf-C2H2_4,zf-C2H2,DUF2163,zf-C2H2_jaz,Flag1_repress,zf-met,zf-H2C2_2,Cas_DxTHG	NA
B7Z8D8	Ig_2,LAG1-DNAbind,BTD	NA
B7Z8F5	RFX1_trans_act	NA
B7Z8M6	HLH,Oscp1,Hairy_orange	NA
B7Z8Q3	PAPA-1,Mac,Hormone_recep,zf-C4	NA
B7Z8R4	Ets	NA
B7Z8R7	Hormone_recep,Prok-RING_2,Mac,YdjO,PAPA-1,zf-C4	NA
B7Z8X6	P53_tetramer,P53	NA
B7Z8Y1	RHD	NA
B7Z934	TIG	NA
B7Z959	SAP,RRM_6,RRM_5,RRM_1	NA
B7Z993	zf-C2H2_4,zf-C2H2,DUF2944,DNA_RNApol_7kD,zf-C2H2_jaz,zf-met,XPA_N,zf-H2C2_2,HTH_Tnp_ISL3,CxxC_CxxC_SSSS,C1_1,zf-C2H2_6	NA
B7Z9B3	zf-C2H2_4,C1_4,DUF1768,zf-C2H2,Zn_ribbon_recom,TFIIS_C,DNA_RNApol_7kD,zf-C2H2_jaz,zf-trcl,XPA_N,zf-H2C2_2,CxxC_CxxC_SSSS,HTH_Tnp_ISL3,zinc_ribbon_2,Zn_Tnp_IS1595,Yippee,CpXC,zf-C2H2_6	NA
B7Z9C7	zf-C2H2_4,CdhC,zf-C2H2,zf-C2H2_jaz,zf-met,zf-H2C2_2,zf-C2H2_2,zf-C2H2_6	NA
B7Z9N6	Myc_N,Homeobox,DUF2890,DUF1053,BSP_II,Homeobox_KN	NA
B7Z9P6	zf-C2H2_4,zf-C2H2,Evr1_Alr,zf-BED,zf-C2H2_jaz,IBR,zf-C2H2_2,CpXC,zf-FCS	NA
B7ZA24	Tropomyosin_1,Fib_alpha,MerR-DNA-bind,STAT_bind,eIF3_N,STAT_alpha,DUF342,Baculo_PEP_C,SH2,DUF2730,Syntaxin-6_N	NA
B7ZA33	bZIP_2,bZIP_1,bZIP_Maf	NA
B7ZAB8	zf-C2H2_4,C1_4,zf-C2H2,Zn_ribbon_recom,TFIIS_C,DNA_RNApol_7kD,C1_3,zf-C2H2_jaz,YhfH,KRAB,XPA_N,zf-H2C2_2,HTH_Tnp_ISL3,CxxC_CxxC_SSSS,Zn_Tnp_IS1595,zf-MYND,zf-C2H2_6,BolA	NA
B7ZAC1	STAT_alpha,SH2,STAT_bind	NA
B7ZAE7	zf-C2H2_4,zf-C2H2,Prok-RING_2,zf-C2H2_jaz,XPA_N,zf-H2C2_2,Yippee,HypA,C1_1,A2L_zn_ribbon,C1_4,TFIIS_C,zf-AN1,HTH_Tnp_ISL3,Zn_Tnp_IS1595,zf-C2H2_6,DUF2175,EPTP,DZR,Rpr2,zf-BED,DNA_RNApol_7kD,zf-trcl,CxxC_CxxC_SSSS,HTH_18,DUF164,CpXC,BolA	NA
B7ZAF3	Myc_N,Homeobox,DUF2890,DUF1053,BSP_II,Homeobox_KN	NA
B7ZAW1	zf-C2H2_4,zf-C2H2,zf-C2H2_jaz,zf-met,zf-H2C2_2,zf-H2C2_5,zf-C2H2_6	NA
B7ZAX4	zf-C2H2_4,zf-C2H2,zf-BED,zf-C2H2_jaz,zf-met2,zf-met,zf-H2C2_2,RRN7,zf-C2H2_6	NA
B7ZAY1	zf-C2H2_4,C1_4,zf-C2H2,zf-C2H2_jaz,KRAB,XPA_N,zf-H2C2_2,HTH_Tnp_ISL3,Yippee,Zn_Tnp_IS1595,CpXC,zf-C2H2_6,BolA	NA
B7ZBM3	Fork_head	NA
B7ZKJ5	zf-C2H2_4,zf-C2H2,zf-C2H2_jaz,ROS_MUCR,zf-met,zf-H2C2_2,zf-H2C2_5,Zfx_Zfy_act,Adhes-Ig_like	NA
B7ZKU3	zf-C2H2_4,zf-C2H2,zf-BED,zf-met,zf-H2C2_2,zf-C2HC_2,RRN7,zf-C2H2_6	NA
B7ZKX1	Cdc6_C,RFX_DNA_binding,Pox_D5,DUF3233	NA
B7ZKX2	zf-C2H2_4,zf-C2H2,SCAN,Ta0938,zf-C2H2_jaz,KRAB,zf-met,zf-H2C2_2,CxxC_CxxC_SSSS,GAGA,DUF2321,zf-C2H2_6,BolA	NA
B7ZLF3	zf-C2H2_4,zf-FPG_IleRS,zf-C2H2,zf-ribbon_3,Zn_ribbon_recom,Acetone_carb_G,zf-C2H2_jaz,zf-met,zf-H2C2_2,HypA,Fer4_18,A2L_zn_ribbon,C1_4,zf-RING_3,zinc_ribbon_5,zf-AN1,HTH_Tnp_ISL3,Zn_Tnp_IS1595,Terminase_GpA,zf-C2H2_6,zinc_ribbon_2,Desulfoferrod_N,Prok-RING_1,COX5B,TF_Zn_Ribbon,ADK_lid,zf-H2C2_5,Trm112p,DZR,PhnA_Zn_Ribbon,Elf1,DNA_RNApol_7kD,DUF1610,zinc_ribbon_4,CxxC_CxxC_SSSS,zf-C2H2_2,DUF164,CpXC,FYDLN_acid,HTH_Tnp_IS66	NA
B7ZLG1	Fork_head	NA
B7ZLH1	CUE,DM,DMA	NA
B7ZLH2	Homeobox,LIM,Homeobox_KN	NA
B7ZLI7	HLH	NA
B7ZLK5	Fork_head,TT_ORF1,LMBR1,Auxin_repressed,eIF-3_zeta,Med15,Plasmodium_Vir	NA
B7ZLK9	zf-C2H2_4,zf-C2H2,zf-BED,Prok-RING_1,zf-C2H2_jaz,RseC_MucC,KRAB,XPA_N,zf-H2C2_2,CxxC_CxxC_SSSS,DZR,zf-C2HC_2,zf-C2H2_6,IGPD	NA
B7ZLN6	zf-C2H2_4,zf-C2H2,Zn_ribbon_recom,Prok-RING_1,zf-C2H2_jaz,XPA_N,zf-H2C2_2,CxxC_CxxC_SSSS,Zn_Tnp_IS1595,FYDLN_acid,zf-C2H2_6,LIM	NA
B7ZLN9	zf-C2H2_4,zf-C2H2,zf-C2H2_jaz,zf-H2C2_2,zf-C2H2_6	NA
B7ZLP5	SAP,RRM_6,RRM_5,RRM_1	NA
B7ZLR9	zf-C2H2_4,zf-C2H2,zf-C2H2_jaz,KRAB,XPA_N,zf-H2C2_2,Zn_Tnp_IS1595,zf-C2H2_6	NA
B7ZLY0	SAM_1,SAM_PNT,SAM_2	NA
B7ZM21	zf-C2H2_4,Ribosomal_L37ae,zf-C2H2,C1_3,zf-C2H2_jaz,XPA_N,zf-H2C2_2,Yippee,C1_1,C1_4,zf-RING_3,TFIIS_C,zf-AN1,HTH_Tnp_ISL3,Zn_Tnp_IS1595,zf-C2H2_6,Prok-RING_1,PHD,ZZ,LIM,GATA,zf-BED,DNA_RNApol_7kD,zf-trcl,CxxC_CxxC_SSSS,zf-C2HC_2,CpXC,Ribosomal_L44,BolA	NA
B7ZM83	zf-C2H2_4,zf-C2H2,zf-C2H2_jaz,HA,zf-met,Homeobox,zf-C2H2_2,zf-C2H2_6,Homeobox_KN	NA
B7ZMB1	zf-C2H2_4,C1_4,zf-RING_3,zf-C2H2,DNA_RNApol_7kD,C1_3,zf-C2H2_jaz,zf-trcl,KRAB,XPA_N,zf-met,zf-H2C2_2,CxxC_CxxC_SSSS,FYDLN_acid,zf-C2H2_6	NA
B7ZMC8	SAGA-Tad1,Homeobox	NA
B7ZMD4	Ets	NA
B7ZW61	zf-C2H2_4,zf-C2H2,zf-C2H2_jaz,KRAB,zf-met,zf-H2C2_2,zf-C2H2_6,BolA	NA
B8ZZ38	MA3,PPR_1,TPR_14,PPR_2,RPN7,PPR,PPR_3,ECSIT,Herpes_BBRF1	NA
B8ZZJ5	SRF-TF	NA
B8ZZU6	zf-C2H2_4,zf-C2H2,DUF3408,Shugoshin_N,bZIP_Maf,bZIP_2,bZIP_1	NA
B9EG80	CUE,DM,DMA	NA
B9EG95	zf-C2H2_4,zf-C2H2,NifU_N,C1_3,zf-C2H2_jaz,zf-trcl,KRAB,XPA_N,zf-H2C2_2,CxxC_CxxC_SSSS,zf-C2H2_6,BolA	NA
B9EGB3	zf-C2H2_4,zf-C2H2,Prok-RING_2,C1_3,zf-C2H2_jaz,XPA_N,zf-H2C2_2,GAGA,Vps36_ESCRT-II,HTH_Tnp_ISL3,Zn_Tnp_IS1595,zf-C2H2_6,KRAB,DNA_RNApol_7kD,DUF1610,CxxC_CxxC_SSSS,DUF164,Ribosomal_L44,BolA	NA
B9EGE7	zf-C2H2_4,zf-H2C2_2,zf-C2H2,zf-H2C2_5;C2H2 ZF	5
B9EGN4	zf-C2H2_4,C1_4,zf-C2H2,zf-C2H2_jaz,zf-H2C2_2,HTH_Tnp_ISL3,CxxC_CxxC_SSSS,Yippee,Zn_Tnp_IS1595,NADH_oxidored,zf-C2H2_6	NA
B9EH69	zf-C2H2_4,C1_4,zf-C2H2,DUF3280,zf-C2H2_jaz,Ham1p_like,zf-met,XPA_N,zf-H2C2_2,CxxC_CxxC_SSSS,HTH_Tnp_ISL3,Zn_Tnp_IS1595,zf-C2H2_6,zf-LYAR	NA
B9EIQ3	zf-C2H2_4,zf-C2H2,C1_3,zf-C2H2_jaz,YhfH,XPA_N,zf-H2C2_2,Yippee,C1_1,C1_4,TFIIS_C,zf-AN1,HTH_Tnp_ISL3,Zn_Tnp_IS1595,zf-C2H2_6,zf-UBP,ROS_MUCR,Siva,LIM,Requiem_N,DNA_RNApol_7kD,zf-BED,zf-trcl,CxxC_CxxC_SSSS,HTH_18,BHD_1,Ribosomal_L44,zf-LYAR,BolA	NA
B9EK48	zf-C2H2_4,zf-C2H2,zf-C2H2_jaz,zf-met,Homeobox,zf-C2H2_2,AKAP95,zf-C2H2_6,Homeobox_KN	NA
B9EK70	zf-C2H2_4,C1_4,zf-C2H2,TFIIS_C,Prok-RING_1,C1_3,zf-C2H2_jaz,DNA_RNApol_7kD,KRAB,XPA_N,zf-met,zf-H2C2_2,CxxC_CxxC_SSSS,HTH_Tnp_ISL3,DUF164,Zn_Tnp_IS1595,SprT-like,zf-C2H2_6	NA
B9UZC5	zf-C2H2_4,zf-C2H2	NA
B9VVT8	Foamy_virus_ENV,zf-C4	NA
C0H5Y2	PAPA-1,Mac,Hormone_recep,zf-C4	NA
C0IMW8	HMG_box,Pepsin-I3,DUF1898,DUF1542	NA
C0JKD5	Hid1,Androgen_recep,DUF1764,zf-C3HC4_2,Spt20,Neur_chan_memb,Suf,eIF-3_zeta,Med15,NARP1,zf-C4	NA
C0JKD6	Hid1,Gag_spuma,Androgen_recep,DUF1764,zf-C3HC4_2,Spt20,Neur_chan_memb,Suf,eIF-3_zeta,Med15,NARP1,zf-C4	NA
C0JKD7	Hid1,Androgen_recep,DUF1764,Spt20,Neur_chan_memb,Suf,eIF-3_zeta,Med15,NARP1,zf-C4	NA
C0KTE1	Homeobox,Pax2_C,DUF765	NA
C0KTE2	Homeobox,Pax2_C,DUF765	NA
C0KTE3	Homeobox,Pax2_C,DUF765	NA
C0KTF2	Terminase_5,HTH_Tnp_IS1,Ribosomal_S13_N,HTH_23,PAX	NA
C0L927	C1_3,zf-C4	NA
C0LJA7	Hormone_recep,zf-P11,zf-C4	NA
C0LJA8	SapB_2,ESR1_C,zf-P11,zf-C4	NA
C0LJA9	Ribosomal_L37ae,DUF3011,zf-C4	NA
C0LLI5	ESR1_C,zf-C4	NA
C0LLI6	zf-C4	NA
C0LLI7	zf-C4	NA
C0LLI8	Hormone_recep,zf-C4	NA
C0LLI9	ESR1_C,zf-C4	NA
C0SQ93	GAT,Hormone_recep,zf-C4	NA
C1IK54	ETS_PEA3_N,Ets	NA
C1INH9	T-box	NA
C1INI1	T-box	NA
C1INI2	T-box	NA
C1INI6	T-box	NA
C1K3N0	TF_AP-2	NA
C3RYR1	T-box	NA
C3UMV2	RHD	NA
C3UMV3	RHD	NA
C3UMV4	RHD	NA
C4PGM0	zf-C2H2_4,zf-C2H2,zf-C2H2_jaz,zf-H2C2_2,RRN7,zf-C2H2_6	NA
C5HU01	DivIC,HLH,DUF3584,FhuF,DUF904	NA
C6KG44	MBD	NA
C6KG45	MBD	NA
C6KMR8	Fork_head	NA
C6ZRJ5	HMG_box,DUF1898,CTNNB1_binding	NA
C6ZRJ6	HMG_box,DUF1898,CTNNB1_binding	NA
C6ZRJ7	HMG_box,DUF1898,CTNNB1_binding	NA
C6ZRK1	HMG_box,DUF1898,MAT_Alpha1,CTNNB1_binding	NA
C6ZRK2	HMG_box,DUF1898,CTNNB1_binding	NA
C6ZRK4	HMG_box,DUF1898,CTNNB1_binding	NA
C6ZRK5	HMG_box,DUF1898,CTNNB1_binding	NA
C7FEN9	zf-C2H2_4,zf-C2H2,zf-BED,zf-C2H2_jaz,zf-H2C2_2,GAGA,zf-C2HC_2,zf-C2H2_6,BolA	NA
C7FFR5	Ribosomal_L37ae,zf-C4	NA
C7FNH7	HTH_Tnp_IS1,HTH_29,Ribosomal_S13_N,HTH_23,PAX	NA
C8CD01	zf-C4	NA
C8CJK8	zf-C4	NA
C8CJK9	zf-C4	NA
C8CJL1	zf-C4	NA
C8CJL2	zf-C4	NA
C8CJL3	Ribosomal_L37ae,zf-C4	NA
C8CJL5	zf-C4	NA
C8CJL6	Hormone_recep,zf-C4	NA
C9D7C9	P53_tetramer,P53	NA
C9D7D0	DUF876,P53_tetramer,P53	NA
C9DZM4	Menin	NA
C9E0E9	zf-C2H2,zf-C4	NA
C9E0F0	SapB_2,zf-C4	NA
C9E0F1	SapB_2	NA
C9E0F2	zf-C4	NA
C9E0F3	C1_3,zf-C4	NA
C9IYV0	zf-H2C2_2,Zn_Tnp_IS1595	NA
C9IZC5	RuvA_C	NA
C9IZL7	DUF4175,RRM_1,Mito_fiss_reg,RRM_6,DUF1264,RRM_5	NA
C9IZS8	zf-C2H2_4,zf-C2H2,Prok-RING_2,C1_3,zf-C2H2_jaz,YhfH,XPA_N,zf-H2C2_2,C1_4,HTH_Tnp_ISL3,Zn_Tnp_IS1595,zf-C2H2_6,Desulfoferrod_N,Prok-RING_1,zf-HIT,ADK_lid,DNA_RNApol_7kD,zf-trcl,DUF1610,CxxC_CxxC_SSSS,DUF164,DUF2213,Ribosomal_L44,BolA;C2H2 ZF	14
C9J0F0	Fork_head,Ribosomal_L27e	NA
C9J0J4	HMG_box,Myc_N	NA
C9J0Q5	Myb_DNA-bind_6,Serinc,Myb_DNA-binding	NA
C9J2C8	zf-C4	NA
C9J2N8	zf-C2H2_4,C1_4,zf-C2H2,zf-C2H2_jaz,zf-H2C2_2,CxxC_CxxC_SSSS,Zn_Tnp_IS1595,zf-C2H2_6	NA
C9J330	DUF972,DivIC,Myb_DNA-binding	NA
C9J423	zf-C2H2_4,zf-C2H2,UPF0547,YhfH,zf-C2H2_jaz,Ogr_Delta,zf-met2,XPA_N,zf-met,zf-H2C2_2,Rubredoxin,A2L_zn_ribbon,C1_4,TFIIS_C,zinc_ribbon_5,zf-AN1,HTH_Tnp_ISL3,Zn_Tnp_IS1595,zf-C2H2_6,FYVE,Prok-RING_1,zf-HIT,PHD,TF_Zn_Ribbon,SprT-like,zf-BED,DNA_RNApol_7kD,zf-trcl,zinc_ribbon_4,CxxC_CxxC_SSSS,Ribosomal_L44,BolA	NA
C9J461	DP,E2F_TDP	NA
C9J4J4	SRF-TF	NA
C9J4R0	zf-C4	NA
C9J5E3	Homeobox	NA
C9J682	Zfx_Zfy_act,Adhes-Ig_like	NA
C9J6L6	zf-C2H2_4,zf-C2H2,Zn_ribbon_recom,zf-DNL,zf-C2H2_jaz,XPA_N,zf-met,zf-H2C2_2,Yippee,C1_4,TFIIS_C,HTH_Tnp_ISL3,Zn_Tnp_IS1595,zf-C2H2_6,C1_2,Prok-RING_1,DUF2688,KRAB,ZZ,GATA,DNA_RNApol_7kD,zf-trcl,CxxC_CxxC_SSSS,CpXC,Ribosomal_L44	NA
C9J6X1	zf-C2H2_4,zf-C2H2,Evr1_Alr,zf-C2H2_jaz,KRAB,zf-H2C2_2,HTH_Tnp_ISL3,CxxC_CxxC_SSSS,Zn_Tnp_IS1595,zf-C2H2_6	NA
C9J7F3	RuvA_C	NA
C9J845	Ribophorin_I	NA
C9J872	DP,E2F_TDP	NA
C9J8D0	HMG_box,DUF1898,DUF2028	NA
C9J8W4	Hormone_recep,zf-C4	NA
C9J8X5	HMG_box,DUF1898,Tol_Tol_Ttg2	NA
C9J8Y5	Myosin_N;Myb/SANT	2
C9J977	DP,E2F_TDP	NA
C9J9N2	HLH,PAS,PAS_3,PAS_9,PAS_4	NA
C9JA69	HMG_box,DUF1898,DUF2028	NA
C9JAG2	SAM_PNT	NA
C9JBE8	HLH	NA
C9JBI8	DUF3313,HLH,5-FTHF_cyc-lig,Ribophorin_I	NA
C9JBS2	zf-C4	NA
C9JC15	zf-C2H2_4,zf-C2H2,DUF2147,zf-BED,zf-C2H2_jaz,zf-met,zf-H2C2_2,CxxC_CxxC_SSSS,HTH_Tnp_ISL3,zf-Sec23_Sec24,Zn_Tnp_IS1595,zf-C2H2_6	NA
C9JCA9	MA3,PPR_1,TPR_14,PPR_2,RPN7,PPR,PPR_3,ECSIT,Herpes_BBRF1	NA
C9JCC6	DUF605,TAF4,Histone,CBFD_NFYB_HMF	NA
C9JCJ0	zf-C2H2_4,C1_4,zf-C2H2,zinc_ribbon_5,zf-C2H2_jaz,zf-AN1,zinc_ribbon_4,zf-H2C2_2,CxxC_CxxC_SSSS,HTH_Tnp_ISL3,zf-C2H2_2,RRN7,zf-C2H2_6;C2H2 ZF	16
C9JCS0	zf-C4	NA
C9JD95	IRF	NA
C9JDI9	zf-C4	NA
C9JE25	DUF1923,Nucleopor_Nup85,mTERF	NA
C9JE62	HMG_box,Myc_N	NA
C9JE98	Myb_DNA-bind_6,Serinc,Myb_DNA-binding	NA
C9JFG0	STAT_int,NPV_P10,STAT_bind,STAT_alpha,CRC_subunit,SH2	NA
C9JGL9	RuvA_C	NA
C9JH89	MBD	NA
C9JI46	HTH_psq	NA
C9JIZ2	HMG_box,DUF1898	NA
C9JJ16	zf-C4	NA
C9JK03	HLH,PAS,Phage_Gp23,PAS_9,RNA_pol_Rpb4,GATase_2	NA
C9JKS0	DUF1254,zf-C4	NA
C9JLB1	RRM_1,RRM_6,DbpA,Limkain-b1,RRM_5	NA
C9JLR9	BED ZF	3
C9JLX5	zf-C2H2_4,C1_4,zf-C2H2,BHD_1,zf-C2H2_jaz,KRAB,XPA_N,zf-H2C2_2,CxxC_CxxC_SSSS,Endonuc-BglII,zf-C2H2_6	NA
C9JME7	zf-C2H2_4,zf-C2H2,Zn_ribbon_recom,zf-C2H2_jaz,zf-H2C2_2,C1_4,zf-RING_3,HNH,zf-AN1,HTH_Tnp_ISL3,Zn_Tnp_IS1595,zf-C2H2_6,zf-C4_ClpX,DZR,GATA,zf-C3HC4_2,CxxC_CxxC_SSSS,CpXC,FYDLN_acid,zf-LYAR	NA
C9JN71	C2H2 ZF	14
C9JNM8	DUF1923,Nucleopor_Nup85,mTERF	NA
C9JNQ4	C1_3,zf-C4	NA
C9JNU3	HMG_box,DUF1898	NA
C9JP21	HTH_3,RuvA_C	NA
C9JP85	Nrf1_DNA-bind	NA
C9JQA6	zf-C2H2_4,zf-C2H2,zf-C2H2_jaz,FA,KRAB,zf-met,zf-H2C2_2,CxxC_CxxC_SSSS,Zn_Tnp_IS1595,zf-C2H2_6	NA
C9JQE8	Myb_DNA-bind_6,Myb_DNA-binding	NA
C9JR56	Homeobox,MEI4-Rec24,CUT	NA
C9JSH4	HMG_box,DUF1898	NA
C9JSJ3	HMG_box,DUF1898,HLH	NA
C9JSZ1	Secretin_N,DUF1897,KH_5,KH_1,KH_4,KH_3,KH_2	NA
C9JTA7	Fork_head	NA
C9JTJ1	zf-C2H2_4,C1_4,zf-C2H2,C1_2,SpoU_sub_bind,Prok-RING_2,zf-BED,DNA_RNApol_7kD,zf-C2H2_jaz,zf-trcl,zf-CHY,zf-AN1,zf-H2C2_2,CxxC_CxxC_SSSS,HTH_Tnp_ISL3,Zn_Tnp_IS1595,zf-C2H2_6,BolA;C2H2 ZF	23
C9JU32	Hormone_recep,zf-C4	NA
C9JV94	zf-C2H2_4,zf-C2H2,zf-CHCC,zf-BED,zf-C2H2_jaz,zf-trcl,KRAB,zf-met,zf-H2C2_2,zf-C2HC_2,zf-C2H2_6,A2L_zn_ribbon	NA
C9JVC3	zf-C2H2_4,zf-C2H2,zf-C2H2_jaz,zf-H2C2_2,HTH_Tnp_ISL3,Zn_Tnp_IS1595,C1_1,zf-C2H2_6	NA
C9JVP0	Fork_head,DUF1639	NA
C9JVQ7	Myosin_N;Myb/SANT	2
C9JWJ8	MH1,NfI_DNAbd_pre-N,CTF_NFI	NA
C9JWL3	CP2	NA
C9JXZ2	TF_AP-2	NA
C9JYE9	E2F_TDP	NA
C9JYP7	IRF	NA
C9JYU6	HMG_box,DUF1898	NA
C9JZA0	HMG_box,DUF1898,DUF2028	NA
C9JZC2	zf-C2H2_4,C1_4,zf-C2H2,TFIIS_C,Prok-RING_2,Prok-RING_1,DNA_RNApol_7kD,zf-C2H2_jaz,zf-trcl,XPA_N,zf-H2C2_2,CxxC_CxxC_SSSS,HTH_Tnp_ISL3,Zn_Tnp_IS1595,CpXC,zf-C2H2_6,LIM	NA
C9K049	HMG_box,DUF1898	NA
C9K092	pKID,bZIP_2,bZIP_1	NA
C9K0D1	HMG_box,DUF1898	NA
C9K0F2	zf-C2H2_4,C1_4,zf-C2H2,FYVE,BHD_1,zf-C2H2_jaz,KRAB,XPA_N,zf-H2C2_2,CxxC_CxxC_SSSS,HTH_Tnp_ISL3,zf-C2H2_6	NA
C9K0H3	zf-C2H2_4,C1_4,zf-C2H2,C1_3,zf-C2H2_jaz,zf-met,XPA_N,zf-H2C2_2,CxxC_CxxC_SSSS,HTH_Tnp_ISL3,DUP,Zn_Tnp_IS1595,C1_1,zf-C2H2_6,BolA	NA
D0QYQ8	LMSTEN,Myb_DNA-bind_6,Myb_DNA-binding,Cmyb_C	NA
D0QYQ9	Cmyb_C,Myb_DNA-bind_6,LMSTEN,Spore_III_AB,Myb_DNA-binding	NA
D0QYR0	Cmyb_C,CTF_NFI,Myb_DNA-bind_6,LMSTEN,Myb_DNA-binding	NA
D0UU70	MBD	NA
D0VY79	HIF-1,HIF-1a_CTAD,PAS,HLH,PAS_3,PAS_9,PAS_4,Dicty_REP	NA
D1H0M5	HMG_box,DUF1908,DUF1898	NA
D1KF47	HTH_Tnp_IS1,HTH_29,Homeobox_KN,Homeobox,HTH_32,HTH_23,PAX	NA
D2CFI4	Homeobox,Homeobox_KN	NA
D2CFI5	Homeobox,Homeobox_KN	NA
D2DXM9	MH1,NfI_DNAbd_pre-N,CTF_NFI	NA
D2E450	zf-C2H2_4,zf-C2H2,C1_3,zf-C2H2_jaz,XPA_N,zf-met,zf-H2C2_2,Yippee,C1_4,Succ_CoA_lig,DUF2256,Chordopox_RPO7,NADH_oxidored,DUF2321,zf-C2H2_6,zf-UBP,PHD,DZR,DNA_RNApol_7kD,zf-trcl,CxxC_CxxC_SSSS,HTH_18,DUF164,CpXC	NA
D2E453	zf-C2H2_4,zf-C2H2,C1_3,zf-C2H2_jaz,XPA_N,zf-met,zf-H2C2_2,Yippee,C1_4,DUF2256,Chordopox_RPO7,NADH_oxidored,zf-C2H2_6,zf-UBP,PHD,DZR,DNA_RNApol_7kD,zf-trcl,CxxC_CxxC_SSSS,HTH_18,DUF164,CpXC	NA
D2E456	zf-C2H2_4,zf-C2H2,C1_3,zf-C2H2_jaz,XPA_N,zf-met,zf-H2C2_2,Yippee,C1_4,Succ_CoA_lig,DUF2256,Chordopox_RPO7,NADH_oxidored,DUF2321,zf-C2H2_6,zf-UBP,PHD,DZR,DNA_RNApol_7kD,zf-trcl,CxxC_CxxC_SSSS,HTH_18,DUF164,CpXC	NA
D2E459	zf-C2H2_4,zf-C2H2,C1_3,zf-C2H2_jaz,zf-met,XPA_N,zf-H2C2_2,Yippee,C1_4,DUF2256,Chordopox_RPO7,NADH_oxidored,DUF2321,zf-C2H2_6,zf-UBP,PHD,DZR,DNA_RNApol_7kD,zf-trcl,CxxC_CxxC_SSSS,HTH_18,DUF164,CpXC	NA
D2E482	zf-C2H2_4,zf-C2H2,C1_3,zf-C2H2_jaz,zf-met,XPA_N,zf-H2C2_2,Yippee,C1_4,DUF2256,Chordopox_RPO7,NADH_oxidored,DUF2321,zf-C2H2_6,zf-UBP,PHD,DZR,DNA_RNApol_7kD,zf-trcl,CxxC_CxxC_SSSS,HTH_18,DUF164,CpXC	NA
D2E492	zf-C2H2_4,zf-C2H2,C1_3,zf-C2H2_jaz,zf-met,XPA_N,zf-H2C2_2,Yippee,C1_4,Succ_CoA_lig,DUF2256,Chordopox_RPO7,NADH_oxidored,zf-C2H2_6,zf-UBP,PHD,DZR,DNA_RNApol_7kD,zf-trcl,CxxC_CxxC_SSSS,HTH_18,DUF164,CpXC	NA
D2IYK3	Homeobox_KN,Homeobox,HTH_31,Pou	NA
D2K7E5	zf-C2H2_4,zf-C2H2,DNA_RNApol_7kD,C1_3,zf-C2H2_jaz,zf-trcl,PHD,XPA_N,zf-H2C2_2,DUF2256,Yippee,HTH_18,NADH_oxidored,zf-C2H2_6	NA
D2K7E6	zf-C2H2_4,zf-C2H2,DNA_RNApol_7kD,C1_3,zf-C2H2_jaz,zf-trcl,PHD,XPA_N,zf-H2C2_2,DUF2256,DUF2321,zf-C2H2_6,zf-UBP	NA
D2K7E7	zf-C2H2_4,zf-C2H2,DNA_RNApol_7kD,C1_3,zf-C2H2_jaz,zf-trcl,PHD,XPA_N,zf-met,zf-H2C2_2,DZR,Yippee,HTH_18,Chordopox_RPO7,DUF2256,NADH_oxidored,zf-C2H2_6	NA
D2K7E8	zf-C2H2_4,zf-C2H2,DNA_RNApol_7kD,C1_3,zf-C2H2_jaz,zf-trcl,PHD,XPA_N,zf-met,zf-H2C2_2,Yippee,DUF2256,HTH_18,Chordopox_RPO7,NADH_oxidored,zf-C2H2_6	NA
D2K7E9	zf-C2H2_4,zf-C2H2,DNA_RNApol_7kD,C1_3,zf-C2H2_jaz,zf-trcl,PHD,XPA_N,zf-H2C2_2,DUF2256,Chordopox_RPO7,HTH_18,NADH_oxidored,zf-C2H2_6	NA
D2K7F0	zf-C2H2_4,zf-C2H2,DNA_RNApol_7kD,C1_3,zf-C2H2_jaz,zf-trcl,PHD,XPA_N,zf-met,zf-H2C2_2,DUF2256,Yippee,HTH_18,DZR,Chordopox_RPO7,NADH_oxidored,zf-C2H2_6,zf-UBP	NA
D2KF13	Hid1,Gag_spuma,Androgen_recep,DUF1764,zf-C3HC4_2,Neur_chan_memb,Suf,Med15,zf-C4	NA
D2KFR9	Sfi1_C,STAT_alpha,STAT_int	NA
D2KUA6	PPARgamma_N,Hormone_recep,zf-C4	NA
D2WHG0	AT_hook	NA
D2Y6K2	Gag_spuma,Androgen_recep,Hormone_recep,zf-C3HC4_2,zf-C4	NA
D3DUC1	zf-C2H2_4,C1_4,zf-C2H2,SCAN,zf-C2H2_jaz,KRAB,zf-H2C2_2,CxxC_CxxC_SSSS,FYDLN_acid,zf-C2H2_6,BolA	NA
D3DUQ6	TEA	NA
D3GDV5	GCM	NA
D3Y299	zf-C2H2_4,C1_4,zf-C2H2,Rpr2,TFIIS_C,Prok-RING_2,DNA_RNApol_7kD,zf-C2H2_jaz,KRAB,zf-H2C2_2,CxxC_CxxC_SSSS,Yippee,Zn_Tnp_IS1595,GAGA,CpXC,zf-C2H2_6,GATA	NA
D3Y2A0	zf-C2H2_4,C1_4,zf-C2H2,TFIIS_C,Prok-RING_2,DNA_RNApol_7kD,BHD_1,zf-C2H2_jaz,KRAB,zf-H2C2_2,CxxC_CxxC_SSSS,HTH_Tnp_ISL3,Zn_Tnp_IS1595,CpXC,zf-C2H2_6	NA
D3YJ43	MBD	NA
D3YPP9	Gag_spuma,Androgen_recep,Hormone_recep,zf-C3HC4_2,zf-C4	NA
D3YPQ0	Gag_spuma,Androgen_recep,Hormone_recep,zf-C3HC4_2,zf-C4	NA
D3YPQ1	Gag_spuma,Androgen_recep,Hormone_recep,zf-C4	NA
D3YPQ2	Gag_spuma,Androgen_recep,Hormone_recep,zf-C3HC4_2,zf-C4	NA
D3YPQ3	Gag_spuma,Androgen_recep,Hormone_recep,zf-C3HC4_2,zf-C4	NA
D3YTF2	zf-C2H2_4,zf-C2H2,Prok-RING_2,zf-C2H2_jaz,zf-CHY,zf-met,zf-H2C2_2,CxxC_CxxC_SSSS,Zn_Tnp_IS1595,C1_1,zf-C2H2_6	NA
D4Q8H3	Maf_N,Zip,bZIP_Maf,DUF342,bZIP_2,bZIP_1	NA
D5K9Q3	Homeobox_KN,Homeobox,HTH_31,Pou	NA
D5K9Q6	Homeobox_KN,Homeobox,HTH_31,Pou	NA
D5K9Q7	Homeobox_KN,Homeobox,HTH_31,Pou	NA
D5K9Q9	Homeobox_KN,Homeobox,HTH_31,Pou	NA
D5K9R1	Homeobox_KN,Homeobox,HTH_31,Pou	NA
D5K9R2	Homeobox_KN,Homeobox,Pou	NA
D5K9R3	DUF521,Pou,Homeobox,HTH_31,Homeobox_KN	NA
D5K9R4	Homeobox_KN,Homeobox,HTH_31,Pou	NA
D5K9R5	DUF521,Pou,Homeobox,HTH_31,Homeobox_KN	NA
D5K9R7	Homeobox_KN,Homeobox,HTH_31,Pou	NA
D5K9R8	Pou,Homeobox,HTH_19,HTH_31,Homeobox_KN	NA
D5K9R9	DUF521,Pou,Homeobox,HTH_31,Homeobox_KN	NA
D5K9S1	Homeobox_KN,Homeobox,HTH_31,Pou	NA
D5K9S3	Homeobox,HTH_31,Pou,DIL	NA
D5K9S5	Homeobox,HTH_31,Pou,DIL	NA
D5K9S8	Homeobox,HTH_31,Pou,DIL	NA
D5K9T7	Homeobox,HTH_31,Pou,DIL	NA
D5K9T8	Homeobox,HTH_31,Pou,DIL	NA
D5K9T9	Homeobox,HTH_31,Pou,DIL	NA
D5K9U0	Homeobox,HTH_31,Pou,DIL	NA
D5K9U2	Homeobox,HTH_31,Pou,DUF2347	NA
D5K9U4	Homeobox,HTH_31,Pou,DIL	NA
D5K9U9	Homeobox,HTH_31,Pou,DIL	NA
D5K9V1	Homeobox,HTH_31,Pou,DIL	NA
D5K9W5	Homeobox,HTH_31,Pou,DIL	NA
D5K9W6	Homeobox,HTH_31,Pou,DIL	NA
D5L9I4	MBD	NA
D5L9I5	MBD	NA
D5M8Q2	Gag_spuma,Androgen_recep,DUF1764,zf-C3HC4_2,Neur_chan_memb,Suf,Med15,zf-C4	NA
D6QZ43	MBD	NA
D6R927	Ig_2,LAG1-DNAbind,BTD	NA
D6R942	HJURP_C,SRF-TF	NA
D6R992	RHD	NA
D6R9I2	zf-H2C2_2,BTB,GATase_5	NA
D6R9N5	Heme_oxygenase,IRF	NA
D6RA71	Sgf11,FANCL_C,UPF0547,FYVE,zf-RING_2,zf-C3HC4,zf-rbx1,zf-C3HC4_2,zf-Apc11,zf-P11,Prok-RING_4,zf-RING_LisH,IBR,Rtf2,zf-C3HC4_3,DUF329,DZR,zf-B_box	NA
D6RAB1	CTNNB1_binding	NA
D6RAR5	Homeobox,HTH_23	NA
D6RAS8	Homeobox,Homeobox_KN	NA
D6RAT8	BTB;C2H2 ZF	4
D6RAX4	RFX_DNA_binding	NA
D6RB08	Heme_oxygenase,IRF	NA
D6RB91	DUF4227,HJURP_C,SRF-TF	NA
D6RBC4	zf-C2H2_4,PyrI_C,zf-C2H2,zf-C2H2_jaz,zf-CHY,zf-met,zf-H2C2_2,BTB,zf-C2H2_2,zf-C2HC_2,SprT-like,zf-C2H2_6	NA
D6RBG8	Homeobox,QLQ,Auxin_canalis,HTH_32,Homeobox_KN	NA
D6RBI3	FadA,DUF1140,Hormone_recep,zf-C4	NA
D6RBJ1	Homeobox,MerR_1,LIM,Homeobox_KN	NA
D6RBK1	BTB;C2H2 ZF	4
D6RC34	Tat	NA
D6RC45	RHD	NA
D6RC63	HJURP_C,SRF-TF	NA
D6RC96	zf-C2H2_4,PyrI_C,zf-C2H2,zf-C2H2_jaz,zf-met,zf-H2C2_2,BTB	NA
D6RCM6	DUF3908,HJURP_C,SRF-TF,DUF4227	NA
D6RCT5	THAP	NA
D6RDG5	zf-C2H2_4,zf-C2H2,zf-C2H2_jaz,SMN,zf-met,XPA_N,zf-H2C2_2,HypA,C1_1,C1_4,zf-CHY,zf-AN1,RRN7,zf-C2H2_6,zf-FCS,Prok-RING_1,ROS_MUCR,ADK_lid,DZR,zf-trcl,CxxC_CxxC_SSSS,zf-C2H2_2,zf-C2HC_2,FYDLN_acid,BolA;C2H2 ZF	8
D6RE06	BTB	NA
D6REM3	THAP	NA
D6REZ7	PAPA-1,Mac,Hormone_recep	NA
D6RF85	zf-C2H2_4,C1_4,zf-C2H2,Cript,zf-C2H2_jaz,zf-CHY,zf-met,zf-H2C2_2,CxxC_CxxC_SSSS,HypA,zf-C2H2_2,RRN7,FYDLN_acid,zf-C2H2_6,zf-FCS,BolA	NA
D6RF98	Ig_2,LAG1-DNAbind,TIG,BTD	NA
D6RFI4	Homeobox,Homeobox_KN,OAR,XRCC4	NA
D6RFI6	BTB;C2H2 ZF	4
D6RFK7	THAP	NA
D6RG14	DUF3908,DUF4227,SRF-TF	NA
D6RG21	DUF3908,HJURP_C,SRF-TF,DUF4227	NA
D6RH30	Ank_2,GHMP_kinases_C,Ank_3,Ank,Death,HTH_11,RHD,Ank_4,Ank_5	NA
D6RHI1	Ets,Elf-1_N	NA
D6RID7	CTNNB1_binding	NA
D6RIV1	CTNNB1_binding	NA
D6RJ00	Tet_JBP,BTB	NA
D6RJ09	BTB	NA
D6RJ95	SRF-TF	NA
D6RJA7	HJURP_C,SRF-TF	NA
D6RJG6	HJURP_C,SRF-TF	NA
D6RJH2	BTB,GATase_5	NA
D8L7E9	HJURP_C,SRF-TF	NA
D9IVD5	Vert_IL3-reg_TF,bZIP_2,bZIP_1,IncA	NA
D9J0B8	HMG_box,DUF1908,DUF1898	NA
D9J0B9	HMG_box,DUF1908,DUF1898	NA
D9J0C1	HMG_box,DUF1908,DUF1898,HTH_24	NA
D9J0C2	HMG_box,DUF1908,DUF1898	NA
D9J0C3	HMG_box,DUF1908,DUF1898	NA
D9J0C4	HMG_box,DUF1908,DUF1898	NA
D9J0C5	HMG_box,DUF1908,DUF1898	NA
D9J0C7	HMG_box,DUF1908,DUF1898	NA
D9J0C8	HMG_box,DUF1908,DUF1898	NA
D9J2M0	HMG_box,DUF1908,DUF1898	NA
D9J2M1	HMG_box,DUF1908,DUF1898	NA
D9J2M2	HMG_box,DUF1908,DUF1898	NA
D9J2M3	HMG_box,DUF1908,DUF1898	NA
D9J2M4	HMG_box,DUF1908,DUF1898,HTH_24	NA
D9ZGG0	T-box	NA
D9ZNA4	MBD	NA
E0XEN6	Fork_head	NA
E0XEY9	Fork_head	NA
E0YMI7	HNF-1_N,HNF-1B_C,Homeobox,HNF-1A_C,DUF2183	NA
E0YMI8	Homeobox,HNF-1_N,HTH_24,DUF2183	NA
E0YMI9	HNF-1B_C,HNF-1A_C,HNF-1_N,DUF2183	NA
E0YMJ0	HNF-1_N,HTH_5,CPSase_sm_chain,HTH_24,DUF2183	NA
E0YMJ3	HNF-1_N,HNF-1B_C,Homeobox,Homeobox_KN,DUF2183	NA
E0YMJ4	HNF-1_N,HNF-1B_C,Homeobox,HTH_24,Homeobox_KN,DUF2183	NA
E0YMJ6	HNF-1_N,TBD,HNF-1B_C,HTH_5,Homeobox,Homeobox_KN,DUF2183	NA
E0YMJ7	HNF-1_N,HTH_37,TBD,HTH_5,IcmF-related,DUF2183	NA
E0YMJ8	HNF-1_N,TBD,HNF-1B_C,HTH_5,Homeobox,Homeobox_KN,DUF2183	NA
E1B2J3	MBD	NA
E2GH13	HMG_box,DUF1898,CTNNB1_binding	NA
E2GH15	HMG_box,DUF1898,CTNNB1_binding	NA
E2GH16	HMG_box,DUF1898,CTNNB1_binding	NA
E2GH18	HMG_box,DUF1898,CTNNB1_binding	NA
E2GH23	HMG_box,DUF1898,CTNNB1_binding	NA
E2GH26	HMG_box,DUF1898,CTNNB1_binding	NA
E2I973	bZIP_2,bZIP_1,bZIP_Maf	NA
E3UVQ2	Ank_2,Hormone_recep,Ank_3,Ank,Ank_4,Ank_5,zf-C4	NA
E3VSK7	Hormone_recep,zf-C4	NA
E5KQF5	Hormone_recep,GCR,zf-C4	NA
E5KQF6	SCA7,Hormone_recep,GCR,zf-C4	NA
E5KSU5	YABBY,HMG_box,DUF1898,NAD_binding_9,DUF1074	NA
E5KSX8	YABBY,HMG_box,DUF1898,NAD_binding_9,DUF1074	NA
E5LBD7	PAX	NA
E5RFF3	zf-C2H2_4,GATA,zf-H2C2_5	NA
E5RFQ1	HLH,TIG	NA
E5RG34	HMG_box,DUF1898,MAT_Alpha1,CTNNB1_binding	NA
E5RG39	zf-C2H2_4,C1_4,zf-RING_3,zf-C2H2,Zn_ribbon_recom,TFIIS_C,DNA_RNApol_7kD,C1_3,zf-C2H2_jaz,zf-trcl,zf-CHY,XPA_N,zf-H2C2_2,HTH_Tnp_ISL3,CxxC_CxxC_SSSS,Zn_Tnp_IS1595,zf-MYND,zf-C2H2_6;C2H2 ZF	9
E5RG51	HSF_DNA-bind,AP_endonuc_2_N	NA
E5RG75	CTNNB1_binding	NA
E5RGL7	SDA1,zf-C2H2	NA
E5RGQ1	CTNNB1_binding	NA
E5RGS9	CBFD_NFYB_HMF	NA
E5RH37	zf-C2H2_4,zf-C2H2,zf-C2H2_jaz,zf-met,zf-H2C2_2,zf-C2H2_2,zf-H2C2_5,zf-C4_ClpX;C2H2 ZF	14
E5RH41	TRAUB,TFIIE_beta	NA
E5RHK6	HLH,Hairy_orange	NA
E5RHL1	HMG_box,MAT_Alpha1,CTNNB1_binding	NA
E5RHS3	zf-C2HC,MYT1	NA
E5RI93	zf-C2H2_4,zf-C2H2,zf-C2H2_jaz,zf-met,zf-C2H2_2,AKAP95,GAGA,zf-H2C2_5,zf-C2H2_6	NA
E5RIW4	TRAUB,TFIIE_beta	NA
E5RJ51	DUF605,CTNNB1_binding	NA
E5RJV4	HSF_DNA-bind	NA
E5RK26	HSF_DNA-bind	NA
E5RMA8	P53_tetramer,P53,DEC-1_N,P53_TAD	NA
E7EN32	Menin	NA
E7EN86	zf-C2H2_4,zf-C2H2,zf-C2H2_jaz,zf-TRAF,zf-H2C2_2,CopK,zf-C2H2_6	NA
E7ENS2	Menin	NA
E7EPA0	Myb_DNA-bind_6,Myb_DNA-bind_4,Myb_DNA-binding	NA
E7EPD2	STAT_int,STAT_bind,STAT_alpha,Sec20,Alg14	NA
E7EPN6	Homeobox,Homeobox_KN	NA
E7EQD3	zf-C2H2_4,zf-C2H2,Rpr2,zf-C2H2_jaz,KRAB,zf-H2C2_2,CxxC_CxxC_SSSS,Yippee,HTH_Tnp_ISL3,Zn_Tnp_IS1595,zf-H2C2_5,zf-C2H2_6	NA
E7EQT0	HTH_Tnp_IS1,HTH_29,Ribosomal_S13_N,Homeobox,HTH_32,HTH_23,PAX	NA
E7EQU1	HMG_box,DUF1898,CHDNT,YABBY	NA
E7EQX7	P53,DEC-1_N,P53_TAD	NA
E7EQY4	BAH,Adeno_E1A,ELM2,GATA,Myb_DNA-binding	NA
E7ERK2	PAX,Homeobox,Pax2_C	NA
E7ERW5	HTH_Tnp_IS1,HTH_29,Ribosomal_S13_N,Homeobox,HTH_32,HTH_23,PAX	NA
E7ES08	HMG_box,DUF1898,CHDNT,YABBY	NA
E7ES87	Homeobox,Pax2_C,PAX	NA
E7ESP8	zf-C2H2_4,Sgf11,zf-C2H2,Zn_ribbon_recom,Di19,zf-C2H2_jaz,zf-met,zf-H2C2_2,HypA,Rubredoxin,zf-RING_3,zinc_ribbon_5,zf-AN1,Tmemb_55A,zf-C2H2_6,zf-H2C2_5,Elf1,zf-RING_2,zinc_ribbon_4,CxxC_CxxC_SSSS,zf-C2H2_2,zf-C2HC_2	NA
E7ESS1	P53	NA
E7ESY4	Myb_DNA-binding,ELM2,GATA,BAH	NA
E7ET52	zf-C2H2_4,zf-C2H2,zf-C2H2_jaz,zf-met,zf-H2C2_2,zf-H2C2_5,zf-C2H2_6	NA
E7ETH6	C2H2 ZF	5
E7ETJ5	zf-C2H2_4,C1_4,zf-C2H2,TFIIS_C,zf-BED,zf-C2H2_jaz,zf-trcl,KRAB,XPA_N,zf-H2C2_2,CxxC_CxxC_SSSS,DUF82,Zn_Tnp_IS1595,zf-Mss51,zf-C2H2_6	NA
E7EU07	PPARgamma_N	NA
E7EUD1	PPARgamma_N,zf-C4	NA
E7EUL6	zf-C2H2_4,zf-C2H2,zf-BED,zf-C2H2_jaz,zf-met,zf-H2C2_2,GAGA,zf-C2H2_6,BolA	NA
E7EUW9	zf-C2H2_4,Elf1,zf-C2H2,Zn_ribbon_recom,zinc_ribbon_5,Di19,zf-C2H2_jaz,zf-AN1,zf-met,zf-H2C2_2,Homeobox,HypA,zf-C2H2_2,zf-H2C2_5,Rubredoxin,zf-C2H2_6	NA
E7EV10	BAH,Adeno_E1A,ELM2,GATA,Myb_DNA-binding	NA
E7EV75	DUF4407,Activator-TraM,Bromodomain,Mitofilin,Carbpep_Y_N,PHD,SDH_alpha,zf-MYND,Spore_III_AB,PWWP	NA
E7EVG2	HMG_box,DUF1898,BAH,Bromodomain	NA
E7EVR1	zf-C2H2_4,C1_4,zf-C2H2,FYVE,TFIIS_C,zf-BED,zf-C2H2_jaz,zf-HIT,KRAB,XPA_N,zf-H2C2_2,CxxC_CxxC_SSSS,HTH_Tnp_ISL3,Zn_Tnp_IS1595,zf-C2H2_6	NA
E7EVU5	Myb_DNA-binding	NA
E7EVZ1	zf-C2H2_4,zf-C2H2,MerR_1,zf-C2H2_jaz,zf-met,Homeobox,zf-C2H2_2,AKAP95,GAGA,zf-H2C2_5,zf-C2H2_6,Homeobox_KN	NA
E7EW50	Myb_DNA-binding	NA
E7EW59	zf-C2H2_4,Elf1,zf-C2H2,Desulfoferrod_N,zf-C2H2_jaz,zf-met,Rad50_zn_hook,zf-H2C2_2,zf-C2H2_2,Daxx,zf-C2HC_2,BSP_II,zf-C2H2_6,NOA36	NA
E7EWD9	Phage_Mu_Gam,Hormone_recep,zf-C4	NA
E7EWW4	HSF_DNA-bind	NA
E7EX64	zf-C2H2_4,zf-C2H2,zf-C2H2_jaz,Ogr_Delta,zf-TRAF,zf-met,zf-H2C2_2,CopK	NA
E9KXS6	Homeobox	NA
E9KXS7	Homeobox	NA
E9KXS8	Homeobox	NA
E9KXS9	Homeobox	NA
E9KXT0	Homeobox	NA
E9KXT1	Homeobox	NA
E9KXT2	Homeobox	NA
E9KXT3	Homeobox	NA
E9KXT4	Homeobox	NA
E9KXT5	Homeobox	NA
E9KXT6	Homeobox	NA
E9KXT7	Homeobox	NA
E9KXT8	Homeobox	NA
E9KXT9	Homeobox	NA
E9KXU0	Homeobox	NA
E9KXU1	Homeobox	NA
E9KXU2	Homeobox	NA
E9KXU3	Homeobox	NA
E9KXU4	Homeobox	NA
E9KXU5	Homeobox	NA
E9KXU6	Homeobox	NA
E9KXU7	Homeobox	NA
E9KXU8	Homeobox	NA
E9KXU9	Homeobox	NA
E9KXV0	Homeobox	NA
E9KXV1	Homeobox	NA
E9KXV2	Homeobox	NA
E9KXV3	Homeobox	NA
E9KXV4	Homeobox	NA
E9KXV5	Homeobox	NA
E9KXV6	Homeobox	NA
E9KXV7	Homeobox	NA
E9KXV8	Homeobox	NA
E9KXV9	Homeobox	NA
E9KXW0	Homeobox	NA
E9KXW1	Homeobox	NA
E9KXW2	Homeobox	NA
E9KXW3	Homeobox	NA
E9KXW4	Homeobox	NA
E9KXW5	Homeobox	NA
E9KXW6	Homeobox	NA
E9KXW7	Homeobox	NA
E9KXW8	Homeobox	NA
E9KXW9	Homeobox	NA
E9KXX0	Homeobox	NA
E9KXX1	Homeobox	NA
E9KXX2	Homeobox	NA
E9KXX3	Homeobox	NA
E9KXX4	Homeobox	NA
E9KXX5	Homeobox	NA
E9KXX6	Homeobox	NA
E9KXX7	Homeobox	NA
E9KXX8	Homeobox	NA
E9KXX9	Homeobox	NA
E9KXY0	Homeobox	NA
E9KXY1	Homeobox	NA
E9KXY2	Homeobox	NA
E9KXY3	Homeobox	NA
E9KXY4	Homeobox	NA
E9KXY5	Homeobox	NA
E9KXY6	Homeobox	NA
E9KXY7	Homeobox	NA
E9KXY8	Homeobox	NA
E9KXY9	Homeobox	NA
E9KXZ0	Homeobox	NA
E9KXZ1	Homeobox	NA
E9KXZ2	Homeobox	NA
E9KXZ3	Homeobox	NA
E9KXZ4	Homeobox	NA
E9KXZ5	Homeobox	NA
E9KXZ6	Homeobox	NA
E9KXZ7	Homeobox	NA
E9KXZ8	Homeobox	NA
E9KXZ9	Homeobox	NA
E9KY00	Homeobox	NA
E9KY01	Homeobox	NA
E9KY02	Homeobox	NA
E9KY03	Homeobox	NA
E9KY04	Homeobox	NA
E9KY05	Homeobox	NA
E9KY06	Homeobox	NA
E9KY07	Homeobox	NA
E9KY08	Homeobox	NA
E9KY09	Homeobox	NA
E9KY10	Homeobox	NA
E9KY11	Homeobox	NA
E9KY12	Homeobox	NA
E9KY13	Homeobox	NA
E9KY14	Homeobox	NA
E9KY15	Homeobox	NA
E9KY16	Homeobox	NA
E9KY17	Homeobox	NA
E9KY18	Homeobox	NA
E9KY19	Homeobox	NA
E9KY40	MarR_2,HTH_29,HTH_28,HTH_32,HTH_23,PAX	NA
E9LR73	Homeobox_KN,Homeobox,HTH_31,Pou	NA
E9LR75	Homeobox_KN,Homeobox,HTH_31,Pou	NA
E9LR77	Homeobox_KN,Homeobox,HTH_31,Pou	NA
E9LR79	Homeobox,HTH_31,Pou	NA
E9LR91	DIL,Pou,Homeobox,HTH_19,HTH_31	NA
E9LR92	Homeobox,HTH_31,Pou,DIL	NA
E9LR93	Homeobox,HTH_31,Pou,DIL	NA
E9LR96	Homeobox,HTH_31,Pou,DIL	NA
E9LRA1	DIL,Pou,DUF2347,Homeobox,HTH_31	NA
E9LRF2	Homeobox,HTH_31,Pou,DIL	NA
E9LRF5	Homeobox,HTH_31,Pou,DIL	NA
E9LRF8	Homeobox,HTH_31,Pou,DIL	NA
E9LRJ2	Homeobox,HTH_31,Pou,DIL	NA
E9LRM0	Homeobox,HTH_31,Pou,DIL	NA
E9LRM1	Homeobox,HTH_31,Pou,DIL	NA
E9LRM2	Homeobox,HTH_31,Pou,DIL	NA
E9LRM3	Homeobox,HTH_31,Pou,DIL	NA
E9LRP2	Homeobox,HTH_31,Pou,DIL	NA
E9LRP3	Homeobox,HTH_31,Pou,DIL	NA
E9LRP4	Homeobox,HTH_31,Pou,DIL	NA
E9LRP6	Homeobox,HTH_31,Pou,DIL	NA
E9LRR8	Homeobox,HTH_31,Pou,DIL	NA
E9LRS9	Homeobox,HTH_31,Pou,DIL	NA
E9LRT0	Homeobox,HTH_31,Pou,DIL	NA
E9LRT1	Homeobox,HTH_31,Pou,DIL	NA
E9LUH3	MBD	NA
E9LUH4	MBD	NA
E9PAR2	bZIP_2,bZIP_1,bZIP_Maf	NA
E9PAV3	RNA_pol_Rpo13,UBA,NAC	NA
E9PB28	HLH,Hairy_orange	NA
E9PB41	TPR_MLP1_2,TSC22,bZIP_Maf,bZIP_2,bZIP_1	NA
E9PBF9	zf-C2H2_4,zf-C2H2,DUF3408,bZIP_2,DUF2397,bZIP_1	NA
E9PBN4	zf-C2H2_4,zf-C2H2,zf-C2H2_jaz,zf-met,Rad50_zn_hook,zf-H2C2_2,zf-C2H2_2,zf-H2C2_5,zf-C4_ClpX	NA
E9PBQ4	Hormone_recep,zf-C4	NA
E9PC66	zf-C2H2_4,zf-C2H2,zf-C2H2_jaz,XPA_N,zf-H2C2_2,Yippee,C1_4,zinc_ribbon_5,zf-AN1,HTH_Tnp_ISL3,Zn_Tnp_IS1595,DUF3357,zf-C2H2_6,Prok-RING_1,CDC45,KRAB,GATA,SCAN,DNA_RNApol_7kD,zinc_ribbon_4,CxxC_CxxC_SSSS,CpXC	NA
E9PCF2	PAPA-1,Mac,Hormone_recep,zf-C4	NA
E9PCS8	Myb_DNA-binding,ELM2,BAH	NA
E9PDA6	RFX_DNA_binding	NA
E9PEB5	Secretin_N,DUF1897,KH_5,KH_1,KH_4,KH_3,KH_2	NA
E9PEG3	Androgen_recep,DUF1764,Neur_chan_memb,Suf,Med15,zf-C4	NA
E9PEI2	TIG	NA
E9PEP7	zf-C2H2_4,zf-C2H2,zf-C2H2_jaz,ROS_MUCR,zf-met,zf-H2C2_2,zf-H2C2_5,Zfx_Zfy_act	NA
E9PES6	HMG_box,DUF1898,CHDNT,YABBY	NA
E9PFE2	DUSP,SR-25,GTF2I	NA
E9PFT5	P53_tetramer,P53,P53_TAD	NA
E9PFV2	PPARgamma_N,Hormone_recep,zf-C4	NA
E9PFX5	PPARgamma_N,DUF1319,zf-C4	NA
E9PGG2	Homeobox,Homeobox_KN,HTH_Tnp_1,Homez	NA
E9PH57	HLH,Trehalase	NA
E9PI02	BRE1,HSF_DNA-bind,DUF2365	NA
E9PI38	RHD	NA
E9PI99	CENP-X,Histone,CBFD_NFYB_HMF	NA
E9PID2	Hormone_recep,zf-C4	NA
E9PIS9	THAP	NA
E9PIW4	Myb_DNA-bind_4,Myb_DNA-bind_6,RST,Myb_DNA-bind_2,LMSTEN,Spore_III_AB,Myb_DNA-binding	NA
E9PJ73	XhlA,IFP_35_N,bZIP_Maf,bZIP_2,DUF4094,HALZ,bZIP_1	NA
E9PJ96	Myb_DNA-bind_4,Myb_DNA-binding,Myb_DNA-bind_6,RST,Myb_DNA-bind_2,LMSTEN,Spore_III_AB,Cmyb_C	NA
E9PJF1	Cmyb_C,Myb_DNA-bind_4,Myb_DNA-bind_6,Myb_DNA-bind_2,LMSTEN,Spore_III_AB,Myb_DNA-binding	NA
E9PJR1	RHD	NA
E9PJT2	Myb_DNA-bind_4,Myb_DNA-bind_6,RST,LMSTEN,Spore_III_AB,Myb_DNA-binding	NA
E9PJX9	zf-C2H2_4,C1_4,zf-C2H2,zf-C2H2_jaz,KRAB,XPA_N,zf-H2C2_2,CxxC_CxxC_SSSS,HTH_Tnp_ISL3,zf-C2H2_6,BolA	NA
E9PJZ3	zf-C2H2_4,C1_4,zf-C2H2,zf-C2H2_jaz,KRAB,XPA_N,zf-H2C2_2,CxxC_CxxC_SSSS,HTH_Tnp_ISL3,zf-C2H2_6,BolA	NA
E9PJZ9	RHD	NA
E9PKB7	TEA	NA
E9PKH5	RHD,STAS	NA
E9PKJ8	DUF3313,MAS20	NA
E9PKM0	HTH_Tnp_IS1,HTH_29,Homeobox_KN,Homeobox,HTH_32,HTH_23,PAX	NA
E9PKP7	HMG_box,DUF1898,DHC	NA
E9PKS4	Elf1,zf-ribbon_3,DUF2387,BaffR-Tall_bind,C1_3,ArfGap,CxxC_CxxC_SSSS,eIF-5_eIF-2B,TF_Zn_Ribbon,Zn_Tnp_IS1595,C1_1,Prim_Zn_Ribbon,DZR,GATA,A2L_zn_ribbon	NA
E9PKV4	RHD	NA
E9PKZ3	Myb_DNA-bind_4,Myb_DNA-binding,Myb_DNA-bind_6,Myb_DNA-bind_2,LMSTEN,Spore_III_AB,Cmyb_C	NA
E9PL19	RRM_1,RRM_6,OB_RNB,RRM_3,RRM_5	NA
E9PL67	FAST_1	NA
E9PLL4	Hormone_recep,zf-C4	NA
E9PLN0	Cmyb_C,Myb_DNA-bind_4,Myb_DNA-bind_6,Myb_DNA-bind_2,LMSTEN,Spore_III_AB,Myb_DNA-binding	NA
E9PLT2	HMG_box,DUF1898	NA
E9PM37	Fork_head	NA
E9PM47	RHD	NA
E9PMD5	RHD	NA
E9PME6	HLH	NA
E9PMM2	HMG_box,DUF1898	NA
E9PMQ0	Deltaretro_Tax,Myb_DNA-bind_4,Myb_DNA-bind_6,RST,LMSTEN,Spore_III_AB,Myb_DNA-binding	NA
E9PMQ6	HSF_DNA-bind,DUF247,NPV_P10,Vert_HS_TF,DUF2365	NA
E9PMU6	zf-C2H2_4,zf-C2H2,BHD_1,zf-C2H2_jaz,KRAB,zf-met,zf-H2C2_2,CxxC_CxxC_SSSS,RasGEF,Zn_Tnp_IS1595,zf-C2H2_6,BolA	NA
E9PMZ0	Myb_DNA-bind_4,Myb_DNA-bind_6,RST,Myb_DNA-bind_2,LMSTEN,Spore_III_AB,Myb_DNA-binding	NA
E9PN43	Myb_DNA-bind_4,Myb_DNA-bind_6,RST,Myb_DNA-bind_2,LMSTEN,Spore_III_AB,Myb_DNA-binding	NA
E9PN75	SAM_PNT,Ste50p-SAM	NA
E9PN92	Myb_DNA-bind_4,Myb_DNA-bind_6,RST,Myb_DNA-bind_2,LMSTEN,Spore_III_AB,Myb_DNA-binding	NA
E9PNC7	DUF2201_N,Histone,Leo1,CBFD_NFYB_HMF	NA
E9PNH6	Myb_DNA-bind_4,Myb_DNA-bind_6,RST,Myb_DNA-bind_2,LMSTEN,Spore_III_AB,Myb_DNA-binding	NA
E9PNK5	RHD	NA
E9PNV4	RHD	NA
E9PNZ6	zf-C2H2_4,zf-C2H2,C1_3,zf-C2H2_jaz,BHD_2,XPA_N,zf-H2C2_2,Yippee,C1_1,C1_4,HTH_Tnp_ISL3,Zn_Tnp_IS1595,zf-C2H2_6,Prok-RING_1,KRAB,DZR,LIM,DNA_RNApol_7kD,CxxC_CxxC_SSSS,zf-C2HC_2	NA
E9PPA1	Hormone_recep	NA
E9PPI7	Fork_head	NA
E9PPL8	Myb_DNA-bind_4,Myb_DNA-binding,Myb_DNA-bind_6,Myb_DNA-bind_2,LMSTEN,Spore_III_AB,Cmyb_C	NA
E9PPS9	SAM_PNT,Ste50p-SAM	NA
E9PQ56	RRM_1,RRM_6,OB_RNB,RRM_3,RRM_5	NA
E9PQQ2	Cmyb_C,Myb_DNA-bind_4,Myb_DNA-bind_6,Myb_DNA-bind_2,LMSTEN,Spore_III_AB,Myb_DNA-binding	NA
E9PQR6	SAM_PNT,Ste50p-SAM	NA
E9PQS6	RHD	NA
E9PQX0	SAM_PNT,Ste50p-SAM	NA
E9PQX9	TAF4,Histone,CBFD_NFYB_HMF,DUF2201_N	NA
E9PRX2	RHD	NA
E9PSE3	IRF-3	NA
ENSG00000048405	C2H2 ZF	4
ENSG00000059122	FLYWCH	5
ENSG00000060566	bZIP	2
ENSG00000063587	C2H2 ZF	11
ENSG00000066827	C2H2 ZF	14
ENSG00000067066	SAND	3
ENSG00000070476	C2H2 ZF	9
ENSG00000071655	MBD	2
ENSG00000074657	C2H2 ZF	12
ENSG00000079263	SAND	1
ENSG00000081386	C2H2 ZF	9
ENSG00000099364	CxxC	1
ENSG00000100207	Unknown	1
ENSG00000100426	BED ZF	4
ENSG00000101457	AT hook	1
ENSG00000101493	C2H2 ZF	7
ENSG00000103199	C2H2 ZF	5
ENSG00000105708	C2H2 ZF	17
ENSG00000108509	CG	1
ENSG00000112238	C2H2 ZF	3
ENSG00000112365	C2H2 ZF; AT hook	8
ENSG00000114853	C2H2 ZF	8
ENSG00000115568	C2H2 ZF	25
ENSG00000117000	C2H2 ZF	8
ENSG00000124203	C2H2 ZF	2
ENSG00000125482	Myb/SANT	3
ENSG00000125520	C2H2 ZF	1
ENSG00000126733	Unknown	1
ENSG00000128000	C2H2 ZF	23
ENSG00000130940	C2H2 ZF	5
ENSG00000132010	C2H2 ZF	12
ENSG00000135164	Myb/SANT	2
ENSG00000135365	AT hook	1
ENSG00000138738	C2H2 ZF	16
ENSG00000139793	CCCH ZF	4
ENSG00000140382	HMG/Sox	1
ENSG00000140632	AT hook	1
ENSG00000140993	CENPB	1
ENSG00000141644	MBD; CxxC ZF	4
ENSG00000143157	Brinker	1
ENSG00000146676	Unknown	1
ENSG00000146757	C2H2 ZF	14
ENSG00000147601	Myb/SANT	1
ENSG00000148411	Unknown	1
ENSG00000149054	C2H2 ZF	4
ENSG00000150051	Homeodomain	1
ENSG00000151612	C2H2 ZF	3
ENSG00000152217	AT hook	3
ENSG00000152439	C2H2 ZF	9
ENSG00000153207	AT hook	1
ENSG00000156853	C2H2 ZF	12
ENSG00000157657	C2H2 ZF	4
ENSG00000158055	Grainyhead	1
ENSG00000158691	C2H2 ZF	11
ENSG00000159915	C2H2 ZF	9
ENSG00000160062	C2H2 ZF	2
ENSG00000160094	C2H2 ZF	6
ENSG00000160229	C2H2 ZF	14
ENSG00000160321	C2H2 ZF	36
ENSG00000162601	Myb/SANT	1
ENSG00000163320	Unknown	1
ENSG00000165244	C2H2 ZF	2
ENSG00000165655	C2H2 ZF	1
ENSG00000166268	Ndt80/PhoG	1
ENSG00000166454	C2H2 ZF	4
ENSG00000166704	C2H2 ZF	14
ENSG00000167380	C2H2 ZF	18
ENSG00000167394	C2H2 ZF	16
ENSG00000167395	C2H2 ZF	29
ENSG00000167491	GATA	1
ENSG00000167625	C2H2 ZF	10
ENSG00000167766	C2H2 ZF	14
ENSG00000168062	bZIP	1
ENSG00000168772	CxxC	1
ENSG00000168795	C2H2 ZF	1
ENSG00000168813	C2H2 ZF	5
ENSG00000169989	CENPB	1
ENSG00000170325	C2H2 ZF	9
ENSG00000170903	Myb/SANT	1
ENSG00000170949	C2H2 ZF	20
ENSG00000171161	C2H2 ZF	14
ENSG00000171735	CG	1
ENSG00000171970	C2H2 ZF	13
ENSG00000172262	C2H2 ZF	4
ENSG00000173120	CxxC	1
ENSG00000173825	CENPB	1
ENSG00000174586	C2H2 ZF	14
ENSG00000176083	C2H2 ZF	4
ENSG00000176182	Myb/SANT	1
ENSG00000176371	C2H2 ZF	14
ENSG00000176472	C2H2 ZF	6
ENSG00000176542	bHLH	1
ENSG00000177494	BED ZF	1
ENSG00000177888	C2H2 ZF	12
ENSG00000178163	C2H2 ZF	3
ENSG00000178928	Homeodomain	1
ENSG00000179588	C2H2 ZF	3
ENSG00000179886	CENPB	1
ENSG00000179930	C2H2 ZF	10
ENSG00000179943	C2H2 ZF	9
ENSG00000180035	C2H2 ZF	12
ENSG00000181220	C2H2 ZF	4
ENSG00000181450	C2H2 ZF	14
ENSG00000182463	C2H2 ZF	2
ENSG00000182903	C2H2 ZF	24
ENSG00000183309	C2H2 ZF	13
ENSG00000183779	C2H2 ZF	1
ENSG00000184677	C2H2 ZF	12
ENSG00000185404	SAND	1
ENSG00000185730	C2H2 ZF	9
ENSG00000186660	C2H2 ZF	5
ENSG00000186777	C2H2 ZF	15
ENSG00000186918	C2H2 ZF	1
ENSG00000187605	CxxC	1
ENSG00000187626	C2H2 ZF	7
ENSG00000187792	C2H2 ZF	11
ENSG00000188070	BED ZF	3
ENSG00000188981	MADF	1
ENSG00000188994	C2H2 ZF	4
ENSG00000196081	C2H2 ZF	16
ENSG00000196109	C2H2 ZF	14
ENSG00000196110	C2H2 ZF	16
ENSG00000196132	C2H2 ZF	7
ENSG00000196247	C2H2 ZF	21
ENSG00000196263	C2H2 ZF	15
ENSG00000196267	C2H2 ZF	24
ENSG00000196268	C2H2 ZF	19
ENSG00000196275	GTF2I	2
ENSG00000196350	C2H2 ZF	37
ENSG00000196437	C2H2 ZF	18
ENSG00000196456	C2H2 ZF	11
ENSG00000196757	C2H2 ZF	19
ENSG00000197016	C2H2 ZF	17
ENSG00000197037	C2H2 ZF	7
ENSG00000197128	C2H2 ZF	10
ENSG00000197497	C2H2 ZF	18
ENSG00000197608	C2H2 ZF	21
ENSG00000197937	C2H2 ZF	19
ENSG00000198026	C2H2 ZF	10
ENSG00000198169	C2H2 ZF	11
ENSG00000198205	C2H2 ZF	9
ENSG00000198346	C2H2 ZF	14
ENSG00000198453	C2H2 ZF	15
ENSG00000198455	C2H2 ZF	9
ENSG00000198521	C2H2 ZF	21
ENSG00000198597	C2H2 ZF	8
ENSG00000198816	C2H2 ZF	9
ENSG00000204514	C2H2 ZF	22
ENSG00000204519	C2H2 ZF	15
ENSG00000205899	bHLH	1
ENSG00000213793	C2H2 ZF	17
ENSG00000213799	C2H2 ZF	26
ENSG00000213921	Homeodomain	1
ENSG00000213967	C2H2 ZF	18
ENSG00000214189	C2H2 ZF	8
ENSG00000214534	C2H2 ZF	3
ENSG00000215421	C2H2 ZF	10
ENSG00000220201	GATA	1
ENSG00000232040	BED ZF	1
ENSG00000233757	C2H2 ZF	10
ENSG00000234616	CENPB	1
ENSG00000236287	BED ZF	1
ENSG00000236609	C2H2 ZF	5
ENSG00000237765	BED ZF	1
ENSG00000242852	C2H2 ZF	19
ENSG00000249459	C2H2 ZF	9
ENSG00000256463	C2H2 ZF	7
ENSG00000257446	C2H2 ZF	14
ENSG00000258405	C2H2 ZF	11
ENSG00000261221	C2H2 ZF	20
ENSG00000263002	C2H2 ZF	18
ENSG00000267041	C2H2 ZF	29
ENSG00000269067	C2H2 ZF	14
ENSG00000269343	C2H2 ZF	5
ENSG00000273274	C2H2 ZF	2
ENSG00000276644	Unknown	1
ENSG00000278318	C2H2 ZF	17
F1D8N1	Hormone_recep,zf-C4	NA
F1D8N3	ERbeta_N,Oest_recep,Hormone_recep,zf-C4	NA
F1D8N4	Hormone_recep,GCR,zf-C4	NA
F1D8N5	zf-C3HC4_2,Hormone_recep,zf-C4	NA
F1D8N6	Hormone_recep,zf-C4	NA
F1D8N9	Hormone_recep,zf-C4	NA
F1D8P1	Hormone_recep,Troponin-I_N,zf-C4	NA
F1D8P2	Hormone_recep,PAN_3,zf-C4	NA
F1D8P6	Hormone_recep,zf-C4	NA
F1D8P7	Hormone_recep,CBFNT,zf-C4	NA
F1D8P8	Hormone_recep,zf-C4	NA
F1D8P9	Hormone_recep,zf-C4	NA
F1D8Q4	Foamy_virus_ENV,Hormone_recep,zf-C4	NA
F1D8Q5	Nuc_recep-AF1,Hormone_recep,zf-C4	NA
F1D8Q7	Nuc_recep-AF1,Hormone_recep,zf-C4	NA
F1D8Q9	Hormone_recep,zf-C4	NA
F1D8R0	Hormone_recep,zf-C4	NA
F1D8R3	Hormone_recep,zf-C4	NA
F1D8R5	GAT,Hormone_recep,zf-C4	NA
F1D8R6	GAT,Hormone_recep,zf-C4	NA
F1D8R8	Hormone_recep,UPF0547,zf-C3HC4_2,zf-P11,zf-C4	NA
F1D8R9	zf-RING_2,Hormone_recep,zf-C4	NA
F1D8S0	Hormone_recep,zf-C4	NA
F1D8S2	Foamy_virus_ENV,Hormone_recep,Se-cys_synth_N,zf-C4	NA
F1D8S3	ISAV_HA,Hormone_recep,zf-C4	NA
F1D8S4	Hormone_recep,zf-C4	NA
F1D8S6	FadA,DUF1140,Hormone_recep,CAP_N,zf-C4	NA
F1D8S7	Hormone_recep,zf-C4	NA
F1D8T0	Foamy_virus_ENV,Hormone_recep,Se-cys_synth_N,zf-C4	NA
F1D8T1	Foamy_virus_ENV,Hormone_recep,Se-cys_synth_N,zf-C4	NA
F1DAL0	Hormone_recep,zf-C4	NA
F1DAL1	Hormone_recep,zf-C4	NA
F1DAL2	Hormone_recep,zf-C4	NA
F1DAL3	Hormone_recep,zf-C4	NA
F1DAL4	Hormone_recep,Prok-RING_2,Mac,YdjO,PAPA-1,zf-C4	NA
F1DAL6	XS,Hormone_recep,zf-C4	NA
F1DAL7	XS,Hormone_recep,zf-C4	NA
F1DAL8	XS,Hormone_recep,zf-C4	NA
F1DAL9	XS,Hormone_recep,zf-C4	NA
F1DAM0	Hormone_recep,UPF0547,zf-C3HC4_2,zf-P11,zf-C4	NA
F1DAM1	Hormone_recep,zf-C4	NA
F1JVV5	pKID,bZIP_2,bZIP_1,bZIP_Maf	NA
F1JVV6	bZIP_2,bZIP_1,bZIP_Maf	NA
F1JVV7	Ets	NA
F1JVV8	Ets	NA
F1T0D0	Homeobox,TF_Otx	NA
F1T0D1	Homeobox,TF_Otx	NA
F1T0D5	Homeobox,PHF5,LIM,Homeobox_KN	NA
F1T0D7	Homeobox,LIM,Homeobox_KN	NA
F1T0D9	Homeobox,LIM,Homeobox_KN	NA
F1T0F8	Homeobox_KN,Homeobox,PAX,HTH_Tnp_IS1	NA
F1T0H3	HLH,Transformer	NA
F1T0K5	Homeobox,Homeobox_KN,Homez	NA
F2VTX5	zf-C2H2_4,zf-C2H2,zf-BED,zf-C2H2_jaz,zf-met,zf-H2C2_2	NA
F2YGU2	Flagellin_N,Hormone_recep,zf-C4	NA
F2Z371	THAP	NA
F2Z381	Homeobox_KN,Homeobox,Pou,DUF521	NA
F2Z3D5	IRF,IRF-3	NA
F4ZW62	DZF	NA
F4ZW63	DZF	NA
F5ATB8	Hormone_recep,GCR,zf-C4	NA
F5GWT5	zf-C4	NA
F5GXF0	Hormone_recep,zf-C4	NA
F5GY04	zf-C2H2_4,zf-C2H2,DUF2163,zf-C2H2_jaz,Flag1_repress,zf-met,zf-H2C2_2,Cas_DxTHG	NA
F5GY10	HLH	NA
F5GYS8	Homeobox,Homeobox_KN	NA
F5GZG9	zf-C3HC4_2,Gag_spuma,Androgen_recep,zf-C4	NA
F5GZI2	Homeobox,Homeobox_KN,Homez	NA
F5H032	zf-C2H2_4,C1_4,zf-C2H2,Zn_ribbon_recom,TFIIS_C,DNA_RNApol_7kD,C1_3,zf-C2H2_jaz,YhfH,KRAB,XPA_N,zf-H2C2_2,CxxC_CxxC_SSSS,HTH_Tnp_ISL3,Zn_Tnp_IS1595,zf-MYND,zf-C2H2_6,BolA	NA
F5H0A9	zf-C2H2_4,zf-C2H2,zf-C2H2_jaz,KRAB,zf-H2C2_2,CxxC_CxxC_SSSS,Zn_Tnp_IS1595,zf-C2H2_6	NA
F5H0E9	Hormone_recep	NA
F5H0I3	HMG_box,HemX,DUF1898,Exonuc_VII_L	NA
F5H0K0	HNF-1_N,HNF-1B_C,Homeobox,HNF-1A_C,DUF2183	NA
F5H0V4	DivIC,HLH,Perilipin,IncA,CP12,DUF342,Troponin,DUF904,BicD	NA
F5H1B7	bZIP_2,bZIP_1,bZIP_Maf	NA
F5H290	zf-C2H2_4,C1_4,zf-C2H2,DNA_RNApol_7kD,zf-C2H2_jaz,XPA_N,zf-H2C2_2,CxxC_CxxC_SSSS,HTH_Tnp_ISL3,zf-C2H2_6,BolA	NA
F5H2A4	AT_hook	NA
F5H2K2	zf-C2H2_4,zf-C2H2,PRP21_like_P,zf-C2H2_jaz,zf-met,zf-H2C2_2,zf-C2H2_2,zf-C2HC_2,zf-C2H2_6;C2H2 ZF	7
F5H2M4	zf-C2H2_4,zf-C2H2,C1_3,zf-C2H2_jaz,XPA_N,zf-H2C2_2,C1_4,TFIIS_C,zf-CHY,HTH_Tnp_ISL3,Zn_Tnp_IS1595,DUF2321,zf-C2H2_6,Desulfoferrod_N,ADK_lid,DUF2868,DNA_RNApol_7kD,zf-trcl,DUF1610,CxxC_CxxC_SSSS,DUF164,BolA	NA
F5H2U8	AT_hook	NA
F5H2V8	zf-C2H2_4,zf-C2H2,zf-H2C2_2,GAGA,AKAP95	NA
F5H433	zf-C2H2_4,Elf1,zf-C2H2,Desulfoferrod_N,zf-C2H2_jaz,zf-met,Rad50_zn_hook,zf-H2C2_2,zf-C2H2_2,Daxx,BSP_II,zf-C2H2_6,NOA36	NA
F5H435	zf-C2H2_4,zf-C2H2,zinc_ribbon_5,TFIIS_C,DNA_RNApol_7kD,YhfH,zf-C2H2_jaz,KRAB,XPA_N,zf-H2C2_2,HTH_Tnp_ISL3,CxxC_CxxC_SSSS,zinc_ribbon_2,Zn_Tnp_IS1595,zf-C2HC_2,Yippee,zf-C2H2_6	NA
F5H4S8	TIG,RHD	NA
F5H630	zf-C2H2_4,C1_4,zf-C2H2,zf-C2H2_jaz,KRAB,zf-H2C2_2,Yippee,HTH_Tnp_ISL3,CxxC_CxxC_SSSS,MBD,NADH_oxidored,zf-C2H2_6	NA
F5H6A5	zf-C2H2_4,zf-C2H2,C1_3,zf-C2H2_jaz,XPA_N,zf-H2C2_2,Yippee,C1_4,zf-RING_3,DUF2256,zf-C2H2_6,zf-UBP,PHD,zf-H2C2_5,DNA_RNApol_7kD,zf-trcl,CxxC_CxxC_SSSS,HTH_18,FYDLN_acid	NA
F5H6H0	GVQW,AT_hook	NA
F5H7S1	zf-C2H2_4,CdhC,zf-C2H2,zf-C2H2_jaz,zf-met,zf-H2C2_2,zf-C2H2_2,zf-C2H2_6	NA
F6LHU9	PAT1,AT_hook	NA
F6R6G4	RFX_DNA_binding,Pox_D5	NA
F6RRE2	BAH,Adeno_E1A,ELM2,GATA,Myb_DNA-binding	NA
F6TDF5	zf-C2H2_4,zf-RING_3,Sgf11,zf-C2H2,Zn_ribbon_recom,zinc_ribbon_5,zf-C2H2_jaz,zf-met,zf-H2C2_2,CxxC_CxxC_SSSS,HypA,zf-C2H2_2,zf-H2C2_5,zf-C2H2_6	NA
F6U3F6	EMP24_GP25L,LXG,HLH,Cauli_AT	NA
F6UE82	RFX_DNA_binding,Pox_D5	NA
F6UGA0	RFX_DNA_binding,Pox_D5,RFX1_trans_act	NA
F6V242	DUF1646,HLH	NA
F6WCI9	LXG,HLH	NA
F6X9D6	RFX_DNA_binding,Pox_D5	NA
F8TAD1	Homeobox,Pax7,Homeobox_KN,Fork_head	NA
F8VPF8	DUF3795,zf-C4	NA
F8VPL6	zf-C2H2_4,zf-C2H2,zf-C2H2_jaz,zf-TRAF,zf-met,zf-H2C2_2,zf-C2H2_2,GAGA,AKAP95,zf-H2C2_5,zf-C2H2_6	NA
F8VR32	HLH,PAS,PAS_3,PAS_9,Macoilin,PAS_4	NA
F8VRD4	RFX_DNA_binding,Pox_D5	NA
F8VRJ4	zf-C4	NA
F8VS12	Armet,LETM1,SAP	NA
F8VS19	zf-C2H2_4,Ribosomal_L37ae,zf-C2H2,Zn_ribbon_recom,Evr1_Alr,Prok-RING_2,zf-C2H2_jaz,Ogr_Delta,zf-met,XPA_N,zf-H2C2_2,Yippee,Fer4_10,C1_1,NinG,A2L_zn_ribbon,C1_4,TFIIS_C,zf-CHY,zf-AN1,HTH_Tnp_ISL3,Zn_Tnp_IS1595,zf-MYND,zf-C2H2_6,C1_2,Desulfoferrod_N,TF_Zn_Ribbon,SprT-like,zf-BED,DNA_RNApol_7kD,zf-trcl,CxxC_CxxC_SSSS,Fer4_7,CpXC	NA
F8VS42	HLH,PAS,PAS_3,PAS_9,Neisseria_TspB,Macoilin,PAS_4	NA
F8VSE7	TrmB,E2F_TDP,B-block_TFIIIC	NA
F8VSL3	Bromo_TP,TFIID-18kDa,Histone,CBFD_NFYB_HMF,TFIID_20kDa	NA
F8VTV7	zf-C2H2_4,zf-C2H2,C1_3,zf-C2H2_jaz,FA,KRAB,zf-met,zf-H2C2_2,CxxC_CxxC_SSSS,Zn_Tnp_IS1595,C1_1,zf-C2H2_6	NA
F8VU39	Bromodomain,PHD,SAPS,DDT,MBD	NA
F8VUJ0	Ets,HSF_DNA-bind	NA
F8VUY0	Homeobox,Homeobox_KN,Homez	NA
F8VVR8	MRF_C1,MRF_C2,NDT80_PhoG,Peptidase_S74	NA
F8VVS9	Homeobox,Homeobox_KN,Homez	NA
F8VVY8	zf-C4	NA
F8VW34	Homeobox,Homeobox_KN,Homez	NA
F8VWK5	Homeobox,Homeobox_KN,Homez	NA
F8VWL0	CP2,DUF2489	NA
F8VWZ5	ArsC,CDC45,Homeobox,Homeobox_KN,Paf1	NA
F8VX54	Homeobox,Homeobox_KN,Homez	NA
F8VX55	CP2,DUF2489	NA
F8VXG0	DUF4074,Homeobox	NA
F8VXG1	Homeobox,Homeobox_KN,Homez	NA
F8VXG3	Homeobox,Homeobox_KN,Homez	NA
F8VXJ2	Homeobox,Homeobox_KN,Homez	NA
F8VXQ9	zf-C4	NA
F8VXY9	Myb_DNA-bind_6,HTH_AsnC-type,Myb_DNA-bind_4,Myb_DNA-binding	NA
F8VYL4	Homeobox,Homeobox_KN,Homez	NA
F8VZC4	RFX_DNA_binding,Pox_D5,OST-HTH	NA
F8VZH2	Homeobox,Homeobox_KN,Homez	NA
F8VZQ0	Ets	NA
F8VZQ9	LETM1,Stm1_N,SAP	NA
F8W0C9	zf-C2H2_4,C1_4,zf-C2H2,C1_3,zf-C2H2_jaz,FA,KRAB,zf-met,zf-H2C2_2,CxxC_CxxC_SSSS,Zn_Tnp_IS1595,C1_1,zf-C2H2_6	NA
F8W133	Glyoxalase_2	NA
F8W1J9	Homeobox,Homeobox_KN	NA
F8W1N9	DUF2248,bZIP_Maf,bZIP_2,Hemerythrin,bZIP_1	NA
F8W1T9	RFX_DNA_binding,Pox_D5	NA
F8W689	RFX_DNA_binding,Pox_D5	NA
F8W6I3	Hormone_recep,zf-C4	NA
F8W6Y9	zf-C2H2_4,zf-C2H2,Zn_ribbon_recom,C1_3,zf-C2H2_jaz,zf-met,XPA_N,zf-H2C2_2,Yippee,MBD,C1_4,TFIIS_C,zf-AN1,HTH_Tnp_ISL3,Zn_Tnp_IS1595,zf-C2H2_6,zf-HIT,DZR,LIM,zf-BED,DNA_RNApol_7kD,zf-trcl,CxxC_CxxC_SSSS,CpXC,FYDLN_acid;C2H2 ZF	14
F8W7M8	zf-C2H2_4,zf-C2H2,zf-C2H2_jaz,zf-met,Rad50_zn_hook,zf-H2C2_2,zf-C2H2_2,zf-H2C2_5,zf-C4_ClpX	NA
F8W7T7	zf-C2H2_4,C1_4,zf-C2H2,zf-C2H2_jaz,KRAB,zf-met,zf-H2C2_2,CxxC_CxxC_SSSS,C1_1,zf-C2H2_6	NA
F8W889	zf-C2H2_4,C1_4,zf-C2H2,zf-BED,zf-C2H2_jaz,KRAB,zf-H2C2_2,CxxC_CxxC_SSSS,Ring_hydroxyl_B,Zn_Tnp_IS1595,zf-C2H2_6	NA
F8W8R5	zf-C2H2_4,C1_4,zf-C2H2,Evr1_Alr,FYVE,TFIIS_C,zf-BED,DNA_RNApol_7kD,zf-C2H2_jaz,zf-trcl,XPA_N,zf-H2C2_2,CxxC_CxxC_SSSS,DUF82,Zn_Tnp_IS1595,CpXC,zf-C2H2_6,zf-DNA_Pol	NA
F8WAI8	zf-C2H2_4,zf-C2H2,zf-C2H2_jaz,zf-met,zf-H2C2_2,BTB,GAGA,zf-C2HC_2,zf-C2H2_6;C2H2 ZF	12
F8WCM9	T-box	NA
F8WCU9	ARID,RFX_DNA_binding	NA
F8WCV6	RuvA_C	NA
F8WD46	zf-C2H2_4,C1_4,zf-RING_3,zf-C2H2,DUF2688,DNA_RNApol_7kD,zf-C2H2_jaz,zf-trcl,YhfH,KRAB,zf-H2C2_2,CxxC_CxxC_SSSS,HTH_Tnp_ISL3,Yippee,DZR,Zn_Tnp_IS1595,CpXC,zf-C2H2_6	NA
F8WE32	RRN7	NA
F8WEC7	zf-C2H2_4,zf-C2H2,PGAMP,KRAB,XPA_N,zf-H2C2_2,CxxC_CxxC_SSSS,zf-C2H2_6	NA
F8WEL6	zf-C2H2_4,zf-C2H2,zf-C2H2_jaz,XPA_N,zf-H2C2_2,C1_1,A2L_zn_ribbon,C1_4,zf-RING_3,HTH_Tnp_ISL3,Zn_Tnp_IS1595,zf-C2H2_6,Prok-RING_1,KRAB,PHD,DZR,GATA,DNA_RNApol_7kD,CxxC_CxxC_SSSS,CpXC,FYDLN_acid	NA
F8WEP8	SAM_1,SAM_PNT,SAM_2	NA
G0Z067	HMG_box,DUF1908,DUF1898	NA
G0Z068	HMG_box,DUF1908,DUF1898	NA
G0Z069	HMG_box,DUF1908,DUF1898	NA
G0Z070	HMG_box,DUF1908,DUF1898	NA
G0Z071	HMG_box,DUF1908,DUF1898	NA
G0Z349	IRF,IRF-3	NA
G3V0I8	HLH,DUF904	NA
G3V131	zf-C2H2_4,zf-C2H2,zf-C2H2_jaz,XPA_N,zf-H2C2_2,C1_1,AAA_14,C1_4,DUF2256,HTH_Tnp_ISL3,Zn_Tnp_IS1595,DUF2321,zf-C2H2_6,Desulfoferrod_N,C1_2,Rpr2,DNA_RNApol_7kD,zf-trcl,CxxC_CxxC_SSSS,UBN_AB	NA
G3V162	RRM_3,RRM_6,RRM_5,RRM_1	NA
G3V1B0	zf-C2H2_4,zf-C2H2,Rpr2,FYVE,zf-C2H2_jaz,zf-met,XPA_N,zf-H2C2_2,zf-C2H2_2,zf-C2H2_6	NA
G3V1M0	zf-C2H2_4,zf-C2H2,zf-C2H2_jaz,XPA_N,zf-met,zf-H2C2_2,HypA,C1_4,zf-RING_3,zf-AN1,HTH_Tnp_ISL3,Zn_Tnp_IS1595,zf-C2H2_6,FYVE,SCAN,zf-BED,DNA_RNApol_7kD,zf-trcl,CxxC_CxxC_SSSS,HTH_18	NA
G3V1Z7	Ets,HSF_DNA-bind	NA
G3V2N2	Peptidase_S21,Homeobox,Homeobox_KN,Homez	NA
G3V2N3	Homeobox,Homeobox_KN	NA
G3V2R5	Ax_dynein_light,HLH,IncA,CENP-Q	NA
G3V2V7	DivIC,TMF_TATA_bd,bZIP_1,bZIP_Maf,bZIP_2,HALZ,DUF2681,DUF3450	NA
G3V3A7	Fork_head	NA
G3V3G0	Prox1	NA
G3V3J3	Homeobox	NA
G3V3P9	Homeobox,TF_Otx	NA
G3V447	BTB,CYTH	NA
G3V471	Homeobox,Homeobox_KN,Homez	NA
G3V4E6	zf-C2H2_4,zf-C2H2,CHORD,FYVE,zf-C2H2_jaz,zf-met,zf-H2C2_2,CxxC_CxxC_SSSS,zf-C2H2_2,zf-C2HC_2,zf-C2H2_6	NA
G3V4H7	zf-C2H2_4,zf-C2H2,CHORD,zf-C2H2_jaz,zf-met,zf-H2C2_2,DUF1528,zf-C2H2_2,zf-C2HC_2,zf-C2H2_6	NA
G3V4U6	RHD	NA
G3V563	Ax_dynein_light,HLH,IncA,CENP-Q	NA
G3V570	SlyX,DivIC,bZIP_2	NA
G3V5I8	STAT_alpha,STAT_int,SH2,STAT_bind	NA
G3V5J9	bZIP_2,bZIP_1	NA
G3V5L1	SlyX,DivIC,HLH,DUF2937,IncA,bZIP_2	NA
G3V5N7	DivIC,TMF_TATA_bd,bZIP_Maf,bZIP_2,DUF3450	NA
G3V5S2	ERbeta_N,Oest_recep,Hormone_recep,zf-C4	NA
G3V5S4	HTH_Tnp_IS1,Ribosomal_S13_N,Homeobox,HTH_32,HTH_29,HTH_23,PAX	NA
G3XAE0	zf-C2H2_4,DUF1768,zf-C2H2,C1_3,zf-C2H2_jaz,XPA_N,zf-H2C2_2,C1_1,A2L_zn_ribbon,zf-RING_3,HTH_Tnp_ISL3,Zn_Tnp_IS1595,zf-MYND,zf-C2H2_6,C1_2,KRAB,ZZ,Siva,Rpr2,DNA_RNApol_7kD,zf-BED,CxxC_CxxC_SSSS,BolA	NA
G3XAG1	zf-C2H2_4,PyrI_C,zf-C2H2,zf-ribbon_3,Zn_ribbon_recom,Evr1_Alr,zf-BED,zf-C2H2_jaz,IBR,zf-C2H2_2,CpXC,DZR,zf-FCS,OrfB_Zn_ribbon	NA
G4XH65	ESR1_C,Oest_recep,Hormone_recep,zf-C4	NA
G5E965	Auxin_repressed,Fork_head,Ribosomal_L27e	NA
G5E975	SNF5,DUF1679	NA
G5E998	pKID,bZIP_2,bZIP_1,bZIP_Maf	NA
G5E9B8	zf-C2H2_4,zf-C2H2,zf-C2H2_jaz,XPA_N,zf-H2C2_2,Yippee,Remorin_N,zf-AN1,HTH_Tnp_ISL3,Zn_Tnp_IS1595,zf-C2H2_6,DUF2688,KRAB,Luteo_Vpg,LIM,GATA,Elf1,zf-trcl,CxxC_CxxC_SSSS,CpXC,zf-LYAR,Csm1	NA
G5EA50	zf-C2H2_4,zf-H2C2_2,zf-C2H2	NA
G8JLB0	zf-C4	NA
G8JLH9	Tropomyosin_1,Fib_alpha,MerR-DNA-bind,MIF4G_like_2,STAT_bind,eIF3_N,STAT_alpha,DUF342,DUF892,Baculo_PEP_C,SH2,DUF2730,Syntaxin-6_N	NA
G9G139	SSXRD,CTNNB1_binding	NA
H0Y2R3	ARID	NA
H0Y328	zf-RING_2,Hormone_recep,zf-C4	NA
H0Y3S9	ARID	NA
H0Y3T8	zf-C2H2_4,zf-C2H2,Zn_ribbon_recom,zf-C2H2_jaz,KRAB,zf-H2C2_2,CxxC_CxxC_SSSS,HTH_Tnp_ISL3,zinc_ribbon_2,Zn_Tnp_IS1595,zf-C2H2_6	NA
H0Y3W9	TIG	NA
H0Y459	Myb_DNA-bind_6,Myb_DNA-binding	NA
H0Y488	ARID,DUF3518	NA
H0Y4B4	RFX_DNA_binding,Pox_D5	NA
H0Y4T7	GATA,Myb_DNA-binding	NA
H0Y4W6	Hormone_recep,zf-C4	NA
H0Y5A7	T-box	NA
H0Y5B5	TBP,SpoVG,BAH,Bromodomain	NA
H0Y5I5	zf-C2H2_4,zf-C2H2,zf-met,zf-H2C2_2,CxxC_CxxC_SSSS,zf-C2H2_6	NA
H0Y5N4	HMG_box,DUF1898	NA
H0Y5R1	HLH,PAS,PAS_2,PAS_3,PAS_9,PAS_4,PAS_8	NA
H0Y612	zf-HC5HC2H,Bromodomain,ZapA,Zn_ribbon_2,PHD,zf-B_box	NA
H0Y669	zf-C2H2_4,zf-C2H2,zf-C2H2_jaz,zf-met,zf-H2C2_2,YyzF,AKAP95,zf-H2C2_5,zf-C2H2_6,DUF3799	NA
H0Y6D8	TBP,DUF3378	NA
H0Y6F5	Homez,Homeobox,Nucleo_P87,TniQ,Homeobox_KN	NA
H0Y6K5	zf-C2H2_4,zf-C2H2,zf-C2H2_jaz,zf-H2C2_2,zf-C2H2_6	NA
H0Y7D7	DUF4407,DUF972,ADIP,bZIP_Maf,bZIP_2,bZIP_1,DUF2205	NA
H0Y7H8	Zip,CDK5_activator,ARID,DUF3518	NA
H0Y7K5	zf-C2H2_4,zf-C2H2,CAP_N,zf-met,CCAP,zf-H2C2_2,Ofd1_CTDD,WT1	NA
H0Y7L6	zf-C2H2_4,zf-C2H2,zf-C2H2_jaz,zf-H2C2_2,zf-C2H2_6	NA
H0Y882	Fork_head	NA
H0Y8E2	Hormone_recep,zf-C4	NA
H0Y956	Heme_oxygenase,IRF	NA
H0Y9S1	zf-C2H2_4,zf-C2H2,zf-C2H2_jaz,PRELI,zf-met2,zf-met,zf-H2C2_2,zf-RING_3,zinc_ribbon_5,zf-CHY,HTH_Tnp_ISL3,RNHCP,DUF2321,zf-C2H2_6,TF_Zn_Ribbon,Trm112p,DUF2225,LIM,DZR,zf-trcl,zinc_ribbon_4,CxxC_CxxC_SSSS,zf-C2H2_2,zf-C2HC_2,CpXC,BolA	NA
H0YA13	zf-C2H2_4,zf-C2H2,zf-BED,zf-C2H2_jaz,zf-met,zf-H2C2_2,VID27,GAGA,zf-C2H2_6,zf-LYAR	NA
H0YAI5	UPF0547,zf-C3HC4,zf-P11,zf-RING_LisH,HypA,zf-C3HC4_3,FANCL_C,zf-rbx1,DUF329,zinc_ribbon_2,DUF1407,FYVE,Prok-RING_4,Rtf2,DZR,zf-RING_2,zf-Nse,zf-C3HC4_2,zf-Apc11,IBR,zf-piccolo	NA
H0YAR8	HMG_box,DUF1898,MAT_Alpha1,UBA_e1_thiolCys	NA
H0YAV4	TF_Zn_Ribbon,eIF-5_eIF-2B,GATA	NA
H0YB79	zf-C2H2_4,zf-C2H2_6,zf-C2H2	NA
H0YBC8	HMG_box,DUF1898,MAT_Alpha1	NA
H0YBP2	HMG_box,DUF1898	NA
H0YBT7	HSF_DNA-bind,AP_endonuc_2_N	NA
H0YCH1	SAND,zf-MYND	NA
H0YCM5	zf-HC5HC2H,zf-RING-like,Prok-RING_1,zf-RING_2,C1_3,PHD,ADK_lid,C1_1,ENT,PHD_2,Syntaxin-6_N	NA
H0YCN3	zf-C2H2_4,zf-C2H2,Zn_ribbon_recom,Prok-RING_1,zf-C2H2_jaz,XPA_N,zf-H2C2_2,CxxC_CxxC_SSSS,Zn_Tnp_IS1595,FYDLN_acid,zf-C2H2_6,LIM	NA
H0YCZ0	zf-C2H2_4,zf-C2H2,zf-C2H2_jaz,zf-met,zf-H2C2_2,zf-TFIIB,zinc_ribbon_5,zf-AN1,Zn_Tnp_IS1595,zf-C2H2_6,zf-H2C2_5,Elf1,zf-BED,zf-trcl,zinc_ribbon_4,DUF1610,CxxC_CxxC_SSSS,zf-C2H2_2,CpXC	NA
H0YD59	HLH	NA
H0YE88	Myb_DNA-binding,TEA	NA
H0YED9	zf-C2H2_4,zf-C2H2,zinc_ribbon_4,zf-met,CCAP,zf-H2C2_2,zf-C2HC_2,WT1	NA
H0YEE5	HMG_box,DUF1898	NA
H0YEJ9	Myb_DNA-binding,TEA	NA
H0YEK2	DivIC,zf-HC5HC2H,zf-RING-like,Prok-RING_1,zf-RING_2,C1_3,PHD,DivIVA,ADK_lid,C1_1,ENT,PHD_2,Syntaxin-6_N	NA
H0YEM1	RRM_1,RRM_6,OB_RNB,RRM_3,RRM_5	NA
H0YEM9	zf-C2H2_4,zf-C2H2,Glyco_transf_10,zf-C2H2_jaz,zf-met,Yippee,zf-H2C2_2,BTB,zf-TFIIB,C1_1,Zn_Tnp_IS1595,zf-C2H2_6,FYVE,DUF678,LIM,zf-BED,zinc_ribbon_4,CxxC_CxxC_SSSS,zf-C2H2_2,CpXC,DUF3342	NA
H0YEU7	DUF4404,bZIP_Maf,bZIP_2,bZIP_1,COG2	NA
H0YFS7	zf-C2H2_4,Elf1,zf-C2H2,Desulfoferrod_N,zf-C2H2_jaz,zf-met,Rad50_zn_hook,zf-H2C2_2,zf-C2H2_2,Daxx,zf-C2HC_2,BSP_II,zf-C2H2_6,NOA36	NA
H0YFY4	AT_hook	NA
H0YG25	SAM_PNT,SAM_1	NA
H0YG99	DUF1831,Fork_head	NA
H0YGR9	DivIC,HLH,Zein-binding,ATG16,IncA,CP12,CDC37_N,DUF2499,DUF342,Troponin,DUF904,Seryl_tRNA_N,BicD	NA
H0YGT3	Hormone_recep	NA
H0YHG0	HnRNP_M,DnaJ,SAP	NA
H0YHW2	TrmB,E2F_TDP	NA
H0YHX3	DUF2209,Homeobox,Terminase_5,Homeobox_KN	NA
H0YIA6	Homeobox_KN,Homeobox,DUF3528,Rox3	NA
H0YIF4	TrmB,E2F_TDP	NA
H0YIY2	STAT_alpha,STAT_int,SH2,STAT_bind	NA
H0YJ22	Fork_head	NA
H0YJ54	Fork_head	NA
H0YJ94	Fork_head	NA
H0YJG3	Fork_head	NA
H0YJH6	STAT_alpha,STAT_int,SH2,STAT_bind	NA
H0YJM3	bZIP_2,bZIP_1,EF-1_beta_acid	NA
H0YJV7	zf-C2H2_4,zf-H2C2_2,zf-C2H2,zf-TRAF	NA
H0YKA3	zf-C2H2_4,zf-C2H2,C1_2,DUF3505,zf-H2C2_2,zf-C2H2_2,zf-H2C2_5	NA
H0YKC7	Homeobox,HA,Homeobox_KN,Homez	NA
H0YKL0	Filament,Translin,DivIC,GAS,Fib_alpha,TMF_DNA_bd,DUF972,Trans_reg_C,Bcr-Abl_Oligo,IncA,bZIP_2,Atg14,HALZ,DMPK_coil	NA
H0YKM5	HMG_box,DUF1898;HMG/Sox	1
H0YKN5	Homeobox,Homeobox_KN	NA
H0YKT2	Homeobox,DUF1183,Pou	NA
H0YKY6	DUF3908,DUF4227,SRF-TF	NA
H0YL38	zf-H2C2_2,DUF4195,zf-C2H2_jaz,zf-H2C2_5	NA
H0YLA6	zf-C2H2_4,zf-C2H2,zf-C2H2_jaz,zf-H2C2_2,DUF4195,zf-H2C2_5,zf-C2H2_6	NA
H0YLB0	CENP-B_N,NUC130_3NT,Sec15,DUF1319,HTH_3,UCH,Homez,HTH_26,Homeobox,HTH_19,PBC,Homeobox_KN	NA
H0YLC5	Pou	NA
H0YLF2	HNF-1_N,HTH_37,DUF494,MerR_1,HTH_3,HTH_23,Homeobox,HTH_24,HTH_19,HTH_31,HTH_26,Homeobox_KN,CUT	NA
H0YLF5	DUF19,Sec15,NUC130_3NT,DUF1319,UCH,IncA,Homeobox,PBC,Homeobox_KN	NA
H0YLK1	Homeobox,Homeobox_KN,Homez	NA
H0YLL6	Pou,Homeobox,HTH_19,HTH_31,DUF1183	NA
H0YLN6	DUF3505,zf-H2C2_5	NA
H0YLS5	zf-C4	NA
H0YLX2	Cdc6_C,RFX_DNA_binding,Pox_D5,DUF3233	NA
H0YLZ7	zf-C2H2_4,zf-C2H2,zf-CHCC,zf-C2H2_jaz,zf-met,zf-H2C2_2,GAGA,zf-CHY,COPI_C,Rad50_zn_hook,zf-C2H2_6,Scramblase,zf-H2C2_5,DUF2225,PhnA_Zn_Ribbon,DZR,Elf1,zf-CCHC_2,zf-BED,zf-C2H2_2,zf-C2HC_2,FYDLN_acid,BolA	NA
H0YM09	zf-C2H2_4,Elf1,DUF3505,zf-H2C2_5,DUF2296	NA
H0YM62	DUF3908,DUF4227,SRF-TF	NA
H0YM91	T-box	NA
H0YMD3	zf-C2H2_4,zf-C2H2,zinc_ribbon_5,TFIIS_C,zf-BED,zf-C2H2_jaz,zf-HIT,zf-CHY,zf-AN1,zf-met,zinc_ribbon_4,zf-H2C2_2,CxxC_CxxC_SSSS,HypA,zf-C2H2_2,HTH_Tnp_ISL3,Zn_Tnp_IS1595,zf-C2H2_6	NA
H0YMH6	Cdc6_C,RFX_DNA_binding,Pox_D5,YqeY	NA
H0YMS9	HMG_box;HMG/Sox	1
H0YMV2	Homeobox,Homeobox_KN	NA
H0YN23	zf-C2H2_4,PyrI_C,zf-C2H2,DUF1180,zinc_ribbon_5,zinc_ribbon_4,zf-H2C2_2,CxxC_CxxC_SSSS,zf-C2H2_2,zf-C2H2_6	NA
H0YNA8	Homeobox,Homeobox_KN	NA
H0YND9	zf-C2H2_4,zf-RING_3,Sgf11,zf-C2H2,Zn_ribbon_recom,zinc_ribbon_5,zf-C2H2_jaz,zf-met,zf-H2C2_2,CxxC_CxxC_SSSS,zf-C2H2_2,zf-H2C2_5,zf-C2H2_6	NA
H0YNI2	SRF-TF	NA
H0YNM5	Homeobox_KN,Homeobox,Pou,Lsr2	NA
H0YNP4	IRF,IRF-3	NA
H0YNP8	HLH	NA
H0YNS8	HMG_box,DUF1898;HMG/Sox	1
H0YNW1	Pou,Homeobox,HTH_19,HTH_31,DUF1183	NA
H0YNY7	C1_3,zf-C2H2_jaz,zf-C2H2,zf-H2C2_5	NA
H0YNY8	Homeobox,Homeobox_KN	NA
H2BNB9	SAM_PNT,SAM_1	NA
H2EHT1	P53_tetramer,P53,DEC-1_N	NA
H3BLU4	Homeobox,Homeobox_KN,Homez	NA
H3BMP3	E2F_TDP	NA
H3BNI0	zf-C2H2_4,zf-C2H2,Zn_ribbon_recom,YhfH,zf-C2H2_jaz,XPA_N,zf-met,zf-H2C2_2,Yippee,HypA,C1_4,TFIIS_C,HTH_Tnp_ISL3,Zn_Tnp_IS1595,RNA_pol_Rpb2_7,zf-C2H2_6,DZR,LIM,DNA_RNApol_7kD,zf-trcl,CxxC_CxxC_SSSS,BHD_1,zf-LYAR,BolA	NA
H3BNR1	SRF-TF	NA
H3BNX4	Ldl_recept_a,IRF	NA
H3BP11	AKNA,GAS,Maf_N,bZIP_Maf,bZIP_2,DUF904,Seryl_tRNA_N,bZIP_1,DUF1192	NA
H3BP52	T-box	NA
H3BPE7	RRM_1,RRM_6,RRM_5,zf-RanBP	NA
H3BPJ7	HLH	NA
H3BQ92	ARID	NA
H3BQH6	IRF	NA
H3BR83	TIG,RHD	NA
H3BRD6	zf-C2H2_4,zf-C2H2,Prok-RING_1,zf-C2H2_jaz,zf-met,Rad50_zn_hook,zf-H2C2_2,HTH_Tnp_ISL3,DZR	NA
H3BRS1	TIG,RHD	NA
H3BS42	zf-C2H2_4,zf-C2H2,C1_3,zf-C2H2_jaz,Ogr_Delta,zf-met,XPA_N,zf-H2C2_2,Yippee,RNA_pol_Rpb1_R,OrfB_Zn_ribbon,C1_4,HTH_Tnp_ISL3,Zn_Tnp_IS1595,zf-C2H2_6,DUF2709,Prok-RING_1,LIM,CxxC_CxxC_SSSS,zf-C2HC_2,FYDLN_acid,BolA	NA
H3BS68	zf-C2H2_4,zf-C2H2,Prok-RING_1,zf-C2H2_jaz,zf-met,Rad50_zn_hook,zf-H2C2_2,RRN7,DZR	NA
H3BSL4	zf-C2H2_4,zf-C2H2,Prok-RING_1,zf-BED,zf-C2H2_jaz,zf-met,zf-H2C2_2,CxxC_CxxC_SSSS,DZR,zf-C2H2_2,zf-C2HC_2,Zn_Tnp_IS1595,zf-C2H2_6	NA
H3BSM9	zf-C2H2_4,DUF2225,zf-LITAF-like,Elf1,zf-C2H2,DUF3449,Prok-RING_1,zf-C2H2_jaz,zf-met,zf-H2C2_2,zf-C2H2_2,zf-C2HC_2,C1_1,zf-C2H2_6,BolA	NA
H3BT31	IRF,IRF-3	NA
H3BT57	OmpH,zf-RING_LisH,DUF3583,Prok-RING_4,zf-C3HC4_3,Cep57_CLD_2,zf-B_box	NA
H3BT85	zf-C4	NA
H3BTM3	TrmB,E2F_TDP,B-block_TFIIIC	NA
H3BTP3	HLH,Trehalase	NA
H3BU30	RHD	NA
H3BUJ7	zf-C2H2_4,zf-C2H2,zf-C2H2_jaz,zf-met,zf-H2C2_2,zf-piccolo,DZR,zf-C2H2_2,zf-C2HC_2,DUF3133,Zn_Tnp_IS1595,FYDLN_acid,zf-C2H2_6	NA
H3BUU7	Homeobox,REV	NA
H3BVC2	IRF	NA
H3BVE4	E2F_TDP,B-block_TFIIIC	NA
H3BVG7	zf-C2H2_4,zf-C2H2,zf-ribbon_3,Prok-RING_1,zf-HYPF,zf-C2H2_jaz,zf-met,Rad50_zn_hook,zf-H2C2_2,HTH_Tnp_ISL3,zf-C2H2_6,DZR	NA
H6U5S2	P53_tetramer,P53,DEC-1_N,P53_TAD	NA
H6U5S3	P53_tetramer,P53,DEC-1_N,P53_TAD	NA
H6U5S4	P53,DEC-1_N,P53_TAD	NA
H6V745	Hormone_recep,GCR,zf-C4	NA
H7BXP3	zf-C2H2_4,C1_4,zf-C2H2,DUF2180,zinc_ribbon_5,zf-C2H2_jaz,Trm112p,zinc_ribbon_4,zf-H2C2_2,CxxC_CxxC_SSSS,CpXC,FYDLN_acid,zf-C2H2_6,Ribosomal_L31,zf-DNA_Pol	NA
H7BXP4	IRF,IRF-3	NA
H7BY00	DUF773,HLH,Toxin_trans	NA
H7BY16	RRM_1,RRM_6,DbpA,Limkain-b1,RRM_5	NA
H7BYN3	HMG_box,DUF1898,YABBY	NA
H7BYU6	zf-C2H2_4,zf-C2H2,zf-C2H2_jaz,zf-met,zf-H2C2_2,zf-C2H2_2,zf-C2H2_6	NA
H7BZA3	HLH,PAS,PAS_3,PAS_9,PAS_4	NA
H7C092	RXT2_N,TFIIA,MBD,DUF1510,DUF2457,Sporozoite_P67,HSP90,Cenp-B_dimeris,Pox_Ag35,Daxx,Nucleoplasmin,eIF-3c_N,Paf1,SDA1,Tom37_C,Sigma70_ner,CDC45,TLP-20,Pox_RNA_Pol_19,RRN3,BSP_II,Prothymosin,Myc_N,Nop14,VID27,BUD22,NOA36	NA
H7C0B1	Nairo_nucleo,T-box	NA
H7C0H1	Homeobox,LIM,Homeobox_KN,Homez	NA
H7C0Z2	HLH,PAS,DUF1722,PAS_9,PAS_4	NA
H7C1K8	zf-C2H2_4,zf-C2H2,zf-C2H2_jaz,DUF1610,XPA_N,zf-H2C2_2,CxxC_CxxC_SSSS,zf-C2H2_2,zf-C2HC_2,DUF1340,zf-C2H2_6	NA
H7C1Y6	Fork_head	NA
H7C2H0	zf-HC5HC2H,Chromo,HMG_box,PHD,C1_1,CHDNT,NADH-G_4Fe-4S_3,PHD_2	NA
H7C2N6	zf-C2H2_4,bZIP_2,bZIP_1,zf-C2H2	NA
H7C414	zf-C2H2_4,zf-H2C2_2,zf-C2H2,zf-H2C2_5	NA
H7C4B6	bZIP_2,bZIP_1,bZIP_Maf	NA
H7C4N4	TF_AP-2	NA
H7C4Q8	DUSP,GTF2I	NA
H7C4S2	HMG_box,DUF1898,AXH	NA
H7C528	SAM_1,SAM_PNT,SAM_2	NA
H7C574	HMG_box,DUF1898,MAT_Alpha1	NA
H7C5E5	TF_AP-2	NA
H9KV89	zf-C2H2_4,C1_4,zf-RING_3,zf-C2H2,DNA_RNApol_7kD,zf-C2H2_jaz,KRAB,XPA_N,zf-H2C2_2,CxxC_CxxC_SSSS,CpXC,zf-C2H2_6,LIM	NA
H9KVB1	RunxI,Runt	NA
H9NIM2	DUF2318,Hormone_recep,zf-C4	NA
H9NIM3	DUF3892,DUF2318,Hormone_recep,zf-C4	NA
H9U921	HMG_box,DUF1908,DUF1898	NA
H9U923	HMG_box,DUF1908,DUF1898	NA
H9U933	HMG_box,DUF1908,DUF1898	NA
H9XFB5	zf-C2H2_4,Ribosomal_L37ae,zf-C2H2,UPF0547,Prok-RING_2,C1_3,zf-C2H2_jaz,YhfH,BHD_2,XPA_N,zf-met,zf-H2C2_2,Yippee,C1_1,Rubredoxin,NinG,A2L_zn_ribbon,C1_4,Katanin_con80,TFIIS_C,zinc_ribbon_5,zf-AN1,Ribosomal_L17,HTH_Tnp_ISL3,Zn_Tnp_IS1595,zf-MYND,DUF35_N,zf-C2H2_6,Desulfoferrod_N,C1_2,Prok-RING_1,DUF2688,zf-HIT,COX5B,ZZ,Siva,Baculo_IE-1,DUF82,PhnJ,zf-BED,DNA_RNApol_7kD,DUF1610,zinc_ribbon_4,CxxC_CxxC_SSSS,PDZ_1,HTH_18,BHD_1,Ribosomal_L44,zf-LYAR,BolA	NA
H9ZYJ3	zf-C2H2_4,zf-C2H2,Mito_fiss_reg,RXT2_N,zf-C2H2_jaz,zf-met,zf-H2C2_2,DUF2890,DUF2457,C1_4,DUF2180,Pox_Ag35,Daxx,zf-C2H2_6,CDC45,Nop14,zf-C2H2_2,FYDLN_acid,zf-LYAR,BolA;C2H2 ZF	10
I0CMK8	zf-C2H2_4,zf-C2H2,Evr1_Alr,UPF0547,Prok-RING_2,C1_3,zf-C2H2_jaz,YhfH,XPA_N,zf-met,zf-H2C2_2,C1_4,TFIIS_C,zinc_ribbon_5,HNH,zf-CHY,zf-AN1,HTH_Tnp_ISL3,Zn_Tnp_IS1595,zf-C2H2_6,Desulfoferrod_N,C1_2,Prok-RING_1,zf-HIT,COX5B,SprT-like,LIM,PhnA_Zn_Ribbon,DNA_RNApol_7kD,zf-BED,zf-trcl,DUF1610,CxxC_CxxC_SSSS,DUF164,CpXC,Ribosomal_L44	NA
I0EZ75	zf-C2H2_4,C1_4,zf-C2H2,DNA_RNApol_7kD,BHD_1,zf-C2H2_jaz,zf-trcl,XPA_N,zf-H2C2_2,CxxC_CxxC_SSSS,HTH_Tnp_ISL3,DUF164,zf-C2H2_6,BolA	NA
I3L0A5	LOH1CR12,Exonuc_VII_L,OmpH,DivIVA,DUF3347	NA
I3L0W9	P53,DEC-1_N,P53_TAD	NA
I3L1J3	zf-C2H2_4,zf-C2H2,SCAN,zf-C2H2_jaz,zf-H2C2_2,CxxC_CxxC_SSSS,zf-C2HC_2,FYDLN_acid,zf-C2H2_6,zf-LYAR	NA
I3L216	zf-C2H2_4,zf-C2H2,zf-C2H2_jaz,zf-met,XPA_N,zf-H2C2_2,HypA,GAGA,C1_1,C1_4,zinc_ribbon_5,Stig1,HTH_Tnp_ISL3,DUF2321,zf-C2H2_6,DUF1407,Prok-RING_1,AAA_22,LIM,DNA_RNApol_7kD,zf-trcl,zinc_ribbon_4,CxxC_CxxC_SSSS,CpXC,FYDLN_acid,zf-LYAR	NA
I3L2F8	DivIC,bZIP_Maf,bZIP_2,bZIP_1,DUF1192	NA
I3L2J0	HMG_box,DUF1898	NA
I3L2Z5	zf-C2H2_4,zf-C2H2,zf-C2H2_jaz,zf-met,XPA_N,zf-H2C2_2,Yippee,HypA,Rad50_zn_hook,zf-MYND,DUF2321,RRN7,zf-C2H2_6,DUF1407,FYVE,Prok-RING_1,Rtf2,zf-Sec23_Sec24,DUF2225,DZR,LIM,Elf1,PRP21_like_P,CxxC_CxxC_SSSS,zf-C2H2_2,FYDLN_acid	NA
I3L383	Homeobox,Homeobox_KN	NA
I3L3K7	TIG,RHD	NA
I3L3R1	Homeobox,Homeobox_KN	NA
I3L417	zf-C2H2_4,zf-C2H2,TFIIS_C,Herpes_LMP1,zf-C2H2_jaz,KRAB,XPA_N,zf-H2C2_2,CxxC_CxxC_SSSS,Yippee,RRN7,zf-C2H2_6,zf-LYAR	NA
I3L4R4	Shugoshin_N,FlaC_arch,bZIP_2,HALZ,bZIP_1	NA
I3NI39	zf-C2H2_4,C1_4,zf-C2H2,SCAN,zf-C2H2_jaz,KRAB,Rad50_zn_hook,zf-H2C2_2,CxxC_CxxC_SSSS,FYDLN_acid,zf-C2H2_6,BolA	NA
I6L9E7	HLH,PAS,PAS_3,PAS_9,PAS_4	NA
I6LM39	MBD	NA
I6N936	HoxA13_N	NA
I6V2Q9	zf-C2H2_4,zf-C2H2,C1_3,zf-C2H2_jaz,XPA_N,zf-met,zf-H2C2_2,Yippee,C1_4,Succ_CoA_lig,DUF2256,Chordopox_RPO7,NADH_oxidored,DUF2321,zf-C2H2_6,zf-UBP,PHD,DZR,DNA_RNApol_7kD,zf-trcl,CxxC_CxxC_SSSS,HTH_18,DUF164,CpXC	NA
I6ZVX6	Fork_head	NA
I7HIK6	zf-C2H2_4,C1_4,zf-C2H2,zf-C2H2_jaz,KRAB,XPA_N,zf-H2C2_2,CxxC_CxxC_SSSS,C1_1,zf-C2H2_6,BolA	NA
J3JS70	zf-C4	NA
J3JS71	Nuc_recep-AF1,Hormone_recep,zf-C4	NA
J3KN52	Ets	NA
J3KNN9	zf-C2H2_4,zf-C2H2,CAP_N,zf-met,CCAP,zf-H2C2_2,Ofd1_CTDD,WT1	NA
J3KNQ1	zf-C2H2_4,zf-C2H2,Zn_ribbon_recom,UPF0547,zf-ribbon_3,YhfH,zf-C2H2_jaz,zf-met,XPA_N,zf-H2C2_2,Yippee,GAGA,C1_1,C1_4,zf-RING_3,TFIIS_C,zf-AN1,HTH_Tnp_ISL3,Zn_Tnp_IS1595,zf-C2H2_6,zinc_ribbon_2,Prok-RING_1,KRAB,LIM,DNA_RNApol_7kD,zf-BED,CxxC_CxxC_SSSS,CpXC,Ribosomal_L44,BolA	NA
J3KNQ6	zf-C2H2_4,zf-C2H2,CHORD,zf-C2H2_jaz,zf-met,zf-H2C2_2,zf-C2HC_2	NA
J3KNV1	zf-C2H2_4,zf-C2H2,DUF3279,zf-C2H2_jaz,zf-C2H2_6,EutQ;C2H2 ZF	4
J3KP33	P53,DEC-1_N,P53_TAD	NA
J3KP65	T-box	NA
J3KPG0	HTH_Tnp_IS1,HTH_29,Homeobox_KN,Homeobox,HTH_23,PAX	NA
J3KPG5	Bromodomain,PHD,SAPS,DDT,MBD	NA
J3KPM9	STAT_int,NPV_P10,STAT_bind,STAT_alpha,SH2,Sec20	NA
J3KPQ3	Hormone_recep,zf-C4	NA
J3KPU9	zf-C2H2_4,DUF3994,KRAB,zf-H2C2_2,zf-Sec23_Sec24,DUF3198,CitX	NA
J3KQC8	zf-C2H2_4,C1_4,zf-C2H2,zf-C2H2_jaz,KRAB,XPA_N,zf-H2C2_2,HTH_Tnp_ISL3,Yippee,Zn_Tnp_IS1595,CpXC,zf-C2H2_6,BolA	NA
J3KQH6	SAM_1,DUF1471,SAM_PNT,zf-FCS,SAM_2	NA
J3KQR4	zf-C2H2_4,zf-C2H2,DUF2944,DNA_RNApol_7kD,zf-C2H2_jaz,KRAB,zf-met,XPA_N,zf-H2C2_2,HTH_Tnp_ISL3,CxxC_CxxC_SSSS,zf-C2H2_6	NA
J3KR46	pKID,bZIP_2,bZIP_1	NA
J3KR62	zf-C2H2_4,zf-C2H2,zf-C2H2_jaz,KRAB,zf-met,XPA_N,zf-H2C2_2,CxxC_CxxC_SSSS,HTH_Tnp_ISL3,C1_1,MBD,zf-C2H2_6,BolA	NA
J3KRL6	RHD	NA
J3KS32	Homeobox,Homeobox_KN	NA
J3KS51	Myb_DNA-binding	NA
J3KSH6	HLH,Hairy_orange	NA
J3KSJ4	Hormone_recep,PAN_3,zf-C4	NA
J3KT56	zf-C2H2_4,zf-C2H2,Zn_ribbon_recom,Prok-RING_2,YhfH,zf-C2H2_jaz,XPA_N,zf-met,zf-H2C2_2,Yippee,HypA,A2L_zn_ribbon,C1_4,TFIIS_C,HTH_Tnp_ISL3,Zn_Tnp_IS1595,RNA_pol_Rpb2_7,zf-C2H2_6,DZR,LIM,DNA_RNApol_7kD,zf-trcl,CxxC_CxxC_SSSS,BHD_1,zf-LYAR,BolA	NA
J3KTF3	C1_3,zf-HIT,zf-C4	NA
J3KTI4	zf-C2H2_4,zf-C2H2,zf-C2H2_jaz,zf-met,zf-H2C2_2,zf-C2H2_2,zf-C2HC_2,zf-C2H2_6	NA
J3QKY3	bZIP_2,bZIP_1,bZIP_Maf	NA
J3QLN9	Myb_DNA-bind_4,HTH_AsnC-type,Myb_DNA-bind_6,HTH_38,Myb_DNA-binding	NA
J3QQI2	zf-C2H2_4,C1_4,zf-C2H2,zinc_ribbon_5,Prok-RING_1,zf-C2H2_jaz,zinc_ribbon_4,zf-met,Yippee,zf-H2C2_2,RNA_POL_M_15KD,zf-C2H2_2,DUF82,zf-H2C2_5,zf-MYND,CxxC_CxxC_SSSS,zf-C2H2_6,zf-LYAR	NA
J3QRA9	zf-HIT,zf-C4	NA
J3QSH4	zf-C2H2_4,DUF4407,BAF1_ABF1,zf-C2H2,FYVE,zf-BED,Prok-RING_1,zf-met,XPA_N,zf-H2C2_2,DZR,Med15,zf-FCS	NA
J9JIC7	zf-C2H2_4,DUF4407,BAF1_ABF1,zf-RING_3,zf-C2H2,Sgf11,Endonuclease_7,Prok-RING_1,zf-BED,zf-met,zf-H2C2_2,CxxC_CxxC_SSSS,zf-Sec23_Sec24,Med15,zf-FCS,Peptidase_C6	NA
J9JID5	zf-C2H2_4,zf-RING_3,zf-C2H2,zf-C2H2_jaz,zf-met,zf-H2C2_2,zf-C2H2_2,Zn_Tnp_IS1595,zf-C2HC_2,zf-C2H2_6	NA
J9JIE5	bZIP_2,bZIP_1,bZIP_Maf	NA
J9RYE1	Fork_head	NA
J9SW06	Fork_head	NA
J9SY82	Fork_head	NA
K4DIA4	Heme_oxygenase,IRF	NA
K4DIA5	Heme_oxygenase,IRF	NA
K7EID0	HLH,RNA_pol_Rpb4	NA
K7EIE6	zf-C2H2_4,zf-C2H2,zf-C2H2_jaz,XPA_N,zf-H2C2_2,C1_1,TFIIS_C,HTH_Tnp_ISL3,Zn_Tnp_IS1595,zf-C2H2_6,IGPD,DUF2387,KRAB,Trm112p,zf-trcl,CxxC_CxxC_SSSS,zf-C2H2_2,zf-C2HC_2,Med27	NA
K7EIF9	STAT_alpha,SH2,STAT_bind	NA
K7EIJ2	DUF1955,NusB,MH1,Ded_cyto,Prefoldin,Glycos_transf_N	NA
K7EIK6	zf-C2H2_4,zf-C2H2,zf-C2H2_jaz,KRAB,XPA_N,zf-H2C2_2,Zn_Tnp_IS1595,zf-C2H2_6	NA
K7EIU8	IRF-3,Prefoldin,MH2,MH1	NA
K7EIW5	bZIP_2,bZIP_1,bZIP_Maf	NA
K7EJ04	Totivirus_coat,ARID	NA
K7EJB0	DUF2270,NfI_DNAbd_pre-N,MH1	NA
K7EJD4	RFX_DNA_binding	NA
K7EJF3	zf-C2H2,zf-C2H2_jaz,zf-H2C2_2,Zn_Tnp_IS1595,zf-C2H2_6	NA
K7EJQ0	HLH	NA
K7EJR0	PHD_2,zf-CXXC,PHD	NA
K7EK35	STAT_int,STAT_bind,STAT_alpha,Hemerythrin,SH2	NA
K7EK80	zf-C2H2_4,C1_4,zf-C2H2,DNA_RNApol_7kD,zf-C2H2_jaz,zf-AN1,KRAB,XPA_N,zf-H2C2_2,CxxC_CxxC_SSSS,HTH_Tnp_ISL3,Zn_Tnp_IS1595,DUF1163,zf-C2H2_6,HicB	NA
K7EKB9	DUF4349,HLH,CDC45	NA
K7EKT4	zf-C2H2_4,CpXC,zf-C2H2,zf-CHCC,Di19,zf-C2H2_jaz,C1_3,zf-H2C2_2,zf-C2H2_2,GAGA,Zn_Tnp_IS1595,zf-H2C2_5,zf-DNA_Pol;C2H2 ZF	8
K7EKZ8	zf-C2H2_4,zf-C2H2,UPF0547,Evr1_Alr,Prok-RING_2,YhfH,zf-C2H2_jaz,XPA_N,zf-H2C2_2,Yippee,HypA,C1_1,zf-DNA_Pol,C1_4,zinc_ribbon_5,TFIIS_C,zf-AN1,HTH_Tnp_ISL3,Zn_Tnp_IS1595,zf-Mss51,zf-C2H2_6,FYVE,Tnp_zf-ribbon_2,DUF82,Rpr2,zf-BED,DNA_RNApol_7kD,zf-trcl,zinc_ribbon_4,CxxC_CxxC_SSSS,DUF164,CpXC,Ribosomal_L44	NA
K7EL15	DUF1955,NusB,MH1,Ded_cyto,Prefoldin,Glycos_transf_N	NA
K7EL18	DUF1955,NusB,MH1,Ded_cyto,Prefoldin,Glycos_transf_N	NA
K7EL42	zf-C2H2_4,zf-C2H2,Zn_ribbon_recom,Evr1_Alr,Prok-RING_2,YhfH,zf-C2H2_jaz,XPA_N,zf-H2C2_2,Yippee,A2L_zn_ribbon,C1_4,Pneumo_NS1,TFIIS_C,zf-AN1,HTH_Tnp_ISL3,Zn_Tnp_IS1595,DUF2321,zf-C2H2_6,DUF2688,DUF82,LIM,GATA,Rpr2,zf-BED,DNA_RNApol_7kD,zf-trcl,CxxC_CxxC_SSSS,CpXC	NA
K7ELK2	IRF-3,Prefoldin,MH2,MH1	NA
K7ELQ4	zf-C2H2_4,zf-C2H2,Microtub_assoc,bZIP_Maf,bZIP_2,bZIP_1	NA
K7ELU1	zf-C2H2_4,zf-C2H2,zf-C2H2_jaz,XPA_N,zf-H2C2_2,Yippee,SH2,C1_4,zf-RING_3,B12D,HTH_Tnp_ISL3,Zn_Tnp_IS1595,zf-C2H2_6,IGPD,KRAB,GATA,DNA_RNApol_7kD,zf-BED,CxxC_CxxC_SSSS,BolA;C2H2 ZF	18
K7EM32	zf-C2H2_4,zf-C2H2,HNH,zf-C2H2_jaz,zf-met,zf-H2C2_2,zf-C2HC_2,zf-C2H2_6,BolA	NA
K7EM63	zf-C2H2,zf-H2C2_2,CxxC_CxxC_SSSS,Zn_Tnp_IS1595,zf-C2H2_6	NA
K7EMM4	HLH	NA
K7EMP1	PSD5,C2	NA
K7EMT8	POP1	NA
K7EN08	MH1,CTF_NFI	NA
K7EN16	zf-C2H2_4,zf-C2H2,Prok-RING_2,XPA_N,zf-H2C2_2,A2L_zn_ribbon,zf-DNA_Pol,C1_4,zinc_ribbon_5,TFIIS_C,zf-CHY,DUF3133,Zn_Tnp_IS1595,RRN7,zf-C2H2_6,Tnp_zf-ribbon_2,DNA_RNApol_7kD,zf-trcl,zinc_ribbon_4,CxxC_CxxC_SSSS	NA
K7EN48	zf-C2H2_4,zf-C2H2,Evr1_Alr,Prok-RING_2,zf-C2H2_jaz,zf-met,zf-H2C2_2,Yippee,A2L_zn_ribbon,C1_4,TFIIS_C,zinc_ribbon_5,zf-AN1,HTH_Tnp_ISL3,Zn_Tnp_IS1595,zf-C2H2_6,DUF1407,FYVE,Tnp_zf-ribbon_2,DNA_RNApol_7kD,zf-trcl,zinc_ribbon_4,CxxC_CxxC_SSSS,DUF164	NA
K7ENC1	DUF3276,Lsr2,PurA	NA
K7ENH8	HLH	NA
K7ENM7	zf-C2H2_4,zf-C2H2,zf-C2H2_jaz,KRAB,XPA_N,zf-H2C2_2,CxxC_CxxC_SSSS,zf-C2H2_6,BolA	NA
K7EP39	zf-C2H2_4,C1_4,zf-C2H2,zf-C2H2_jaz,KRAB,Ribosomal_L17,XPA_N,zf-H2C2_2,CxxC_CxxC_SSSS,HTH_Tnp_ISL3,Ring_hydroxyl_B,Zn_Tnp_IS1595,zf-C2H2_6,zf-LYAR,BolA	NA
K7EP55	zf-C2H2_4,zf-C2H2,UPF0547,Evr1_Alr,Prok-RING_2,C1_3,zf-C2H2_jaz,YhfH,XPA_N,zf-met,zf-H2C2_2,GAGA,C1_4,TFIIS_C,zinc_ribbon_5,HNH,HTH_Tnp_ISL3,Zn_Tnp_IS1595,DUF35_N,zf-C2H2_6,Desulfoferrod_N,Prok-RING_1,zf-HIT,COX5B,PHD,SprT-like,LIM,zf-BED,DNA_RNApol_7kD,zf-trcl,DUF1610,zinc_ribbon_4,CxxC_CxxC_SSSS,DUF164,FYDLN_acid,Ribosomal_L44,BolA	NA
K7EPS2	DUF4349,HLH,CDC45	NA
K7EPW3	zf-C2H2_4,C1_4,zf-C2H2,DNA_RNApol_7kD,zf-C2H2_jaz,zf-trcl,KRAB,zf-H2C2_2,Yippee,HTH_18,zf-H2C2_5,FYDLN_acid,zf-C2H2_6,zf-UBP	NA
K7EPY2	T-box	NA
K7EQ21	PHD,zf-CXXC,zf-CpG_bind_C	NA
K7EQ32	zf-C2H2_4,zf-C2H2,zf-C2H2_jaz,XPA_N,zf-H2C2_2,C1_1,C1_4,zinc_ribbon_2,zf-C2H2_6,Desulfoferrod_N,Ta0938,FYVE,DUF3797,DUF82,Elf1,zf-C3HC4_2,DUF1610,zf-dskA_traR,DUF164	NA
K7EQA0	Cdc6_C,RFX_DNA_binding,Pox_D5	NA
K7EQC9	zf-C2H2_4,zf-C2H2,KRAB,zf-H2C2_2,DUF2118,zf-C2H2_6	NA
K7EQN6	zf-C2H2_4,zf-C2H2,Di19,zf-C2H2_jaz,C1_3,Rad50_zn_hook,zf-H2C2_2,zf-C2H2_2,GAGA,zf-H2C2_5,zf-DNA_Pol;C2H2 ZF	8
K7EQV7	zf-C2H2_4,C1_4,zf-C2H2,zf-C2H2_jaz,KRAB,zf-met,zf-H2C2_2,CxxC_CxxC_SSSS,Luteo_Vpg,Zn_Tnp_IS1595,zf-C2H2_6;C2H2 ZF	19
K7EQZ1	PHD,DUF3347,zf-CXXC,zf-CpG_bind_C	NA
K7ER43	zf-C2H2_4,zf-RING_3,zf-C2H2,zf-BED,zf-C2H2_jaz,zf-trcl,KRAB,zf-met,XPA_N,zf-H2C2_2,CxxC_CxxC_SSSS,Zn_Tnp_IS1595,zf-C2HC_2,zf-C2H2_6	NA
K7ER53	RHD	NA
K7ERX2	Ets	NA
K7ERZ7	DUF4349,HLH,RR_TM4-6,CDC45	NA
K7ES96	MH1	NA
K7ESJ1	zf-C2H2_4,Ribosomal_L37ae,zf-C2H2,UPF0547,Evr1_Alr,Prok-RING_2,HTH_Tnp_IS66,YhfH,zf-C2H2_jaz,zf-met,XPA_N,zf-H2C2_2,Yippee,HypA,C1_1,NinG,OrfB_Zn_ribbon,A2L_zn_ribbon,C1_4,TRP_2,TFIIS_C,zf-C2H2_3,zinc_ribbon_5,zf-AN1,HTH_Tnp_ISL3,Zn_Tnp_IS1595,zf-UBR,zf-MYND,DUF2321,zf-Mss51,zf-C2H2_6,FYVE,Prok-RING_1,Tnp_zf-ribbon_2,DUF82,TF_Zn_Ribbon,ADK_lid,SprT-like,DZR,LIM,Med27,CpXC,Rpr2,zf-BED,DNA_RNApol_7kD,zf-trcl,zinc_ribbon_4,DUF2072,CxxC_CxxC_SSSS,DUF164,DUF2175,Ribosomal_L44,zf-LYAR,BolA	NA
K7PPU4	P53_tetramer,P53,DEC-1_N,P53_TAD	NA
K9JA49	CBFB_NFYA	NA
L0R3V2	zf-C2H2_4,Zn_Tnp_IS1,zf-C2H2,zf-BED,zf-C2H2_jaz,zf-met,zf-H2C2_2,zf-C2HC_2,zf-H2C2_5	NA
M0QWZ8	zf-C2H2_4,zf-C2H2,C1_3,zf-C2H2_jaz,XPA_N,zf-met,zf-H2C2_2,Yippee,C1_1,C1_4,TFIIS_C,zf-AN1,HTH_Tnp_ISL3,Zn_Tnp_IS1595,zf-C2H2_6,DZR,LIM,GATA,zf-BED,DNA_RNApol_7kD,CxxC_CxxC_SSSS,HTH_18,zf-LYAR,BolA	NA
M0QX79	Ets	NA
M0QX82	zf-C2H2_4,C1_4,zf-C2H2,DNA_RNApol_7kD,DUF2944,zf-C2H2_jaz,zf-met,XPA_N,zf-H2C2_2,HTH_Tnp_ISL3,CxxC_CxxC_SSSS,C1_1,zf-C2H2_6	NA
M0QX90	zf-C2H2_4,zf-RING_3,zf-C2H2,C1_3,KRAB,zf-H2C2_2,CxxC_CxxC_SSSS,zf-C2H2_6,zf-LYAR	NA
M0QXD6	TFIIF_alpha	NA
M0QXK7	DED	NA
M0QXN0	Ets	NA
M0QXU9	zf-C2H2_4,zf-C2H2,tRNA-synt_2d,UPF0547,C1_3,zf-C2H2_jaz,XPA_N,zf-H2C2_2,Yippee,HypA,C1_1,C1_4,TFIIS_C,zinc_ribbon_5,zf-CHY,HTH_Tnp_ISL3,Zn_Tnp_IS1595,zf-C2H2_6,Desulfoferrod_N,Prok-RING_1,KRAB,ZZ,DNA_RNApol_7kD,zf-trcl,CxxC_CxxC_SSSS,CpXC,BolA	NA
M0QXW3	bZIP_2,bZIP_1	NA
M0QY11	zf-C2H2_4,C1_4,zf-C2H2,OGG_N,DUF2688,zf-C2H2_jaz,XPA_N,zf-H2C2_2,HTH_Tnp_ISL3,Yippee,CxxC_CxxC_SSSS,Zn_Tnp_IS1595,BolA,CpXC,zf-C2H2_6,Csm1	NA
M0QY24	zf-C2H2_4,C1_4,zf-C2H2,Rpr2,TFIIS_C,DNA_RNApol_7kD,zf-C2H2_jaz,zf-CHY,KRAB,XPA_N,zf-met,zf-H2C2_2,CxxC_CxxC_SSSS,HTH_Tnp_ISL3,Zn_Tnp_IS1595,zf-C2H2_6	NA
M0QY62	zf-C2H2_4,C1_4,zf-C2H2,DUF3280,DNA_RNApol_7kD,zf-C2H2_jaz,KRAB,zf-met,XPA_N,zf-H2C2_2,C1_1,zf-C2H2_6;C2H2 ZF	5
M0QYE6	CBFNT,zf-C4	NA
M0QYF1	zf-C2H2_4,zf-H2C2_2,zf-C2H2_6,zf-C2H2	NA
M0QYK9	DED	NA
M0QYU7	DivIC,HLH,FlxA,LMBR1,DUF972,DUF2100,DUF827,IncA,HALZ,TACC,NEMO,Fer4_8	NA
M0QZ59	zf-C2H2_4,zf-C2H2,Rpr2,TFIIS_C,zf-C2H2_jaz,XPA_N,zf-H2C2_2,CxxC_CxxC_SSSS,Yippee,HTH_Tnp_ISL3,Zn_Tnp_IS1595,zf-H2C2_5,zf-C2H2_6	NA
M0QZF5	Ribosomal_L37e,zf-C4	NA
M0QZH7	DM	NA
M0QZI7	zf-C2H2_4,zf-C2H2,tRNA-synt_2d,C1_3,zf-C2H2_jaz,XPA_N,zf-H2C2_2,C1_1,C1_4,TFIIS_C,zf-CHY,HTH_Tnp_ISL3,Zn_Tnp_IS1595,zf-C2H2_6,Desulfoferrod_N,Prok-RING_1,ZZ,DNA_RNApol_7kD,CxxC_CxxC_SSSS,BHD_1;C2H2 ZF	20
M0QZP0	bZIP_2,bZIP_1,bZIP_Maf	NA
M0QZV4	DUF3408,KRAB;C2H2 ZF	11
M0QZW5	Fork_head,Fork_head_N	NA
M0R087	zf-C2H2_4,zf-RING_3,zf-C2H2,zf-H2C2_2,zf-C2H2_6;C2H2 ZF	6
M0R0A3	zf-C2H2_4,zf-C2H2,YhfH,zf-C2H2_jaz,XPA_N,zf-met,zf-H2C2_2,HypA,C1_1,TFIIS_C,zinc_ribbon_5,zf-AN1,HTH_Tnp_ISL3,Zn_Tnp_IS1595,zf-C2H2_6,FYVE,Prok-RING_1,LIM,GATA,DNA_RNApol_7kD,zf-trcl,zinc_ribbon_4,CxxC_CxxC_SSSS,zf-C2HC_2,CpXC,Ribosomal_L44,BolA	NA
M0R0C0	zf-C2H2_4,zf-C2H2,Zn_ribbon_recom,zf-C2H2_jaz,XPA_N,zf-met,zf-H2C2_2,Yippee,Mu-like_Com,C1_4,HTH_Tnp_ISL3,Chordopox_RPO7,Zn_Tnp_IS1595,zf-C2H2_6,DUF3280,KRAB,DUF1163,LIM,zf-BED,DNA_RNApol_7kD,CxxC_CxxC_SSSS,zf-C2HC_2,FYDLN_acid,BolA	NA
M0R0F3	zf-C2H2_4,zf-C2H2,C1_3,zf-C2H2_jaz,XPA_N,zf-H2C2_2,GAGA,C1_1,A2L_zn_ribbon,zf-RING_3,TFIIS_C,HNH,zf-AN1,HTH_Tnp_ISL3,Zn_Tnp_IS1595,zf-C2H2_6,Desulfoferrod_N,Prok-RING_1,ZZ,Ndufs5,GATA,CxxC_CxxC_SSSS,CpXC,BolA	NA
M0R0K3	Hormone_recep,CBFNT,zf-C4	NA
M0R0R9	TFIIF_alpha	NA
M0R0Z3	TFIIF_alpha	NA
M0R186	zf-C2H2_4,zf-C2H2,zf-C2H2_jaz,zf-trcl,zf-H2C2_2,CxxC_CxxC_SSSS,zf-C2H2_6	NA
M0R1C8	zf-C2H2_4,zf-C2H2,zf-C2H2_jaz,zf-H2C2_2,Yippee,HypA,GAGA,C1_4,zf-AN1,Rad50_zn_hook,HTH_Tnp_ISL3,Zn_Tnp_IS1595,zf-MYND,RRN7,zf-C2H2_6,zf-UBP,zinc_ribbon_2,DUF629,Prok-RING_1,Prok-RING_4,Trm112p,LIM,Elf1,zf-BED,zf-C3HC4_2,zf-trcl,IBR,CxxC_CxxC_SSSS,zf-C2HC_2,DUF164,FYDLN_acid,zf-LYAR,BolA	NA
M0R1D1	zf-C2H2_4,zf-C2H2,HTH_Tnp_IS66,C1_3,zf-C2H2_jaz,YhfH,XPA_N,zf-H2C2_2,HypA,C1_4,TFIIS_C,zf-CHY,zf-AN1,HTH_Tnp_ISL3,Zn_Tnp_IS1595,DUF2321,zf-C2H2_6,Rep_fac-A_C,Desulfoferrod_N,Prok-RING_1,zf-HIT,COX5B,SprT-like,DZR,LIM,DNA_RNApol_7kD,zf-BED,zf-trcl,DUF1610,CxxC_CxxC_SSSS,zf-dskA_traR,DUF164,FYDLN_acid,Ribosomal_L44,zf-LYAR,BolA	NA
M0R1H8	zf-C2H2_4,GVQW,zf-C2H2,zf-C2H2_jaz,XPA_N,zf-H2C2_2,C1_4,TFIIS_C,zf-AN1,zf-CHY,HTH_Tnp_ISL3,Zn_Tnp_IS1595,zf-Mss51,zf-C2H2_6,zinc_ribbon_2,Prok-RING_1,Tnp_zf-ribbon_2,KRAB,Elf1,DNA_RNApol_7kD,zf-trcl,DUF1610,IBR,CxxC_CxxC_SSSS,DUF164	NA
M0R1I6	Homeobox,Homeobox_KN	NA
M0R1P0	zf-C2H2_4,zf-C2H2,Zn_ribbon_recom,UPF0547,YhfH,zf-C2H2_jaz,XPA_N,zf-met,zf-H2C2_2,Yippee,C1_4,TFIIS_C,HTH_Tnp_ISL3,Zn_Tnp_IS1595,zinc_ribbon_2,zf-C2H2_6,KRAB,LIM,DNA_RNApol_7kD,CxxC_CxxC_SSSS,DUF2213	NA
M0R1V8	zf-C4	NA
M0R1Z9	DM	NA
M0R202	zf-C2H2_4,zf-C2H2,SCAN,FYVE,HNH,zf-C2H2_jaz,zf-trcl,DUF2321,KRAB,zf-H2C2_2,DUF2256,CpXC,DZR	NA
M0R229	zf-C4	NA
M0R230	zf-C2H2_4,zf-C2H2,DNA_RNApol_7kD,zf-C2H2_jaz,KRAB,XPA_N,zf-H2C2_2,CxxC_CxxC_SSSS,HTH_Tnp_ISL3,zf-C2H2_6,A2L_zn_ribbon	NA
M0R279	Fork_head	NA
M0R2D7	DM	NA
M0R2F9	Hormone_recep,CBFNT,zf-C4	NA
M0R2M4	zf-C2H2_4,C1_4,zf-C2H2,TFIIS_C,DNA_RNApol_7kD,zf-C2H2_jaz,KRAB,zf-met,XPA_N,zf-H2C2_2,HTH_Tnp_ISL3,CxxC_CxxC_SSSS,Yippee,zf-C2H2_6;C2H2 ZF	15
M0R2M8	PAS,PAS_3	NA
M0R2M9	HLH	NA
M1S623	Homeobox_KN,Homeobox,Pou,DUF521	NA
M9RSF4	IRF,IRF-3	NA
O00164	DHC,HMG_box,DUF3106,DUF1898,Poxvirus_B22R_N,DUF1074	NA
O00321	Ets	NA
O00327	HLH,PAS,PAS_2,PAS_3,PAS_9,PAS_4	NA
O00358	Fork_head	NA
O00409	Fork_head	NA
O00470	Homeobox,Homeobox_KN	NA
O00482	zf-RING_2,Hormone_recep,zf-C4	NA
O00488	DUF3073,zf-C2H2_jaz,zf-C2H2_2,zf-met	NA
O00570	HMG_box,SOXp,DUF1898	NA
O00712	MH1,NfI_DNAbd_pre-N,CTF_NFI	NA
O00716	E2F_TDP,SufE	NA
O14497	ARID,DUF3518	NA
O14503	HLH,Oscp1,Hairy_orange	NA
O14529	Prefoldin_3,Minor_capsid_3,FH2,NPV_P10,Homeobox,Baculo_PEP_C,DUF4279,Homeobox_KN,CUT	NA
O14593	Ank_2,Ank_3,Ank,Ank_4,Ank_5	NA
O14627	Homeobox,Homeobox_KN,Caudal_act	NA
O14628	zf-C2H2_4,C1_4,zf-C2H2,C1_3,zf-C2H2_jaz,KRAB,XPA_N,zf-H2C2_2,CxxC_CxxC_SSSS,HTH_Tnp_ISL3,GAGA,Zn_Tnp_IS1595,DUF164,zf-C2H2_6	NA
O14709	zf-C2H2_4,C1_4,zf-C2H2,SCAN,zf-C2H2_jaz,KRAB,XPA_N,zf-H2C2_2,HTH_Tnp_ISL3,CxxC_CxxC_SSSS,Yippee,Zn_Tnp_IS1595,Chordopox_RPO7,zf-C2H2_6	NA
O14753	zf-C2H2_4,zf-C2H2,Rpr2,FYVE,zf-C2H2_jaz,zf-met,zf-H2C2_2,zf-C2H2_2,zf-C2H2_6	NA
O14770	Homeobox,Homeobox_KN	NA
O14771	zf-C2H2_4,zf-C2H2,zf-C2H2_jaz,zf-met,XPA_N,zf-H2C2_2,C1_1,HTH_Tnp_ISL3,DUF2321,zf-C2H2_6,AAA_22,Prok-RING_1,KRAB,LIM,SCAN,DNA_RNApol_7kD,zf-trcl,CxxC_CxxC_SSSS,CpXC,zf-LYAR	NA
O14790	HMG_box,DUF1898,MAT_Alpha1,AXH	NA
O14813	MRP-L20,Homeobox	NA
O14849	zf-C2H2_4,zf-H2C2_2,zf-C2H2_6,zf-C2H2	NA
O14860	zf-C2H2_4,zf-C2H2,zf-C2H2_jaz,COX5B,XPA_N,zf-H2C2_2,CxxC_CxxC_SSSS,Zn_Tnp_IS1595,SprT-like,zf-C2H2_6,LIM,GATA,zf-LYAR	NA
O14861	zf-C2H2_4,Fer4_17,zf-C2H2,UPF0547,Evr1_Alr,C1_3,zf-C2H2_jaz,YhfH,XPA_N,zf-H2C2_2,Yippee,HypA,C1_1,A2L_zn_ribbon,C1_4,zf-RING_3,TFIIS_C,zinc_ribbon_5,zf-AN1,HTH_Tnp_ISL3,Zn_Tnp_IS1595,zf-UBR,zf-Mss51,zinc_ribbon_2,zf-C2H2_6,C1_2,Prok-RING_1,Tnp_zf-ribbon_2,PHD,ADK_lid,SprT-like,DNA_RNApol_7kD,zf-trcl,zinc_ribbon_4,DUF1610,CxxC_CxxC_SSSS,DUF164,CpXC,Ribosomal_L44	NA
O14862	HIN,tRNA_anti,PYRIN,DUF2950	NA
O14885	zf-C2H2_4,Ribosomal_L37ae,zf-C2H2,Evr1_Alr,Prok-RING_2,C1_3,zf-C2H2_jaz,YhfH,Ribosomal_L44,XPA_N,zf-met,zf-H2C2_2,Yippee,HypA,C1_1,OrfB_Zn_ribbon,A2L_zn_ribbon,C1_4,TFIIS_C,zinc_ribbon_5,zf-AN1,HTH_Tnp_ISL3,Zn_Tnp_IS1595,zf-Mss51,zf-C2H2_6,zinc_ribbon_2,Desulfoferrod_N,DUF1407,DUF2688,zf-HIT,Tnp_zf-ribbon_2,ZZ,DUF82,SprT-like,DZR,DUF3268,DNA_RNApol_7kD,zf-trcl,DUF1610,zinc_ribbon_4,CxxC_CxxC_SSSS,DUF164,CpXC,HTH_Tnp_IS66	NA
O14887	zf-C2H2_4,zf-C2H2,YhfH,zf-C2H2_jaz,zf-met,XPA_N,zf-H2C2_2,Fer4_10,C1_4,TFIIS_C,zf-AN1,zf-C2H2_6,Fer4_2,FYVE,Fer4,ADK_lid,LIM,zf-trcl,IBR,DUF1610,Fer4_4,CxxC_CxxC_SSSS,DUF164,BolA	NA
O14888	zf-C2H2_4,C1_4,zf-C2H2,Desulfoferrod_N,TFIIS_C,FYVE,YhfH,zf-C2H2_jaz,zf-trcl,IBR,XPA_N,zf-H2C2_2,CxxC_CxxC_SSSS,zf-C2H2_6,LIM,BolA	NA
O14889	zf-C2H2_4,Fer4_17,Ribosomal_L37ae,zf-C2H2,Zn_ribbon_recom,UPF0547,Evr1_Alr,Prok-RING_2,C1_3,zf-C2H2_jaz,YhfH,Ogr_Delta,XPA_N,zf-met,zf-H2C2_2,Yippee,HypA,C1_1,A2L_zn_ribbon,C1_4,TFIIS_C,zinc_ribbon_5,zf-AN1,HTH_Tnp_ISL3,YyzF,Zn_Tnp_IS1595,zf-MYND,DUF35_N,RRN7,zf-C2H2_6,DUF2321,Desulfoferrod_N,C1_2,Fer4_2,FYVE,Prok-RING_1,zf-HIT,COX5B,Tnp_zf-ribbon_2,ZZ,PHD,DUF82,TF_Zn_Ribbon,SprT-like,DZR,DNA_RNApol_7kD,zf-BED,zf-trcl,zinc_ribbon_4,DUF1610,Fer4_4,CxxC_CxxC_SSSS,DUF164,CpXC,FYDLN_acid,Ribosomal_L44	NA
O14890	zf-C2H2_4,zf-C2H2,YhfH,zf-C2H2_jaz,XPA_N,zf-met,zf-H2C2_2,C1_1,C1_4,zf-AN1,zf-C2H2_6,Desulfoferrod_N,FYVE,zf-HIT,ADK_lid,DZR,LIM,IBR,DUF1610,CxxC_CxxC_SSSS,zf-dskA_traR,DUF164,BolA	NA
O14892	zf-C2H2_4,zf-C2H2,zf-C2H2_jaz,zf-met,zf-H2C2_2,C1_1,C1_4,zf-RING_3,zf-AN1,HTH_Tnp_ISL3,Zn_Tnp_IS1595,zf-C2H2_6,zf-UBP,FYVE,Prok-RING_1,Tnp_zf-ribbon_2,zf-C2HC5,SprT-like,GATA,Rpr2,IBR,zf-trcl,CxxC_CxxC_SSSS,zf-C2HC_2,CpXC,BolA	NA
O14896	IRF,IRF-3	NA
O14901	zf-C2H2_4,zf-C2H2,zf-BED,zf-C2H2_jaz,zf-met2,zf-met,zf-H2C2_2,RRN7,zf-C2H2_6	NA
O14913	zf-C2H2_4,C1_4,zf-C2H2,FYVE,zf-C2H2_jaz,KRAB,XPA_N,zf-H2C2_2,CxxC_CxxC_SSSS,Zn_Tnp_IS1595,zf-C2H2_6,BolA	NA
O14945	zf-C2H2_4,zf-C2H2,CHORD,zf-C2H2_jaz,zf-met,zf-H2C2_2,zf-H2C2_5	NA
O14948	HLH,DUF3371	NA
O14978	zf-C2H2_4,C1_4,zf-C2H2,SCAN,zf-C2H2_jaz,KRAB,zf-H2C2_2,CxxC_CxxC_SSSS,FYDLN_acid,zf-C2H2_6,BolA	NA
O15015	zf-C2H2_4,zf-C2H2,zf-C2H2_jaz,zf-met,zf-H2C2_2,BolA,zf-C2HC_2,zf-C2H2_6,zf-DNA_Pol;C2H2 ZF	29
O15060	zf-C2H2_4,zf-C2H2,zf-H2C2_2,BTB,BolA	NA
O15062	zf-C2H2_4,zf-C2H2,Rota_NS35,APP_N,zf-H2C2_2,BTB,DUF3342;C2H2 ZF	1
O15090	zf-C2H2_4,zf-C2H2,zf-CHCC,Di19,zf-C2H2_jaz,C1_3,Rad50_zn_hook,zf-H2C2_2,zf-C2H2_2,GAGA,zf-H2C2_5,zf-DNA_Pol;C2H2 ZF	8
O15119	TBX,T-box	NA
O15156	zf-C2H2_4,zf-C2H2,Mito_fiss_reg,zf-C2H2_jaz,zf-CHY,zf-met,zf-H2C2_2,BTB,zf-C2H2_2,GAGA,C1_1,RRN7,zf-C2H2_6	NA
O15178	T-box	NA
O15198	IRF-3,DUF4223,MH2,MH1,DUF605	NA
O15209	zf-C2H2_4,DUF2225,Elf1,zf-C2H2,zf-C2H2_jaz,zf-H2C2_2,DUF2256,BTB,Rtf2,zf-C2H2_2,zf-C2H2_6	NA
O15226	dsrm,R3H,G-patch,G-patch_2	NA
O15266	MRP-L20,Homeobox,Homeobox_KN,OAR	NA
O15353	Fork_head	NA
O15370	HMG_box,DUF1898,Ribosomal_60s	NA
O15391	zf-C2H2_4,zf-C2H2,zf-C2H2_jaz,zf-met,CCAP,zf-H2C2_2,Transpos_assoc,Closter_coat,zf-C2H2_6	NA
O15405	HMG_box,DUF1898,ERM	NA
O15409	Fork_head,TT_ORF1,LMBR1,Auxin_repressed,eIF-3_zeta,Med15,Plasmodium_Vir	NA
O15499	Homeobox,HA,Homeobox_KN,HTH_32	NA
O15522	Homeobox	NA
O15525	Mst1_SARAH,DivIC,TMF_DNA_bd,DUF4140,DUF972,IncA,bZIP_Maf,OmpH,DUF342,bZIP_2,Atg14,Spc24,DUF904,HALZ,APG6,Bap31,bZIP_1,DUF1192	NA
O15535	zf-C2H2_4,C1_4,zf-C2H2,SCAN,FYVE,Prok-RING_1,zf-C2H2_jaz,XPA_N,zf-H2C2_2,HTH_Tnp_ISL3,CxxC_CxxC_SSSS,Zn_Tnp_IS1595,zf-C2H2_6,MAT_Alpha1	NA
O43151	Tet_JBP,zf-CXXC;CxxC	1
O43167	zf-C2H2_4,zf-C2H2,DUF2180,zf-C2H2_jaz,zf-met,XPA_N,zf-H2C2_2,CxxC_CxxC_SSSS,BTB,zf-C2HC_2,GAGA,zf-H2C2_5,zf-C2H2_6,zf-FCS,BolA;C2H2 ZF; AT hook	8
O43186	MRP-L20,REV,Homeobox_KN,Homeobox,TF_Otx	NA
O43245	FKBP_C,zf-C4	NA
O43248	Homeobox_KN,Homeobox,DUF3528	NA
O43296	zf-C2H2_4,zf-C2H2,YhfH,zf-C2H2_jaz,C1_3,XPA_N,zf-H2C2_2,C1_1,TFIIS_C,zf-AN1,HTH_Tnp_ISL3,Zn_Tnp_IS1595,zf-C2H2_6,zf-UBP,Prok-RING_1,KRAB,DZR,CxxC_CxxC_SSSS,BolA	NA
O43298	zf-C2H2_4,zf-C2H2,zf-CSL,zf-C2H2_jaz,DUF968,zf-met,zf-H2C2_2,DUF2256,BTB	NA
O43309	zf-C2H2_4,zf-C2H2,DUF3926,SCAN,zf-C2H2_jaz,zf-met2,XPA_N,ZZ,zf-H2C2_2,CxxC_CxxC_SSSS,HTH_Tnp_ISL3,zf-C2H2_6,LIM,MAT_Alpha1,A2L_zn_ribbon;C2H2 ZF	11
O43313	C2H2 ZF	4
O43316	HTH_Tnp_IS1,HTH_29,Homeobox_KN,Homeobox,HTH_23,PAX	NA
O43338	zf-C2H2_4,C1_4,CpXC,zf-C2H2,DNA_RNApol_7kD,zf-C2H2_jaz,XPA_N,zf-H2C2_2,HTH_Tnp_ISL3,CxxC_CxxC_SSSS,Zn_Tnp_IS1595,zf-H2C2_5,zf-C2H2_6	NA
O43345	zf-C2H2_4,Katanin_con80,zf-C2H2,C1_3,zf-C2H2_jaz,KRAB,XPA_N,zf-H2C2_2,CxxC_CxxC_SSSS,Zn_Tnp_IS1595,zf-C2H2_6,BolA;C2H2 ZF	36
O43361	zf-C2H2_4,zf-C2H2,C1_3,zf-C2H2_jaz,BHD_1,KRAB,XPA_N,zf-H2C2_2,HTH_Tnp_ISL3,Ring_hydroxyl_B,zf-C2H2_6	NA
O43364	Homeobox	NA
O43365	DUF4074,Homeobox_KN,Homeobox	NA
O43392	HLH,PAS_4,PAS,PAS_3	NA
O43435	T-box	NA
O43474	zf-C2H2_4,Zn_Tnp_IS1,zf-C2H2,zf-C2H2_jaz,zf-met,zf-H2C2_2	NA
O43524	Fork_head	NA
O43593	JmjC	NA
O43623	zf-C2H2_4,zf-C2H2,zf-CHCC,zf-C2H2_jaz,zf-met,zf-H2C2_2,zf-AN1,zf-CHY,Zn_Tnp_IS1595,zf-C2H2_6,PyrI_C,Trm112p,Elf1,Rpr2,zf-BED,zf-C3HC4_2,CxxC_CxxC_SSSS,zf-C2H2_2,zf-C2HC_2	NA
O43638	Fork_head	NA
O43680	HLH	NA
O43693	zf-C2H2_4,zf-C2H2,YEATS,Evr1_Alr,Prok-RING_2,C1_3,zf-C2H2_jaz,YhfH,XPA_N,zf-H2C2_2,Yippee,GAGA,C1_4,TFIIS_C,zf-AN1,HTH_Tnp_ISL3,Zn_Tnp_IS1595,zf-C2H2_6,Desulfoferrod_N,C1_2,Prok-RING_1,ADK_lid,SprT-like,DNA_RNApol_7kD,zf-trcl,CxxC_CxxC_SSSS,DUF164,Ribosomal_L44,BolA	NA
O43698	zf-C2H2_4,Ribosomal_L37ae,zf-C2H2,Evr1_Alr,C1_3,zf-C2H2_jaz,XPA_N,zf-met,zf-H2C2_2,C1_4,zf-CHY,zf-AN1,YyzF,HTH_Tnp_ISL3,Zn_Tnp_IS1595,zf-MYND,zf-C2H2_6,Desulfoferrod_N,zf-HIT,PHD,SprT-like,DZR,DNA_RNApol_7kD,zf-trcl,CxxC_CxxC_SSSS,DUF164,Ribosomal_L44,Rep_fac-A_C	NA
O43711	Tubulin_2,Homeobox,Homez	NA
O43763	Homeobox,Homez	NA
O43812	CENP-B_N,Homeobox,Sigma70_r3,HTH_26,Homeobox_KN	NA
O43829	zf-C2H2_4,C1_4,Elf1,zf-C2H2,zf-C2H2_jaz,zf-CHY,zf-met,zf-H2C2_2,BTB,zf-C2HC_2,RIG-I_C-RD,zf-C2H2_6,LIM,K_tetra	NA
O43889	bZIP_2,bZIP_1,IpaB_EvcA	NA
O43918	SAND,zf-HC5HC2H,Prok-RING_1,PHD,Sp100,C1_1,PHD_2,zf-HC5HC2H_2	NA
O60248	HMG_box,DUF1898	NA
O60281	zf-C2H2_4,zf-C2H2,DUF3279,zf-C2H2_jaz,zf-C2H2_6,EutQ;C2H2 ZF	4
O60284	Tropomyosin_1,V_ATPase_I,zf-C2HC,MYT1,DivIC,TBPIP,CENP-H,DUF972,ADIP,IBR,Sina,DUF342,DUF2951,DUF1664	NA
O60304	zf-C2H2_4,zf-C2H2,zf-ribbon_3,C1_3,zf-C2H2_jaz,Ogr_Delta,YhfH,XPA_N,zf-met,zf-H2C2_2,HypA,GAGA,FdhE,C1_4,zf-RING_3,TFIIS_C,DUF2180,HTH_Tnp_ISL3,Zn_Tnp_IS1595,RRN7,zinc_ribbon_2,zf-C2H2_6,Prok-RING_1,zf-HIT,cEGF,KRAB,DUF82,DZR,LIM,Elf1,SCAN,CxxC_CxxC_SSSS,HTH_18,DUF164,CpXC,FYDLN_acid,zf-LYAR;C2H2 ZF	5
O60315	zf-C2H2_4,zf-C2H2,zf-C2H2_jaz,zf-met,zf-H2C2_2,Homeobox,zf-C2H2_2,zf-H2C2_5,zf-C2H2_6	NA
O60356	Phospho_p8	NA
O60381	HMG_box,DUF1898,MAT_Alpha1,AXH	NA
O60393	Homeobox	NA
O60422	Homeobox,Homeobox_KN,CUT	NA
O60428	MRF_C1,NDT80_PhoG,Peptidase_S74	NA
O60479	Homeobox,Homeobox_KN,DLL_N	NA
O60481	zf-C2H2_4,zf-C2H2,zf-C2H2_jaz,zf-met,zf-H2C2_2,PE,zf-C2H2_6	NA
O60519	bZIP_2,bZIP_1	NA
O60548	Fork_head	NA
O60587	zf-RING_2,Hormone_recep,zf-C4	NA
O60663	Homeobox,LIM,Homeobox_KN	NA
O60675	DUF4164,DivIC,TMF_DNA_bd,DUF4140,Microtub_assoc,DUF972,IncA,bZIP_Maf,HGTP_anticodon2,DUF342,SAGA-Tad1,bZIP_2,Spc24,HALZ,DUF904,bZIP_1,DUF1192	NA
O60682	HLH,FXR1P_C	NA
O60765	zf-C2H2_4,C1_4,zf-C2H2,Prok-RING_1,zf-BED,zf-C2H2_jaz,DNA_RNApol_7kD,KRAB,zf-met,zf-met2,zf-H2C2_2,CxxC_CxxC_SSSS,HTH_Tnp_ISL3,Zn_Tnp_IS1595,zf-C2HC_2,zf-C2H2_6,LIM,BolA	NA
O60806	T-box	NA
O60829	GAGE	NA
O60863	Homeobox,Terminase_5,Homeobox_KN,Homez	NA
O60869	HTH_31,HTH_3,HTH_19,MBF1	NA
O60902	MRP-L20,Homeobox,OAR,Sporozoite_P67,Homeobox_KN	NA
O75030	HLH,DUF3371,DUF3313,5-FTHF_cyc-lig,Ribophorin_I	NA
O75123	zf-C2H2_4,zf-C2H2,zf-C2H2_jaz,XPA_N,Rapsyn_N,zf-H2C2_2,Yippee,C1_4,zf-RING_3,zf-AN1,HTH_Tnp_ISL3,Zn_Tnp_IS1595,zf-C2H2_6,FYVE,Prok-RING_1,DZR,GATA,zf-trcl,CxxC_CxxC_SSSS;C2H2 ZF	13
O75132	zf-RING_3,PyrI_C,zf-BED,DUF4413,Dimer_Tnp_hAT;BED ZF	4
O75261	zf-C2H2_4,C1_4,zf-C2H2,Prok-RING_1,zf-BED,zf-C2H2_jaz,KRAB,zf-met,zf-met2,zf-H2C2_2,CxxC_CxxC_SSSS,HTH_Tnp_ISL3,XPA_N,Zn_Tnp_IS1595,Yippee,zf-C2H2_6,BolA	NA
O75290	zf-C2H2_4,C1_4,Elf1,zf-C2H2,CpXC,Prok-RING_2,DNA_RNApol_7kD,zf-C2H2_jaz,zf-trcl,KRAB,zf-H2C2_2,CxxC_CxxC_SSSS,HTH_Tnp_ISL3,Zn_Tnp_IS1595,zf-H2C2_5,zf-C2H2_6,GATA,BolA	NA
O75333	ABC_transp_aux,T-box	NA
O75346	zf-C2H2_4,zf-C2H2,C1_3,zf-C2H2_jaz,XPA_N,zf-met,zf-H2C2_2,GAGA,C1_4,zf-AN1,HTH_Tnp_ISL3,Zn_Tnp_IS1595,zf-C2H2_6,Desulfoferrod_N,Prok-RING_1,ROS_MUCR,KRAB,DNA_RNApol_7kD,zf-trcl,DUF1610,CxxC_CxxC_SSSS,DUF164,BolA	NA
O75360	WWbp,Homeobox,Homeobox_KN	NA
O75362	zf-C2H2_4,PHF5,zf-C2H2,Prok-RING_1,zf-H2C2_2,zf-C2H2_2,GAGA,zf-H2C2_5	NA
O75364	Homeobox,Homeobox_KN,OAR	NA
O75373	zf-C2H2_4,zf-C2H2,C1_3,zf-C2H2_jaz,XPA_N,zf-H2C2_2,Zn_Tnp_IS1595,zf-C2H2_6,DYW_deaminase,Desulfoferrod_N,Prok-RING_1,ROS_MUCR,KRAB,SprT-like,DNA_RNApol_7kD,zf-trcl,DUF1610,CxxC_CxxC_SSSS,DUF164	NA
O75376	Myb_DNA-bind_6,Myb_DNA-binding	NA
O75398	SAND,zf-MYND	NA
O75437	zf-C2H2_4,zf-C2H2,C1_3,zf-C2H2_jaz,XPA_N,zf-H2C2_2,C1_4,zf-CHY,HTH_Tnp_ISL3,Zn_Tnp_IS1595,DUF2321,zf-C2H2_6,Desulfoferrod_N,ROS_MUCR,KRAB,ADK_lid,DNA_RNApol_7kD,zf-trcl,DUF1610,CxxC_CxxC_SSSS,DUF164,BolA	NA
O75444	AKNA,Maf_N,GAS,bZIP_Maf,bZIP_2,DUF904,Seryl_tRNA_N,bZIP_1,DUF1192	NA
O75446	SAP30_Sin3_bdg,zf-SAP30	NA
O75461	TrmB,BRCA-2_OB3,E2F_TDP	NA
O75467	zf-C2H2_4,zf-C2H2,zf-C2H2_jaz,zf-H2C2_2,Yippee,HypA,GAGA,C1_4,zf-AN1,Rad50_zn_hook,Zn_Tnp_IS1595,zf-MYND,RRN7,zf-C2H2_6,zf-UBP,zinc_ribbon_2,KRAB,Prok-RING_4,Trm112p,LIM,Elf1,zf-BED,CxxC_CxxC_SSSS,DUF164,zf-C2HC_2,FYDLN_acid,BolA	NA
O75469	Hormone_recep,zf-C4	NA
O75475	LEDGF,PWWP	NA
O75478	zf-C2H2_4,RPA_C,ZZ,Myb_DNA-bind_6,SWIRM,Myb_DNA-binding	NA
O75541	zf-C2H2_4,zf-C2H2,Prok-RING_1,zf-C2H2_jaz,zf-met,Rad50_zn_hook,zf-H2C2_2,RRN7,DZR	NA
O75564	CENPB	1
O75593	Fork_head	NA
O75603	GCM	NA
O75618	DED	NA
O75764	TFIIS_M,Auxin_repressed,Med26,TFIIS_C	NA
O75780	Hormone_recep	NA
O75805	Homeobox	NA
O75806	Hox9_act,Homeobox	NA
O75820	zf-C2H2_4,zf-C2H2,zf-BED,Prok-RING_1,zf-C2H2_jaz,RseC_MucC,KRAB,XPA_N,zf-H2C2_2,CxxC_CxxC_SSSS,DZR,zf-C2HC_2,zf-C2H2_6,IGPD	NA
O75840	zf-C2H2_4,zf-C2H2,zf-C2H2_jaz,zf-H2C2_2,zf-H2C2_5	NA
O94776	DDA1,BAH,ELM2,GATA,Myb_DNA-binding	NA
O94842	HMG_box,DUF1898,YABBY	NA
O94892	zf-C2H2_4,zf-C2H2,Zn_ribbon_recom,zf-C2H2_jaz,XPA_N,zf-H2C2_2,Yippee,C1_4,zf-RING_3,zf-CHY,HTH_Tnp_ISL3,Chordopox_RPO7,DUF2321,zf-C2H2_6,zf-UBP,KRAB,SANTA,LIM,DNA_RNApol_7kD,zf-trcl,CxxC_CxxC_SSSS,CpXC,BolA	NA
O94900	HMG_box,DUF1898,Mitofilin	NA
O94916	RHD	NA
O94983	CG	1
O94993	HMG_box,DUF1898	NA
O95076	Homeobox,Homeobox_KN	NA
O95096	Homeobox	NA
O95125	zf-C2H2_4,C1_4,zf-C2H2,SCAN,zf-BED,zf-C2H2_jaz,KRAB,zf-met,zf-H2C2_2,CxxC_CxxC_SSSS,zf-C2H2_6,BolA	NA
O95129	HMG_box,DUF1898,HTH_24	NA
O95130	HMG_box,DUF1898,HTH_24	NA
O95131	HMG_box,DUF1898,HTH_24	NA
O95132	HMG_box,DUF1898,CHDNT	NA
O95133	HMG_box	NA
O95201	zf-C2H2_4,C1_4,zf-C2H2,zf-C2H2_jaz,KRAB,zf-met,Rad50_zn_hook,zf-H2C2_2,CxxC_CxxC_SSSS,Yippee,zf-C2H2_6,zf-LYAR	NA
O95231	X,Homeobox,Homeobox_KN,Homez	NA
O95238	SAM_PNT,Ets	NA
O95276	zf-C2H2_4,zf-RING_3,zf-C2H2,zf-CHCC,BIR,zf-C2H2_jaz,zf-CHY,zf-H2C2_2,zf-C2H2_2,C1_1,Mcm10,zinc_ribbon_2	NA
O95343	Homeobox,HTH_3,Homeobox_KN,Homez	NA
O95409	zf-C2H2_4,zf-C2H2,zf-C2H2_jaz,zf-met,zf-H2C2_2,zf-C2H2_6	NA
O95416	HMG_box,DUF1898,SOXp	NA
O95475	HTH_3,Homez,Homeobox,HTH_23,Peptidase_S51,Homeobox_KN	NA
O95600	zf-C2H2_4,zf-C2H2,zf-met,zf-H2C2_2,zf-C2H2_6	NA
O95625	zf-C2H2_4,zf-C2H2,HNH,zf-C2H2_jaz,zf-H2C2,zf-met,zf-H2C2_2,DZR,BTB,zf-C2H2_2,zf-C2H2_6	NA
O95641	zf-H2C2_2,zf-C2H2	NA
O95644	TIG,RHD	NA
O95718	Phage_Mu_Gam,Hormone_recep,zf-C4	NA
O95779	zf-C2H2_4,zf-C2H2,NifU_N,C1_3,zf-C2H2_jaz,zf-trcl,XPA_N,zf-H2C2_2,CxxC_CxxC_SSSS,DUF164,Zn_Tnp_IS1595,zf-C2H2_6,BolA	NA
O95780	zf-C2H2_4,zf-C2H2,NifU_N,C1_3,zf-C2H2_jaz,zf-trcl,KRAB,XPA_N,zf-H2C2_2,CxxC_CxxC_SSSS,zf-C2H2_6,BolA	NA
O95863	zf-C2H2_4,Elf1,zf-C2H2,Rpr2,PyrI_C,zf-BED,CAP_N,zf-C2H2_jaz,zf-AN1,zf-met,zf-H2C2_2,CxxC_CxxC_SSSS,DUF2256,zf-C2H2_2,Zn_Tnp_IS1595,zf-C2HC_2,zf-C2H2_6	NA
O95935	T-box	NA
O95936	DUF539,T-box	NA
O95947	MAGE_N,T-box	NA
O95948	SelP_N,Innate_immun,Homeobox,Homeobox_KN,CUT	NA
O95983	MBD_C,MBD;MBD	2
O96004	HLH	NA
P01100	TMF_TATA_bd,LCD1,DUF2681,bZIP_Maf,bZIP_2,HALZ,Macoilin,DUF2514,bZIP_1	NA
P01106	HLH,Myc_N,Myc-LZ,TRH	NA
P03372	ESR1_C,Oest_recep,Hormone_recep,zf-C4	NA
P04150	Hormone_recep,GCR,zf-C4	NA
P04198	HLH,Myc_N,Cenp-B_dimeris,LRS4,BSP_II,TFIIF_alpha,Nucleoplasmin	NA
P05412	HAP1_N,Striatin,DivIC,PspA_IM30,TMF_DNA_bd,Jun,bZIP_Maf,FlaC_arch,bZIP_2,DUF904,Seryl_tRNA_N,Jnk-SapK_ap_N,bZIP_1,DUF3450	NA
P05549	TF_AP-2	NA
P06400	Rb_C,RB_A,TFIIB,DUF3452,RB_B	NA
P06401	Prog_receptor,Hormone_recep,zf-C4	NA
P08047	zf-C2H2_4,zf-C2H2,zf-C2H2_jaz,zf-H2C2_2,RRN7,zf-C2H2_6	NA
P08048	zf-C2H2_4,zf-C2H2,zf-C2H2_jaz,ROS_MUCR,zf-met,zf-H2C2_2,zf-H2C2_5,Zfx_Zfy_act	NA
P08151	zf-C2H2_4,CHORD,zf-C2H2,IL17,zf-H2C2_2,zf-C2H2_6	NA
P08235	Hormone_recep,zf-C4	NA
P08651	MH1,NfI_DNAbd_pre-N,CTF_NFI	NA
P09016	Homeobox,SR-25,Homeobox_KN,DGF-1_C	NA
P09017	Homeobox,DUF2209,Homeobox_KN	NA
P09067	Homeobox,Terminase_5,Homeobox_KN	NA
P09086	Pou,Homeobox,HTH_19,HTH_31,DUF1183	NA
P09629	Homeobox,Homeobox_KN	NA
P09630	Homeobox,Homeobox_KN	NA
P0C6A0	DZR,ArfGap,GATA;GATA	1
P0C7M4	Homeobox,GRP	NA
P0C7T5	AXH	NA
P0C7X2	zf-C2H2_4,zf-C2H2,Prok-RING_1,zf-C2H2_jaz,DUF1610,KRAB,zf-H2C2_2,CxxC_CxxC_SSSS,HTH_Tnp_ISL3,zf-Mss51,zf-C2H2_6	NA
P0CB33	zf-C2H2_4,zf-C2H2,C1_3,zf-C2H2_jaz,XPA_N,zf-H2C2_2,C1_4,HTH_Tnp_ISL3,Zn_Tnp_IS1595,zf-C2H2_6,Desulfoferrod_N,C1_2,KRAB,DNA_RNApol_7kD,zf-trcl,DUF1610,CxxC_CxxC_SSSS,DUF164,BHD_1,BolA	NA
P0CB47	HMG_box,DUF1898,DHC,IncA	NA
P0CB48	V_ATPase_I,DHC,HMG_box,DUF1898,DUF1014	NA
P0CF97	BED ZF	1
P0CG23	C2H2 ZF	5
P0CG24	zf-C2H2_4,C1_4,zf-C2H2,zf-BED,zf-C2H2_jaz,zf-CHY,zf-AN1,zf-met,XPA_N,zf-H2C2_2,CxxC_CxxC_SSSS,HTH_Tnp_ISL3,Ring_hydroxyl_B,Zn_Tnp_IS1595,Yippee,FYDLN_acid,zf-C2H2_6	NA
P0CG31	zf-C2H2_4,zf-C2H2,Zn_ribbon_recom,TFIIS_C,DNA_RNApol_7kD,zf-C2H2_jaz,XPA_N,zf-H2C2_2,HTH_Tnp_ISL3,CxxC_CxxC_SSSS,Zn_Tnp_IS1595,zf-C2H2_6;C2H2 ZF	9
P0CG40	zf-C2H2_4,DUF2225,Elf1,zf-C2H2,Zn_Tnp_IS1,zf-BED,zf-C2H2_jaz,zf-met,zf-H2C2_2,zf-C2H2_2,zf-H2C2_5,RRN7,zf-C2H2_6	NA
P0CH99	zf-C2H2_4,zf-C2H2,KRAB,XPA_N,zf-H2C2_2,zf-Sec23_Sec24,GAGA,DUF3198	NA
P0CI00	zf-C2H2_4,zf-C2H2,KRAB,XPA_N,zf-H2C2_2,zf-Sec23_Sec24,GAGA,DUF3198	NA
P0CJ78	zf-C2H2_4,zf-C2H2,zf-C2H2_jaz,zf-CHY,zf-met,zf-H2C2_2,zf-C2HC_2,zf-C2H2_6,BolA;C2H2 ZF	20
P0CJ79	zf-C2H2_4,zf-C2H2,C1_3,zf-C2H2_jaz,BHD_2,zf-met,XPA_N,zf-H2C2_2,GAGA,C1_1,C1_4,HTH_Tnp_ISL3,Zn_Tnp_IS1595,zf-C2H2_6,Prok-RING_1,KRAB,CxxC_CxxC_SSSS,HTH_18,DUF2213,BolA;C2H2 ZF	17
P0CJ85	Homeobox,HTH_26,CENP-B_N,Homeobox_KN	NA
P0CJ86	Homeobox,HTH_26,CENP-B_N,Homeobox_KN	NA
P0CJ87	Homeobox,HTH_26,CENP-B_N,Homeobox_KN	NA
P0CJ88	Homeobox,HTH_26,CENP-B_N,Homeobox_KN	NA
P0CJ89	Homeobox,HTH_26,CENP-B_N,Homeobox_KN	NA
P0CJ90	Homeobox,HTH_26,CENP-B_N,Homeobox_KN	NA
P0DKX0	C2H2 ZF	14
P0DPD5	zf-C2H2_4,zf-C2H2,YEATS,Prok-RING_2,C1_3,zf-C2H2_jaz,XPA_N,zf-H2C2_2,C1_4,zf-AN1,HTH_Tnp_ISL3,Zn_Tnp_IS1595,zf-C2H2_6,Desulfoferrod_N,Prok-RING_1,ROS_MUCR,KRAB,DNA_RNApol_7kD,DUF1610,CxxC_CxxC_SSSS,DUF164,BolA	NA
P0DV77	Homeobox,Homeobox_KN	NA
P10070	zf-C2H2_4,zf-H2C2_2,zf-C2H2,TP1	NA
P10071	zf-C2H2_4,zf-H2C2_2,zf-C2H2	NA
P10072	zf-C2H2_4,C1_4,zf-C2H2,DNA_RNApol_7kD,zf-C2H2_jaz,zf-trcl,KRAB,zf-H2C2_2,Yippee,HTH_18,zf-H2C2_5,FYDLN_acid,zf-C2H2_6,zf-UBP	NA
P10073	zf-C2H2_4,C1_4,zf-C2H2,SCAN,zf-BED,BHD_1,zf-C2H2_jaz,zf-met,XPA_N,zf-H2C2_2,CxxC_CxxC_SSSS,HTH_Tnp_ISL3,Zn_Tnp_IS1595,FYDLN_acid,zf-C2H2_6,BolA	NA
P10075	zf-C2H2_4,zf-C2H2,C1_3,zf-C2H2_jaz,XPA_N,zf-met,zf-H2C2_2,HypA,GAGA,C1_4,Zn_Tnp_IS1595,zf-MYND,DUF2321,RRN7,zf-C2H2_6,zf-UBP,zf-H2C2_5,LIM,DNA_RNApol_7kD,zf-trcl,CxxC_CxxC_SSSS,HTH_18	NA
P10242	Cmyb_C,Myb_DNA-bind_4,Myb_DNA-bind_6,Myb_DNA-bind_2,LMSTEN,Spore_III_AB,Myb_DNA-binding	NA
P10243	Cmyb_C,Myb_DNA-bind_6,LMSTEN,Spore_III_AB,Myb_DNA-binding	NA
P10244	Myb_DNA-bind_6,Myb_DNA-binding,Cmyb_C	NA
P10275	Gag_spuma,Androgen_recep,Hormone_recep,zf-C3HC4_2,zf-C4	NA
P10276	Hormone_recep,zf-C4	NA
P10588	Hormone_recep,zf-C4	NA
P10589	XS,Hormone_recep,zf-C4	NA
P10826	FadA,DUF1140,Hormone_recep,zf-C4	NA
P10827	DUF3921,Hormone_recep,zf-C4	NA
P10828	Hormone_recep,zf-C4	NA
P10914	IRF	NA
P11308	SAM_PNT,SAM_1,Ets,SAM_2	NA
P11473	Hormone_recep,zf-C4	NA
P11474	Hormone_recep,zf-C4	NA
P11831	SRF-TF	NA
P12524	HLH,Myc_N	NA
P12525	HLH,Myc_N	NA
P12980	HLH	NA
P13056	DUF2318,Hormone_recep,zf-C4	NA
P13349	DUF1364,Myf5,HLH,Basic	NA
P13378	Homeobox	NA
P13631	Hormone_recep,Troponin-I_N,zf-C4	NA
P13682	zf-C2H2_4,C1_4,zf-RING_3,zf-C2H2,zf-C2H2_jaz,zf-trcl,IBD,XPA_N,zf-H2C2_2,CxxC_CxxC_SSSS,HTH_Tnp_ISL3,Yippee,Zn_Tnp_IS1595,GAGA,CpXC,zf-C2H2_6,GATA,BolA	NA
P13984	Ribosomal_L32e,TFIIF_beta,SRP54,Wound_ind	NA
P14316	Heme_oxygenase,IRF	NA
P14651	DUF4074,Homeobox	NA
P14652	Homeobox	NA
P14653	Homeobox,Homeobox_KN	NA
P14859	Homeobox_KN,Homeobox,HTH_31,Pou	NA
P14921	SAM_PNT,GluR_Homer-bdg,Ets,HSF_DNA-bind	NA
P15036	SAM_PNT,Ets	NA
P15172	Myf5,HLH,Basic	NA
P15173	Rubella_E1,HLH,DUF3080,Basic	NA
P15407	DivIC,LCD1,IncA,bZIP_Maf,bZIP_2,HALZ,Macoilin,bZIP_1,DUF3450	NA
P15408	V_ATPase_I,ERM,DivIC,TMF_TATA_bd,Uso1_p115_C,IncA,bZIP_Maf,DUF342,bZIP_2,Atg14,APG6,AAA_13,bZIP_1	NA
P15621	zf-C2H2_4,C1_4,zf-C2H2,zf-C2H2_jaz,KRAB,zf-met,zf-H2C2_2,CxxC_CxxC_SSSS,C1_1,zf-C2H2_6	NA
P15622	zf-C2H2_4,C1_4,zf-C2H2,zf-C2H2_jaz,KRAB,XPA_N,zf-met,zf-H2C2_2,CxxC_CxxC_SSSS,Yippee,Zn_Tnp_IS1595,FYDLN_acid,zf-C2H2_6,GATA	NA
P15822	zf-C2H2_4,zf-C2H2,zf-C2H2_jaz,zf-met,zf-H2C2_2,FYDLN_acid,zf-C2H2_6,zf-C4_ClpX	NA
P15863	HTH_23,PAX,HTH_32,HTH_29	NA
P15884	HLH	NA
P15976	Elf1,Zn_Tnp_IS91,DUF2387,ArfGap,CxxC_CxxC_SSSS,eIF-5_eIF-2B,TF_Zn_Ribbon,Prim_Zn_Ribbon,DZR,GATA,A2L_zn_ribbon	NA
P16220	pKID,MHC_II_beta,bZIP_Maf,bZIP_2,bZIP_1	NA
P16415	zf-C2H2_4,C1_4,zf-C2H2,zf-C2H2_jaz,KRAB,zf-H2C2_2,CxxC_CxxC_SSSS,Zn_Tnp_IS1595,zf-C2H2_6	NA
P16989	CSD,OB_RNB	NA
P17010	zf-C2H2_4,zf-C2H2,zf-C2H2_jaz,ROS_MUCR,zf-met,zf-H2C2_2,zf-H2C2_5,Zfx_Zfy_act	NA
P17014	zf-C2H2_4,zf-C2H2,zf-C2H2_jaz,KRAB,zf-H2C2_2,zf-C2H2_6	NA
P17017	zf-C2H2_4,C1_4,zf-C2H2,zf-C2H2_jaz,zf-trcl,zf-CHY,KRAB,zf-AN1,zf-met,zf-H2C2_2,CxxC_CxxC_SSSS,XPA_N,HTH_Tnp_ISL3,zf-C2HC_2,zf-met2,Ogr_Delta,zf-C2H2_6;C2H2 ZF	17
P17019	zf-C2H2_4,zf-C2H2,Prok-RING_2,C1_3,zf-C2H2_jaz,XPA_N,zf-H2C2_2,GAGA,C1_4,TFIIS_C,zf-CHY,zf-AN1,HTH_Tnp_ISL3,Zn_Tnp_IS1595,zf-C2H2_6,Desulfoferrod_N,Prok-RING_1,ROS_MUCR,KRAB,DNA_RNApol_7kD,zf-trcl,CxxC_CxxC_SSSS,DUF164,BHD_1,BolA	NA
P17020	zf-C2H2_4,zf-C2H2,DNA_RNApol_7kD,zf-BED,zf-C2H2_jaz,XPA_N,zf-met,zf-H2C2_2,CxxC_CxxC_SSSS,HTH_Tnp_ISL3,Yippee,Zn_Tnp_IS1595,A2L_zn_ribbon,FYDLN_acid,zf-C2H2_6,LIM,GATA,BolA	NA
P17021	zf-C2H2_4,zf-C2H2,YEATS,C1_3,zf-C2H2_jaz,NUMOD4,KRAB,XPA_N,zf-met,zf-H2C2_2,HTH_Tnp_ISL3,CxxC_CxxC_SSSS,Yippee,zf-H2C2_5,zf-C2H2_6	NA
P17022	zf-C2H2_4,UPF0150,zf-C2H2,zf-C2H2_jaz,zf-met2,zf-met,XPA_N,zf-H2C2_2,GAGA,C1_1,zf-RING_3,zf-MYND,zf-C2H2_6,KRAB,Rpr2,SCAN,zf-C3HC4_2,zf-C2HC_2,BolA	NA
P17023	zf-C2H2_4,zf-C2H2,Zn_ribbon_recom,YhfH,zf-C2H2_jaz,XPA_N,zf-met,zf-H2C2_2,Yippee,HypA,TFIIS_C,HTH_Tnp_ISL3,Zn_Tnp_IS1595,zf-C2H2_6,KRAB,DZR,LIM,DNA_RNApol_7kD,zf-trcl,CxxC_CxxC_SSSS,BHD_1,zf-LYAR,BolA	NA
P17024	zf-C2H2_4,zf-C2H2,zf-C2H2_jaz,zf-trcl,KRAB,zf-H2C2_2,CxxC_CxxC_SSSS,DUF1528,zinc_ribbon_2,Zn_Tnp_IS1595,zf-C2H2_6;C2H2 ZF	12
P17025	zf-C2H2_4,zf-C2H2,zf-C2H2_jaz,zf-met,XPA_N,zf-H2C2_2,Yippee,C1_1,MBD,DUF899,C1_4,HTH_Tnp_ISL3,zf-C2H2_6,Prok-RING_1,KRAB,LIM,DNA_RNApol_7kD,CxxC_CxxC_SSSS,CpXC,BolA	NA
P17026	zf-C2H2_4,zf-C2H2,YhfH,zf-C2H2_jaz,XPA_N,zf-H2C2_2,Yippee,Fer4_9,GAGA,C1_4,NuA4,HTH_Tnp_ISL3,Zn_Tnp_IS1595,zf-C2H2_6,PHD,DUF82,zf-H2C2_5,PhnJ,DNA_RNApol_7kD,zf-trcl,DUF1610,DUF2072,CxxC_CxxC_SSSS,DUF164,FYDLN_acid	NA
P17027	zf-C2H2_4,C1_4,zf-C2H2,DNA_RNApol_7kD,BHD_1,zf-C2H2_jaz,zf-CHY,DUF4389,Rapsyn_N,zf-H2C2_2,CxxC_CxxC_SSSS,Zn_Tnp_IS1595,zf-C2H2_6,BolA	NA
P17028	zf-C2H2_4,PHF5,zf-C2H2,YhfH,zf-C2H2_jaz,C1_3,XPA_N,zf-H2C2_2,Yippee,C1_1,C1_4,TFIIS_C,HTH_Tnp_ISL3,zf-C2H2_6,zinc_ribbon_2,COX5B,SprT-like,DZR,LIM,SCAN,zf-BED,DUF2072,CxxC_CxxC_SSSS,zf-LYAR	NA
P17029	zf-C2H2_4,zf-C2H2,zf-C2H2_jaz,XPA_N,zf-H2C2_2,Yippee,C1_4,zinc_ribbon_5,HTH_Tnp_ISL3,Zn_Tnp_IS1595,DUF3357,zf-C2H2_6,KRAB,GATA,SCAN,DNA_RNApol_7kD,zinc_ribbon_4,CxxC_CxxC_SSSS,CpXC	NA
P17030	zf-C2H2_4,C1_4,zf-C2H2,zf-C2H2_jaz,KRAB,zf-H2C2_2,CxxC_CxxC_SSSS,HTH_Tnp_ISL3,Yippee,Zn_Tnp_IS1595,C1_1,HTH_18,zf-C2H2_6	NA
P17031	zf-C2H2_4,zf-C2H2,zf-C2H2_jaz,zf-met,zf-H2C2_2,Yippee,MBD,DUF899,C1_4,zf-AN1,HTH_Tnp_ISL3,Zn_Tnp_IS1595,zf-C2H2_6,zf-UBP,KRAB,PhnJ,CxxC_CxxC_SSSS,CpXC,BolA	NA
P17032	zf-C2H2_4,C1_4,zf-C2H2,zf-C2H2_jaz,KRAB,XPA_N,zf-H2C2_2,HTH_Tnp_ISL3,DUF309,Siva,CxxC_CxxC_SSSS,zf-C2H2_6,BolA	NA
P17035	zf-C2H2_4,zf-C2H2,C1_3,zf-C2H2_jaz,BHD_2,zf-met,XPA_N,zf-H2C2_2,C1_1,MBD,C1_4,HTH_Tnp_ISL3,Zn_Tnp_IS1595,zf-C2H2_6,KRAB,DUP,CxxC_CxxC_SSSS,DUF2213,BolA	NA
P17036	zf-C2H2_4,zf-C2H2,zf-C2H2_jaz,XPA_N,zf-H2C2_2,Yippee,C1_1,C1_4,TFIIS_C,zf-AN1,HTH_Tnp_ISL3,Zn_Tnp_IS1595,DUF2321,zf-C2H2_6,KRAB,ZZ,GATA,zf-BED,DNA_RNApol_7kD,zf-trcl,NUMOD4,CxxC_CxxC_SSSS,Ribosomal_L44,BolA	NA
P17038	zf-C2H2_4,C1_4,zf-C2H2,DNA_RNApol_7kD,C1_3,zf-C2H2_jaz,KRAB,XPA_N,zf-H2C2_2,CxxC_CxxC_SSSS,HTH_Tnp_ISL3,Zn_Tnp_IS1595,GAGA,zf-C2H2_6,BolA;C2H2 ZF	21
P17039	zf-C2H2_4,zf-C2H2,NifU_N,zf-C2H2_jaz,XPA_N,zf-H2C2_2,Yippee,C1_4,zf-AN1,HTH_Tnp_ISL3,Zn_Tnp_IS1595,zf-C2H2_6,KRAB,LIM,zf-BED,DNA_RNApol_7kD,zf-trcl,CxxC_CxxC_SSSS,CpXC	NA
P17040	zf-C2H2_4,DUF4231,zf-C2H2,Myb_DNA-bind_4,SCAN,DNA_RNApol_7kD,zf-C2H2_jaz,XPA_N,zf-H2C2_2,Myb_DNA-bind_6,CxxC_CxxC_SSSS,Myb_DNA-bind_5,MADF_DNA_bdg,Yippee,HTH_Tnp_ISL3,zf-C2H2_6,Myb_DNA-binding	NA
P17041	zf-C2H2_4,zf-C2H2,C1_3,zf-C2H2_jaz,zf-met,XPA_N,zf-H2C2_2,Yippee,C1_1,A2L_zn_ribbon,C1_4,TFIIS_C,HNH,zf-AN1,HTH_Tnp_ISL3,Zn_Tnp_IS1595,zinc_ribbon_2,zf-C2H2_6,DUF1407,DUF2688,Tnp_zf-ribbon_2,PHD,SprT-like,LIM,GATA,Elf1,DNA_RNApol_7kD,zf-trcl,zf-C3HC4_2,CxxC_CxxC_SSSS,zf-C2HC_2,CpXC,HTH_Tnp_IS66	NA
P17097	zf-C2H2_4,C1_4,zf-C2H2,zf-C2H2_jaz,KRAB,XPA_N,zf-H2C2_2,CxxC_CxxC_SSSS,HTH_Tnp_ISL3,zf-C2H2_6,BolA	NA
P17098	zf-C2H2_4,C1_4,zf-C2H2,zf-C2H2_jaz,zf-trcl,zf-AN1,KRAB,XPA_N,zf-H2C2_2,CxxC_CxxC_SSSS,HTH_Tnp_ISL3,Zn_Tnp_IS1595,zf-C2H2_6	NA
P17275	PspA_IM30,Jun,bZIP_Maf,bZIP_2,DUF904,Jnk-SapK_ap_N,bZIP_1	NA
P17480	HMG_box,DUF1898,Poxvirus_B22R_N	NA
P17481	Homeobox,Homeobox_KN	NA
P17482	Hox9_act,HTH_23,Homeobox	NA
P17483	Homeobox,HTH_23,DUF2209,Homeobox_KN	NA
P17509	Homeobox,Homeobox_KN	NA
P17535	DivIC,PspA_IM30,Jnk-SapK_ap_N,Jun,ADIP,IncA,bZIP_Maf,FlaC_arch,bZIP_2,DUF904,Seryl_tRNA_N,DUF3450,bZIP_1,HAP1_N	NA
P17542	HLH,DUF2763	NA
P17676	DivIC,Nup54,bZIP_2,HALZ,I_LWEQ,bZIP_1	NA
P17861	GAS,DUF972,TSC22,FtsL,Herpes_BLRF2,HOOK,bZIP_Maf,IncA,DUF2630,bZIP_2,NDUF_B6,Shugoshin_N,UPF0242,CASP_C,bZIP_1	NA
P17947	Ets	NA
P18146	zf-C2H2_4,zf-C2H2,C1_2,zf-BED,zf-C2H2_jaz,DUF3432,zf-met,zf-H2C2_2,zf-C2HC_2,zf-UBR,DUF3446,RRN7,zf-C2H2_6	NA
P18583	dsrm,A2M,G-patch,G-patch_2	NA
P18846	pKID,ASD2,bZIP_Maf,bZIP_2,bZIP_1	NA
P18847	DivIC,Seryl_tRNA_N,AOX,SRP14,bZIP_Maf,CDC37_N,bZIP_2,Spc24,Macoilin,APG6,bZIP_1,Vps51	NA
P18848	DivIC,V_ATPase_I,GAS,Laminin_II,Mer2,IncA,HOOK,bZIP_2,APG6,AAA_13,bZIP_1,DUF3450	NA
P18850	DUF972,bZIP_Maf,bZIP_2,DUF904,bZIP_1	NA
P19338	RRM_1,RRM_6,DbpA,Limkain-b1,RRM_5	NA
P19419	Ets	NA
P19484	DUF3678,HLH,DUF3371	NA
P19532	HLH,DUF3371	NA
P19544	zf-C2H2_4,zf-C2H2,CAP_N,zf-met,CCAP,zf-H2C2_2,Ofd1_CTDD,WT1	NA
P19622	CENP-B_N,Homeobox,Engrail_1_C_sig,Homeobox_KN,DUF2316	NA
P19793	Nuc_recep-AF1,Hormone_recep,zf-C4	NA
P19838	Ank_2,GHMP_kinases_C,Ank_3,Ank,Death,HTH_11,RHD,Ank_4,Ank_5	NA
P20226	Otopetrin,DUF702,TFIIA,Spore_coat_CotO,Neur_chan_memb,zf-DHHC,DUF106,DUF1501,SAGA-Tad1,FemAB,Med15,Tim54,Cellulose_synt,Pex16,FLO_LFY,DUF2215,DUF966,TBP,Lin-8,Hid1,Ycf1,DUF4045,Hom_end_hint,MMR1,RR_TM4-6,Plasmodium_Vir,OAD_gamma,Gti1_Pac2	NA
P20264	Pou,Homeobox,HTH_31,Homeobox_KN,Ribosomal_60s	NA
P20265	Pex14_N,Pou,Spt20,Homeobox,Suf,E_Pc_C,HTH_31,Med15,Homeobox_KN	NA
P20393	ISAV_HA,Hormone_recep,zf-C4	NA
P20719	Homeobox,Homeobox_KN	NA
P20823	HNF-1B_C,Homeobox,HNF-1A_C,HNF-1_N	NA
P21506	zf-C2H2_4,zf-RING_3,zf-C2H2,DUF2688,zf-C2H2_jaz,zf-trcl,KRAB,zf-H2C2_2,CxxC_CxxC_SSSS,Yippee,HTH_Tnp_ISL3,Zn_Tnp_IS1595,zf-C2H2_6	NA
P22415	DivIC,HLH,HALZ	NA
P22670	RFX_DNA_binding,Nucleoplasmin,RFX1_trans_act	NA
P22736	Hormone_recep,zf-C4	NA
P23193	TFIIS_M,TFIIS_C,Prok-RING_2,tRNA_synt_1c_R2,Med26,TF_Zn_Ribbon,Baculo_LEF5_C,Sec23_helical	NA
P23409	Myf5,HLH,Basic	NA
P23497	SAND	3
P23511	CBFB_NFYA,Bre5	NA
P23759	Homeobox_KN,Homeobox,HTH_32,HTH_23,Pax7,PAX	NA
P23760	Homeobox_KN,Homeobox,HTH_32,Pax7,HTH_23,PAX	NA
P23769	DUF2387,eIF-5_eIF-2B,TF_Zn_Ribbon,Prim_Zn_Ribbon,DZR,GATA	NA
P23771	OrfB_Zn_ribbon,Elf1,DUF2387,CxxC_CxxC_SSSS,eIF-5_eIF-2B,TF_Zn_Ribbon,Zn_Tnp_IS1595,Prim_Zn_Ribbon,DZR,GATA	NA
P24278	zf-C2H2_4,PyrI_C,zf-C2H2,Zn_ribbon_recom,UPF0547,FYVE,zf-BED,zf-C2H2_jaz,zf-met,BTB,zf-C2H2_2,SprT-like,zf-C2H2_6,zf-FCS	NA
P24468	Hormone_recep,zf-C4	NA
P25208	Bromo_TP,TFIID-18kDa,Histone,CBFD_NFYB_HMF,TFIID_20kDa	NA
P26367	HTH_Tnp_IS1,HTH_29,Homeobox_KN,Homeobox,HTH_32,HTH_23,PAX	NA
P26651	zf-CCHH,zf-CCCH	NA
P27540	HLH,PAS,PAS_3,PAS_9,PAS_4	NA
P28069	Homeobox_KN,Homeobox,Pou,Lsr2	NA
P28324	Ets,HSF_DNA-bind	NA
P28347	Myb_DNA-binding,TEA	NA
P28356	Hox9_act,HTH_23,Homeobox	NA
P28358	Homeobox,Homeobox_KN	NA
P28360	Homeobox	NA
P28698	zf-C2H2_4,zf-C2H2,Zn_ribbon_recom,zf-C2H2_jaz,zf-H2C2_2,C1_1,MBD,zf-CHY,Zn_Tnp_IS1595,zf-C2H2_6,Prok-RING_1,DUF1163,zf-H2C2_5,LIM,Elf1,SCAN,CxxC_CxxC_SSSS,FYDLN_acid,zf-LYAR	NA
P28702	Nuc_recep-AF1,Hormone_recep,zf-C4	NA
P29084	TRAUB,NusG,TFIIE_beta	NA
P29374	RBB1NT,ARID,Tudor-knot	NA
P29692	Striatin,EF1_GNE,Reo_sigmaC,EF-1_beta_acid,MinC_N	NA
P31249	DUF4074,Homeobox_KN,Homeobox	NA
P31260	Homeobox,Homeobox_KN	NA
P31267	Homeobox,Homeobox_KN	NA
P31268	Homeobox,HemY_N,Homeobox_KN,Ribosomal_60s	NA
P31269	Hox9_act,HTH_23,Homeobox	NA
P31270	Rox3,Homeobox,DUF3528	NA
P31271	Homeobox,HoxA13_N,Homeobox_KN,Homez	NA
P31273	Homeobox,Homeobox_KN,DUF2380	NA
P31274	Hox9_act,HTH_23,Homeobox	NA
P31275	Homeobox,Homeobox_KN,Homez	NA
P31276	Homeobox,HoxA13_N,Homeobox_KN,Homez	NA
P31277	Homeobox_KN,Homeobox,DUF3528	NA
P31314	Homeobox,Homez	NA
P31629	zf-C2H2_4,zf-C2H2,zf-C2H2_jaz,CDC45,zf-met,zf-H2C2_2,zf-C2H2_2,zf-H2C2_5,zf-C4_ClpX,NOA36	NA
P32242	Med3,Gag_spuma,Homeobox,DUF2217,TF_Otx	NA
P32243	Homeobox,TF_Otx	NA
P32314	Fork_head	NA
P32519	Ets,Elf-1_N	NA
P35227	zf-C3HC4,zf-RING_2,zf-rbx1,zf-C3HC4_2,zf-Nse,zf-Apc11,zf-C3HC4_3	NA
P35269	TFIIF_alpha	NA
P35398	Hormone_recep,zf-C4	NA
P35452	Homeobox,Homeobox_KN,Homez	NA
P35453	Homeobox,HoxA13_N,Homeobox_KN	NA
P35548	Homeobox	NA
P35638	DivIC,DUF1003,DUF2201_N,GAS,IFP_35_N,CDC45,Phlebovirus_NSM,T2SF,IncA,Peptidase_S64,bZIP_2,Atg14,RR_TM4-6,HALZ,Bap31,bZIP_1,DUF3450	NA
P35659	Syndecan,Pneumo_att_G,DEK_C,SprA-related,Spt5_N,Mem_trans,SAP	NA
P35680	HNF-1_N,HNF-1B_C,HTH_5,Homeobox,Homeobox_KN,DUF2183	NA
P35711	HemX,Activator_LAG-3,HMG_box,DUF1898,Exonuc_VII_L	NA
P35712	HMG_box,DUF1898	NA
P35713	Sox_C_TAD,DUF1898,HMG_box	NA
P35716	HMG_box,DUF1898	NA
P35789	zf-C2H2_4,zf-C2H2,YEATS,C1_3,zf-C2H2_jaz,XPA_N,zf-H2C2_2,C1_1,C1_4,SPARC_Ca_bdg,HTH_Tnp_ISL3,Zn_Tnp_IS1595,zf-C2H2_6,KRAB,ADK_lid,DNA_RNApol_7kD,zf-trcl,CxxC_CxxC_SSSS,zf-C2HC_2,DUF164,FYDLN_acid,BHD_1,Ribosomal_L44,BolA	NA
P35869	HLH,PAS,PAS_3,PAS_9,PAS_4	NA
P36402	HMG_box,DUF1898,MAT_Alpha1,CTNNB1_binding	NA
P36508	zf-C2H2_4,zf-C2H2,DUF1697,zf-C2H2_jaz,zf-TRAF,FecR,zf-met,zf-H2C2_2,CopK,CpXC,FYDLN_acid,zf-C2H2_6	NA
P36956	HLH	NA
P37231	PPARgamma_N,Hormone_recep,zf-C4	NA
P37275	zf-C2H2_4,zf-C2H2,zf-C2H2_jaz,DUF1610,zf-met,zf-H2C2_2,Homeobox,zf-C2H2_2,zf-C2H2_6	NA
P39880	NPV_P10,HOOK,Homeobox,Homeobox_KN,CUT	NA
P40424	CENP-B_N,Sec15,DUF1319,HTH_3,UCH,Homez,HTH_26,Homeobox,HTH_19,PBC,Homeobox_KN	NA
P40425	CENP-B_N,HTH_3,UCH,Homez,HTH_26,Homeobox,HTH_19,PBC,Homeobox_KN	NA
P40426	Sec15,DUF1319,Homez,IMD,Homeobox,HTH_19,PBC,Homeobox_KN	NA
P40763	Tropomyosin_1,STAT_int,Fib_alpha,MerR-DNA-bind,STAT_bind,eIF3_N,STAT_alpha,DUF342,Baculo_PEP_C,SH2,Syntaxin-6_N	NA
P41161	ETS_PEA3_N,Ets	NA
P41212	SAM_PNT,SAM_1,Ets,HSF_DNA-bind	NA
P41218	HIN,PYRIN,Seryl_tRNA_N	NA
P41225	HMG_box,SOXp,DUF1898	NA
P41235	Foamy_virus_ENV,Hormone_recep,Se-cys_synth_N,zf-C4	NA
P41970	Ets	NA
P42224	STAT_int,NPV_P10,STAT_bind,STAT_alpha,SH2,Sec20,STAT1_TAZ2bind	NA
P42229	STAT_int,STAT_bind,STAT_alpha,Hemerythrin,SH2	NA
P42568	YEATS	NA
P43268	ETS_PEA3_N,Ets	NA
P43354	Hormone_recep,zf-C4	NA
P43694	Elf1,zf-ribbon_3,DUF2387,BaffR-Tall_bind,Golgin_A5,ArfGap,CxxC_CxxC_SSSS,eIF-5_eIF-2B,GATA-N,TF_Zn_Ribbon,Zn_Tnp_IS1595,C1_1,Prim_Zn_Ribbon,DZR,GATA	NA
P43699	Homeobox,APC_CDC26,DUF4407,DUF2201_N	NA
P46013	K167R,Helitron_like_N,FHA	NA
P47902	CC,Homeobox,Homeobox_KN,Caudal_act	NA
P48378	RFX_DNA_binding,Pox_D5,RFX1_trans_act	NA
P48380	RFX_DNA_binding,Pox_D5,RFX1_trans_act	NA
P48382	RFX_DNA_binding,Pox_D5	NA
P48431	HMG_box,SOXp,DUF1898	NA
P48443	Nuc_recep-AF1,Hormone_recep,zf-C4	NA
P48742	Orbi_VP3,SpoIIIAH,Homeobox,LIM,Homeobox_KN	NA
P49116	Flagellin_N,Hormone_recep,zf-C4	NA
P49335	Homeobox_KN,Homeobox,HTH_31,Pou	NA
P49639	Homeobox	NA
P49640	Homeobox	NA
P49715	DivIC,Lipoprotein_20,IBB,GAS,Nup54,bZIP_2,Pox_A_type_inc,HALZ,DUF2514,bZIP_1,Myc-LZ	NA
P49716	DivIC,Lipoprotein_20,DUF1180,GAS,Glypican,ATG16,Nup54,IncA,bZIP_2,FTA4,Atg14,CASP_C,Med4,bZIP_1,DUF3450	NA
P49790	Nup_retrotrp_bd,Nup153,zf-RanBP	NA
P49910	zf-C2H2_4,zf-C2H2,YhfH,zf-C2H2_jaz,XPA_N,zf-H2C2_2,Yippee,HypA,zinc_ribbon_5,HTH_Tnp_ISL3,Zn_Tnp_IS1595,zf-C2H2_6,LIM,SCAN,DNA_RNApol_7kD,zf-trcl,zinc_ribbon_4,CxxC_CxxC_SSSS,CpXC,BolA	NA
P50219	Homeobox,QLQ	NA
P50221	Homeobox,Trep_dent_lipo,PP_M1	NA
P50222	Homeobox,Terminase_5,Trep_dent_lipo	NA
P50458	Homeobox,LIM,Homeobox_KN,Homez	NA
P50539	HLH	NA
P50548	Ets,HSF_DNA-bind	NA
P50549	ETS_PEA3_N,Ets	NA
P50553	HLH,RskA,DUF2782,CoA_transf_3,PepSY_2,AflR,DUF3357,PAT1,zf-C4H2	NA
P51449	Hormone_recep,zf-C4	NA
P51504	zf-C2H2_4,zf-C2H2,YhfH,zf-C2H2_jaz,XPA_N,zf-met,zf-H2C2_2,HypA,A2L_zn_ribbon,TFIIS_C,zinc_ribbon_5,HTH_Tnp_ISL3,Zn_Tnp_IS1595,RRN7,zf-C2H2_6,Prok-RING_1,zf-H2C2_5,DNA_RNApol_7kD,zf-trcl,CxxC_CxxC_SSSS	NA
P51508	zf-C2H2_4,zf-C2H2,Zn_ribbon_recom,C1_3,zf-C2H2_jaz,XPA_N,zf-met,zf-H2C2_2,C1_4,zf-RING_3,TFIIS_C,Raffinose_syn,HTH_Tnp_ISL3,Zn_Tnp_IS1595,zf-C2H2_6,Nucleoplasmin,zf-UBP,IGPD,KRAB,DZR,LIM,Rpr2,DNA_RNApol_7kD,zf-trcl,CxxC_CxxC_SSSS	NA
P51522	zf-C2H2_4,zf-C2H2,UPF0547,Prok-RING_2,C1_3,zf-C2H2_jaz,BHD_2,XPA_N,zf-met,zf-H2C2_2,CTV_P23,C1_1,C1_4,TFIIS_C,Ribosomal_L17,HTH_Tnp_ISL3,Zn_Tnp_IS1595,zf-C2H2_6,Desulfoferrod_N,Prok-RING_1,COX5B,ZZ,Arc_trans_TRASH,zf-BED,DNA_RNApol_7kD,CxxC_CxxC_SSSS,PDZ_1,BolA;C2H2 ZF	14
P51523	zf-C2H2_4,C1_4,zf-C2H2,zf-C2H2_jaz,KRAB,zf-H2C2_2,Yippee,HTH_Tnp_ISL3,CxxC_CxxC_SSSS,MBD,NADH_oxidored,zf-C2H2_6	NA
P51608	MBD	NA
P51692	STAT_alpha,STAT_int,SH2,STAT_bind	NA
P51786	zf-C2H2_4,C1_4,Elf1,zf-C2H2,DNA_RNApol_7kD,Prok-RING_1,zf-C2H2_jaz,zf-AN1,KRAB,zf-H2C2_2,CxxC_CxxC_SSSS,HTH_Tnp_ISL3,Luteo_Vpg,Zn_Tnp_IS1595,Siva,CpXC,zf-C2H2_6,GATA	NA
P51814	zf-C2H2_4,C1_4,zf-RING_3,zf-C2H2,Rpr2,DNA_RNApol_7kD,zf-C2H2_jaz,zf-trcl,KRAB,XPA_N,zf-H2C2_2,CxxC_CxxC_SSSS,HTH_Tnp_ISL3,Zn_Tnp_IS1595,zf-C2H2_6,MAT_Alpha1,BolA	NA
P51815	zf-C2H2_4,zf-C2H2,Zn_ribbon_recom,C1_3,zf-C2H2_jaz,XPA_N,zf-met,zf-H2C2_2,Yippee,GAGA,C1_1,C1_4,zf-AN1,HTH_Tnp_ISL3,zf-C2H2_6,Prok-RING_1,KRAB,DZR,Zn_Tnp_IS1,SCAN,Arc_trans_TRASH,DNA_RNApol_7kD,zf-trcl,CxxC_CxxC_SSSS,zf-C2HC_2,CpXC	NA
P51826	AF-4	NA
P51858	PWWP	NA
P52630	STAT_int,STAT_bind,STAT_alpha,LXG,CorA,STAT2_C,SH2	NA
P52736	zf-C2H2_4,zf-RING_3,zf-C2H2,Zn_ribbon_recom,DNA_RNApol_7kD,BHD_1,zf-C2H2_jaz,zf-CHY,KRAB,zf-H2C2_2,Yippee,Chordopox_RPO7,HTH_18,zf-C2H2_6	NA
P52737	zf-C2H2_4,C1_4,zf-C2H2,Prok-RING_2,zf-BED,zf-C2H2_jaz,zf-trcl,IBD,KRAB,zf-AN1,zf-H2C2_2,CxxC_CxxC_SSSS,HTH_18,Zn_Tnp_IS1595,C1_1,zf-MYND,zf-C2H2_6	NA
P52738	zf-C2H2_4,zf-C2H2,Zn_ribbon_recom,zf-C2H2_jaz,XPA_N,zf-H2C2_2,Yippee,GAGA,TRH,C1_4,HTH_Tnp_ISL3,Zn_Tnp_IS1595,zf-C2H2_6,DUF2688,KRAB,zf-BED,zf-trcl,CxxC_CxxC_SSSS,BolA	NA
P52739	zf-C2H2_4,PyrI_C,zf-C2H2,zf-CHCC,zf-C2H2_jaz,zf-met,zf-H2C2_2,BTB,zf-C2H2_2,GAGA,zf-AD;C2H2 ZF	4
P52740	zf-C2H2_4,zf-C2H2,zf-C2H2_jaz,KRAB,XPA_N,zf-H2C2_2,HTH_Tnp_ISL3,CxxC_CxxC_SSSS,Yippee,Zn_Tnp_IS1595,C1_1,zf-H2C2_5,zf-C2HC_2,zf-C2H2_6	NA
P52741	zf-C2H2_4,zf-C2H2,C1_3,zf-C2H2_jaz,YhfH,XPA_N,zf-H2C2_2,Yippee,HypA,C1_4,TFIIS_C,zf-AN1,HTH_Tnp_ISL3,Zn_Tnp_IS1595,zf-C2H2_6,Prok-RING_1,Siva,LIM,GATA,DNA_RNApol_7kD,zf-trcl,CxxC_CxxC_SSSS,Ribosomal_L44	NA
P52742	zf-C2H2_4,zf-C2H2,YEATS,Zn_ribbon_recom,DNA_RNApol_7kD,zf-C2H2_jaz,KRAB,XPA_N,zf-H2C2_2,CxxC_CxxC_SSSS,HTH_Tnp_ISL3,DUF309,Siva,Zn_Tnp_IS1595,zf-C2H2_6,GATA	NA
P52743	zf-C2H2_4,zf-C2H2,Prok-RING_2,zf-C2H2_jaz,XPA_N,zf-H2C2_2,C1_1,A2L_zn_ribbon,zinc_ribbon_5,HTH_Tnp_ISL3,Zn_Tnp_IS1595,zf-C2H2_6,COX5B,DUF82,Rpr2,zf-BED,zinc_ribbon_4,DUF1610,CxxC_CxxC_SSSS,zf-LYAR,Med27	NA
P52744	zf-C2H2_4,zf-C2H2,UPF0547,Prok-RING_2,C1_3,zf-C2H2_jaz,YhfH,XPA_N,zf-H2C2_2,GAGA,C1_1,C1_4,zinc_ribbon_5,TFIIS_C,zf-CHY,HTH_Tnp_ISL3,Zn_Tnp_IS1595,RRN7,zf-C2H2_6,Desulfoferrod_N,Prok-RING_1,zf-HIT,PHD,DUF82,ADK_lid,DZR,DNA_RNApol_7kD,zf-trcl,zinc_ribbon_4,CxxC_CxxC_SSSS,DUF164,FYDLN_acid,BolA	NA
P52746	zf-C2H2_4,zf-C2H2,PhnJ,zf-H2C2_2,zf-H2C2_5,zf-C2H2_6;C2H2 ZF	25
P52747	zf-C2H2_4,zf-C2H2,zf-C2H2_jaz,zf-TRAF,zf-H2C2_2,CopK,zf-C2H2_6	NA
P52945	Homeobox	NA
P52951	Homeobox	NA
P52952	Homeobox	NA
P52954	Homeobox,Homeobox_KN,Homez	NA
P53539	Metal_resist,DivIC,ERM,V_ATPase_I,Uso1_p115_C,IncA,bZIP_Maf,DUF342,bZIP_2,Atg14,HALZ,Macoilin,APG6,bZIP_1	NA
P53567	HemX,V_ATPase_I,DivIC,IncA,bZIP_2,Atg14,Herpes_UL6,DUF4094,Seryl_tRNA_N,bZIP_1	NA
P54274	Myb/SANT	1
P54821	Homeobox,Homeobox_KN,OAR	NA
P54845	DUF4164,DivIC,AKNA,Maf_N,DUF4140,MscS_porin,bZIP_Maf,bZIP_2,HALZ,bZIP_1	NA
P55055	Hormone_recep,CBFNT,zf-C4	NA
P55197	PHD_2,zf-HC5HC2H,PHD,zf-HC5HC2H_2	NA
P55201	zf-HC5HC2H,Bromodomain,EPL1,PHD,PHD_2,PWWP,zf-HC5HC2H_2	NA
P55316	Fork_head,Zip,SelP_N	NA
P55317	HNF_C,Fork_head,Fork_head_N	NA
P55318	HNF_C,Fork_head,Fork_head_N	NA
P55347	Homeobox,Homeobox_KN	NA
P55771	HTH_29,HTH_28,HTH_32,HTH_23,PAX	NA
P56177	Homeobox,Homeobox_KN,Homez	NA
P56178	Homeobox,Homeobox_KN,DLL_N	NA
P56179	Homeobox,Homeobox_KN,Homez	NA
P56270	zf-C2H2_4,zf-C2H2,DUF1407,FYVE,zf-C2H2_jaz,zf-met,XPA_N,zf-H2C2_2,zf-C2H2_6,zf-C2H2_2,GAGA,zf-Sec23_Sec24,DZR,LIM,zf-DNA_Pol	NA
P56693	HMG_box,DUF1898,Sox_N,Beta-lactamase	NA
P56915	Homeobox,DUF2151,Homeobox_KN	NA
P57073	HMG_box,DUF1898,Sox_N	NA
P57082	T-box	NA
P57682	zf-C2H2_4,zf-C2H2,zf-C2H2_jaz,zf-met,zf-H2C2_2,zf-C2H2_6	NA
P57723	KH_5,KH_1,KH_4,KH_3,KH_2	NA
P58012	Fork_head	NA
P58304	Homeobox,Homeobox_KN,OAR	NA
P58317	zf-C2H2_4,zf-C2H2,NifU_N,zf-C2H2_jaz,XPA_N,zf-met,zf-H2C2_2,GAGA,C1_1,A2L_zn_ribbon,TFIIS_C,HTH_Tnp_ISL3,Zn_Tnp_IS1595,zf-C2H2_6,GATA,Rpr2,DNA_RNApol_7kD,zf-BED,zf-trcl,CxxC_CxxC_SSSS,zf-C2H2_2,zf-C2HC_2,Peptidase_C23	NA
P58340	Mlf1IP	NA
P59817	zf-C2H2_4,zf-C2H2_jaz,zf-met,zf-H2C2_2,DUF4195,zf-C2H2_6	NA
P59923	zf-C2H2_4,zf-C2H2,SCAN,Ta0938,zf-C2H2_jaz,KRAB,zf-met,zf-H2C2_2,CxxC_CxxC_SSSS,GAGA,DUF2321,zf-C2H2_6,BolA	NA
P61244	Filament,SlyX,HLH,DivIC,IncA,CENP-Q,bZIP_2,HALZ,TMF_DNA_bd	NA
P61296	HLH	NA
P61371	Homeobox,MerR_1,LIM,Homeobox_KN	NA
P61978	Phi-29_GP3,KH_5,KH_1,KH_4,KH_3,KH_2,ROKNT	NA
P62380	TBP,DUF3378	NA
P62508	GAT,Hormone_recep,zf-C4	NA
P78337	Homeobox,Fork_head_N,Homeobox_KN,OAR	NA
P78347	DUF605,Herpes_IE68,GTF2I	NA
P78364	SAM_1,DUF1471,SAM_PNT,zf-FCS,SAM_2	NA
P78365	SAM_1,SAM_2	NA
P78367	Homeobox	NA
P78411	Homez,DUF605,Homeobox,Radial_spoke,Homeobox_KN	NA
P78412	Homeobox,Homeobox_KN,Homez,SPT2	NA
P78413	Homeobox,MRP-S32,Homeobox_KN,Homez	NA
P78414	TFIIA,Homez,Nop14,Homeobox,Astro_capsid,Homeobox_KN,Dicty_REP	NA
P78415	DUF2457,CobT,Homez,Mpp10,Homeobox,BUD22,Pox_Ag35,Radial_spoke,Homeobox_KN,Paf1	NA
P78424	Homeobox_KN,Homeobox,Pou	NA
P78426	Homeobox	NA
P78545	SAM_PNT,Ets,AT_hook	NA
P81133	HLH,PAS,PAS_3,SIM_C,PAS_9,PAS_4	NA
P82094	NHase_beta,TMF_DNA_bd,TMF_TATA_bd	NA
P82970	HMG14_17,DUF2229	NA
P82979	LETM1,Stm1_N,SAP	NA
P85037	Fork_head,FHA	NA
P86452	zf-BED,Sgf11,zf-C2H2,Dimer_Tnp_hAT	NA
P98168	C2H2 ZF	9
P98169	C2H2 ZF	9
P98177	Fork_head	NA
Q00056	Homeobox	NA
Q00059	YABBY,HMG_box,DUF1898,NAD_binding_9,DUF1074	NA
Q00444	Homeobox,Homeobox_KN	NA
Q00653	Ank_2,Ank_3,Ank,Death,RHD,Ank_4,Ank_5	NA
Q00978	IRF,IRF-3	NA
Q01094	E2F_TDP,TP1	NA
Q01101	zf-C2H2_4,C1_4,zf-C2H2,zf-C2H2_jaz,zf-met,zf-H2C2_2,HTH_Tnp_ISL3,zf-C2H2_2,zf-C2H2_6	NA
Q01167	Fork_head,FHA	NA
Q01196	RunxI,Runt	NA
Q01201	RHD	NA
Q01538	Ly49,zf-C2HC,MYT1,zf-RING-like,IBR,TraH_2,Prominin,DUF1664,Peptidase_C6;C2H2 ZF	7
Q01543	SAM_PNT,Ets	NA
Q01658	Matrix,Histone,CBFD_NFYB_HMF	NA
Q01664	AAA_23,HLH	NA
Q01826	DUF3533,HTH_3,Homeobox,RuvA_C,DUF2360,CUT	NA
Q01860	Homeobox_KN,Homeobox,HTH_31,Pou	NA
Q01892	Ets	NA
Q01954	zf-C2H2_4,zf-C2H2,DUF2163,zf-C2H2_jaz,Flag1_repress,zf-met,zf-H2C2_2,Cas_DxTHG	NA
Q02078	HJURP_C,SRF-TF	NA
Q02080	SRF-TF	NA
Q02086	zf-C2H2_4,zf-C2H2,Zn_Tnp_IS1,zf-BED,zf-H2C2_2,zf-C2H2_6,zf-LYAR	NA
Q02386	zf-C2H2_4,C1_4,zf-C2H2,DNA_RNApol_7kD,C1_3,zf-C2H2_jaz,KRAB,XPA_N,zf-met,zf-H2C2_2,CxxC_CxxC_SSSS,C1_1,zf-C2H2_6,BolA	NA
Q02446	zf-C2H2_4,zf-C2H2,Zn_Tnp_IS1,zf-C2H2_jaz,zf-H2C2_2,RRN7,zf-C2H2_6	NA
Q02447	zf-C2H2_4,zf-C2H2,zf-C2H2_jaz,zf-H2C2_2,zf-C2H2_6	NA
Q02548	Pax2_C,HTH_Tnp_IS1,HTH_29,Ribosomal_S13_N,Homeobox,HTH_32,HTH_23,PAX	NA
Q02556	IRF,IRF-3	NA
Q02575	HLH,Metal_resist	NA
Q02577	HLH	NA
Q02930	DivIC,DUF3874,bZIP_Maf,bZIP_2,DUF904,HALZ,bZIP_1	NA
Q02962	Pax2_C,HTH_Tnp_IS1,Ribosomal_S13_N,Homeobox,HTH_32,HTH_29,HTH_23,PAX	NA
Q03014	Homeobox,ArsC,Homeobox_KN,Homez	NA
Q03052	Homeobox,HTH_31,Pou	NA
Q03060	pKID,bZIP_2,bZIP_1	NA
Q03181	Hormone_recep,zf-C4	NA
Q03828	Homeobox	NA
Q03923	zf-C2H2_4,zf-C2H2,YEATS,Prok-RING_2,C1_3,zf-C2H2_jaz,XPA_N,zf-H2C2_2,GAGA,C1_4,HTH_Tnp_ISL3,Zn_Tnp_IS1595,zf-C2H2_6,ROS_MUCR,KRAB,DNA_RNApol_7kD,zf-trcl,CxxC_CxxC_SSSS,BolA	NA
Q03924	zf-C2H2_4,C1_4,zf-C2H2,Prok-RING_2,DNA_RNApol_7kD,C1_3,zf-C2H2_jaz,zf-CHY,XPA_N,zf-met,zf-H2C2_2,CxxC_CxxC_SSSS,HTH_Tnp_ISL3,Zn_Tnp_IS1595,ADK_lid,SprT-like,zf-C2H2_6,BolA	NA
Q03933	HSF_DNA-bind,bZIP_2,Vert_HS_TF,HALZ,bZIP_1	NA
Q03936	zf-C2H2_4,zf-C2H2,Prok-RING_2,C1_3,zf-C2H2_jaz,XPA_N,zf-H2C2_2,C1_4,HTH_Tnp_ISL3,Zn_Tnp_IS1595,zf-C2H2_6,Desulfoferrod_N,Prok-RING_1,KRAB,ADK_lid,DNA_RNApol_7kD,zf-trcl,DUF1610,CxxC_CxxC_SSSS,DUF164,DUF2213,Ribosomal_L44,BolA;C2H2 ZF	14
Q03938	zf-C2H2_4,zf-C2H2,C1_3,zf-C2H2_jaz,XPA_N,zf-met,zf-H2C2_2,C1_1,C1_4,NuA4,zf-CHY,zf-AN1,Zn_Tnp_IS1595,zf-C2H2_6,Prok-RING_1,KRAB,SprT-like,DUF1610,CxxC_CxxC_SSSS,FYDLN_acid	NA
Q03989	ARID	NA
Q04206	RHD	NA
Q04741	Homeobox	NA
Q04743	Homeobox	NA
Q04864	RHD	NA
Q05066	HMG_box,DUF1908,DUF1898	NA
Q05195	HLH	NA
Q05215	zf-C2H2_4,zf-C2H2,zf-BED,zf-met,zf-H2C2_2,zf-C2HC_2,RRN7,zf-C2H2_6	NA
Q05481	zf-C2H2_4,zf-C2H2,C1_3,zf-C2H2_jaz,KRAB,XPA_N,zf-H2C2_2,CxxC_CxxC_SSSS,HTH_Tnp_ISL3,Zn_Tnp_IS1595,SprT-like,zf-C2H2_6,BolA	NA
Q05516	zf-C2H2_4,zf-C2H2,Endonuclease_7,Prok-RING_1,zf-C2H2_jaz,zf-met,zf-H2C2_2,DZR,BTB,zf-C2H2_2,zf-C2HC_2,zf-C2H2_6,GATA	NA
Q05925	Homeobox,Engrail_1_C_sig,Homeobox_KN,DUF2316	NA
Q05BG0	zf-C2H2_4,C1_4,zf-C2H2,Zn_ribbon_recom,zf-C2H2_jaz,zf-CHY,zf-H2C2_2,CxxC_CxxC_SSSS,Zn_Tnp_IS1595,zf-C2H2_6	NA
Q05BW2	HLH,HTH_20,DUF3287,DUF1895,GvpL_GvpF	NA
Q05BX2	DUF4227,HJURP_C,DUF3818,tRNA-synt_1d,SRF-TF	NA
Q05BY5	zf-C2H2_4,zf-C2H2,Zn_ribbon_recom,DUF3669,zf-C2H2_jaz,DUF1898,C1_3,Ogr_Delta,zf-met,zf-H2C2_2,Yippee,A2L_zn_ribbon,C1_4,zinc_ribbon_5,TFIIS_C,zf-CHY,zf-AN1,HTH_Tnp_ISL3,Zn_Tnp_IS1595,zf-MYND,zf-C2H2_6,KRAB,Elf1,DNA_RNApol_7kD,zinc_ribbon_4,CxxC_CxxC_SSSS,CpXC,FYDLN_acid,zf-LYAR	NA
Q05BZ1	HMG_box,DUF1898,Myb_DNA-bind_4	NA
Q05C20	DM	NA
Q05CG0	Merozoite_SPAM,ARID,Upf2,RBB1NT,Nucleoplasmin	NA
Q05CG3	Myb_DNA-binding	NA
Q05CH0	HMG_box,DUF1898	NA
Q05CX9	Fork_head	NA
Q05GC8	zf-C2H2_4,zf-C2H2,zf-C2H2_jaz,zf-met,zf-H2C2_2,zf-C2H2_2,zf-C2H2_6,ELM2,Myb_DNA-binding	NA
Q06330	Ig_2,LAG1-DNAbind,TIG,BTD	NA
Q06413	HJURP_C,SRF-TF	NA
Q06416	Homeobox,Pou,DUF2347	NA
Q06455	DUF3731,TAFH,DUF1179,vATP-synt_E,NHR2,DUF2361,zf-MYND,ATP-synt_B	NA
Q06546	SAM_PNT,Ets,GABP-alpha	NA
Q06710	Pax2_C,HTH_Tnp_IS1,HTH_29,Ribosomal_S13_N,HTH_32,HTH_23,PAX	NA
Q06730	zf-C2H2_4,C1_4,zf-C2H2,zf-C2H2_jaz,KRAB,zf-H2C2_2,Siva,HTH_18,Zn_Tnp_IS1595,zf-H2C2_5,zf-C2H2_6,BolA	NA
Q06732	zf-C2H2_4,C1_4,zf-C2H2,zf-C2H2_jaz,zf-AN1,KRAB,zf-H2C2_2,HTH_Tnp_ISL3,Siva,Zn_Tnp_IS1595,C1_1,zf-H2C2_5,XS,zf-C2H2_6,GATA,BolA	NA
Q06889	zf-C2H2_4,zf-C2H2,zf-BED,zf-C2H2_jaz,zf-met,zf-H2C2_2,zf-C2HC_2,DUF3446,RRN7,zf-C2H2_6	NA
Q06945	HMG_box,DUF1898	NA
Q07352	zf-CCCH,Tis11B_N	NA
Q07644	KRAB,SCAN	NA
Q07869	Hormone_recep,zf-C4	NA
Q08999	RB_A,BCS1_N,TFIIB,DUF3452,RB_B,LEM	NA
Q08AG5	zf-C2H2_4,zf-C2H2,zf-C2H2_jaz,KRAB,zf-H2C2_2,zf-C2H2_6	NA
Q08AN1	zf-C2H2_4,zf-C2H2,C1_2,UPF0547,Prok-RING_1,zf-C2H2_jaz,KRAB,Ribosomal_L17,ZZ,zf-H2C2_2,CxxC_CxxC_SSSS,HTH_Tnp_ISL3,XPA_N,Zn_Tnp_IS1595,C1_1,zf-C2H2_6	NA
Q08ER8	zf-C2H2_4,zf-C2H2,C1_3,zf-C2H2_jaz,YhfH,XPA_N,zf-H2C2_2,C1_4,TFIIS_C,Raffinose_syn,HTH_Tnp_ISL3,Zn_Tnp_IS1595,zf-C2H2_6,KRAB,DNA_RNApol_7kD,CxxC_CxxC_SSSS,BHD_1,Ribosomal_L44,zf-LYAR,BolA	NA
Q09FC8	zf-C2H2_4,zf-C2H2,UPF0547,C1_3,zf-C2H2_jaz,XPA_N,zf-H2C2_2,GAGA,C1_1,C1_4,zf-RING_3,TFIIS_C,HTH_Tnp_ISL3,Zn_Tnp_IS1595,zf-C2H2_6,C1_2,Desulfoferrod_N,ZZ,zf-BED,DNA_RNApol_7kD,CxxC_CxxC_SSSS,BolA	NA
Q0D2J5	zf-C2H2_4,zf-C2H2,zf-C2H2_jaz,KRAB,zf-H2C2_2,CxxC_CxxC_SSSS,Zn_Tnp_IS1595,zf-C2H2_6	NA
Q0P6D9	zf-C2H2_4,zf-C2H2,TFIIS_C,Caenor_Her-1,DUF3280,YhfH,zf-C2H2_jaz,Stig1,zf-trcl,XPA_N,zf-H2C2_2,CxxC_CxxC_SSSS,DZR,DUF164,zf-C2H2_6	NA
Q0PRL4	eIF-3_zeta,Fork_head,Otopetrin,Plasmodium_Vir	NA
Q0PTK2	ERbeta_N,Oest_recep,Hormone_recep,zf-C4	NA
Q0VAH5	zf-C2H2_4,zf-C2H2,zf-CHCC,FYVE,zf-C2H2_jaz,zf-CHY,zf-met,Rad50_zn_hook,zf-H2C2_2,zf-C2H2_2,zf-C2H2_6	NA
Q0VAN9	KRAB,SCAN	NA
Q0VAP0	KRAB,SCAN	NA
Q0VG01	zf-C2H2_4,zf-C2H2,NuA4,zf-C2H2_jaz,KRAB,zf-met,XPA_N,zf-H2C2_2,CxxC_CxxC_SSSS,zf-C2H2_6,BolA	NA
Q0VG99	HLH	NA
Q0VGA0	zf-C2H2_4,zf-H2C2_2,zf-C2H2,TP1	NA
Q0VGE8	zf-C2H2_4,C1_4,zf-C2H2,Prok-RING_1,C1_3,zf-C2H2_jaz,KRAB,zf-met,XPA_N,zf-H2C2_2,HTH_Tnp_ISL3,CxxC_CxxC_SSSS,Zn_Tnp_IS1595,C1_1,MBD,zf-C2H2_6,BolA	NA
Q0ZAK0	P53	NA
Q0ZAK1	P53,P53_TAD	NA
Q10586	bZIP_2,bZIP_1	NA
Q10587	Microtub_assoc,FlaC_arch,bZIP_2,bZIP_1,DUF2730	NA
Q12772	HLH	NA
Q12777	Homeobox_KN,Homeobox,QLQ,Pax7,HA	NA
Q12778	Fork_head	NA
Q12789	SelB-wing_2,B-block_TFIIIC	NA
Q12800	CP2,DUF2489	NA
Q12837	Pou,Homeobox,HTH_19,HTH_31,Homeobox_KN	NA
Q12857	HTH_29,MH1,NfI_DNAbd_pre-N,CTF_NFI	NA
Q12870	HLH	NA
Q12901	zf-C2H2_4,C1_4,zf-C2H2,GCC2_GCC3,zf-C2H2_jaz,KRAB,zf-met,XPA_N,zf-H2C2_2,CxxC_CxxC_SSSS,Myb_DNA-bind_6,zf-C2H2_6,BolA	NA
Q12946	Fork_head	NA
Q12947	Fork_head	NA
Q12948	Fork_head	NA
Q12950	Fork_head,Gly-zipper_OmpA	NA
Q12951	Fork_head	NA
Q12952	Fork_head	NA
Q12968	TIG,RHD	NA
Q13028	Homeobox,Homeobox_KN,Homez	NA
Q13088	zf-C2H2_4,zf-C2H2,zf-C2H2_jaz,DUF1610,zf-met,zf-H2C2_2,Homeobox,zf-C2H2_6	NA
Q13105	zf-C2H2_4,zf-RING_3,zf-C2H2,zf-BED,zf-C2H2_jaz,zf-met,XPA_N,zf-H2C2_2,zf-H2C2_5,BTB,HTH_18,zf-C2HC_2,C1_1,Zn_Tnp_IS1595,CxxC_CxxC_SSSS,zf-C2H2_2,zf-C2H2_6	NA
Q13106	zf-C2H2_4,zf-C2H2,UPF0547,YhfH,zf-C2H2_jaz,C1_3,XPA_N,zf-met,zf-H2C2_2,Yippee,C1_1,C1_4,TFIIS_C,HTH_Tnp_ISL3,Zn_Tnp_IS1595,zinc_ribbon_2,zf-C2H2_6,DUF2688,KRAB,LIM,DNA_RNApol_7kD,CxxC_CxxC_SSSS,BolA	NA
Q13118	zf-C2H2_4,zf-C2H2,zf-met,zf-H2C2_2,RRN7,AAA_33	NA
Q13129	zf-C2H2_4,zf-C2H2,zf-met;C2H2 ZF	8
Q13133	Hormone_recep,zf-C4	NA
Q13148	RRM_3,RRM_6,RRM_5,RRM_1	NA
Q13207	TBX,T-box	NA
Q13285	Hormone_recep,UPF0547,zf-C3HC4_2,zf-P11,zf-C4	NA
Q13342	SAND,Sp100,PHD,Bromodomain;SAND	1
Q13344	RRM_1,RRM_6,RRM_5,zf-RanBP	NA
Q13351	zf-C2H2_4,zf-C2H2,CHORD,zf-BED,zf-C2H2_jaz,zf-met,zf-H2C2_2,zf-H2C2_5	NA
Q13360	zf-C2H2_4,C1_4,zf-C2H2,DNA_RNApol_7kD,zf-C2H2_jaz,zf-trcl,KRAB,zf-met,XPA_N,zf-H2C2_2,CxxC_CxxC_SSSS,HTH_Tnp_ISL3,zf-C2HC_2,DUF1163,zf-C2H2_6,GATA,zf-LYAR	NA
Q13398	zf-C2H2_4,zf-C2H2,Zn_ribbon_recom,zf-C2H2_jaz,KRAB,zf-H2C2_2,CxxC_CxxC_SSSS,HTH_Tnp_ISL3,zinc_ribbon_2,Zn_Tnp_IS1595,zf-C2H2_6	NA
Q13422	zf-C2H2_4,zf-C2H2,zf-C2H2_jaz,zf-met,zf-H2C2_2,zf-C2H2_2,GAGA,AKAP95,zf-H2C2_5,zf-C2H2_6	NA
Q13461	Fork_head	NA
Q13469	TIG,RHD	NA
Q13485	IRF-3,MH2,MH1	NA
Q13516	Period_C,HLH	NA
Q13562	HLH,Merozoite_SPAM,DUF2146,Neuro_bHLH,CDC45,CDC27,DUF1742,DUF2890,Daxx,RRN3,Nop53	NA
Q13568	IRF,IRF-3	NA
Q13580	zf-C2H2_4,zf-C2H2,C1_3,zf-C2H2_jaz,zf-met2,zf-met,XPA_N,zf-H2C2_2,Yippee,Fer4_14,HypA,C1_1,NinG,A2L_zn_ribbon,C1_4,zf-CHY,zf-AN1,DUF2256,HTH_Tnp_ISL3,Zn_Tnp_IS1595,zf-C2H2_6,C1_2,Prok-RING_1,DUF1062,DUF2039,CpXC,zf-BED,zf-trcl,CxxC_CxxC_SSSS,Syja_N,DUF3222,DUF2175,BHD_1	NA
Q13582	zf-C2H2_4,Ribosomal_L37ae,zf-C2H2,zf-DNL,zf-C2H2_jaz,XPA_N,zf-met,zf-H2C2_2,Yippee,C1_1,C1_4,TFIIS_C,zf-CHY,zf-AN1,HTH_Tnp_ISL3,Zn_Tnp_IS1595,zf-C2H2_6,DUF1407,ZZ,LIM,zf-BED,zf-trcl,DUF1610,CxxC_CxxC_SSSS,DUF164,zf-LYAR	NA
Q13761	RunxI,Runt	NA
Q13765	RNA_pol_Rpo13,DUF2203,UBA,NAC	NA
Q13771	zf-C3HC4_2,Androgen_recep,Hormone_recep,zf-C4	NA
Q13835	Proteasom_PSMB,V-ATPase_H_C,HEAT,Arm,HEAT_EZ,Arm_2,HEAT_2	NA
Q13886	zf-C2H2_4,zf-C2H2,zf-BED,IBR,zf-TRAF,Rad50_zn_hook,zf-met,zf-H2C2_2	NA
Q13887	zf-C2H2_4,zf-C2H2,zf-BED,zf-C2H2_jaz,zf-met,zf-H2C2_2,zf-C2H2_6	NA
Q13901	Sas10_Utp3,Herpes_V23	NA
Q13950	FCP1_C,RunxI,FimP,DUF2828,DUF1501,TFIIA,PsbW,Spt20,Suf,Runt,Folliculin,Med15	NA
Q13952	Histone,CBFD_NFYB_HMF	NA
Q14025	Myb_DNA-bind_4,Myb_DNA-bind_6,RST,Myb_DNA-bind_2,LMSTEN,Spore_III_AB,Myb_DNA-binding	NA
Q14103	RRM_1,NID,RRM_6,CBFNT,RRM_3,RRM_5	NA
Q14119	zf-C2H2_4,DUF4407,BAF1_ABF1,zf-C2H2,FYVE,zf-BED,Prok-RING_1,zf-met,XPA_N,zf-H2C2_2,DZR,Med15,zf-FCS	NA
Q14151	RRM_1,RRM_6,DUF2803,SAP,RRM_5	NA
Q14186	DP,E2F_TDP	NA
Q14188	DP,E2F_TDP	NA
Q14190	SpaB_C,HLH,PAS,PAS_3,SIM_C,PAS_9,PAS_4	NA
Q14209	E2F_TDP	NA
Q14267	RFX_DNA_binding,Pox_D5,Oest_recep,zf-C4	NA
Q14268	Oest_recep,zf-C4	NA
Q14469	HLH,Hairy_orange	NA
Q14494	bZIP_2,bZIP_1,bZIP_Maf	NA
Q14526	zf-C2H2_4,C1_4,zf-C2H2,Prok-RING_1,zf-C2H2_jaz,zf-AN1,LIM,zf-met,zf-H2C2_2,CxxC_CxxC_SSSS,BTB,zf-C2H2_2,C1_1,zf-H2C2_5,SprT-like,zf-C2H2_6,zf-UBP,zf-LYAR	NA
Q14541	Foamy_virus_ENV,Hormone_recep,zf-C4	NA
Q14543	Homeobox,Terminase_5,Homeobox_KN	NA
Q14548	Homeobox	NA
Q14549	Homeobox,Upf2	NA
Q14582	HLH	NA
Q14584	zf-C2H2_4,zf-C2H2,TFIIS_C,zf-BED,DNA_RNApol_7kD,zf-C2H2_jaz,zf-trcl,XPA_N,zf-met,zf-H2C2_2,CxxC_CxxC_SSSS,HTH_Tnp_ISL3,Zn_Tnp_IS1595,C1_1,zf-C2H2_6	NA
Q14585	zf-C2H2_4,zf-C2H2,zf-C2H2_jaz,XPA_N,zf-met,zf-H2C2_2,NAPRTase,Yippee,C1_4,TFIIS_C,zf-AN1,HTH_Tnp_ISL3,Zn_Tnp_IS1595,zf-C2H2_6,FYVE,Prok-RING_1,DUF82,GATA,Rpr2,zf-BED,DNA_RNApol_7kD,zf-trcl,CxxC_CxxC_SSSS,zf-LYAR,BolA	NA
Q14586	zf-C2H2_4,C1_4,zf-C2H2,C1_3,zf-C2H2_jaz,KRAB,XPA_N,zf-met,zf-H2C2_2,CxxC_CxxC_SSSS,DUF3331,Zn_Tnp_IS1595,zf-C2H2_6,BolA	NA
Q14587	zf-C2H2_4,C1_4,zf-C2H2,zf-C2H2_jaz,KRAB,zf-H2C2_2,Yippee,CpXC,DrsE,zf-C2H2_6,IGPD	NA
Q14588	zf-C2H2_4,zf-C2H2,zf-C2H2_jaz,KRAB,zf-met,XPA_N,zf-H2C2_2,CxxC_CxxC_SSSS,ADK_lid,C1_1,GAGA,zf-C2H2_6,BolA;C2H2 ZF	18
Q14590	zf-C2H2_4,C1_4,zf-RING_3,zf-C2H2,zf-C2H2_jaz,zf-trcl,KRAB,zf-met,XPA_N,zf-H2C2_2,CxxC_CxxC_SSSS,Scramblase,zf-C2H2_6,BolA	NA
Q14592	zf-C2H2_4,zf-C2H2,zf-C2H2_jaz,XPA_N,zf-H2C2_2,zf-RING_3,zf-CHY,Chordopox_RPO7,Zn_Tnp_IS1595,zf-C2H2_6,zf-UBP,KRAB,WAC_Acf1_DNA_bd,LIM,zf-BED,zf-trcl,CxxC_CxxC_SSSS,FYDLN_acid,BHD_1,zf-LYAR,BolA	NA
Q14593	zf-C2H2_4,Glyco_transf_20,zf-C2H2,Desulfoferrod_N,TFIIS_C,DNA_RNApol_7kD,C1_3,zf-C2H2_jaz,zf-AN1,KRAB,XPA_N,zf-H2C2_2,CxxC_CxxC_SSSS,HTH_Tnp_ISL3,Zn_Tnp_IS1595,GAGA,zf-C2H2_6,BolA	NA
Q14653	IRF,IRF-3	NA
Q14663	Ig_2,LAG1-DNAbind,TIG,BTD	NA
Q14765	STAT_int,NPV_P10,STAT_bind,STAT_alpha,CRC_subunit,SH2	NA
Q14774	Homeobox,CDC45,Paf1	NA
Q14781	DUF755,Tudor-knot,Chromo	NA
Q147U1	zf-C2H2_4,zf-C2H2,Rpr2,Prok-RING_2,zf-BED,C1_3,zf-C2H2_jaz,zf-trcl,KRAB,XPA_N,zf-met,zf-H2C2_2,HTH_Tnp_ISL3,CxxC_CxxC_SSSS,Zn_Tnp_IS1595,zf-C2H2_6,IGPD	NA
Q14814	Pex14_N,HJURP_C,SRF-TF	NA
Q14863	Pou,Homeobox,HTH_32,Flu_NS1,HTH_31,Homeobox_KN	NA
Q14865	ARID	NA
Q14872	zf-C2H2_4,zf-C2H2,Marek_A,zf-C2H2_jaz,zf-H2C2_2	NA
Q14919	TAF4,Histone,CBFD_NFYB_HMF,DUF2201_N	NA
Q14929	zf-C2H2_4,zf-C2H2,Zn_ribbon_recom,zf-C2H2_jaz,zf-H2C2_2,C1_4,zf-RING_3,zf-C2H2_6,zf-UBP,KRAB,PHD,DZR,zf-trcl,DUF1610,CxxC_CxxC_SSSS,zf-C2HC_2,DUF164,CpXC,FYDLN_acid	NA
Q14934	TIG,RHD	NA
Q14938	MH1,NfI_DNAbd_pre-N,CTF_NFI	NA
Q14966	RRM_6,zf-C2H2_jaz,zf-met,AKAP95,RRM_5,RRM_1	NA
Q14994	Hormone_recep,Prok-RING_2,Mac,YdjO,PAPA-1,zf-C4	NA
Q14995	Hormone_recep,PAN_3,zf-C4	NA
Q14C61	zf-C2H2_4,zf-C2H2,YhfH,zf-C2H2_jaz,C1_3,XPA_N,zf-H2C2_2,C1_1,TFIIS_C,zf-AN1,HTH_Tnp_ISL3,Zn_Tnp_IS1595,zf-C2H2_6,zf-UBP,Prok-RING_1,KRAB,DZR,CxxC_CxxC_SSSS,BolA	NA
Q14DW8	Homeobox_KN,Homeobox,MerR_1,DUF3528	NA
Q15072	zf-C2H2_4,zf-C2H2,Zn_ribbon_recom,UPF0547,YhfH,zf-C2H2_jaz,XPA_N,zf-H2C2_2,Yippee,C1_1,C1_4,TFIIS_C,zf-AN1,HTH_Tnp_ISL3,Zn_Tnp_IS1595,zf-C2H2_6,Prok-RING_1,DUF2688,LIM,GATA,zf-BED,DNA_RNApol_7kD,zf-trcl,CxxC_CxxC_SSSS,Ribosomal_L44,BolA	NA
Q15109	Ig_2,I-set,ig,PepSY_TM_2,V-set,Ig_3,DUF1191,C2-set,C2-set_2	NA
Q15156	Hormone_recep,OmpH,DUF3583,zf-RING_LisH,Prok-RING_4,Cep57_CLD_2,MinE,zf-B_box,zf-C4	NA
Q15270	Homeobox	NA
Q152R5	T-box	NA
Q15319	Pou,Homeobox,HTH_19,HTH_31,Homeobox_KN	NA
Q15326	DUF4407,Activator-TraM,Bromodomain,Mitofilin,Carbpep_Y_N,PHD,SDH_alpha,zf-MYND,Spore_III_AB,PWWP	NA
Q15329	E2F_TDP	NA
Q15361	Myb/SANT	3
Q15406	Hormone_recep,zf-C4	NA
Q15424	SAP,RRM_6,RRM_5,RRM_1	NA
Q15475	HTH_3,Homez,Homeobox,KilA-N,Homeobox_KN	NA
Q15505	HMG_box,DUF1898,SOXp	NA
Q15552	zf-C2H2_4,zf-C2H2,zf-MYND,zinc_ribbon_5,zf-H2C2_2,Zn_Tnp_IS1595,zf-H2C2_5,DZR	NA
Q15560	Prok-RING_2,TFIIS_M,Med26,TFIIS_C	NA
Q15561	Myb_DNA-binding,TEA	NA
Q15562	Myb_DNA-binding,TEA	NA
Q15583	Homeobox,Homeobox_KN,LRS4,Homez	NA
Q15636	KRAB,SCAN	NA
Q15651	HMG14_17,TT_ORF2	NA
Q15672	HLH,Toxin_trans	NA
Q15697	zf-C2H2_4,C1_4,zf-C2H2,SCAN,DNA_RNApol_7kD,zf-C2H2_jaz,zf-trcl,XPA_N,zf-H2C2_2,CxxC_CxxC_SSSS,GAGA,C1_1,SprT-like,zf-C2H2_6,A2L_zn_ribbon	NA
Q15699	Homeobox,Staygreen,Homeobox_KN,OAR	NA
Q15723	Ets,Elf-1_N	NA
Q15744	V_ATPase_I,GAS,Phlebovirus_NSM,bZIP_2,bZIP_1,Myc-LZ	NA
Q15776	zf-C2H2_4,zf-C2H2,zf-C2H2_jaz,XPA_N,zf-met,zf-H2C2_2,Yippee,C1_1,SPX,C1_4,TFIIS_C,zf-AN1,HTH_Tnp_ISL3,Zn_Tnp_IS1595,zf-C2H2_6,FYVE,Prok-RING_1,KRAB,ZZ,DZR,SCAN,zf-BED,DNA_RNApol_7kD,zf-trcl,CxxC_CxxC_SSSS,CpXC,Ribosomal_L44,BolA	NA
Q15784	Spt5_N,HLH,Neuro_bHLH	NA
Q15796	IRF-3,MH2,MH1	NA
Q15853	DivIC,HLH,FlxA,DUF972,DUF2100,DUF827,HALZ,TACC,NEMO	NA
Q15911	zf-C2H2_4,zf-C2H2,MerR_1,zf-met,Homeobox,zf-C2H2_2,zf-C2H2_6,Homeobox_KN	NA
Q15915	zf-C2H2_4,zf-C2H2,zf-C2H2_jaz,zf-met,zf-H2C2_2,zf-C2H2_6	NA
Q15916	zf-C2H2_4,zf-C2H2,zf-BED,zf-C2H2_jaz,zf-met,zf-H2C2_2,BTB,zf-C2H2_2,zf-C2H2_6,zf-UBP,zf-LYAR	NA
Q15917	zf-C2H2_4,C1_4,zf-C2H2,Prok-RING_1,zf-C2H2_jaz,XPA_N,zf-H2C2_2,CxxC_CxxC_SSSS,HTH_Tnp_ISL3,Yippee,Zn_Tnp_IS1595,Chordopox_RPO7,GAGA,zf-C2H2_6	NA
Q15924	zf-C2H2_4,zf-C2H2,zf-C2H2_jaz,zf-met,zf-H2C2_2,zf-C2H2_6	NA
Q15927	zf-C2H2_4,Elf1,zf-C2H2,C1_2,Desulfoferrod_N,FYVE,zf-trcl,zf-HIT,XPA_N,zf-H2C2_2,Ribosomal_S14,CxxC_CxxC_SSSS,Zn_Tnp_IS1595,C1_1,DUF2321,zf-C2H2_6	NA
Q15928	zf-C2H2_4,zf-C2H2,C1_3,zf-C2H2_jaz,zf-trcl,zf-AN1,KRAB,XPA_N,zf-H2C2_2,CxxC_CxxC_SSSS,HTH_Tnp_ISL3,DUF164,C1_1,Zn_Tnp_IS1595,GAGA,RRN7,zf-C2H2_6	NA
Q15930	zf-C2H2_4,C1_4,zf-C2H2,Desulfoferrod_N,TFIIS_C,zf-CSL,DNA_RNApol_7kD,zf-BED,zf-C2H2_jaz,zf-AN1,XPA_N,zf-H2C2_2,CxxC_CxxC_SSSS,DZR,zf-Mss51,zf-C2H2_6,A2L_zn_ribbon	NA
Q15933	zf-C2H2_4,zf-C2H2,Evr1_Alr,C1_3,zf-C2H2_jaz,YhfH,XPA_N,zf-met,zf-H2C2_2,A2L_zn_ribbon,C1_4,TFIIS_C,zf-AN1,DUF983,HTH_Tnp_ISL3,Zn_Tnp_IS1595,DUF2321,zf-MYND,zf-Mss51,zf-C2H2_6,DUF2688,Tnp_zf-ribbon_2,ZZ,LIM,GATA,zf-BED,DNA_RNApol_7kD,zf-trcl,CxxC_CxxC_SSSS,HTH_18,FYDLN_acid,Ribosomal_L44,zf-LYAR,BolA	NA
Q15934	zf-C2H2_4,DUF2225,zf-C2H2,zf-C2H2_jaz,zf-met,zf-H2C2_2,zf-C2H2_6	NA
Q15935	zf-C2H2_4,zf-C2H2,YEATS,zf-C2H2_jaz,zf-CHY,KRAB,ARS2,zf-H2C2_2,CxxC_CxxC_SSSS,HTH_18,Zn_Tnp_IS1595,zf-C2H2_6	NA
Q15937	zf-C2H2_4,C1_4,zf-C2H2,Zn_ribbon_recom,TFIIS_C,DNA_RNApol_7kD,C1_3,zf-C2H2_jaz,YhfH,KRAB,XPA_N,zf-H2C2_2,CxxC_CxxC_SSSS,HTH_Tnp_ISL3,Zn_Tnp_IS1595,zf-MYND,zf-C2H2_6,BolA	NA
Q15973	zf-C2H2_4,C1_4,zf-C2H2,zf-C2H2_jaz,KRAB,zf-H2C2_2,CxxC_CxxC_SSSS,zf-C2H2_6	NA
Q16124	Homeobox,DUF2209	NA
Q16236	bZIP_2,bZIP_1,bZIP_Maf	NA
Q16254	DivIC,ATG16,E2F_TDP,DUF3584	NA
Q16324	Ets	NA
Q16365	Elf1,DUF2387,BaffR-Tall_bind,Golgin_A5,ArfGap,CxxC_CxxC_SSSS,eIF-5_eIF-2B,GATA-N,TF_Zn_Ribbon,Zn_Tnp_IS1595,Prim_Zn_Ribbon,DZR,GATA	NA
Q16423	Homeobox	NA
Q16509	HLH,DUF2763	NA
Q16533	SNAPc_SNAP43	NA
Q16534	bZIP_2,bZIP_1,Shugoshin_N	NA
Q16559	PMBR,HLH	NA
Q16587	zf-C2H2_4,C1_4,zf-C2H2,Zn_ribbon_recom,zf-CHY,KRAB,zf-H2C2_2,CxxC_CxxC_SSSS,Zn_Tnp_IS1595,zf-C2H2_6	NA
Q16594	Bromo_TP,Histone,CBFD_NFYB_HMF,TFIID-31kDa,AAA_32	NA
Q16600	zf-C2H2_4,C1_4,zf-C2H2,DNA_RNApol_7kD,zf-C2H2_jaz,XPA_N,zf-H2C2_2,CxxC_CxxC_SSSS,Yippee,HTH_Tnp_ISL3,zf-C2HC_2,CpXC,zf-C2H2_6	NA
Q16621	DUF2248,bZIP_Maf,bZIP_2,Hemerythrin,bZIP_1	NA
Q16649	Vert_IL3-reg_TF,bZIP_2,bZIP_1,IncA	NA
Q16650	T-box	NA
Q16656	Nrf1_DNA-bind,DUF3459,Nrf1_activ_bdg	NA
Q16665	HIF-1,HIF-1a_CTAD,PAS,HLH,PAS_3,PAS_9,PAS_4,Dicty_REP	NA
Q16666	HIN,tRNA_anti,GET2,PYRIN	NA
Q16676	Fork_head,PGA2	NA
Q17R98	C2H2 ZF	3
Q17RH7	Homeobox,Terminase_5,Homeobox_KN,Nucleo_P87	NA
Q17RW3	zf-C2H2_4,C1_4,DUF1768,zf-C2H2,Zn_ribbon_recom,TFIIS_C,DNA_RNApol_7kD,zf-C2H2_jaz,zf-trcl,XPA_N,zf-H2C2_2,CxxC_CxxC_SSSS,HTH_Tnp_ISL3,Yippee,Zn_Tnp_IS1595,CpXC,zf-C2H2_6	NA
Q1M183	GVQW,AT_hook	NA
Q1MSW8	P53,DEC-1_N,P53_TAD	NA
Q1MSW9	P53,DEC-1_N,P53_TAD	NA
Q1MSX0	P53_tetramer,P53,DEC-1_N,P53_TAD,Hanta_G2	NA
Q1PHK2	zf-C2H2_4,zf-C2H2,CHORD,zf-C2H2_jaz,EpoR_lig-bind,zf-met,zf-H2C2_2	NA
Q1PHK3	zf-C2H2_4,zf-C2H2,CHORD,zf-C2H2_jaz,EpoR_lig-bind,zf-met,zf-H2C2_2	NA
Q1PHK4	zf-C2H2_4,zf-C2H2,zf-C2H2_jaz,EpoR_lig-bind,zf-met,zf-H2C2_2	NA
Q1RMZ5	zf-C2H2_4,zf-C2H2,zf-C2H2_jaz,zf-met,zf-H2C2_2,BTB,GAGA,zf-C2HC_2,zf-C2H2_6	NA
Q1W386	Homeobox_KN,Homeobox,PAX	NA
Q24JS6	zf-C2H2_4,C1_4,DUF1806,zf-RING_3,zf-C2H2,Rpr2,BHD_1,zf-C2H2_jaz,zf-trcl,KRAB,zf-met2,XPA_N,zf-H2C2_2,CxxC_CxxC_SSSS,DUF82,Zn_Tnp_IS1595,zf-C2H2_6	NA
Q25QX8	zf-C2H2_4,zf-C2H2,BHD_1,zf-C2H2_jaz,KRAB,zf-met,zf-H2C2_2,CxxC_CxxC_SSSS,Yippee,zf-C2HC_2,zf-C2H2_6,zf-LYAR,BolA	NA
Q29RW8	zf-C2H2_4,zf-C2H2,Zn_ribbon_recom,UPF0547,zf-ribbon_3,YhfH,zf-C2H2_jaz,zf-met,XPA_N,zf-H2C2_2,Yippee,GAGA,C1_1,C1_4,zf-RING_3,TFIIS_C,zf-AN1,HTH_Tnp_ISL3,Zn_Tnp_IS1595,zf-C2H2_6,zinc_ribbon_2,Prok-RING_1,KRAB,LIM,DNA_RNApol_7kD,zf-BED,CxxC_CxxC_SSSS,CpXC,Ribosomal_L44,BolA	NA
Q2A130	zf-H2C2_2,Transposase_22,KRAB	NA
Q2KHR2	Cdc6_C,RFX_DNA_binding,Pox_D5	NA
Q2L4T1	HTH_29,HTH_28,HTH_32,HTH_23,PAX	NA
Q2L6I0	zf-CCCH,Med26	NA
Q2M1I7	zf-C2H2_4,C1_4,zf-C2H2,Desulfoferrod_N,DNA_RNApol_7kD,C1_3,zf-C2H2_jaz,Prok-RING_1,XPA_N,zf-H2C2_2,CxxC_CxxC_SSSS,HTH_Tnp_ISL3,SprT-like,zf-C2H2_6,BolA	NA
Q2M1K9	zf-C2H2_4,CdhC,zf-C2H2,zf-C2H2_jaz,zf-met,zf-H2C2_2,zf-C2H2_2,zf-C2H2_6	NA
Q2M1V0	Homeobox,HA,Homeobox_KN	NA
Q2M218	zf-C2H2_4,C1_4,zf-C2H2,DNA_RNApol_7kD,zf-C2H2_jaz,KRAB,zf-H2C2_2,Yippee,HTH_Tnp_ISL3,CxxC_CxxC_SSSS,DUF2039,zf-C2H2_6	NA
Q2M3W8	zf-C2H2_4,C1_4,zf-C2H2,zf-BED,zf-C2H2_jaz,KRAB,zf-H2C2_2,CxxC_CxxC_SSSS,Ring_hydroxyl_B,Baculo_IE-1,Zn_Tnp_IS1595,zf-C2H2_6	NA
Q2M3X9	zf-C2H2_4,zf-C2H2,zf-C2H2_jaz,XPA_N,zf-H2C2_2,Yippee,C1_1,DUF899,C1_4,TFIIS_C,HTH_Tnp_ISL3,Zn_Tnp_IS1595,zf-C2H2_6,KRAB,Siva,LIM,DNA_RNApol_7kD,CxxC_CxxC_SSSS,BolA	NA
Q2NKJ9	zf-C2H2_4,zf-C2H2,C1_3,zf-C2H2_jaz,XPA_N,zf-H2C2_2,HTH_Tnp_ISL3,Zn_Tnp_IS1595,zf-C2H2_6,Desulfoferrod_N,ROS_MUCR,KRAB,ADK_lid,SprT-like,DNA_RNApol_7kD,DUF1610,CxxC_CxxC_SSSS,DUF164,Rep_fac-A_C,BolA	NA
Q2NLC9	DUF3276,PurA	NA
Q2NLD4	DUF3276,PurA	NA
Q2QGD7	C2H2 ZF	9
Q2T9G7	zf-C2H2_4,zf-C2H2,Rpr2,Zn_ribbon_recom,zf-C2H2_jaz,KRAB,zf-H2C2_2,CxxC_CxxC_SSSS,Yippee,HTH_Tnp_ISL3,Zn_Tnp_IS1595,zf-H2C2_5,zf-C2H2_6	NA
Q2T9G8	zf-C2H2_4,zf-C2H2,Rpr2,Zn_ribbon_recom,TFIIS_C,zf-C2H2_jaz,XPA_N,zf-H2C2_2,CxxC_CxxC_SSSS,Yippee,HTH_Tnp_ISL3,Zn_Tnp_IS1595,zf-H2C2_5,zf-C2H2_6	NA
Q2T9L5	HMG_box,DUF1898,HTH_24	NA
Q2TAM5	RHD	NA
Q2TB10	zf-C2H2_4,zf-C2H2,zf-C2H2_jaz,zf-met,zf-H2C2_2,zf-C2H2_2,zf-H2C2_5,zf-C2H2_6;C2H2 ZF	4
Q2TB61	zf-C2H2_4,C1_4,zf-C2H2,zf-C2H2_jaz,KRAB,zf-H2C2_2,Yippee,CpXC,zf-C2H2_6,IGPD	NA
Q2VP97	zf-C2H2_4,C1_4,zf-C2H2,DUF2180,zinc_ribbon_5,zf-C2H2_jaz,Trm112p,zinc_ribbon_4,zf-H2C2_2,CxxC_CxxC_SSSS,FYDLN_acid,zf-C2H2_6,Ribosomal_L31,zf-DNA_Pol	NA
Q2VY69	zf-C2H2_4,zf-C2H2,zf-C2H2_jaz,KRAB,XPA_N,zf-H2C2_2,CxxC_CxxC_SSSS,zf-C2H2_6,IGPD,BolA	NA
Q2XSC7	P53_tetramer,P53,DEC-1_N,P53_TAD	NA
Q2XU31	PAX	NA
Q2XU32	Slp,PAX,HTH_Tnp_IS1	NA
Q32LY2	HLH	NA
Q32M51	zf-C2H2_4,zf-C2H2,Zn_Tnp_IS1,zf-C2H2_jaz,zf-H2C2_2,Macoilin,RRN7,zf-C2H2_6	NA
Q32M78	zf-C2H2_4,C1_4,zf-C2H2,zf-BED,zf-C2H2_jaz,zf-trcl,KRAB,Nepo_coat,XPA_N,zf-H2C2_2,CxxC_CxxC_SSSS,HTH_Tnp_ISL3,HTH_18,Zn_Tnp_IS1595,zf-C2H2_6;C2H2 ZF	16
Q32MA5	zf-C2H2_4,zf-C2H2,zf-C2H2_jaz,zf-met,zf-H2C2_2,zf-H2C2_5,zf-C2H2_6,GATA	NA
Q32MK9	zf-C2H2_4,zf-C2H2,C1_2,zf-C2H2_jaz,zf-met,zf-H2C2_2,GAGA,C1_1,zf-C2H2_6	NA
Q32MN6	TBP,Pollen_allerg_2,DUF3378	NA
Q32MN7	Otopetrin,DUF702,TFIIA,Spore_coat_CotO,Neur_chan_memb,DUF106,DUF1501,SAGA-Tad1,FemAB,BRF1,Med15,Tim54,Cellulose_synt,Pex16,FLO_LFY,DUF1675,DUF2215,DUF966,TBP,Lin-8,Hid1,Ycf1,DUF4045,Ndc1_Nup,Hom_end_hint,RR_TM4-6,Plasmodium_Vir,OAD_gamma,Gti1_Pac2	NA
Q32Q63	zf-C2H2_4,zf-RING_3,zf-C2H2,Zn_ribbon_recom,zf-C2H2_jaz,zf-met,zf-H2C2_2,CxxC_CxxC_SSSS,HypA,zf-C2H2_2,zf-C2HC_2,zf-H2C2_5,zf-C2H2_6	NA
Q33E94	RFX_DNA_binding,Pox_D5	NA
Q3B799	zf-C2H2_4,C1_4,zf-C2H2,zf-C2H2_jaz,zf-AN1,KRAB,XPA_N,zf-H2C2_2,HTH_Tnp_ISL3,Siva,CxxC_CxxC_SSSS,Zn_Tnp_IS1595,HTH_18,zf-H2C2_5,XS,zf-C2H2_6,GATA,BolA	NA
Q3B832	Homeobox,Taeniidae_ag,HTH_32,HTH_23,Homeobox_KN	NA
Q3B8N5	Prox1	NA
Q3C1V8	Homeobox,Homez	NA
Q3KNR4	Homeobox_KN,Homeobox,PAX	NA
Q3KNR5	Homeobox_KN,Homeobox,PAX	NA
Q3KNS6	zf-C2H2_4,C1_4,zf-C2H2,C1_2,Prok-RING_2,zf-BED,zf-C2H2_jaz,KRAB,zf-met,XPA_N,zf-H2C2_2,CxxC_CxxC_SSSS,HTH_Tnp_ISL3,Yippee,Zn_Tnp_IS1595,zf-C2H2_6,GATA,BolA	NA
Q3KNT2	Ets	NA
Q3KNW1	zf-C2H2_4,Elf1,zf-C2H2,zf-CHCC,zf-BED,zf-C2H2_jaz,zf-met,zf-H2C2_2,CxxC_CxxC_SSSS,zf-C2H2_2,Zn_Tnp_IS1595,DAP10,zf-C2H2_6	NA
Q3KP31	zf-C2H2_4,C1_4,zf-C2H2,YEATS,C1_2,C1_3,zf-C2H2_jaz,zf-trcl,zf-AN1,KRAB,zf-met,zf-H2C2_2,CxxC_CxxC_SSSS,HTH_Tnp_ISL3,Zn_Tnp_IS1595,zf-C2H2_6	NA
Q3KQV3	zf-C2H2_4,zf-C2H2,zf-C2H2_jaz,KRAB,zf-H2C2_2,CxxC_CxxC_SSSS,HTH_Tnp_ISL3,Yippee,Zn_Tnp_IS1595,C1_1,zf-H2C2_5,GAGA,zf-C2H2_6	NA
Q3KR11	zf-C2H2_4,zf-C2H2,DUF3669,zf-C2H2_jaz,C1_3,DUF1898,zf-met,zf-H2C2_2,Yippee,C1_1,C1_4,zf-RING_3,HTH_Tnp_ISL3,Zn_Tnp_IS1595,zf-C2H2_6,KRAB,DZR,PhnA_Zn_Ribbon,Elf1,DUF3268,DNA_RNApol_7kD,CxxC_CxxC_SSSS,CpXC	NA
Q3LIB3	DUF2924	NA
Q3LIC1	zf-C2H2_4,Ribosomal_L37ae,zf-C2H2,NifU_N,Prok-RING_2,YhfH,zf-C2H2_jaz,XPA_N,zf-met,zf-H2C2_2,Yippee,C1_4,TFIIS_C,HTH_Tnp_ISL3,Zn_Tnp_IS1595,zf-C2H2_6,zinc_ribbon_2,IGPD,C1_2,Nepo_coat,zf-H2C2_5,LIM,GATA,Rpr2,PRP21_like_P,GGDN,zf-BED,DNA_RNApol_7kD,zf-trcl,CxxC_CxxC_SSSS,zf-C2H2_2,CpXC,Ribosomal_L44	NA
Q3MI94	zf-C2H2_4,zf-C2H2,C1_3,zf-C2H2_jaz,YhfH,XPA_N,zf-met,zf-H2C2_2,C1_1,TFIIS_C,HTH_Tnp_ISL3,Zn_Tnp_IS1595,zf-C2H2_6,Desulfoferrod_N,Prok-RING_1,ZZ,DNA_RNApol_7kD,zf-trcl,CxxC_CxxC_SSSS,HTH_18,BolA	NA
Q3MI95	Fork_head	NA
Q3MIS6	zf-C2H2_4,C1_4,Katanin_con80,zf-C2H2,C1_3,zf-C2H2_jaz,BHD_2,KRAB,XPA_N,zf-H2C2_2,HTH_Tnp_ISL3,CxxC_CxxC_SSSS,DUF309,DUF2856,C1_1,Zn_Tnp_IS1595,zf-C2H2_6,BolA	NA
Q3MJ62	zf-C2H2_4,zf-C2H2,Zn_ribbon_recom,C1_3,zf-C2H2_jaz,XPA_N,zf-met,zf-H2C2_2,Yippee,C1_1,Pyr_redox_3,C1_4,zf-AN1,HTH_Tnp_ISL3,Zn_Tnp_IS1595,zf-C2H2_6,C1_2,DUF1407,FYVE,Siva,DZR,LIM,Rpr2,SCAN,DNA_RNApol_7kD,zf-trcl,CxxC_CxxC_SSSS,Ribosomal_L44	NA
Q3MN16	zf-C2H2_4,zf-C2H2_6,EutQ,zf-C2H2	NA
Q3SB16	FadA,DUF1140,zf-C4	NA
Q3SWV5	TFIIIC_sub6	NA
Q3SXZ3	zf-C2H2_4,zf-C2H2,Prok-RING_2,C1_3,zf-C2H2_jaz,Ogr_Delta,YhfH,XPA_N,zf-H2C2_2,C1_1,C1_4,TFIIS_C,zf-AN1,HTH_Tnp_ISL3,Zn_Tnp_IS1595,zf-C2H2_6,Desulfoferrod_N,Prok-RING_1,DUF2688,KRAB,ADK_lid,DNA_RNApol_7kD,zf-trcl,DUF1610,CxxC_CxxC_SSSS,DUF164,FYDLN_acid	NA
Q3SY52	zf-C2H2_4,zf-C2H2,zinc_ribbon_5,DNA_RNApol_7kD,zf-C2H2_jaz,KRAB,XPA_N,zf-H2C2_2,HTH_Tnp_ISL3,CxxC_CxxC_SSSS,zinc_ribbon_2,Zn_Tnp_IS1595,zf-C2HC_2,Yippee,zf-C2H2_6	NA
Q3SY56	zf-C2H2_4,zf-C2H2,zf-C2H2_jaz,zf-met,zf-H2C2_2,zf-C2H2_2,RRN7,zf-C2H2_6	NA
Q3SY65	Sgf11,DUF581,Homeobox,zf-dskA_traR,LIM,Homeobox_KN	NA
Q3SYB3	Fork_head	NA
Q3ZCM9	Homeobox,Homeobox_KN,Homez	NA
Q3ZCT1	zf-C2H2_4,C1_4,zf-C2H2,zf-BED,DNA_RNApol_7kD,zf-C2H2_jaz,zf-H2C2_2,CxxC_CxxC_SSSS,HTH_Tnp_ISL3,Yippee,Zn_Tnp_IS1595,C1_1,DUF1528,Chordopox_RPO7,DUF899,zf-C2H2_6,LIM	NA
Q3ZCT4	HLH,PAS,PAS_3,PAS_9,RNA_pol_Rpb4	NA
Q3ZCX4	zf-C2H2_4,C1_4,zf-C2H2,zf-BED,zf-C2H2_jaz,zf-AN1,KRAB,Rapsyn_N,zf-H2C2_2,CxxC_CxxC_SSSS,HTH_Tnp_ISL3,Yippee,Zn_Tnp_IS1595,zf-C2H2_6,GATA,BolA;C2H2 ZF	15
Q494X3	zf-C2H2_4,C1_4,zf-C2H2,DUF3280,zf-C2H2_jaz,KRAB,XPA_N,Rapsyn_N,zf-H2C2_2,CxxC_CxxC_SSSS,Zn_Tnp_IS1595,zf-C2H2_6,GATA	NA
Q495G0	Cmyb_C,Myb_DNA-bind_6,LMSTEN,Spore_III_AB,Myb_DNA-binding	NA
Q498Y4	Fork_head	NA
Q499G5	UPF0122,E2F_TDP	NA
Q499G6	Herpes_IE68,GTF2I	NA
Q499Z4	zf-C2H2_4,zf-RING_3,zf-C2H2,zf-C2H2_jaz,zf-met,zf-H2C2_2,zf-C2HC_2,zf-C2H2_6,PhnA_Zn_Ribbon;C2H2 ZF	14
Q49A12	zf-C2H2_4,zf-C2H2,YEATS,Prok-RING_2,C1_3,zf-C2H2_jaz,BHD_2,XPA_N,zf-H2C2_2,GAGA,C1_4,zf-CHY,HTH_Tnp_ISL3,Zn_Tnp_IS1595,zf-C2H2_6,SprT-like,DNA_RNApol_7kD,zf-trcl,CxxC_CxxC_SSSS,BolA	NA
Q49A26	AT hook	1
Q49A33	zf-C2H2_4,zf-C2H2,Zn_ribbon_recom,Evr1_Alr,Prok-RING_2,HTH_Tnp_IS66,C1_3,zf-C2H2_jaz,Ogr_Delta,YhfH,XPA_N,zf-H2C2_2,HypA,GAGA,C1_1,C1_4,TFIIS_C,HNH,zf-AN1,DUF2256,HTH_Tnp_ISL3,YyzF,Zn_Tnp_IS1595,DUF2321,RRN7,zf-Mss51,zf-C2H2_6,DUF2175,zf-MYND,C1_2,Desulfoferrod_N,DUF1407,FYVE,Prok-RING_1,zf-HIT,Tnp_zf-ribbon_2,PHD,ZZ,SprT-like,LIM,DNA_RNApol_7kD,zf-trcl,DUF1610,CxxC_CxxC_SSSS,DUF164,CpXC,FYDLN_acid,Ribosomal_L44,zf-LYAR	NA
Q49AA0	zf-C2H2_4,C1_4,zf-C2H2,SCAN,DUF1187,zf-C2H2_jaz,KRAB,zf-met,zf-H2C2_2,CxxC_CxxC_SSSS,Zn_Tnp_IS1595,zf-C2H2_6,GATA	NA
Q49AG3	BED ZF	1
Q4FD37	zf-C2H2_4,zf-RING_3,zf-C2H2,zf-CHCC,zinc_ribbon_5,DUF680,XPA_N,zf-H2C2_2,Zn_Tnp_IS1595,zf-MYND,DZR	NA
Q4G0T0	zf-C2H2_4,Elf1,zf-C2H2,Zn_Tnp_IS1,zf-BED,zf-C2H2_jaz,zf-met,zf-H2C2_2,zf-C2H2_2,zf-C2HC_2,zf-H2C2_5,RRN7,zf-C2H2_6	NA
Q4G112	HSF_DNA-bind	NA
Q4G131	zf-C2H2_4,zf-C2H2,Prok-RING_2,C1_3,zf-C2H2_jaz,zf-trcl,KRAB,XPA_N,zf-H2C2_2,CxxC_CxxC_SSSS,HTH_Tnp_ISL3,Zn_Tnp_IS1595,ADK_lid,SprT-like,zf-C2H2_6	NA
Q4G137	zf-C2H2_4,zf-C2H2,C1_3,zf-C2H2_jaz,zf-met,XPA_N,zf-H2C2_2,HypA,C1_4,zf-AN1,HTH_Tnp_ISL3,Zn_Tnp_IS1595,zf-C2H2_6,KRAB,Siva,Prim_Zn_Ribbon,LIM,GATA,zf-BED,CxxC_CxxC_SSSS,zf-C2HC_2,zf-LYAR	NA
Q4G180	zf-C2H2_4,zf-C2H2,Desulfoferrod_N,Prok-RING_2,DNA_RNApol_7kD,C1_3,zf-C2H2_jaz,zf-trcl,zf-AN1,KRAB,XPA_N,zf-met,zf-H2C2_2,CxxC_CxxC_SSSS,HTH_Tnp_ISL3,Zn_Tnp_IS1595,DUF164,zf-C2H2_6	NA
Q4G1C8	KRAB,SCAN,zf-met	NA
Q4JHB5	Fork_head	NA
Q4JHB6	Fork_head	NA
Q4JHB7	Fork_head	NA
Q4JI39	HMG_box,DUF1908,DUF1898	NA
Q4KMQ4	zf-C2H2_4,zf-C2H2,zf-C2H2_jaz,zf-met,Rad50_zn_hook,zf-H2C2_2,zf-H2C2_5	NA
Q4KR72	Homeobox,HoxA13_N,Homeobox_KN	NA
Q4LE39	RBB1NT,ARID,Tudor-knot	NA
Q4LE49	ARID	NA
Q4LE66	Pex14_N,HJURP_C,SRF-TF	NA
Q4V348	zf-C2H2_4,C1_4,zf-C2H2,DUF3280,zf-C2H2_jaz,Ham1p_like,zf-met,XPA_N,zf-H2C2_2,CxxC_CxxC_SSSS,HTH_Tnp_ISL3,Zn_Tnp_IS1595,zf-C2H2_6,zf-LYAR	NA
Q4VAU3	CC,Homeobox,Homeobox_KN,Caudal_act	NA
Q4VAU5	Homeobox,CC	NA
Q4VC44	FLYWCH	5
Q4W4C6	PPARgamma_N,DUF1319,zf-C4	NA
Q4W4C7	PPARgamma_N,DUF1319,zf-C4	NA
Q4W5E8	DUF2256,OrfB_Zn_ribbon,zf-C4	NA
Q4W5N2	zf-C2H2_4,zf-C2H2,Prok-RING_2,C1_3,zf-C2H2_jaz,XPA_N,zf-met,zf-H2C2_2,GAGA,C1_1,C1_4,TFIIS_C,zf-AN1,HTH_Tnp_ISL3,Zn_Tnp_IS1595,RRN7,zf-C2H2_6,zf-trcl,CxxC_CxxC_SSSS,DUF164,FYDLN_acid	NA
Q4ZG79	zf-C2H2_4,zf-C2H2,zf-C2H2_jaz,zf-met,zf-H2C2_2,zf-H2C2_5	NA
Q504V9	zf-C2H2_4,PyrI_C,zf-C2H2,zf-C2H2_jaz,zf-met,zf-H2C2_2,zf-C2H2_2,GAGA,zf-C2H2_6,BolA	NA
Q52MX7	HMG_box,DUF1908,DUF1898	NA
Q52MX8	HMG_box,DUF1908,DUF1898	NA
Q52MX9	HMG_box,DUF1908,DUF1898	NA
Q52MY0	HMG_box,DUF1908,DUF1898	NA
Q52MY1	HMG_box,DUF1898	NA
Q52MY2	HMG_box,DUF1898	NA
Q52MY3	HMG_box,DUF1898	NA
Q53EK5	T-box	NA
Q53EL4	Hormone_recep,zf-C4	NA
Q53EM1	zf-C2H2_4,zf-RING_3,zf-C2H2,zf-BED,zf-C2H2_jaz,zf-met,XPA_N,zf-H2C2_2,zf-H2C2_5,BTB,HTH_18,zf-C2HC_2,C1_1,Zn_Tnp_IS1595,CxxC_CxxC_SSSS,zf-C2H2_2,zf-C2H2_6	NA
Q53EM3	zf-C2H2_4,C1_4,zf-C2H2,DNA_RNApol_7kD,zf-C2H2_jaz,zf-trcl,KRAB,zf-H2C2_2,Yippee,HTH_18,FYDLN_acid,zf-C2H2_6,zf-UBP	NA
Q53EQ6	CENPB	1
Q53ER5	Sox_C_TAD,DUF1898,HMG_box,YABBY	NA
Q53EU0	HLH,PAS,PAS_9,PAS_3	NA
Q53EU2	Elf1,DUF2387,CxxC_CxxC_SSSS,eIF-5_eIF-2B,GATA-N,TF_Zn_Ribbon,Zn_Tnp_IS1595,Prim_Zn_Ribbon,DZR,GATA	NA
Q53EV3	HMG_box,DUF1898,LOH1CR12	NA
Q53EW1	PPARgamma_N,Hormone_recep,zf-C4	NA
Q53EW3	RFX_DNA_binding,Pox_D5	NA
Q53F30	HLH,PAS_4,PAS,PAS_3	NA
Q53F47	Matrix,Histone,CBFD_NFYB_HMF	NA
Q53F65	SAM_PNT,Ets	NA
Q53F82	TrmB,BRCA-2_OB3,E2F_TDP	NA
Q53FG3	DZF	NA
Q53FM1	zf-C2H2_4,zf-C2H2,CHORD,zf-C2H2_jaz,zf-met,zf-H2C2_2,zf-C2HC_2	NA
Q53FW7	SAM_PNT,Ets,GABP-alpha	NA
Q53FX2	TrmB,BRCA-2_OB3,E2F_TDP	NA
Q53FZ4	Hormone_recep,zf-C4	NA
Q53GI3	zf-C2H2_4,C1_4,zf-C2H2,SCAN,Prok-RING_1,DNA_RNApol_7kD,KRAB,XPA_N,zf-H2C2_2,CxxC_CxxC_SSSS,HTH_Tnp_ISL3,FYDLN_acid,zf-C2H2_6,BolA	NA
Q53GI4	Myb_DNA-binding,TEA	NA
Q53GN9	Homeobox,Homeobox_KN	NA
Q53HP8	PspA_IM30,Jun,bZIP_Maf,bZIP_2,DUF904,Jnk-SapK_ap_N,bZIP_1	NA
Q53HT3	HSF_DNA-bind,DUF972,DUF247,NPV_P10,Vert_HS_TF,DUF2365,YlbD_coat,Nnf1	NA
Q53QP1	zf-C2H2_4,zf-C2H2,DNA_RNApol_7kD,zf-C2H2_jaz,zf-H2C2_2,zf-C2H2_6	NA
Q53QU8	zf-C2H2_4,zf-C2H2,zf-BED,zf-C2H2_jaz,zf-met2,zf-met,zf-H2C2_2,RRN7,zf-C2H2_6	NA
Q53QZ9	Adeno_E1A,GATA	NA
Q53RU9	bZIP_2,bZIP_1,MHC_II_beta	NA
Q53S87	STAT_int,NPV_P10,STAT_bind,STAT_alpha,CRC_subunit,SH2	NA
Q53SM6	HIF-1,HIF-1a_CTAD,PAS,HLH,PAS_3,PAS_9,PAS_4	NA
Q53SU3	Homeobox,Homeobox_KN,Homez	NA
Q53SU9	zf-C2H2_4,Elf1,zf-C2H2,zf-MYND,zf-C2H2_jaz,zf-TRAF,zf-met,zf-H2C2_2,DZR,CxxC_CxxC_SSSS,GAGA,C1_1,zf-H2C2_5,RRN7,zf-C2H2_6	NA
Q53T87	Chorion_3,CTNNB1_binding	NA
Q53T94	RRN7	NA
Q53TD0	SAND,HMG_box,DUF1898,Sp100,DUF3195	NA
Q53TD9	zf-C2H2_4,zf-C2H2,zf-C2H2_jaz,zf-met,zf-H2C2_2,Homeobox,zf-C2H2_2,zf-H2C2_5,zf-C2H2_6	NA
Q53X93	pKID,MHC_II_beta,bZIP_Maf,bZIP_2,bZIP_1	NA
Q53XI4	Homeobox,Homeobox_KN	NA
Q53XR6	IRF-3,MH2,MH1	NA
Q53Y49	Fork_head	NA
Q53Y73	Homeobox,Homeobox_KN,DLL_N	NA
Q53YC7	CENP-B_N,NUC130_3NT,Sec15,DUF1319,HTH_3,UCH,Homez,HTH_26,Homeobox,HTH_19,PBC,Homeobox_KN	NA
Q53YD1	DivIC,DUF1003,DUF2201_N,GAS,IFP_35_N,CDC45,Phlebovirus_NSM,T2SF,IncA,Peptidase_S64,bZIP_2,Atg14,RR_TM4-6,HALZ,Bap31,bZIP_1,DUF3450	NA
Q53YM3	TrmB,BRCA-2_OB3,E2F_TDP	NA
Q53Z40	zf-C2H2_4,zf-C2H2,YhfH,zf-C2H2_jaz,XPA_N,zf-H2C2_2,Yippee,HypA,zinc_ribbon_5,HTH_Tnp_ISL3,Zn_Tnp_IS1595,zf-C2H2_6,LIM,SCAN,DNA_RNApol_7kD,zf-trcl,zinc_ribbon_4,CxxC_CxxC_SSSS,CpXC,BolA	NA
Q53ZD3	Fork_head	NA
Q546S1	zf-C2H2_4,zf-C2H2,C1_2,zf-BED,zf-C2H2_jaz,DUF3432,zf-met,zf-H2C2_2,zf-C2HC_2,zf-UBR,DUF3446,RRN7,zf-C2H2_6	NA
Q548T7	Fork_head,Ribosomal_L27e	NA
Q561W4	FHA	NA
Q569H8	Hormone_recep,zf-C4	NA
Q56H36	HTH_Tnp_IS1,HTH_5,Fe_dep_repress,HTH_29,HTH_23,PAX	NA
Q58EY0	DUF4047,Hormone_recep,zf-C4	NA
Q58F18	Orbi_VP3,SpoIIIAH,Homeobox,LIM,Homeobox_KN	NA
Q58F28	Med26	NA
Q59EB9	CHAP,Zfx_Zfy_act,Adhes-Ig_like	NA
Q59EC8	DUF3347,zf-CXXC,zf-CpG_bind_C	NA
Q59EF3	TEA	NA
Q59EH4	zf-C2H2_4,zf-RING_3,zf-C2H2,zf-BED,zf-C2H2_jaz,zf-trcl,KRAB,zf-met,XPA_N,zf-H2C2_2,CxxC_CxxC_SSSS,Zn_Tnp_IS1595,zf-C2HC_2,zf-C2H2_6	NA
Q59EI0	SAND,zf-MYND	NA
Q59EI7	TIG,RHD	NA
Q59EM0	HLH,Mito_fiss_reg,DUF3446,TFIIF_alpha,Metal_resist	NA
Q59EY3	zf-C2H2_4,zf-C2H2,zf-C2H2_jaz,zf-H2C2_2,RRN7,zf-C2H2_6	NA
Q59EZ7	zf-C2H2_4,C1_4,zf-C2H2,Desulfoferrod_N,DUF2688,C1_3,zf-C2H2_jaz,zf-AN1,XPA_N,zf-H2C2_2,CxxC_CxxC_SSSS,HTH_Tnp_ISL3,GAGA,Zn_Tnp_IS1595,DUF164,zf-C2H2_6	NA
Q59EZ8	zf-C2H2_4,C1_4,zf-C2H2,Zn_ribbon_recom,zf-CHY,KRAB,zf-H2C2_2,CxxC_CxxC_SSSS,Zn_Tnp_IS1595,zf-C2H2_6	NA
Q59F07	zf-C2H2_4,zf-C2H2,DNA_RNApol_7kD,zf-trcl,XPA_N,zf-H2C2_2,CxxC_CxxC_SSSS,Zn_Tnp_IS1595,C1_1,DUF2321,zf-C2H2_6,zf-LYAR	NA
Q59F41	ERbeta_N,Oest_recep,Hormone_recep,zf-C4	NA
Q59F42	zf-C2H2_4,C1_4,zf-C2H2,BHD_1,zf-C2H2_jaz,XPA_N,zf-H2C2_2,CxxC_CxxC_SSSS,HTH_Tnp_ISL3,zf-C2H2_6,BolA	NA
Q59F55	zf-C2H2_4,zf-C2H2,zf-CHCC,zf-C2H2_jaz,zf-met,zf-H2C2_2,GAGA,C1_1,HNH,zf-C2H2_6,PyrI_C,Ta0938,FYVE,Prok-RING_1,Elf1,zf-BED,Ribosomal_S27e,CxxC_CxxC_SSSS,zf-C2H2_2,zf-C2HC_2,BolA	NA
Q59F60	zf-C2H2_4,zf-C2H2,C1_3,zf-C2H2_jaz,BHD_2,XPA_N,zf-H2C2_2,GAGA,C1_4,zf-CHY,zf-AN1,HTH_Tnp_ISL3,Zn_Tnp_IS1595,zf-C2H2_6,ADK_lid,SprT-like,DNA_RNApol_7kD,CxxC_CxxC_SSSS,End_beta_propel,DUF164	NA
Q59FB0	zf-C2H2_4,zf-C2H2,Prok-RING_2,C1_3,zf-C2H2_jaz,XPA_N,zf-met,zf-H2C2_2,C1_4,TFIIS_C,zf-AN1,HTH_Tnp_ISL3,Zn_Tnp_IS1595,zf-C2H2_6,Desulfoferrod_N,C1_2,Tnp_zf-ribbon_2,zf-HIT,DNA_RNApol_7kD,zf-trcl,CxxC_CxxC_SSSS,DUF164,BolA	NA
Q59FC7	bZIP_2,bZIP_1,bZIP_Maf	NA
Q59FE0	zf-C2H2_4,C1_4,zf-RING_3,zf-C2H2,Rpr2,Zn_ribbon_recom,DNA_RNApol_7kD,zf-C2H2_jaz,zf-trcl,XPA_N,zf-H2C2_2,CxxC_CxxC_SSSS,HTH_Tnp_ISL3,Zn_Tnp_IS1595,zf-C2H2_6,DUF2389,MAT_Alpha1,BolA	NA
Q59FE4	zf-C2H2_4,zf-C2H2,UPF0547,Prok-RING_2,C1_3,zf-C2H2_jaz,BHD_2,XPA_N,zf-met,zf-H2C2_2,CTV_P23,C1_1,C1_4,TFIIS_C,Ribosomal_L17,HTH_Tnp_ISL3,Zn_Tnp_IS1595,zf-C2H2_6,Desulfoferrod_N,Prok-RING_1,COX5B,ZZ,DUF82,Arc_trans_TRASH,zf-BED,DNA_RNApol_7kD,CxxC_CxxC_SSSS,PDZ_1,BolA	NA
Q59FG0	zf-C2H2_4,zf-C2H2,C1_3,zf-C2H2_jaz,XPA_N,zf-H2C2_2,C1_1,C1_4,TFIIS_C,zf-AN1,HTH_Tnp_ISL3,Zn_Tnp_IS1595,DUF35_N,zf-C2H2_6,zinc_ribbon_2,Desulfoferrod_N,C1_2,zf-HIT,PHD,ADK_lid,DNA_RNApol_7kD,DUF1610,CxxC_CxxC_SSSS,DUF164,Ribosomal_L44	NA
Q59FK5	Homeobox,Homeobox_KN	NA
Q59FP3	zf-C2H2_4,zf-C2H2,zf-BED,BHD_1,zf-C2H2_jaz,zf-trcl,DNA_RNApol_7kD,XPA_N,zf-H2C2_2,CxxC_CxxC_SSSS,HTH_Tnp_ISL3,DUF82,Zn_Tnp_IS1595,DUF164,zf-C2H2_6,LIM,Ribosomal_L44,BolA	NA
Q59FQ6	zf-C2H2_4,zf-C2H2	NA
Q59FS0	DUSP,SR-25,GTF2I	NA
Q59FS2	zf-C2H2_4,C1_4,zf-RING_3,zf-C2H2,Zn_ribbon_recom,zf-C2H2_jaz,KRAB,zf-H2C2_2,Yippee,zf-C2H2_6,BolA	NA
Q59FT1	TBX,T-box	NA
Q59FT3	Homeobox,MEI4-Rec24,CUT	NA
Q59FT8	zf-C2H2_4,zf-C2H2,C1_3,zf-C2H2_jaz,XPA_N,zf-H2C2_2,C1_1,C1_4,HTH_Tnp_ISL3,Zn_Tnp_IS1595,NADH_oxidored,zinc_ribbon_2,zf-C2H2_6,KRAB,Siva,zf-H2C2_5,LIM,DNA_RNApol_7kD,CxxC_CxxC_SSSS,DUF164	NA
Q59FU3	Secretin_N,DUF1897,KH_5,KH_1,KH_4,KH_3,KH_2	NA
Q59FV5	zf-C2H2_4,zf-H2C2_2,zf-C2H2,TP1	NA
Q59FW1	GATA,Myb_DNA-binding	NA
Q59FW3	DUF3921,Hormone_recep,zf-C4	NA
Q59FX5	zf-C2H2_4,zf-C2H2,zf-C2H2_jaz,zf-H2C2_2,zf-C2H2_6	NA
Q59G24	PC4,QLQ	NA
Q59G30	zf-C2H2_4,zf-C2H2,BHD_1,zf-C2H2_jaz,zf-H2C2_2,CxxC_CxxC_SSSS,Zn_Tnp_IS1595,zf-C2H2_6,GATA	NA
Q59G47	DivIC,DUF3874,DUF1843,bZIP_Maf,Shugoshin_N,bZIP_2,DUF904,HALZ,bZIP_1	NA
Q59G67	zf-C2H2_4,zf-C2H2,Prok-RING_2,zf-C2H2_jaz,XPA_N,zf-H2C2_2,Yippee,C1_4,TFIIS_C,zf-AN1,HTH_Tnp_ISL3,Zn_Tnp_IS1595,zf-C2H2_6,C1_2,GATA,DNA_RNApol_7kD,zf-trcl,CxxC_CxxC_SSSS,CpXC	NA
Q59G74	HLH,Rhabdo_glycop	NA
Q59GC4	E2F_TDP	NA
Q59GD2	Homeobox_KN,Homeobox,PAX,HTH_32	NA
Q59GI1	SRF-TF	NA
Q59GL0	zf-C2H2_4,zf-C2H2,zf-met	NA
Q59GL8	Hormone_recep,PAN_3,zf-C4	NA
Q59GP6	SAM_1,DUF1471,SAM_PNT,zf-FCS,SAM_2	NA
Q59GP8	zf-C2H2_4,zf-C2H2,Evr1_Alr,zf-C2H2_jaz,XPA_N,zf-met,zf-H2C2_2,HypA,C1_1,C1_4,TFIIS_C,Rad50_zn_hook,DUF2256,DUF2321,zf-C2H2_6,zf-FCS,DUF1407,FYVE,Prok-RING_1,zf-HIT,Rtf2,SprT-like,DZR,DUF2225,zinc_ribbon_4,CxxC_CxxC_SSSS,zf-C2H2_2,HTH_Tnp_IS66	NA
Q59GQ3	BCDHK_Adom3,Hormone_recep,zf-C4	NA
Q59GQ8	Mnd1,OmpH,zf-RING_LisH,DUF3583,zf-C3HC4_3,Cep57_CLD_2,zf-B_box	NA
Q59GR2	Ets	NA
Q59GR6	SH2,STAT_bind	NA
Q59GY7	STAT_int,STAT_bind,STAT_alpha,Hemerythrin,SH2	NA
Q59H09	OmpH,zf-RING_LisH,DUF3583,Prok-RING_4,zf-C3HC4_3,Cep57_CLD_2,zf-B_box	NA
Q59H30	DUF972,Kinetocho_Slk19,bZIP_Maf,bZIP_2,DUF904,bZIP_1	NA
Q59H39	STAT_alpha,STAT_int,SH2,STAT_bind	NA
Q59H57	RRM_1,RRM_6,RRM_5,zf-RanBP	NA
Q59HC5	zf-C2H2_4,zf-RING_3,zf-C2H2,zf-C2H2_jaz,zf-met,zf-H2C2_2,zf-C2H2_2,BolA	NA
Q59HG5	zf-C2H2_4,zf-C2H2,YhfH,zf-C2H2_jaz,XPA_N,zf-met,zf-H2C2_2,Yippee,C1_1,C1_4,TFIIS_C,zf-AN1,HTH_Tnp_ISL3,Zn_Tnp_IS1595,zf-C2H2_6,FYVE,Prok-RING_1,KRAB,ZZ,DZR,GATA,zf-BED,DNA_RNApol_7kD,zf-trcl,CxxC_CxxC_SSSS,CpXC,Ribosomal_L44,BolA	NA
Q59HH0	Rb_C,RB_A,DUF3452,RB_B,Ribosomal_60s	NA
Q59HH1	zf-C2H2_4,zf-C2H2,DUF629,Zn_ribbon_2,zf-C2H2_jaz,zf-met,XPA_N,zf-H2C2_2,BTB,zf-C2H2_2,GAGA,zf-C2H2_6	NA
Q59HH4	zf-C2H2_4,zf-C2H2,zf-C2H2_jaz,zf-TRAF,zf-met,zf-H2C2_2	NA
Q5BKZ1	TraG_N,zf-C2H2_2,AKAP95,zf-H2C2_5	NA
Q5CZA5	zf-C2H2_4,zf-C2H2,C1_3,zf-C2H2_jaz,XPA_N,zf-H2C2_2,Yippee,C1_1,C1_4,TFIIS_C,HTH_Tnp_ISL3,Zn_Tnp_IS1595,zf-C2H2_6,zf-UBP,KRAB,Siva,CxxC_CxxC_SSSS,BHD_1,BolA	NA
Q5CZB4	zf-C2H2_4,C1_4,zf-C2H2,Prok-RING_2,zf-BED,DUF2688,zf-C2H2_jaz,zf-AN1,zf-H2C2_2,CxxC_CxxC_SSSS,HTH_Tnp_ISL3,Yippee,Zn_Tnp_IS1595,zf-C2HC_2,zf-H2C2_5,zf-C2H2_6	NA
Q5CZI3	zf-C2H2_4,C1_4,zf-C2H2,zf-C2H2_jaz,KRAB,zf-H2C2_2,CxxC_CxxC_SSSS,Zn_Tnp_IS1595,CpXC,zf-C2H2_6,LIM,GATA	NA
Q5DTE4	zf-C2H2_4,zf-C2H2,NuA4,zf-BED,DNA_RNApol_7kD,zf-C2H2_jaz,zf-trcl,XPA_N,zf-H2C2_2,CxxC_CxxC_SSSS,HTH_Tnp_ISL3,Zn_Tnp_IS1595,zf-C2H2_6	NA
Q5EBL2	zf-C2H2_4,zf-C2H2,zf-C2H2_jaz,zf-met,zf-H2C2_2,GAGA,zf-C2HC_2,zf-C2H2_6,BolA	NA
Q5EBM4	zf-C2H2_4,c-SKI_SMAD_bind,zf-C2H2,zf-C2H2_jaz,HTH_16,zf-H2C2_2,CxxC_CxxC_SSSS,zf-C2H2_6	NA
Q5EBM5	HMG_box,DUF1898,Sporozoite_P67,BAH,CHDNT	NA
Q5EC54	Phi-29_GP3,KH_5,KH_1,KH_4,KH_3,KH_2,ROKNT	NA
Q5FBX3	IRF	NA
Q5FWF6	zf-C2H2_4,PHF5,zf-C2H2,Prok-RING_1,KRAB,zf-H2C2_2,CxxC_CxxC_SSSS,HTH_Tnp_ISL3,zf-C2H2_6,LIM	NA
Q5H9I0	DP,E2F_TDP	NA
Q5HY98	zf-C2H2_4,DUF1768,zf-C2H2,C1_3,zf-C2H2_jaz,XPA_N,zf-H2C2_2,GAGA,C1_1,A2L_zn_ribbon,zf-RING_3,TFIIS_C,zinc_ribbon_5,HTH_Tnp_ISL3,Zn_Tnp_IS1595,zf-MYND,zf-C2H2_6,C1_2,Prok-RING_1,KRAB,Siva,Rpr2,DNA_RNApol_7kD,zf-BED,CxxC_CxxC_SSSS,BolA	NA
Q5HYD6	zf-C2H2_4,zf-C2H2,zf-BED,DNA_RNApol_7kD,zf-H2C2_2,CxxC_CxxC_SSSS,zf-C2H2_6	NA
Q5HYK9	zf-C2H2_4,ASCH,zf-C2H2,zf-BED,zf-C2H2_jaz,DUF4051,KRAB,zf-H2C2_2,CxxC_CxxC_SSSS,Zn_Tnp_IS1595,zf-C2H2_6	NA
Q5IRN4	RRM_1,RRM_6,HJURP_C,SRF-TF,RRM_5	NA
Q5ISC7	REV,Homeobox,OAR,Nucleoporin_FG,Homeobox_KN	NA
Q5JNZ3	zf-C2H2_4,C1_4,zf-C2H2,zf-C2H2_jaz,KRAB,XPA_N,zf-H2C2_2,CxxC_CxxC_SSSS,DZR,C1_1,zf-C2H2_6,BolA	NA
Q5JPB2	C2H2 ZF	2
Q5JRI7	Prok-RING_2,TFIIS_M,Med26	NA
Q5JRY3	HMG_box,DUF1898,MAT_Alpha1	NA
Q5JRY4	HMG_box,DUF1898,Rer1,MAT_Alpha1,CTNNB1_binding	NA
Q5JS98	Sec15,DUF1319,UCH,IMD,Homeobox,PBC,Homeobox_KN	NA
Q5JSB5	DP,E2F_TDP	NA
Q5JT82	zf-C2H2_4,zf-H2C2_2,zf-C2H2_6,zf-C2H2	NA
Q5JTV1	SAND,IncA	NA
Q5JUK2	HLH	NA
Q5JV87	CP2	NA
Q5JVG2	zf-C2H2_4,zf-C2H2,DUF3280,zf-C2H2_jaz,zf-trcl,KRAB,zf-met,XPA_N,zf-H2C2_2,CxxC_CxxC_SSSS,HTH_Tnp_ISL3,Ring_hydroxyl_B,zf-C2H2_6,LIM,BolA	NA
Q5JVG8	zf-C2H2_4,zf-C2H2,C1_3,zf-C2H2_jaz,XPA_N,zf-H2C2_2,C1_4,TFIIS_C,zf-AN1,HTH_Tnp_ISL3,Antimicrobial14,Zn_Tnp_IS1595,zf-C2H2_6,Desulfoferrod_N,zf-HIT,ROS_MUCR,KRAB,ADK_lid,DNA_RNApol_7kD,zf-trcl,DUF1610,CxxC_CxxC_SSSS,DUF164,Ribosomal_L44	NA
Q5MCW4	zf-C2H2_4,zf-C2H2,zf-C2H2_jaz,XPA_N,zf-H2C2_2,Yippee,SH2,C1_4,zf-RING_3,B12D,HTH_Tnp_ISL3,Zn_Tnp_IS1595,zf-C2H2_6,IGPD,KRAB,GATA,DNA_RNApol_7kD,zf-BED,CxxC_CxxC_SSSS,BolA;C2H2 ZF	18
Q5QHG3	FadA,DUF1140,Hormone_recep,zf-C4	NA
Q5QPV1	LAG1-DNAbind,BTD	NA
Q5SQQ9	Homeobox,Homeobox_KN,Homez	NA
Q5STP9	Nuc_recep-AF1,Hormone_recep,zf-C4	NA
Q5SVQ8	zf-C2H2_4,zf-C2H2,zf-C2H2_jaz,zf-met,zf-H2C2_2,BTB,zf-C2H2_2,zf-C2HC_2,GAGA,zf-H2C2_5,zf-C2H2_6;C2H2 ZF	12
Q5SXM1	zf-C2H2_4,zf-C2H2,C1_3,zf-C2H2_jaz,DUF1610,Ribosomal_L17,XPA_N,zf-H2C2_2,CxxC_CxxC_SSSS,HTH_Tnp_ISL3,Zn_Tnp_IS1595,zf-C2H2_6,BolA;C2H2 ZF	14
Q5SXM2	Myb_DNA-bind_6,HTH_23,Myb_DNA-binding	NA
Q5SY20	BTB,zf-C2H2	NA
Q5SY21	BTB	NA
Q5SZP1	Pax2_C,HTH_Tnp_IS1,Ribosomal_S13_N,Homeobox,HTH_32,HTH_29,HTH_23,PAX	NA
Q5T0B9	zf-C2H2_4,zf-C2H2,zf-C2H2_jaz,zf-met,zf-H2C2_2,AMPKBI,CxxC_CxxC_SSSS,zf-C2HC_2,C1_1,zf-C2H2_6;C2H2 ZF	6
Q5T203	HLH,Metal_resist	NA
Q5T282	zf-SNAP50_C	NA
Q5T284	zf-SNAP50_C	NA
Q5T427	zf-C2H2_4,zf-C2H2,zf-C2H2_jaz,zf-met,zf-H2C2_2,zf-C2H2_2,Mu-like_Com	NA
Q5T4L1	bZIP_2,bZIP_1	NA
Q5T4L2	DUF1590	NA
Q5T5D7	zf-C2H2_4,zf-C2H2,zf-C2H2_jaz,XPA_N,zf-H2C2_2,HypA,C1_4,zf-RING_3,TFIIS_C,HTH_Tnp_ISL3,Zn_Tnp_IS1595,zf-C2H2_6,Prok-RING_1,KRAB,DZR,LIM,GATA,Elf1,DNA_RNApol_7kD,zf-trcl,CxxC_CxxC_SSSS,CpXC,zf-LYAR,BolA	NA
Q5T5X7	BEN	NA
Q5T619	zf-C2H2_4,C1_4,zf-RING_3,Elf1,zf-C2H2,zf-C2H2_jaz,zf-met,zf-H2C2_2,CxxC_CxxC_SSSS,HypA,Zn_Tnp_IS1595,zf-H2C2_5,SprT-like,zf-C2H2_6,BolA;C2H2 ZF	10
Q5T6F6	zf-FPG_IleRS,zf-RING_2,zf-C3HC4_2,zf-P11,zf-C4	NA
Q5T6K5	Fucose_iso_C,Histone,TFIIA,CBFD_NFYB_HMF,CENP-X,PAT1,Med15	NA
Q5T6K7	CENP-X,Histone,CBFD_NFYB_HMF	NA
Q5T6U8	FCP1_C,AT_hook	NA
Q5T6W2	Phi-29_GP3,KH_5,KH_1,KH_4,KH_3,KH_2,ROKNT	NA
Q5T7U1	Tau95,NOA36	NA
Q5T7U4	Tau95	NA
Q5T7W0	zf-C2H2_4,zf-C2H2,zf-BED,zf-met,zf-H2C2_2,TF_Zn_Ribbon,DUF4413,zf-C2H2_6,Dimer_Tnp_hAT;C2H2 ZF	4
Q5T942	zf-C2H2_4,zf-C2H2,Rota_NS35,APP_N,zf-H2C2_2,BTB,DUF3342;C2H2 ZF	1
Q5TA89	Translin,HLH,Hairy_orange	NA
Q5TC79	zf-C2H2_4,Elf1,zf-C2H2,zf-BED,zf-C2H2_jaz,zf-DNA_Pol,zf-trcl,zf-met,zf-H2C2_2,BTB,zf-C2H2_2,C1_1,DUF3342,zf-C2H2_6,K_tetra	NA
Q5TEC3	zf-C2H2_4,zf-C2H2,zf-C2H2_jaz,XPA_N,zf-H2C2_2,Yippee,HypA,C1_4,zf-RING_3,DUF2256,zf-MYND,DUF2321,RRN7,zf-C2H2_6,DUF2039,DZR,DNA_RNApol_7kD,zf-trcl,CxxC_CxxC_SSSS,Cas_CXXC_CXXC,FYDLN_acid,zf-LYAR	NA
Q5TF93	HLH,DUF3772,Hairy_orange	NA
Q5TGS1	HLH	NA
Q5TYW1	zf-C2H2_4,C1_4,zf-C2H2,DUF3280,zf-C2H2_jaz,Ham1p_like,KRAB,zf-met,XPA_N,zf-H2C2_2,CxxC_CxxC_SSSS,HTH_Tnp_ISL3,Zn_Tnp_IS1595,zf-C2H2_6	NA
Q5U079	PspA_IM30,Jun,bZIP_Maf,bZIP_2,DUF904,Jnk-SapK_ap_N,bZIP_1	NA
Q5U0C8	Otopetrin,DUF702,TFIIA,Spore_coat_CotO,Neur_chan_memb,DUF106,SAGA-Tad1,DUF2486,FemAB,BRF1,Med15,DDHD,Tim54,Cellulose_synt,FCP1_C,Pex16,DUF1675,TBP,Lin-8,Hid1,Ycf1,DUF4045,Ndc1_Nup,RR_TM4-6,Plasmodium_Vir,OAD_gamma,Gti1_Pac2	NA
Q5U0E4	P53_tetramer,P53,DEC-1_N,P53_TAD	NA
Q5U0J0	E2F_TDP	NA
Q5U0J5	bZIP_2,pKID,bZIP_1,bZIP_Maf	NA
Q5U0M2	SAM_PNT,GluR_Homer-bdg,Ets,HSF_DNA-bind	NA
Q5U0N9	Hormone_recep,zf-C4	NA
Q5U0P5	DUF1364,Myf5,HLH,Basic	NA
Q5U0R0	Spt5_N,HLH,Neuro_bHLH	NA
Q5U5N5	zf-C2H2_4,zf-C2H2,C1_3,zf-C2H2_jaz,YhfH,XPA_N,zf-H2C2_2,Yippee,HypA,C1_4,TFIIS_C,zf-AN1,HTH_Tnp_ISL3,Zn_Tnp_IS1595,zf-C2H2_6,Prok-RING_1,Siva,LIM,GATA,DNA_RNApol_7kD,zf-trcl,CxxC_CxxC_SSSS,Ribosomal_L44	NA
Q5UW39	zf-C2H2_4,Fibrinogen_C,zf-C2H2,zf-BED,zf-C2H2_jaz,zf-met,zf-H2C2_2,BTB,CpXC	NA
Q5VIY5	zf-C2H2_4,C1_4,zf-C2H2,Prok-RING_1,C1_3,zf-C2H2_jaz,BHD_2,KRAB,zf-met,XPA_N,zf-H2C2_2,HTH_Tnp_ISL3,CxxC_CxxC_SSSS,Zn_Tnp_IS1595,zf-C2H2_6,BolA	NA
Q5VTD9	zf-C2H2_4,zf-C2H2,zf-CHCC,zf-C2H2_jaz,zf-met,zf-H2C2_2,GAGA,C1_1,zf-AN1,zf-CHY,zf-C2H2_6,C1_2,Ta0938,FYVE,Prok-RING_1,Rpr2,zf-BED,CxxC_CxxC_SSSS,zf-C2H2_2,BolA	NA
Q5VV16	Fork_head	NA
Q5VV50	zf-C2H2_4,PHF5,zf-C2H2,Zn_ribbon_recom,C1_3,zf-C2H2_jaz,YhfH,zf-met,XPA_N,zf-H2C2_2,Yippee,C1_1,C1_4,TFIIS_C,HNH,zf-AN1,HTH_Tnp_ISL3,Zn_Tnp_IS1595,zf-C2H2_6,zinc_ribbon_2,Prok-RING_1,zf-HIT,zf-H2C2_5,DZR,LIM,DNA_RNApol_7kD,zf-BED,CxxC_CxxC_SSSS,zf-C2HC_2,FYDLN_acid,BolA	NA
Q5VV52	zf-C2H2_4,PHF5,zf-C2H2,C1_3,zf-C2H2_jaz,YhfH,zf-met,XPA_N,zf-H2C2_2,Yippee,C1_1,C1_4,TFIIS_C,HNH,zf-AN1,HTH_Tnp_ISL3,Zn_Tnp_IS1595,zf-C2H2_6,zinc_ribbon_2,Prok-RING_1,zf-HIT,zf-H2C2_5,DZR,LIM,DNA_RNApol_7kD,zf-BED,CxxC_CxxC_SSSS,zf-C2HC_2,FYDLN_acid,BolA	NA
Q5VVJ2	Myb/SANT	1
Q5VVR5	CTNNB1_binding	NA
Q5VVR7	HMG_box,DUF1898,CTNNB1_binding	NA
Q5VVR8	HMG_box,DUF1898,Rer1,MAT_Alpha1,CTNNB1_binding	NA
Q5VW26	MH1,NfI_DNAbd_pre-N,CTF_NFI	NA
Q5VW27	MH1,NfI_DNAbd_pre-N,CTF_NFI	NA
Q5VW28	MH1,NfI_DNAbd_pre-N,CTF_NFI	NA
Q5VW30	MH1,NfI_DNAbd_pre-N,CTF_NFI	NA
Q5VYV0	Ribosomal_L11_N,Fork_head,Malic_M,Zip	NA
Q5VZB9	DM,DMA	NA
Q5VZF2	CCCH ZF	4
Q5W0Y9	HTH_29,DIX,NfI_DNAbd_pre-N,MH1	NA
Q5XKG8	zf-C2H2_4,C1_4,zf-C2H2,zf-C2H2_jaz,KRAB,zf-H2C2_2,PDZ_1,CxxC_CxxC_SSSS,HTH_Tnp_ISL3,Zn_Tnp_IS1595,zf-C2H2_6	NA
Q5XKR4	Homeobox,Homeobox_KN,OAR	NA
Q60F94	zf-C2H2_4,Sgf11,zf-C2H2,Zn_ribbon_recom,Di19,zf-C2H2_jaz,zf-met,zf-H2C2_2,HypA,Rubredoxin,zf-RING_3,zinc_ribbon_5,zf-AN1,Tmemb_55A,zf-C2H2_6,zf-H2C2_5,DZR,Elf1,zf-RING_2,zf-C3HC4_2,zinc_ribbon_4,CxxC_CxxC_SSSS,zf-C2H2_2	NA
Q60F95	zf-C2H2_4,Sgf11,zf-C2H2,Zn_ribbon_recom,Di19,zf-C2H2_jaz,zf-met,zf-H2C2_2,HypA,Rubredoxin,zf-RING_3,zinc_ribbon_5,zf-AN1,Tmemb_55A,zf-C2H2_6,zf-H2C2_5,DZR,Elf1,zf-RING_2,zinc_ribbon_4,CxxC_CxxC_SSSS,zf-C2H2_2,zf-C2HC_2	NA
Q63HJ5	zf-C2H2_4,zf-H2C2_2,zf-C2H2,zf-H2C2_5	NA
Q63HK3	zf-C2H2_4,zf-C2H2,Myb_DNA-bind_4,SCAN,Myb_DNA-bind_3,zf-C2H2_jaz,KRAB,XPA_N,zf-H2C2_2,Myb_DNA-bind_6,MADF_DNA_bdg,Myb_DNA-bind_5,zf-C2H2_6	NA
Q63HK5	zf-C2H2_4,PyrI_C,zf-C2H2,zinc_ribbon_5,zf-C2H2_jaz,zf-AN1,zinc_ribbon_4,zf-met,zf-H2C2_2,DUF3505,Homeobox,zf-C2H2_2,DUF678,DUF3222,CxxC_CxxC_SSSS,zf-C2H2_6	NA
Q63HN4	zf-C2H2_4,zf-C2H2,PGAMP,KRAB,XPA_N,zf-H2C2_2,CxxC_CxxC_SSSS,zf-C2H2_6	NA
Q658K5	Hormone_recep,zf-C4	NA
Q658M0	zf-C2H2_4,zf-C2H2,zf-BED,zf-C2H2_jaz,IBR,zf-met,zf-H2C2_2,zf-C2H2_2,JmjC	NA
Q658N3	Matrix,Histone,CBFD_NFYB_HMF	NA
Q658Q3	zf-C2H2_4,zf-C2H2,Zn_ribbon_recom,C1_3,zf-C2H2_jaz,XPA_N,zf-met,zf-H2C2_2,Yippee,C1_1,MBD,DUF899,C1_4,zf-AN1,HTH_Tnp_ISL3,Chordopox_RPO7,Zn_Tnp_IS1595,zf-C2H2_6,zf-UBP,Prok-RING_1,Siva,LIM,PhnJ,DNA_RNApol_7kD,zf-trcl,CxxC_CxxC_SSSS,CpXC,BolA	NA
Q658S5	zf-C2H2_4,C1_4,zf-C2H2,zf-C2H2_jaz,KRAB,XPA_N,zf-met,zf-H2C2_2,CxxC_CxxC_SSSS,C1_1,zf-C2H2_6,BolA	NA
Q658Y5	TIG	NA
Q659G9	HMG_box,DUF1898,RPH3A_effect_N	NA
Q66SS1	HTH_Tnp_IS1,HTH_29,Homeobox_KN,Homeobox,HTH_32,HTH_23,PAX	NA
Q68CJ9	V_ATPase_I,Mit_KHE1,ADIP,IncA,bZIP_Maf,bZIP_2,bZIP_1;bZIP	2
Q68CP0	zf-C2H2_4,zf-H2C2_2,zf-C2H2,zf-H2C2_5	NA
Q68CX9	zf-C2H2_4,C1_4,zf-C2H2,zf-C2H2_jaz,zf-met2,zf-met,XPA_N,zf-H2C2_2,CxxC_CxxC_SSSS,HTH_Tnp_ISL3,Zn_Tnp_IS1595,zf-C2H2_6,BolA	NA
Q68CY6	zf-C2H2_4,zf-C2H2,Zn_ribbon_recom,YhfH,zf-C2H2_jaz,XPA_N,zf-met,zf-H2C2_2,C1_4,zf-AN1,HTH_Tnp_ISL3,Zn_Tnp_IS1595,zf-MYND,zf-C2H2_6,Prok-RING_1,Siva,LIM,zf-BED,CxxC_CxxC_SSSS,HTH_18,Ribosomal_L44,BolA	NA
Q68CY8	Hormone_recep,zf-C4	NA
Q68D23	zf-C2H2_4,zf-C2H2,tRNA-synt_2d,UPF0547,C1_3,zf-C2H2_jaz,BHD_2,XPA_N,Rapsyn_N,zf-H2C2_2,Yippee,C1_1,C1_4,TFIIS_C,zf-CHY,HTH_Tnp_ISL3,Zn_Tnp_IS1595,zf-C2H2_6,DUF2709,Desulfoferrod_N,Prok-RING_1,ZZ,Scramblase,DNA_RNApol_7kD,zf-BED,CxxC_CxxC_SSSS,BHD_1,BolA	NA
Q68D63	zf-C2H2_4,C1_4,zf-C2H2,TFIIS_C,zf-C2H2_jaz,zf-trcl,zf-AN1,KRAB,XPA_N,zf-H2C2_2,CxxC_CxxC_SSSS,Zn_Tnp_IS1595,zf-C2H2_6,zf-LYAR	NA
Q68DE3	HLH;bHLH	1
Q68DI1	zf-C2H2_4,zf-C2H2,zf-C2H2_jaz,KRAB,zf-met,zf-H2C2_2,C1_1,zf-C2H2_6	NA
Q68DP2	zf-C2H2_4,zf-C2H2,DUF629,zf-BED,zf-C2H2_jaz,zf-met,zf-H2C2_2,Zn_Tnp_IS1595,RRN7,zf-C2H2_6	NA
Q68DU4	zf-C2H2_4,zf-C2H2,Desulfoferrod_N,NuA4,zinc_ribbon_5,DNA_RNApol_7kD,zf-C2H2_jaz,zinc_ribbon_4,PHD,XPA_N,zf-H2C2_2,CxxC_CxxC_SSSS,HTH_Tnp_ISL3,zf-C2H2_6,BolA	NA
Q68DY1	zf-C2H2_4,zf-C2H2,C1_3,zf-C2H2_jaz,XPA_N,zf-met,zf-H2C2_2,C1_4,TFIIS_C,HTH_Tnp_ISL3,Zn_Tnp_IS1595,zf-C2H2_6,Desulfoferrod_N,Prok-RING_1,KRAB,SprT-like,DNA_RNApol_7kD,DUF1610,CxxC_CxxC_SSSS,DUF164,BolA	NA
Q68DY9	zf-C2H2_4,zf-C2H2,C1_3,zf-C2H2_jaz,zf-met,XPA_N,zf-H2C2_2,C1_1,C1_4,DUF2180,HTH_Tnp_ISL3,Zn_Tnp_IS1595,zinc_ribbon_2,zf-C2H2_6,zf-UBP,Prok-RING_1,KRAB,Siva,CxxC_CxxC_SSSS,FYDLN_acid;C2H2 ZF	10
Q68EA5	zf-C2H2_4,zf-C2H2,zf-C2H2_jaz,XPA_N,zf-H2C2_2,C1_1,C1_4,DUF2256,HTH_Tnp_ISL3,Zn_Tnp_IS1595,DUF2321,zf-C2H2_6,Desulfoferrod_N,C1_2,KRAB,Rpr2,DNA_RNApol_7kD,zf-trcl,CxxC_CxxC_SSSS,UBN_AB;C2H2 ZF	13
Q68G74	DUF581,HTH_11,Homeobox,DUF2175,LIM,Homeobox_KN	NA
Q69YM3	TBX,T-box	NA
Q69YN9	Fork_head,RP1-2	NA
Q69YQ2	zf-C2H2_4,zf-C2H2,Zn_ribbon_recom,Evr1_Alr,Prok-RING_2,C1_3,zf-C2H2_jaz,YhfH,XPA_N,zf-H2C2_2,VP9,C1_1,C1_4,TFIIS_C,HNH,zf-AN1,HTH_Tnp_ISL3,Zn_Tnp_IS1595,zf-C2H2_6,zinc_ribbon_2,DYW_deaminase,Desulfoferrod_N,C1_2,Prok-RING_1,zf-HIT,ZZ,DUF82,ADK_lid,SprT-like,DUF2757,DZR,DNA_RNApol_7kD,zf-trcl,DUF1610,CxxC_CxxC_SSSS,DUF164,Ribosomal_L44,Rep_fac-A_C,BolA	NA
Q69YS5	zf-C2H2_4,C1_4,zf-C2H2,Prok-RING_1,zf-C2H2_jaz,zf-trcl,XPA_N,zf-H2C2_2,CxxC_CxxC_SSSS,Zn_Tnp_IS1595,zf-C2H2_6	NA
Q6AHZ1	zf-C2H2_4,zf-H2C2_2,zf-H2C2_5	NA
Q6AHZ7	SelB-wing_2,B-block_TFIIIC	NA
Q6AW80	zf-C4	NA
Q6AW86	zf-C2H2_4,zf-C2H2,zf-C2H2_jaz,zf-H2C2_2,Yippee,GAGA,C1_4,zf-AN1,Zn_Tnp_IS1595,zf-MYND,RRN7,zf-C2H2_6,zf-UBP,KRAB,Trm112p,LIM,zf-BED,CxxC_CxxC_SSSS,zf-C2HC_2,FYDLN_acid,BolA	NA
Q6AWA4	SelB-wing_2,B-block_TFIIIC	NA
Q6AWC6	zf-C2H2_4,zf-C2H2,zf-C2H2_jaz,XPA_N,zf-H2C2_2,Yippee,C1_1,C1_4,TFIIS_C,zf-AN1,HTH_Tnp_ISL3,Zn_Tnp_IS1595,DUF2321,zf-C2H2_6,KRAB,ZZ,GATA,zf-BED,DNA_RNApol_7kD,zf-trcl,CxxC_CxxC_SSSS,Ribosomal_L44,BolA	NA
Q6AZW6	DUF4407,DUF972,bZIP_Maf,bZIP_2,bZIP_1,DUF2205	NA
Q6AZW8	zf-C2H2_4,zf-C2H2,YEATS,Zn_ribbon_recom,C1_3,zf-C2H2_jaz,YhfH,XPA_N,zf-met,zf-H2C2_2,Yippee,C1_1,MBD,A2L_zn_ribbon,C1_4,TFIIS_C,HTH_Tnp_ISL3,Zn_Tnp_IS1595,zf-C2H2_6,C1_2,Prok-RING_1,ZZ,DZR,LIM,DNA_RNApol_7kD,zf-BED,zf-trcl,CxxC_CxxC_SSSS,DUF164,CpXC,zf-LYAR,BolA	NA
Q6B0B8	CENPB	1
Q6B0D6	zf-C2H2_4,zf-C2H2,zf-C2H2_jaz,XPA_N,zf-met,zf-H2C2_2,CxxC_CxxC_SSSS,Zn_Tnp_IS1595,zf-C2H2_6	NA
Q6BEB4	zf-C2H2_4,zf-C2H2,zf-ribbon_3,zinc_ribbon_5,zf-C2H2_jaz,zinc_ribbon_4,zf-met,zf-H2C2_2,GFA	NA
Q6DD87	zf-C2H2_4,zf-RING_3,zf-C2H2,TFIIS_C,zf-C2H2_jaz,zf-trcl,XPA_N,Rad50_zn_hook,zf-H2C2_2,CxxC_CxxC_SSSS,DUF2256,Chordopox_RPO7,zf-C2HC_2,GAGA,FYDLN_acid,zf-C2H2_6,zf-UBP,zf-LYAR	NA
Q6DHZ8	zf-C2H2_4,Homeobox,Homeobox_KN,zf-H2C2_5	NA
Q6DI00	Homeobox,HoxA13_N,Homeobox_KN,Homez	NA
Q6DJT9	zf-C2H2_4,PyrI_C,zf-C2H2,zf-C2H2_jaz,zf-met,zf-H2C2_2,zf-C2H2_2,zf-C2H2_6	NA
Q6E433	PC4,Methyltrn_RNA_4,QLQ,DUF2128	NA
Q6ECI4	zf-C2H2_4,zf-C2H2,zf-C2H2_jaz,KRAB,XPA_N,zf-H2C2_2,CxxC_CxxC_SSSS,Zn_Tnp_IS1595,zf-C2H2_6,zf-LYAR,BolA;C2H2 ZF	17
Q6EKJ0	DUF4371,GTF2I	NA
Q6FG31	Homeobox,Homeobox_KN	NA
Q6FG41	TMF_TATA_bd,LCD1,DUF2681,bZIP_Maf,bZIP_2,HALZ,Macoilin,DUF2514,bZIP_1	NA
Q6FG54	SAM_PNT,GluR_Homer-bdg,Ets,HSF_DNA-bind	NA
Q6FG56	Ets	NA
Q6FGL6	Foamy_virus_ENV,Hormone_recep,zf-C4	NA
Q6FH41	DUF3921,Hormone_recep,zf-C4	NA
Q6FHK0	HAP1_N,Striatin,DivIC,PspA_IM30,TMF_DNA_bd,Jun,bZIP_Maf,FlaC_arch,bZIP_2,DUF904,Seryl_tRNA_N,Jnk-SapK_ap_N,bZIP_1,DUF3450	NA
Q6FHN8	IRF	NA
Q6FHW4	HMG_box,DUF1898,CTNNB1_binding	NA
Q6FHW6	HNF-1_N,HNF-1B_C,HTH_5,Homeobox,Homeobox_KN,DUF2183	NA
Q6FHY0	FadA,DUF1140,Hormone_recep,zf-C4	NA
Q6FHY5	Homeobox,Terminase_5,Trep_dent_lipo	NA
Q6FI30	MH1,NfI_DNAbd_pre-N,CTF_NFI	NA
Q6GMQ3	SAM_1,DUF1471,SAM_PNT,zf-FCS,SAM_2	NA
Q6GZ69	Prok-RING_2,Spt4,YdjO,zf-C3HC4_3,zf-C4	NA
Q6GZ70	zf-C4	NA
Q6GZ72	Prok-RING_2,YdjO,zf-C4	NA
Q6GZ75	Hormone_recep,zf-C4	NA
Q6GZ81	zf-C4	NA
Q6I9R7	Hormone_recep,zf-C4	NA
Q6I9R9	Hormone_recep,zf-C4	NA
Q6I9S1	Hormone_recep,PAN_3,zf-C4	NA
Q6IB50	Homeobox,Homeobox_KN	NA
Q6IB64	Prok-RING_2,TFIIS_M,Med26,TFIIS_C	NA
Q6IB83	HLH,Oscp1,Hairy_orange	NA
Q6IBK5	TFIIF_alpha	NA
Q6IBQ5	RRM_1,RRM_6,RRM_5,zf-RanBP	NA
Q6IBT9	HMG_box,DUF1898,KLRAQ,LOH1CR12	NA
Q6IBU6	Hormone_recep,CBFNT,zf-C4	NA
Q6ICP0	DivIC,V_ATPase_I,GAS,DUF4200,IncA,HOOK,bZIP_2,APG6,AAA_13,bZIP_1,HAP1_N	NA
Q6IPL9	AT_hook	NA
Q6IPQ7	Hormone_recep,zf-C4	NA
Q6IQ21	zf-C2H2_4,zf-C2H2,zf-C2H2_jaz,Fer2_2,zf-met,zf-H2C2_2,zf-C2HC_2,FYDLN_acid,zf-C2H2_6,BolA	NA
Q6IQ32	zf-C2H2_4,Homeobox,PRP21_like_P,zf-H2C2_5	NA
Q6IS90	Fork_head	NA
Q6ISB3	CP2	NA
Q6ISE0	Homeobox,LIM,Homeobox_KN	NA
Q6IT45	MRP-L20,Homeobox,Homeobox_KN,OAR	NA
Q6IV72	zf-C2H2_4,C1_4,zf-RING_3,zf-C2H2,zf-C2H2_jaz,Trm112p,KRAB,zf-met,zf-H2C2_2,FYDLN_acid,zf-C2H2_6	NA
Q6J0W4	HMG_box,DUF1908,DUF1898,HTH_24	NA
Q6J0W5	HMG_box,DUF1908,DUF1898	NA
Q6J4I5	HMG_box,DUF1908,DUF1898	NA
Q6J4J1	HMG_box,DUF1908,DUF1898	NA
Q6L9M1	PPARgamma_N	NA
Q6LAM3	Homeobox,HTH_23,Homeobox_KN,Homez	NA
Q6LBH2	Homeobox	NA
Q6LBK7	DivIC,HLH,Carn_acyltransf,Myc-LZ	NA
Q6LDH8	zf-C2H2_4,zf-C2H2,zf-C2H2_jaz,Churchill,zf-met,zf-H2C2_2,C1_1,Zn_Tnp_IS1595,zinc_ribbon_2,zf-C2H2_6,DUF3449,Desulfoferrod_N,zf-HIT,zf-H2C2_5,SprT-like,Elf1,zf-BED,DUF2072,CxxC_CxxC_SSSS,zf-C2H2_2	NA
Q6LES8	YABBY,HMG_box,DUF1898,NAD_binding_9,DUF1074	NA
Q6MZN6	zf-C2H2_4,zf-C2H2,Zn_ribbon_recom,Evr1_Alr,UPF0547,Prok-RING_2,C1_3,zf-C2H2_jaz,YhfH,XPA_N,zf-met,zf-H2C2_2,C1_4,TFIIS_C,HNH,zf-AN1,HTH_Tnp_ISL3,Zn_Tnp_IS1595,zf-C2H2_6,zinc_ribbon_2,Desulfoferrod_N,C1_2,Prok-RING_1,zf-HIT,ZZ,DUF1062,ADK_lid,DUF1163,SprT-like,LIM,DNA_RNApol_7kD,zf-trcl,DUF1610,CxxC_CxxC_SSSS,DUF164,zf-C2HC_2,CpXC,FYDLN_acid,Ribosomal_L44,Rep_fac-A_C,BolA	NA
Q6MZP7	CXC	NA
Q6MZZ4	PAPA-1,Ets	NA
Q6N021	Tet_JBP	NA
Q6N043	zf-H2C2_2,DUF4195,zf-C2H2_jaz	NA
Q6N083	SAM_1,PAT1,DUF1471,SAM_PNT,Med15,zf-FCS,SAM_2	NA
Q6N0A7	STAT2_C,SH2,STAT_bind	NA
Q6NSM0	PAN_3,zf-C4	NA
Q6NSW7	Homeobox,Homez	NA
Q6NSZ9	zf-C2H2_4,zf-RING_3,zf-C2H2,SCAN,C1_3,zf-C2H2_jaz,KRAB,Rad50_zn_hook,zf-met,zf-H2C2_2,CxxC_CxxC_SSSS,DZR,zf-C2HC_2,FYDLN_acid,zf-C2H2_6,LIM,BolA;C2H2 ZF	7
Q6NT04	CENPB	1
Q6NTE1	zf-C2H2_4,C1_4,zf-C2H2,zf-BED,zf-C2H2_jaz,KRAB,zf-met,XPA_N,zf-H2C2_2,HTH_Tnp_ISL3,CxxC_CxxC_SSSS,Yippee,zf-C2H2_6,BolA	NA
Q6NTH1	Myb_DNA-binding	NA
Q6NUI8	zf-C2H2_4,C1_4,zf-RING_3,zf-C2H2,Prok-RING_1,zf-C2H2_jaz,zf-trcl,KRAB,XPA_N,zf-met,zf-H2C2_2,HTH_Tnp_ISL3,CxxC_CxxC_SSSS,Zn_Tnp_IS1595,RRN7,zf-C2H2_6,LIM;C2H2 ZF	9
Q6NUN2	dsrm,R3H,G-patch,G-patch_2	NA
Q6NUN9	zf-C2H2_4,Elf1,zf-C2H2,zinc_ribbon_5,DUF3669,zf-C2H2_jaz,zf-CHY,KRAB,zf-met,XPA_N,zf-H2C2_2,HTH_Tnp_ISL3,zf-C2HC_2,zf-C2H2_6;C2H2 ZF	4
Q6NVX3	HLH	NA
Q6NW39	NUC130_3NT,UCH,Homeobox,PBC,Homeobox_KN	NA
Q6NX45	zf-C2H2_4,zf-C2H2,Zn_ribbon_recom,YhfH,zf-C2H2_jaz,C1_3,XPA_N,zf-met,zf-H2C2_2,Yippee,C1_4,zf-RING_3,HTH_Tnp_ISL3,Zn_Tnp_IS1595,zf-C2H2_6,Prok-RING_1,LIM,DNA_RNApol_7kD,CxxC_CxxC_SSSS,Cren7,CpXC,FYDLN_acid	NA
Q6NX49	zf-C2H2_4,C1_4,zf-C2H2,zf-C2H2_jaz,KRAB,XPA_N,zf-H2C2_2,HTH_Tnp_ISL3,Yippee,Zn_Tnp_IS1595,CpXC,zf-C2H2_6,BolA	NA
Q6P088	KRAB,DUF2573,SCAN	NA
Q6P0Y2	Fork_head	NA
Q6P1L6	zf-C2H2_4,C1_4,zf-RING_3,zf-C2H2,Zn_ribbon_recom,DNA_RNApol_7kD,C1_3,zf-C2H2_jaz,KRAB,LIM,zf-H2C2_2,Yippee,Chordopox_RPO7,zf-H2C2_5,FYDLN_acid,zf-C2H2_6,zf-UBP	NA
Q6P1N0	Lsr2,C2	NA
Q6P280	zf-C2H2_4,C1_4,Elf1,zf-C2H2,zinc_ribbon_5,zf-BED,DNA_RNApol_7kD,zf-C2H2_jaz,C1_3,KRAB,zf-H2C2_2,CxxC_CxxC_SSSS,Zn_Tnp_IS1595,GAGA,DUF3172,zf-C2H2_6,GATA,BolA	NA
Q6P2D0	zf-C2H2_4,zf-C2H2,Zn_ribbon_recom,UPF0547,YhfH,zf-C2H2_jaz,zf-met,XPA_N,zf-H2C2_2,Yippee,GAGA,C1_1,C1_4,zf-RING_3,TFIIS_C,zf-AN1,HTH_Tnp_ISL3,Zn_Tnp_IS1595,zf-C2H2_6,zinc_ribbon_2,Prok-RING_1,KRAB,DZR,DNA_RNApol_7kD,zf-BED,CxxC_CxxC_SSSS,CpXC,Ribosomal_L44,BolA	NA
Q6P3S4	DivIC,Lipoprotein_20,GAS,Hema_stalk,CAP_N,ATG16,Nup54,IncA,bZIP_2,Pox_A_type_inc,HALZ,DUF2514,IBB,bZIP_1,Myc-LZ	NA
Q6P3U7	Med3,Nuc_recep-AF1,Hormone_recep,zf-C4	NA
Q6P495	zf-C2H2_4,zf-C2H2_6,EutQ,zf-C2H2	NA
Q6P514	zf-C2H2_4,zf-H2C2_2,zf-C2H2,zf-met	NA
Q6P579	zf-C2H2_4,zf-C2H2,UPF0547,Prok-RING_2,C1_3,zf-C2H2_jaz,YhfH,XPA_N,zf-met,zf-H2C2_2,CTV_P23,C1_1,Rubredoxin,NinG,A2L_zn_ribbon,C1_4,Katanin_con80,TFIIS_C,zinc_ribbon_5,zf-AN1,Ribosomal_L17,HTH_Tnp_ISL3,Zn_Tnp_IS1595,zf-MYND,RRN7,zf-C2H2_6,Desulfoferrod_N,C1_2,Prok-RING_1,DUF2688,COX5B,PHD,ZZ,Siva,Baculo_IE-1,DUF82,zf-BED,DNA_RNApol_7kD,zinc_ribbon_4,CxxC_CxxC_SSSS,PDZ_1,BHD_1,HTH_Tnp_IS66,BolA	NA
Q6P6D5	zf-C2HC,MYT1,IBR,zf-RING-like	NA
Q6P9A1	zf-C2H2_4,zf-C2H2,Zn_ribbon_recom,UPF0547,YhfH,zf-C2H2_jaz,XPA_N,zf-met,zf-H2C2_2,Yippee,C1_4,TFIIS_C,HTH_Tnp_ISL3,Zn_Tnp_IS1595,zinc_ribbon_2,zf-C2H2_6,KRAB,LIM,DNA_RNApol_7kD,CxxC_CxxC_SSSS,DUF2213	NA
Q6P9A3	zf-C2H2_4,zf-C2H2,zf-C2H2_jaz,KRAB,XPA_N,zf-H2C2_2,CxxC_CxxC_SSSS,Zn_Tnp_IS1595,zf-C2H2_6,A2L_zn_ribbon	NA
Q6P9G9	zf-C2H2_4,C1_4,zf-RING_3,zf-C2H2,zf-ribbon_3,SCAN,zf-CHCC,zf-C2H2_jaz,ROS_MUCR,zf-met,zf-H2C2_2,CxxC_CxxC_SSSS,zf-C2H2_6	NA
Q6PCT2	F-box,LRR_8,LRR_1,PHD,DUF4109,zf-CXXC,C1_1,LRR_4,LRR_6,LRR_7,F-box-like;CxxC	1
Q6PDT8	Myb_DNA-binding	NA
Q6PEZ3	KRAB,SCAN,Saccharop_dh	NA
Q6PF04	zf-C2H2_4,zf-RING_3,DUF3936,zf-C2H2,zf-C2H2_jaz,zf-trcl,KRAB,XPA_N,zf-H2C2_2,CxxC_CxxC_SSSS,zf-C2H2_6,BolA	NA
Q6PG37	zf-C2H2_4,C1_4,zf-C2H2,BHD_1,zf-C2H2_jaz,zf-trcl,KRAB,XPA_N,zf-H2C2_2,CxxC_CxxC_SSSS,HTH_Tnp_ISL3,AARP2CN,Zn_Tnp_IS1595,DUF82,zf-C2H2_6	NA
Q6PGR4	Myb_DNA-binding	NA
Q6PHZ7	DUF1254,Flagellin_N,Hormone_recep,zf-C4	NA
Q6PIV2	Fork_head	NA
Q6PJ68	zf-C2H2_4,zf-C2H2,C1_3,zf-C2H2_jaz,XPA_N,zf-H2C2_2,Yippee,HypA,C1_4,TFIIS_C,HTH_Tnp_ISL3,Zn_Tnp_IS1595,zf-C2H2_6,Prok-RING_1,Siva,LIM,DNA_RNApol_7kD,CxxC_CxxC_SSSS,Ribosomal_L44	NA
Q6PJG2	ELM2,Myb_DNA-binding	NA
Q6PJQ2	zf-C2H2_4,zf-C2H2,zf-C2H2_jaz,zf-met,Rad50_zn_hook,zf-H2C2_2,zf-H2C2_5,zf-C4_ClpX	NA
Q6PJQ5	Fork_head	NA
Q6PJR5	Bromodomain,PHD,M60-like,zf-UBR,PWWP	NA
Q6PJU3	DUF4349,HLH,RR_TM4-6,CDC45	NA
Q6PJU4	zf-C2H2_4,zf-C2H2,C1_3,zf-C2H2_jaz,XPA_N,zf-H2C2_2,Yippee,HypA,C1_4,TFIIS_C,HTH_Tnp_ISL3,Zn_Tnp_IS1595,zf-C2H2_6,Prok-RING_1,Siva,LIM,DNA_RNApol_7kD,CxxC_CxxC_SSSS,Ribosomal_L44	NA
Q6PK05	zf-C2H2_4,zf-C2H2,Prok-RING_2,zf-C2H2_jaz,XPA_N,zf-H2C2_2,C1_4,TFIIS_C,zf-AN1,HTH_Tnp_ISL3,Zn_Tnp_IS1595,zf-UBR,zf-Mss51,zf-C2H2_6,KRAB,GATA,Rpr2,DNA_RNApol_7kD,zf-BED,zf-trcl,CxxC_CxxC_SSSS,zf-LYAR	NA
Q6PK66	Zfx_Zfy_act	NA
Q6PK81	zf-C2H2_4,zf-C2H2,C1_3,zf-C2H2_jaz,YhfH,XPA_N,zf-H2C2_2,Yippee,C1_1,C1_4,TFIIS_C,zf-AN1,HTH_Tnp_ISL3,Zn_Tnp_IS1595,zf-C2H2_6,Prok-RING_1,KRAB,Siva,zf-H2C2_5,LIM,DNA_RNApol_7kD,CxxC_CxxC_SSSS;C2H2 ZF	9
Q6PKH2	Homeobox,Homeobox_KN	NA
Q6PQC4	zf-C2H2_jaz,zf-met	NA
Q6PWT1	HMG_box,DUF1908,DUF1898	NA
Q6Q9Z7	TrmB,BRCA-2_OB3,E2F_TDP	NA
Q6QGY2	zf-FPG_IleRS,zf-RING_2,zf-C3HC4_2,zf-P11,zf-C3HC4_3,zf-C4	NA
Q6QHK4	HLH	NA
Q6R2W3	BED ZF	1
Q6RFH8	Homeobox,HTH_26,CENP-B_N,Homeobox_KN	NA
Q6RFR4	zf-C2H2_4,C1_4,zf-C2H2,FYVE,zf-BED,zf-C2H2_jaz,zf-trcl,zf-AN1,XPA_N,Ribosomal_L17,zf-H2C2_2,CxxC_CxxC_SSSS,HTH_Tnp_ISL3,DUF4389,Zn_Tnp_IS1595,zf-C2H2_6,Csm1	NA
Q6RFR5	zf-C2H2_4,zf-C2H2,UPF0547,Evr1_Alr,C1_3,zf-C2H2_jaz,YhfH,IBD,XPA_N,zf-met,zf-H2C2_2,GAGA,C1_1,A2L_zn_ribbon,C1_4,zinc_ribbon_5,TFIIS_C,zf-AN1,HTH_Tnp_ISL3,Zn_Tnp_IS1595,zf-MYND,RRN7,zf-C2H2_6,Desulfoferrod_N,C1_2,Prok-RING_1,zf-HIT,COX5B,ZZ,DUF82,LIM,GATA,zf-BED,DNA_RNApol_7kD,zf-trcl,zinc_ribbon_4,CxxC_CxxC_SSSS,CpXC	NA
Q6RFR6	zf-C2H2_4,zf-C2H2,zf-C2H2_jaz,XPA_N,Rapsyn_N,zf-H2C2_2,Yippee,HypA,C1_4,zf-RING_3,TFIIS_C,zinc_ribbon_5,HTH_Tnp_ISL3,Zn_Tnp_IS1595,zf-C2H2_6,ZZ,GATA,DNA_RNApol_7kD,zf-trcl,zinc_ribbon_4,CxxC_CxxC_SSSS,CpXC,BHD_1,Ribosomal_L44,BolA	NA
Q6RFR7	zf-C2H2_4,zf-C2H2,UPF0547,Prok-RING_2,C1_3,zf-C2H2_jaz,YhfH,BHD_2,XPA_N,zf-met,zf-H2C2_2,HypA,Yippee,C1_1,A2L_zn_ribbon,C1_4,TFIIS_C,zinc_ribbon_5,zf-AN1,HTH_Tnp_ISL3,Zn_Tnp_IS1595,DUF35_N,zf-C2H2_6,Desulfoferrod_N,C1_2,Prok-RING_1,zf-HIT,COX5B,ZZ,DUF82,LIM,PhnJ,Arc_trans_TRASH,zf-BED,DNA_RNApol_7kD,zf-trcl,DUF1610,zinc_ribbon_4,CxxC_CxxC_SSSS,DUF164,CpXC,zf-LYAR,BolA	NA
Q6RFR8	zf-C2H2_4,C1_4,zf-C2H2,C1_2,FYVE,zf-BED,XPA_N,zf-H2C2_2,CxxC_CxxC_SSSS,Yippee,DUF82,Zn_Tnp_IS1595,CpXC,zf-C2H2_6	NA
Q6RFS1	zf-C2H2_4,zf-C2H2,zf-C2H2_jaz,XPA_N,zf-H2C2_2,C1_4,TFIIS_C,zf-AN1,HTH_Tnp_ISL3,Zn_Tnp_IS1595,zf-C2H2_6,FYVE,DUF2688,zf-HIT,zf-BED,zf-trcl,CxxC_CxxC_SSSS,zf-LYAR,BolA	NA
Q6RFS2	zf-C2H2_4,zf-C2H2,Zn_ribbon_recom,Prok-RING_2,YhfH,zf-C2H2_jaz,Ogr_Delta,C1_3,zf-met,XPA_N,zf-H2C2_2,HypA,C1_4,TFIIS_C,zinc_ribbon_5,zf-CHY,zf-AN1,FeS,HTH_Tnp_ISL3,Zn_Tnp_IS1595,zf-MYND,DUF2321,zf-Mss51,zf-C2H2_6,zinc_ribbon_2,FYVE,DUF2688,Tnp_zf-ribbon_2,RIG-I_C-RD,SprT-like,DZR,Elf1,zf-BED,zf-trcl,zinc_ribbon_4,CxxC_CxxC_SSSS,zf-C2H2_2,CpXC,FYDLN_acid,Ribosomal_L44	NA
Q6RFS3	zf-C2H2_4,C1_4,zf-C2H2,zf-C2H2_jaz,Tnp_zf-ribbon_2,IBD,zf-met,XPA_N,zf-H2C2_2,CxxC_CxxC_SSSS,C1_1,CpXC,zf-C2H2_6,BolA	NA
Q6RFS4	zf-C2H2_4,C1_4,zf-C2H2,zf-C2H2_jaz,zf-H2C2_2,CxxC_CxxC_SSSS,zf-C2H2_6	NA
Q6SJ96	TBP,EB1_binding,DUF3378	NA
Q6SV71	Sgf11,DUF581,Arc_trans_TRASH,Vps39_2,DUF2175,zinc_ribbon_2,LIM	NA
Q6TZ08	Prog_receptor,zf-C3HC4_2,Hormone_recep,zf-C4	NA
Q6U7Q0	zf-C2H2_4,C1_4,zf-C2H2,Ta0938,zf-C2H2_jaz,zf-H2C2_2,Yippee,HTH_Tnp_ISL3,GAGA,zf-C2H2_6,BolA	NA
Q6V3B1	HLH,LepA_C,IncA,CENP-Q,PMBR,Ax_dynein_light	NA
Q6V9R5	zf-C2H2_4,zf-C2H2,zf-C2H2_jaz,XPA_N,zf-H2C2_2,C1_1,TFIIS_C,HTH_Tnp_ISL3,Zn_Tnp_IS1595,zf-C2H2_6,IGPD,DUF2387,KRAB,Trm112p,zf-trcl,CxxC_CxxC_SSSS,zf-C2H2_2,zf-C2HC_2,Ribosomal_L44	NA
Q6VB84	Fork_head	NA
Q6VB86	Fork_head,Gly-zipper_OmpA	NA
Q6VMP0	PAX	NA
Q6VUC0	TF_AP-2	NA
Q6X7T3	zf-C2H2_4,C1_4,zf-C2H2,FYVE,TFIIS_C,zf-BED,zf-C2H2_jaz,KRAB,XPA_N,zf-H2C2_2,CxxC_CxxC_SSSS,Zn_Tnp_IS1595,zf-C2H2_6,BolA	NA
Q6XD76	DUF4415,HLH	NA
Q6XYB7	Homeobox	NA
Q6YFJ8	HTH_Tnp_IS1,Ribosomal_S13_N,Homeobox,HTH_32,HTH_29,HTH_23,PAX	NA
Q6ZMM6	Hormone_recep,zf-C4	NA
Q6ZMS7	zf-C2H2_4,zf-C2H2,zf-CHCC,Zn_ribbon_recom,DUF3669,zf-C2H2_jaz,zf-H2C2_2,zf-TFIIB,Cys_rich_CPXG,OrfB_Zn_ribbon,C1_4,zf-RING_3,zinc_ribbon_5,HNH,Zn_Tnp_IS1595,zf-Mss51,Terminase_GpA,zf-C2H2_6,KRAB,ADK_lid,zf-H2C2_5,DZR,DUF1610,zinc_ribbon_4,CxxC_CxxC_SSSS,zf-C2HC_2,DUF164,CpXC,FYDLN_acid,HTH_Tnp_IS66	NA
Q6ZMV8	zf-C2H2_4,zf-C2H2,YEATS,Evr1_Alr,Prok-RING_2,C1_3,zf-C2H2_jaz,XPA_N,zf-H2C2_2,DUF1495,C1_4,zf-AN1,HTH_Tnp_ISL3,Zn_Tnp_IS1595,zf-C2H2_6,Desulfoferrod_N,KRAB,SprT-like,DNA_RNApol_7kD,DUF1610,CxxC_CxxC_SSSS,DUF164,BolA	NA
Q6ZMW2	zf-C2H2_4,C1_4,zf-C2H2,zf-C2H2_jaz,KRAB,ZZ,zf-H2C2_2,CxxC_CxxC_SSSS,Zn_Tnp_IS1595,C1_1,zf-C2HC_2,GAGA,FYDLN_acid,zf-C2H2_6,GATA	NA
Q6ZMW8	zf-C2H2_4,zf-C2H2,Mito_fiss_reg,Zip,zf-C2H2_3,zf-C2H2_jaz,zf-met,Homeobox,CxxC_CxxC_SSSS,SAPS,zf-C2H2_2,Homeobox_KN	NA
Q6ZMY9	zf-C2H2_4,zf-C2H2,DNA_RNApol_7kD,Prok-RING_1,zf-C2H2_jaz,KRAB,XPA_N,zf-H2C2_2,CxxC_CxxC_SSSS,Zn_Tnp_IS1595,zf-C2H2_6,LIM	NA
Q6ZN06	zf-C2H2_4,zf-C2H2,UPF0547,C1_3,zf-C2H2_jaz,zf-met,XPA_N,zf-H2C2_2,C1_1,MBD,C1_4,HTH_Tnp_ISL3,Zn_Tnp_IS1595,zf-C2H2_6,DUF1407,Prok-RING_1,KRAB,ZZ,CxxC_CxxC_SSSS,BolA;C2H2 ZF	14
Q6ZN08	zf-C2H2_4,C1_4,zf-C2H2,Desulfoferrod_N,C1_3,zf-C2H2_jaz,zf-trcl,KRAB,XPA_N,zf-H2C2_2,CxxC_CxxC_SSSS,Zn_Tnp_IS1595,DUF164,zf-C2H2_6;C2H2 ZF	14
Q6ZN11	zf-C2H2_4,zf-C2H2,FYVE,KRAB,XPA_N,LIM,zf-H2C2_2,CxxC_CxxC_SSSS,Chordopox_RPO7,C1_1,zf-C2H2_6,zf-UBP,BolA	NA
Q6ZN18	zf-C2H2_4,zf-C2H2,DUF4366,zf-H2C2_2,Nucleoplasmin	NA
Q6ZN19	zf-C2H2_4,Pox_A9,zf-C2H2,Prok-RING_1,HNH,zf-C2H2_jaz,ZZ,XPA_N,zf-H2C2_2,CxxC_CxxC_SSSS,HTH_Tnp_ISL3,Siva,GAGA,C1_1,Zn_Tnp_IS1595,zf-C2H2_6,BolA;C2H2 ZF	21
Q6ZN29	zf-C2H2_4,zf-C2H2,zf-met,Homeobox,zf-C2H2_2,zf-C2H2_6,Homeobox_KN	NA
Q6ZN32	Ets,HSF_DNA-bind	NA
Q6ZN55	zf-C2H2_4,C1_4,Elf1,zf-C2H2,CpXC,zf-C2H2_jaz,zf-met,DUF4106,zf-H2C2_2,C1_1,zf-H2C2_5,FYDLN_acid,zf-C2H2_6,zf-LYAR,BolA	NA
Q6ZN57	zf-C2H2_4,Ribosomal_L37ae,zf-C2H2,C1_3,zf-C2H2_jaz,XPA_N,zf-H2C2_2,Yippee,C1_1,C1_4,zf-RING_3,TFIIS_C,zf-AN1,HTH_Tnp_ISL3,Zn_Tnp_IS1595,zf-C2H2_6,Prok-RING_1,PHD,ZZ,LIM,GATA,Rpr2,zf-BED,DNA_RNApol_7kD,zf-trcl,CxxC_CxxC_SSSS,zf-C2HC_2,CpXC,Ribosomal_L44,BolA	NA
Q6ZN79	zf-C2H2_4,zf-C2H2,KRAB,XPA_N,zf-H2C2_2,zf-Sec23_Sec24,GAGA,DUF3198	NA
Q6ZNA0	zf-C2H2_4,zf-C2H2,Zn_ribbon_recom,C1_3,zf-C2H2_jaz,zf-met,XPA_N,zf-H2C2_2,Yippee,C1_4,TFIIS_C,zf-AN1,HTH_Tnp_ISL3,Zn_Tnp_IS1595,zf-C2H2_6,Prok-RING_1,zf-HIT,DZR,LIM,zf-BED,DNA_RNApol_7kD,zf-trcl,CxxC_CxxC_SSSS,CpXC,FYDLN_acid	NA
Q6ZNA1	zf-C2H2_4,zf-C2H2,Prok-RING_1,zf-BED,zf-C2H2_jaz,KRAB,XPA_N,zf-met,zf-H2C2_2,CxxC_CxxC_SSSS,HTH_Tnp_ISL3,GAGA,C1_1,Zn_Tnp_IS1595,zf-C2H2_6,BolA;C2H2 ZF	24
Q6ZNB4	RFX_DNA_binding	NA
Q6ZNC4	zf-C2H2	NA
Q6ZNC6	zf-C2H2_4,C1_4,zf-C2H2,Prok-RING_1,DNA_RNApol_7kD,zf-C2H2_jaz,zf-trcl,XPA_N,zf-H2C2_2,HTH_Tnp_ISL3,CxxC_CxxC_SSSS,Yippee,zf-C2HC_2,DZR,DUF2321,FYDLN_acid,zf-C2H2_6,GATA	NA
Q6ZND3	zf-C2H2_4,zf-C2H2,NuA4,zf-C2H2_jaz,BHD_2,KRAB,XPA_N,ZZ,zf-H2C2_2,CxxC_CxxC_SSSS,HTH_Tnp_ISL3,Zn_Tnp_IS1595,zf-C2H2_6	NA
Q6ZNG0	zf-C2H2_4,zf-C2H2,zf-C2H2_jaz,zf-met,XPA_N,zf-H2C2_2,Yippee,C1_4,HTH_Tnp_ISL3,Zn_Tnp_IS1595,zf-C2H2_6,KRAB,GATA,Elf1,zf-BED,DNA_RNApol_7kD,zf-trcl,CxxC_CxxC_SSSS,BolA	NA
Q6ZNG1	zf-C2H2_4,C1_4,zf-C2H2,Prok-RING_1,BHD_1,zf-C2H2_jaz,C1_3,BHD_2,zf-CHY,zf-met,XPA_N,zf-H2C2_2,CxxC_CxxC_SSSS,HTH_Tnp_ISL3,Zn_Tnp_IS1595,MBD,zf-C2H2_6,BolA	NA
Q6ZNG2	Homeobox,DUF2986	NA
Q6ZNH5	zf-C2H2_4,zf-C2H2,Zn_ribbon_recom,zf-C2H2_jaz,XPA_N,zf-H2C2_2,Yippee,HypA,GAGA,tRNA-synt_2b,C1_4,zf-RING_3,HTH_Tnp_ISL3,Zn_Tnp_IS1595,DUF2321,zf-C2H2_6,zf-UBP,LIM,Elf1,zf-trcl,CxxC_CxxC_SSSS,FYDLN_acid,zf-LYAR;C2H2 ZF	14
Q6ZNU6	Kinesin-related	NA
Q6ZP45	FCP1_C,Lipoprotein_19,AT_hook	NA
Q6ZP55	zf-C2H2_4,C1_4,zf-C2H2,DUF1407,Prok-RING_1,C1_3,zf-C2H2_jaz,BHD_2,zf-met,XPA_N,zf-H2C2_2,CxxC_CxxC_SSSS,HTH_Tnp_ISL3,Zn_Tnp_IS1595,C1_1,A2L_zn_ribbon,zf-C2H2_6,BolA	NA
Q6ZQN5	Fork_head	NA
Q6ZQV5	C2H2 ZF	8
Q6ZR52	zf-C2H2_4,C1_4,zf-C2H2,Desulfoferrod_N,DNA_RNApol_7kD,Prok-RING_1,zf-C2H2_jaz,C1_3,zf-AN1,XPA_N,zf-H2C2_2,CxxC_CxxC_SSSS,HTH_Tnp_ISL3,SprT-like,zf-C2H2_6,BolA;C2H2 ZF	19
Q6ZRF7	zf-C2H2_4,zf-C2H2,zf-BED,zf-H2C2_2,HTH_Tnp_ISL3,DUF82	NA
Q6ZS01	zf-C2H2_4,zf-C2H2,DUF3279,zf-C2H2_jaz,zf-met2,zf-met,zf-C2H2_6	NA
Q6ZS27	zf-C2H2_4,C1_4,zf-C2H2,TFIIS_C,zf-C2H2_jaz,zf-trcl,XPA_N,zf-H2C2_2,CxxC_CxxC_SSSS,HTH_Tnp_ISL3,Yippee,Zn_Tnp_IS1595,zf-C2H2_6	NA
Q6ZS47	zf-C2H2_4,C1_4,zf-C2H2,C1_3,zf-C2H2_jaz,Tnp_zf-ribbon_2,zf-HIT,KRAB,zf-met,XPA_N,zf-H2C2_2,CxxC_CxxC_SSSS,HTH_Tnp_ISL3,Zn_Tnp_IS1595,C1_1,zf-C2H2_6	NA
Q6ZS99	RRM_1,RRM_6,AvrE,DbpA,Limkain-b1,RRM_5	NA
Q6ZSB9	zf-C2H2_4,PyrI_C,zf-C2H2,Elf1,zf-C2H2_jaz,zf-met,zf-H2C2_2,BTB,GAGA,zf-C2HC_2,zf-C2H2_6,BolA	NA
Q6ZSS3	zf-C2H2_4,C1_4,zf-C2H2,TFIIS_C,Prok-RING_2,Prok-RING_1,DNA_RNApol_7kD,zf-C2H2_jaz,zf-trcl,KRAB,XPA_N,zf-H2C2_2,CxxC_CxxC_SSSS,HTH_Tnp_ISL3,Zn_Tnp_IS1595,CpXC,zf-C2H2_6,LIM	NA
Q6ZSZ6	zf-C2H2_4,PyrI_C,zf-C2H2,DUF629,SAE2,zf-C2H2_jaz,DUF2002,zf-met,zf-H2C2_2,DUF678,zf-C2H2_2,zf-C2HC_2,zf-C2H2_6	NA
Q6ZT77	zf-C2H2_4,Elf1,zf-C2H2,zf-C2H2_jaz,zf-trcl,XPA_N,zf-H2C2_2,CxxC_CxxC_SSSS,HTH_Tnp_ISL3,DUF164,DUF2321,zf-C2H2_6	NA
Q6ZTZ1	MADF	1
Q6ZUQ0	zf-C2H2_4,C1_4,zf-RING_3,zf-C2H2,Rpr2,zf-C2H2_jaz,zf-trcl,zf-CHY,KRAB,zf-met,cEGF,zf-H2C2_2,Chordopox_RPO7,zf-C2H2_6,LIM	NA
Q6ZV50	FBD,RFX_DNA_binding	NA
Q6ZVD7	Stork_head	NA
Q708E1	Cmyb_C,Myb_DNA-bind_4,Myb_DNA-bind_6,Myb_DNA-bind_2,LMSTEN,Spore_III_AB,Myb_DNA-binding	NA
Q708E2	GVQW,Cmyb_C,Myb_DNA-bind_4,Myb_DNA-bind_6,Myb_DNA-bind_2,LMSTEN,Myb_DNA-binding	NA
Q708E3	Myb_DNA-bind_4,Myb_DNA-binding,Myb_DNA-bind_6,Myb_DNA-bind_2,LMSTEN,Spore_III_AB,Cmyb_C	NA
Q708E5	Myb_DNA-bind_4,Myb_DNA-bind_6,RST,Myb_DNA-bind_2,LMSTEN,Spore_III_AB,Myb_DNA-binding	NA
Q708E6	Myb_DNA-bind_4,Myb_DNA-bind_6,RST,Myb_DNA-bind_2,LMSTEN,Spore_III_AB,Myb_DNA-binding	NA
Q708E8	Myb_DNA-bind_4,Myb_DNA-bind_6,RST,Myb_DNA-bind_2,LMSTEN,Spore_III_AB,Myb_DNA-binding	NA
Q708E9	Cmyb_C,Myb_DNA-bind_4,Myb_DNA-bind_6,Myb_DNA-bind_2,LMSTEN,Spore_III_AB,Myb_DNA-binding	NA
Q708J0	Cmyb_C,Myb_DNA-bind_4,Myb_DNA-bind_6,Myb_DNA-bind_2,LMSTEN,Spore_III_AB,Myb_DNA-binding	NA
Q709A9	DUF2547,Activator_LAG-3	NA
Q70AC3	GVQW,Cmyb_C,Myb_DNA-bind_4,Myb_DNA-bind_6,Myb_DNA-bind_2,LMSTEN,Spore_III_AB,Myb_DNA-binding	NA
Q70SY1	bZIP_2,bZIP_1,DUF3552,bZIP_Maf	NA
Q70T20	bZIP_2,bZIP_1,DUF3552,bZIP_Maf	NA
Q70T21	bZIP_2,bZIP_1,DUF3552,bZIP_Maf	NA
Q71A33	AKNA,Maf_N,GAS,bZIP_Maf,bZIP_2,DUF904,Seryl_tRNA_N,bZIP_1,DUF1192	NA
Q71MF7	zf-C2H2_4,zf-C2H2,FYVE,zf-C2H2_jaz,zf-met,zf-H2C2_2,CxxC_CxxC_SSSS,Zn_Tnp_IS1595,C1_1,GAGA,FYDLN_acid,zf-C2H2_6,zf-LYAR,BolA	NA
Q71U35	Myb_DNA-binding,TEA	NA
Q75KY0	DUF342,HLH,DUF3371	NA
Q75MV2	zf-C2H2_4,zf-C2H2,Prok-RING_1,BHD_1,zf-C2H2_jaz,KRAB,Rad50_zn_hook,XPA_N,zf-H2C2_2,CxxC_CxxC_SSSS,Zn_Tnp_IS1595,zf-C2H2_6	NA
Q75MX6	GTF2I	NA
Q76KX8	zf-C2H2_4,zf-C2H2,tRNA-synt_2d,UPF0547,C1_3,zf-C2H2_jaz,BHD_2,XPA_N,Rapsyn_N,zf-H2C2_2,C1_1,K-box,A2L_zn_ribbon,TFIIS_C,HTH_Tnp_ISL3,Zn_Tnp_IS1595,NADH_oxidored,zf-C2H2_6,KRAB,CxxC_CxxC_SSSS,zf-LYAR,BolA	NA
Q7KYZ0	zf-C4	NA
Q7KZ25	zf-C2H2_4,zf-C2H2,zf-C2H2_jaz,XPA_N,zf-H2C2_2,Yippee,C1_1,C1_4,zf-RING_3,TFIIS_C,zf-CHY,zf-AN1,HTH_Tnp_ISL3,Zn_Tnp_IS1595,zf-MYND,DUF2321,zf-C2H2_6,PHD,DUF82,LIM,zf-BED,DNA_RNApol_7kD,zf-trcl,CxxC_CxxC_SSSS,CpXC,BHD_1	NA
Q7KZE5	CENP-B_N,NUC130_3NT,HTH_3,UCH,Homez,HTH_26,Homeobox,HTH_19,PBC,Homeobox_KN	NA
Q7L2R6	zf-C2H2_4,zf-C2H2,C1_3,zf-C2H2_jaz,XPA_N,zf-met,zf-H2C2_2,C1_1,MBD,zf-AN1,HTH_Tnp_ISL3,Zn_Tnp_IS1595,zf-C2H2_6,DUF1407,DUF3280,Prok-RING_1,KRAB,ZZ,DNA_RNApol_7kD,CxxC_CxxC_SSSS,BolA	NA
Q7L3S4	zf-C2H2_4,zf-C2H2,Zn_ribbon_recom,zf-C2H2_jaz,zf-met,XPA_N,zf-H2C2_2,C1_4,zf-RING_3,HTH_Tnp_ISL3,RRN7,zf-C2H2_6,zf-UBP,DUF1163,LIM,DNA_RNApol_7kD,CxxC_CxxC_SSSS,zf-C2H2_2,zf-C2HC_2,FYDLN_acid,zf-LYAR,BolA	NA
Q7L4P6	V_ATPase_I,ATG16,DUF964,Streptin-Immun,BEN	NA
Q7L945	zf-C2H2_4,C1_4,zf-C2H2,zf-C2H2_jaz,KRAB,zf-met,zf-H2C2_2,CxxC_CxxC_SSSS,HTH_18,Zn_Tnp_IS1595,zf-MYND,zf-C2H2_6	NA
Q7LCB3	ERbeta_N,Oest_recep,Hormone_recep,zf-C4	NA
Q7LFL8	zf-CXXC	NA
Q7RTS1	LRR_4,HLH	NA
Q7RTS3	HLH,GPW_gp25	NA
Q7RTU0	HLH	NA
Q7RTU3	HLH	NA
Q7RTU4	DUF1010,HLH;bHLH	1
Q7RTU5	HLH	NA
Q7RTU7	HLH,Mito_fiss_reg,Dscam_C	NA
Q7RTV0	PHF5,PolC_DP2	NA
Q7RTV3	zf-C2H2_4,zf-C2H2,zf-C2H2_jaz,zf-met,zf-H2C2_2,zf-C2H2_6;C2H2 ZF	2
Q7Z2V4	zf-C2H2_4,zf-C2H2,Zn_ribbon_recom,DUF3669,zf-C2H2_jaz,DUF1898,zf-met,zf-H2C2_2,Yippee,C1_4,zinc_ribbon_5,zf-CHY,Zn_Tnp_IS1595,zf-C2H2_6,KRAB,DZR,Elf1,DNA_RNApol_7kD,DUF1610,CpXC	NA
Q7Z2W0	Hormone_recep,zf-C4	NA
Q7Z340	zf-C2H2_4,C1_4,zf-C2H2,Zn_ribbon_recom,TFIIS_C,DNA_RNApol_7kD,Prok-RING_1,zf-C2H2_jaz,KRAB,zf-met,XPA_N,zf-H2C2_2,HTH_Tnp_ISL3,CxxC_CxxC_SSSS,Yippee,zf-C2H2_6,BolA;C2H2 ZF	15
Q7Z353	Homeobox	NA
Q7Z398	zf-C2H2_4,zf-C2H2,C1_3,zf-C2H2_jaz,XPA_N,zf-met,zf-H2C2_2,Yippee,C1_1,C1_4,TFIIS_C,HTH_Tnp_ISL3,Zn_Tnp_IS1595,zf-C2H2_6,KRAB,DZR,LIM,CxxC_CxxC_SSSS,HTH_18,zf-LYAR,BolA	NA
Q7Z3A3	HLH,PAS,PAS_2,PAS_3,PAS_9,PAS_4,PAS_6	NA
Q7Z3G2	CXC	NA
Q7Z3I7	zf-C2H2_4,C1_4,zf-C2H2,C1_3,zf-C2H2_jaz,XPA_N,zf-H2C2_2,HTH_Tnp_ISL3,CxxC_CxxC_SSSS,Yippee,Zn_Tnp_IS1595,MBD,FYDLN_acid,zf-C2H2_6	NA
Q7Z3K7	MH1,NfI_DNAbd_pre-N,CTF_NFI	NA
Q7Z3P1	zf-C2H2_4,C1_4,zf-RING_3,zf-C2H2,zf-ribbon_3,zf-CHCC,zf-C2H2_jaz,ROS_MUCR,zf-AN1,zf-met,zf-H2C2_2,CxxC_CxxC_SSSS,Yippee,C1_1,zf-C2H2_6,zf-FCS	NA
Q7Z3R2	zf-C2H2_4,C1_4,zf-C2H2,DNA_RNApol_7kD,BHD_1,zf-C2H2_jaz,zf-CHY,DUF4389,Rapsyn_N,zf-H2C2_2,CxxC_CxxC_SSSS,Zn_Tnp_IS1595,zf-C2H2_6,BolA	NA
Q7Z3V5	zf-C2H2_4,C1_4,DUF1806,zf-RING_3,zf-C2H2,Rpr2,BHD_1,zf-C2H2_jaz,zf-trcl,KRAB,zf-met2,XPA_N,zf-H2C2_2,CxxC_CxxC_SSSS,DUF82,Zn_Tnp_IS1595,zf-C2H2_6	NA
Q7Z3W8	zf-C2H2_4,zf-C2H2,zf-BED,zf-H2C2_2,zf-H2C2_5	NA
Q7Z401	PPR_2,Papo_T_antigen,PPR,DENN,dDENN,uDENN	NA
Q7Z4B9	zf-C2H2_4,C1_4,zf-C2H2,FYVE,TFIIS_C,zf-BED,zf-C2H2_jaz,zf-HIT,zf-trcl,XPA_N,zf-H2C2_2,CxxC_CxxC_SSSS,HTH_Tnp_ISL3,Zn_Tnp_IS1595,zf-C2H2_6	NA
Q7Z4V0	zf-C2H2_4,zf-C2H2,zf-met,zf-H2C2_2,zf-C2H2_2,Mu-like_Com	NA
Q7Z4W9	HLH,Neuro_bHLH	NA
Q7Z516	Myb_DNA-bind_6,Myb_DNA-binding	NA
Q7Z591	AKNA	NA
Q7Z5C4	HMG_box	NA
Q7Z5C5	HMG_box,DUF1898	NA
Q7Z5C6	HMG_box,DUF1898	NA
Q7Z5C8	HMG_box	NA
Q7Z5D8	CDC45,GDPD,DUF1742,Homeobox,Atrophin-1	NA
Q7Z5U9	Foamy_virus_ENV,zf-C4	NA
Q7Z5Y4	PAX	NA
Q7Z5Y5	Menin	NA
Q7Z6E1	zf-C2H2_4,C1_4,zf-C2H2,DNA_RNApol_7kD,zf-C2H2_jaz,zf-trcl,zf-H2C2_2,Yippee,HTH_18,zf-H2C2_5,FYDLN_acid,zf-C2H2_6,zf-UBP	NA
Q7Z6G1	KRAB,SCAN	NA
Q7Z6K1	THAP,ADIP	NA
Q7Z6R9	TF_AP-2	NA
Q7Z6S5	Otopetrin,DUF702,Pollen_allerg_2,HlyD_2,Spore_coat_CotO,Neur_chan_memb,zf-DHHC,AUX_IAA,DUF106,DUF1501,EIIBC-GUT_N,SAGA-Tad1,FemAB,Peptidase_S49_N,BRF1,Mem_trans,DDHD,Tim54,Cellulose_synt,PIH1,DUF853,Pex16,DUF1764,LMBR1,FLO_LFY,DUF1675,Band_3_cyto,DUF2215,Ctr,DUF966,TBP,NARP1,Lin-8,Hid1,DUF3210,Ycf1,DUF4045,MMR1,RR_TM4-6,PAT1,Plasmodium_Vir,OAD_gamma,Gti1_Pac2	NA
Q7Z6T9	TBP	NA
Q7Z6U0	TBP,DUF3378	NA
Q7Z6U1	TBP,DUF3378	NA
Q7Z6U2	TBP,DUF3378	NA
Q7Z7K2	zf-C2H2_4,NR_Repeat,zf-C2H2,zf-C2H2_jaz,zf-met,zf-H2C2_2,Yippee,CxxC_CxxC_SSSS,zf-C2H2_6,zf-LYAR,BolA	NA
Q7Z7L9	zf-C2H2_4,zf-C2H2,Zn_ribbon_recom,C1_3,zf-C2H2_jaz,zf-met,XPA_N,zf-H2C2_2,Yippee,C1_4,TFIIS_C,HTH_Tnp_ISL3,Zn_Tnp_IS1595,zf-C2H2_6,DZR,LIM,SCAN,zf-BED,DNA_RNApol_7kD,zf-trcl,CxxC_CxxC_SSSS,CpXC;C2H2 ZF	14
Q7Z7Q9	HLH,Myc_N	NA
Q86SR6	Ets	NA
Q86T24	zf-C2H2_4,PyrI_C,zf-C2H2,HD-ZIP_N,zf-CHY,zf-met,zf-H2C2_2,BTB,Zn_Tnp_IS1595,zf-C2H2_6	NA
Q86T29	zf-C2H2_4,C1_4,zf-C2H2,Zn_ribbon_recom,zf-C2H2_jaz,KRAB,zf-H2C2_2,Yippee,HTH_Tnp_ISL3,C1_1,zf-C2H2_6,BolA	NA
Q86TD5	zf-C2H2_4,zf-C2H2,Zn_ribbon_recom,C1_3,zf-C2H2_jaz,XPA_N,zf-met,zf-H2C2_2,Yippee,GAGA,C1_1,C1_4,zf-AN1,HTH_Tnp_ISL3,zf-C2H2_6,Prok-RING_1,KRAB,DZR,Zn_Tnp_IS1,SCAN,Arc_trans_TRASH,DNA_RNApol_7kD,zf-trcl,CxxC_CxxC_SSSS,zf-C2HC_2,CpXC	NA
Q86TF7	Homeobox,DUF2209,Homeobox_KN	NA
Q86TG7	ERM,Kinesin-relat_1,Asp_protease_2,UPF0242,RVP_2,DUF812,HLH,IncA,eIF3g,bZIP_1,DivIC,Retrotrans_gag,TBPIP,DUF972,TSC22,gag-asp_proteas,DUF1664,TMF_DNA_bd,zf-CCHC,DUF904	NA
Q86TI1	Homeobox,Homeobox_KN,Homez	NA
Q86TJ5	zf-C2H2_4,C1_4,zf-C2H2,Prok-RING_2,DNA_RNApol_7kD,C1_3,zf-C2H2_jaz,zf-AN1,KRAB,XPA_N,zf-H2C2_2,CxxC_CxxC_SSSS,HTH_Tnp_ISL3,Siva,Yippee,Zn_Tnp_IS1595,zf-C2H2_6,LIM	NA
Q86TN1	PAS_4,HLH,PAS,PAS_3	NA
Q86TP0	zf-C2H2_4,zf-RING_3,zf-C2H2,LBP_BPI_CETP,zf-C2H2_jaz,zf-H2C2_2,RRN7,zf-C2H2_6	NA
Q86U76	zf-C2H2_4,zf-C2H2,C1_3,zf-C2H2_jaz,XPA_N,zf-H2C2_2,Yippee,C1_1,C1_4,TFIIS_C,zf-AN1,HTH_Tnp_ISL3,Zn_Tnp_IS1595,DUF2321,zf-C2H2_6,Prok-RING_1,KRAB,ZZ,GATA,zf-BED,DNA_RNApol_7kD,zf-trcl,NUMOD4,CxxC_CxxC_SSSS,Ribosomal_L44,BolA	NA
Q86U86	HMG_box,DUF1898,BAH,Bromodomain	NA
Q86UC5	FadA,DUF1140,Hormone_recep,zf-C4	NA
Q86UD4	zf-C2H2_4,zf-C2H2,YhfH,zf-C2H2_jaz,XPA_N,zf-H2C2_2,C1_4,zf-RING_3,HTH_Tnp_ISL3,Zn_Tnp_IS1595,zinc_ribbon_2,zf-C2H2_6,Prok-RING_1,DUF82,LIM,GATA,DNA_RNApol_7kD,DUF1610,CxxC_CxxC_SSSS,zf-C2HC_2,CpXC	NA
Q86UE3	zf-C2H2_4,C1_4,zf-C2H2,Rpr2,TFIIS_C,DNA_RNApol_7kD,zf-C2H2_jaz,zf-CHY,KRAB,XPA_N,zf-met,zf-H2C2_2,CxxC_CxxC_SSSS,HTH_Tnp_ISL3,Zn_Tnp_IS1595,zf-C2H2_6	NA
Q86UP3	zf-C2H2_4,zf-C2H2,MerR_1,zf-C2H2_jaz,zf-met,Homeobox,zf-C2H2_2,AKAP95,GAGA,zf-H2C2_5,zf-C2H2_6,Homeobox_KN	NA
Q86UP8	DUF4371,GTF2I;GTF2I	2
Q86UQ0	zf-C2H2_4,C1_4,zf-RING_3,zf-C2H2,Zn_ribbon_recom,DUF2180,zf-C2H2_jaz,zf-CHY,KRAB,zf-met,zf-H2C2_2,DZR,Chordopox_RPO7,zf-C2HC_2,zf-C2H2_6,zf-UBP,BolA	NA
Q86V15	C2H2 ZF	5
Q86V71	zf-C2H2_4,C1_4,zf-C2H2,YEATS,DNA_RNApol_7kD,C1_3,zf-C2H2_jaz,BHD_2,KRAB,XPA_N,zf-AN1,zf-H2C2_2,CxxC_CxxC_SSSS,HTH_Tnp_ISL3,Zn_Tnp_IS1595,SprT-like,zf-C2H2_6,BolA	NA
Q86VE0	Myb_DNA-bind_6,Myb_DNA-bind_5,Myb_DNA-bind_4,Myb_DNA-binding;Myb/SANT	1
Q86VK4	zf-C2H2_4,zf-C2H2,CHORD,zf-C2H2_jaz,zf-met,zf-H2C2_2,zf-C2HC_2	NA
Q86W11	zf-C2H2_4,C1_4,zf-C2H2,SCAN,DNA_RNApol_7kD,zf-C2H2_jaz,XPA_N,zf-H2C2_2,Yippee,IclR,HTH_Tnp_ISL3,Zn_Tnp_IS1595,CxxC_CxxC_SSSS,zf-H2C2_5,zf-C2H2_6,BolA	NA
Q86W52	Myb_DNA-binding	NA
Q86W54	ERM,Fib_alpha	NA
Q86WD1	PPARgamma_N,Hormone_recep,zf-C4	NA
Q86WM2	zf-C2H2_4,Ribosomal_L37ae,zf-FPG_IleRS,zf-C2H2,Evr1_Alr,C1_3,zf-C2H2_jaz,YhfH,XPA_N,zf-met,zf-H2C2_2,Yippee,C1_1,NinG,C1_4,TFIIS_C,zf-AN1,DUF2256,HTH_Tnp_ISL3,Zn_Tnp_IS1595,RRN7,zf-C2H2_6,Desulfoferrod_N,Prok-RING_1,zf-HIT,ADK_lid,DNA_RNApol_7kD,zf-BED,zf-trcl,CxxC_CxxC_SSSS,DUF164,CpXC,BolA;C2H2 ZF	18
Q86WP2	cwf18	NA
Q86WZ6	zf-C2H2_4,C1_4,zf-C2H2,zf-C2H2_jaz,KRAB,XPA_N,zf-met,zf-H2C2_2,CxxC_CxxC_SSSS,C1_1,zf-C2H2_6,BolA	NA
Q86XA2	zf-C2H2_4,zf-C2H2,Prok-RING_2,zf-C2H2_jaz,zf-trcl,zf-met2,zf-H2C2_2,CxxC_CxxC_SSSS,DUF1528,zinc_ribbon_2,Zn_Tnp_IS1595,zf-C2H2_6;C2H2 ZF	12
Q86XF7	zf-C2H2_4,C1_4,zf-C2H2,FYVE,zf-C2H2_jaz,zf-H2C2_2,zf-C2H2_6;C2H2 ZF	6
Q86XL8	zf-C2H2_4,zf-C2H2,Rpr2,FYVE,C1_3,zf-C2H2_jaz,zf-met,zf-H2C2_2,zf-C2H2_2,zf-C2H2_6	NA
Q86XN6	zf-C2H2_4,zf-C2H2,C1_3,zf-C2H2_jaz,XPA_N,zf-H2C2_2,C1_1,MBD,TFIIS_C,zf-AN1,HTH_Tnp_ISL3,Zn_Tnp_IS1595,NADH_oxidored,zf-C2H2_6,DUF1407,Prok-RING_1,KRAB,DNA_RNApol_7kD,CxxC_CxxC_SSSS,BolA	NA
Q86XU0	zf-C2H2_4,zf-RING_3,zf-C2H2,C1_3,zf-C2H2_jaz,KRAB,XPA_N,ZZ,zf-H2C2_2,CxxC_CxxC_SSSS,HTH_Tnp_ISL3,zf-C2H2_6,BolA	NA
Q86Y25	zf-C2H2_4,C1_4,zf-C2H2,zf-C2H2_jaz,KRAB,XPA_N,Rapsyn_N,zf-H2C2_2,CxxC_CxxC_SSSS,Siva,Zn_Tnp_IS1595,zf-C2H2_6	NA
Q86Y64	zf-C2H2_4,C1_4,zf-C2H2,Prok-RING_1,zf-BED,zf-C2H2_jaz,DNA_RNApol_7kD,KRAB,zf-met,zf-met2,zf-H2C2_2,CxxC_CxxC_SSSS,HTH_Tnp_ISL3,Zn_Tnp_IS1595,zf-C2HC_2,zf-C2H2_6,LIM,BolA	NA
Q86YE8	zf-C2H2_4,C1_4,zf-C2H2,Rpr2,FYVE,DUF3850,zf-C2H2_jaz,zf-trcl,KRAB,XPA_N,zf-H2C2_2,CxxC_CxxC_SSSS,HTH_Tnp_ISL3,Yippee,Zn_Tnp_IS1595,DUF3172,zf-C2H2_6,LIM	NA
Q86YG2	zf-C2H2_4,zf-C2H2,Zn_ribbon_recom,DUF3669,zf-C2H2_jaz,DUF1898,zf-met,zf-H2C2_2,Yippee,C1_4,zinc_ribbon_5,zf-CHY,Zn_Tnp_IS1595,zf-C2H2_6,KRAB,TF_Zn_Ribbon,Elf1,DNA_RNApol_7kD,DUF1610,CpXC	NA
Q86YH2	zf-C2H2_4,zf-C2H2_jaz,zf-met,zf-H2C2_2,DUF4195,zf-C2H2_6	NA
Q86YP4	GATA	1
Q8HWS3	RFX_DNA_binding,Pox_D5	NA
Q8IUE0	Homeobox,Homeobox_KN	NA
Q8IUE1	Homeobox,Homeobox_KN,Homez	NA
Q8IUI2	zf-C2H2_4,zf-C2H2,zf-C2H2_jaz,zf-met,XPA_N,zf-H2C2_2,Rad50_zn_hook,zf-MYND,DUF2321,zf-C2H2_6,DUF1407,FYVE,Prok-RING_1,Rtf2,zf-Sec23_Sec24,DZR,LIM,Elf1,PRP21_like_P,CxxC_CxxC_SSSS,zf-C2H2_2	NA
Q8IUM7	HLH,PAS,PAS_9,PAS_3	NA
Q8IUX7	CarboxypepD_reg,phage_tail_N,Cna_B_2,F5_F8_type_C,Peptidase_M14	NA
Q8IVC4	zf-C2H2_4,zf-C2H2,YhfH,zf-C2H2_jaz,XPA_N,zf-met,zf-H2C2_2,HypA,C1_1,TFIIS_C,zf-AN1,HTH_Tnp_ISL3,Zn_Tnp_IS1595,zf-C2H2_6,FYVE,Prok-RING_1,KRAB,LIM,GATA,zf-trcl,CxxC_CxxC_SSSS,zf-C2HC_2,CpXC,Ribosomal_L44,BolA	NA
Q8IVH2	Fork_head	NA
Q8IVP9	zf-C2H2_4,C1_4,zf-C2H2,zf-ribbon_3,DNA_RNApol_7kD,BHD_1,YhfH,KRAB,XPA_N,zf-H2C2_2,HTH_Tnp_ISL3,CxxC_CxxC_SSSS,DZR,Zn_Tnp_IS1595,Yippee,zf-H2C2_5,zf-C2H2_6,GATA	NA
Q8IVW6	ARID,DUF3416	NA
Q8IVZ9	Hormone_recep,zf-C4	NA
Q8IW09	zf-C2H2_4,zf-C2H2,zf-C2H2_jaz,zf-H2C2_2,ADK_lid,zf-H2C2_5,zf-C2H2_6	NA
Q8IW56	HLH,Neuro_bHLH	NA
Q8IW86	T-box	NA
Q8IWI9	HLH,T-box	NA
Q8IWK7	zf-C2H2_4,zf-RING_3,zf-C2H2,zf-CHCC,zf-trcl,XPA_N,zf-C2H2_6,zf-H2C2_2,Zn_Tnp_IS1595,zf-MYND,RRN7,DZR	NA
Q8IWY8	zf-C2H2_4,Senescence_reg,zf-C2H2,Myb_DNA-bind_4,SCAN,DNA_RNApol_7kD,zf-C2H2_jaz,XPA_N,zf-H2C2_2,MADF_DNA_bdg,Myb_DNA-bind_6,CxxC_CxxC_SSSS,Zn_Tnp_IS1595,HTH_Tnp_ISL3,FYDLN_acid,zf-C2H2_6	NA
Q8IX07	zf-C2H2_4,zf-C2H2,zf-C2H2_jaz,zf-met,zf-H2C2_2,zf-C2H2_6,GATA;C2H2 ZF	3
Q8IX15	Homeobox,Homeobox_KN,RNA_pol_3_Rpc31,Homez	NA
Q8IXF0	HLH,PAS,PAS_3,PAS_9,Macoilin,PAS_4	NA
Q8IXF4	Fork_head	NA
Q8IXK0	SAM_1,SAM_PNT,SAM_2	NA
Q8IXL1	Ets,HSF_DNA-bind	NA
Q8IXT2	DM	NA
Q8IXV0	HLH,Hairy_orange	NA
Q8IXZ2	zf-C3H1,Defensin_beta,zf-CCCH	NA
Q8IXZ3	zf-C2H2_4,Elf1,zf-C2H2,Zn_Tnp_IS1,zf-BED,zf-C2H2_jaz,zf-met,zf-H2C2_2,zf-C2H2_2,zf-H2C2_5,RRN7,zf-C2H2_6,Ribosomal_60s	NA
Q8IY51	CENPB	1
Q8IY56	zf-C2H2_4,zf-C2H2,YhfH,zf-C2H2_jaz,XPA_N,zf-H2C2_2,HypA,Yippee,zinc_ribbon_5,HTH_Tnp_ISL3,Zn_Tnp_IS1595,zf-C2H2_6,LIM,SCAN,DNA_RNApol_7kD,zf-trcl,zinc_ribbon_4,CxxC_CxxC_SSSS,CpXC,BolA	NA
Q8IYA7	Period_C,Homeobox_KN,Homez,Homeobox,HA;Homeodomain	1
Q8IYB3	PWI	NA
Q8IYB9	zf-C2H2_4,C1_4,zf-C2H2,DNA_RNApol_7kD,C1_3,zf-C2H2_jaz,zf-trcl,Ogr_Delta,KRAB,XPA_N,zf-H2C2_2,CxxC_CxxC_SSSS,HTH_Tnp_ISL3,Zn_Tnp_IS1595,DUF164,GAGA,zf-C2H2_6	NA
Q8IYC6	Ax_dynein_light,HLH,IncA,CENP-Q	NA
Q8IYH5	Myb_DNA-bind_6,CortBP2,Myb_DNA-binding,ZZ	NA
Q8IYI8	zf-C2H2_4,zf-C2H2,zf-C2H2_jaz,KRAB,zf-met,zf-H2C2_2,CxxC_CxxC_SSSS,zf-C2H2_6	NA
Q8IYN0	zf-C2H2_4,C1_4,zf-C2H2,Prok-RING_2,DNA_RNApol_7kD,C1_3,zf-C2H2_jaz,zf-trcl,zf-AN1,KRAB,XPA_N,zf-H2C2_2,CxxC_CxxC_SSSS,HTH_Tnp_ISL3,Zn_Tnp_IS1595,ADK_lid,SprT-like,zf-C2H2_6	NA
Q8IYR9	HLH,Neuro_bHLH	NA
Q8IYS3	SAM_PNT,Ets,GABP-alpha	NA
Q8IYX0	zf-C2H2_4,zf-C2H2,C1_3,zf-C2H2_jaz,Ogr_Delta,XPA_N,zf-H2C2_2,C1_4,HTH_Tnp_ISL3,Zn_Tnp_IS1595,zf-C2H2_6,KRAB,DNA_RNApol_7kD,zf-trcl,DUF1610,CxxC_CxxC_SSSS,DUF164,CpXC,BHD_1,BolA	NA
Q8IYZ2	zf-C2H2_4,zf-C2H2,zf-C2H2_jaz,zf-met,zf-H2C2_2,zf-C2H2_2,zf-C2H2_6	NA
Q8IZ20	zf-C2H2_4,C1_4,zf-C2H2,C1_2,Desulfoferrod_N,zinc_ribbon_5,zf-C2H2_jaz,zf-C3HC4_2,zf-met,zf-H2C2_2,CxxC_CxxC_SSSS,Baculo_IE-1,RRN7,zf-C2H2_6;C2H2 ZF	4
Q8IZ26	zf-C2H2_4,zf-C2H2,C1_3,zf-C2H2_jaz,BHD_2,XPA_N,zf-H2C2_2,Yippee,C1_1,C1_4,TFIIS_C,HTH_Tnp_ISL3,Zn_Tnp_IS1595,zf-C2H2_6,KRAB,DZR,LIM,DNA_RNApol_7kD,CxxC_CxxC_SSSS	NA
Q8IZC7	zf-C2H2_4,zf-C2H2,zf-ribbon_3,C1_2,zf-C2H2_jaz,KRAB,zf-met,zf-H2C2_2,CxxC_CxxC_SSSS,zf-C2H2_6	NA
Q8IZM8	zf-C2H2_4,zf-C2H2,zf-BED,zf-C2H2_jaz,zf-met,zf-C2H2_2,DUF3133,zf-C2H2_6	NA
Q8IZZ2	FlgN,Gag_p24,Homez,Homeobox,Homeobox_KN	NA
Q8N0Y2	zf-C2H2_4,zf-RING_3,zf-C2H2,SCAN,zf-C2H2_jaz,zf-H2C2_2,CxxC_CxxC_SSSS,HypA,GAGA,DUF2321,FYDLN_acid,DZR,HTH_Tnp_IS66,zf-LYAR	NA
Q8N100	DUF1295,HLH	NA
Q8N141	zf-C2H2_4,C1_4,zf-C2H2,Rpr2,TFIIS_C,Prok-RING_2,DNA_RNApol_7kD,zf-C2H2_jaz,KRAB,zf-H2C2_2,CxxC_CxxC_SSSS,Yippee,Zn_Tnp_IS1595,GAGA,CpXC,zf-C2H2_6,GATA	NA
Q8N184	zf-C2H2_4,zf-C2H2,zf-C2H2_jaz,XPA_N,zf-H2C2_2,C1_1,Cys_rich_CPXG,A2L_zn_ribbon,C1_4,zf-RING_3,HTH_Tnp_ISL3,Zn_Tnp_IS1595,zf-C2H2_6,Prok-RING_1,KRAB,PHD,DZR,GATA,DNA_RNApol_7kD,CxxC_CxxC_SSSS,CpXC,FYDLN_acid	NA
Q8N196	Homeobox,Homeobox_KN,Homez	NA
Q8N1G0	zf-C2H2_4,zf-C2H2,zf-C2H2_jaz,zf-met,zf-H2C2_2,CxxC_CxxC_SSSS,zf-C2H2_6	NA
Q8N1L9	DivIC,XhlA,DUF4140,DUF1764,IncA,bZIP_Maf,bZIP_2,DUF4094,HALZ,Bap31,bZIP_1,HAP1_N;bZIP	1
Q8N1W2	zf-C2H2_4,zf-C2H2,zf-CHCC,zf-C2H2_jaz,zf-CHY,COPI_C,zf-met,zf-H2C2_2,DZR,zf-C2H2_2,GAGA,Scramblase,zf-C2H2_6,PhnA_Zn_Ribbon,BolA	NA
Q8N2I2	zf-C2H2_4,C1_4,DUF1768,zf-C2H2,Zn_ribbon_recom,TFIIS_C,DNA_RNApol_7kD,zf-C2H2_jaz,zf-trcl,XPA_N,zf-H2C2_2,CxxC_CxxC_SSSS,HTH_Tnp_ISL3,Yippee,Zn_Tnp_IS1595,CpXC,zf-C2H2_6	NA
Q8N2J5	zf-C2H2_4,C1_4,Elf1,zf-C2H2,TFIIS_C,DNA_RNApol_7kD,C1_3,zf-C2H2_jaz,DUF1898,zf-HIT,KRAB,zf-H2C2_2,CxxC_CxxC_SSSS,Zn_Tnp_IS1595,CpXC,zf-C2H2_6,zf-DNA_Pol	NA
Q8N2S2	zf-C2H2_4,zf-C2H2,Prok-RING_2,zf-C2H2_jaz,XPA_N,zf-H2C2_2,Yippee,C1_4,TFIIS_C,zf-AN1,HTH_Tnp_ISL3,Zn_Tnp_IS1595,zf-C2H2_6,EPTP,KRAB,DUF82,DZR,Rpr2,zf-BED,DNA_RNApol_7kD,zf-trcl,CxxC_CxxC_SSSS,DUF2175,BolA	NA
Q8N393	zf-C2H2_4,C1_4,zf-C2H2,DUF2180,zinc_ribbon_5,zf-C2H2_jaz,Trm112p,zinc_ribbon_4,KRAB,cEGF,zf-H2C2_2,CxxC_CxxC_SSSS,FYDLN_acid,zf-C2H2_6,Ribosomal_L31,zf-DNA_Pol	NA
Q8N3J9	zf-C2H2_4,C1_4,zf-C2H2,TFIIS_C,zf-C2H2_jaz,zf-trcl,XPA_N,zf-H2C2_2,CxxC_CxxC_SSSS,DZR,C1_1,zf-C2H2_6,BolA	NA
Q8N3P8	zf-C2H2_4,C1_4,zf-C2H2,zf-C2H2_jaz,zf-H2C2_2,PDZ_1,CxxC_CxxC_SSSS,zf-C2H2_6	NA
Q8N3P9	zf-C2H2_4,zf-C2H2,Zn_ribbon_recom,UPF0547,zf-C2H2_jaz,zf-met2,XPA_N,zf-met,zf-H2C2_2,A2L_zn_ribbon,C1_4,zinc_ribbon_5,TFIIS_C,zf-AN1,HTH_Tnp_ISL3,Zn_Tnp_IS1595,zf-C2H2_6,FYVE,Prok-RING_1,zf-HIT,PHD,zf-H2C2_5,LIM,Rpr2,zf-BED,DNA_RNApol_7kD,zf-trcl,zinc_ribbon_4,CxxC_CxxC_SSSS,Ribosomal_L44,BolA	NA
Q8N3V2	Hormone_recep,zf-C4	NA
Q8N3X6	HTH_psq	NA
Q8N488	Macoilin,zf-RanBP	NA
Q8N4A5	Fork_head,RP1-2	NA
Q8N4S8	Hormone_recep,zf-C4	NA
Q8N4W9	zf-C2H2_4,C1_4,zf-C2H2,Prok-RING_1,C1_3,zf-C2H2_jaz,BHD_1,KRAB,zf-met,XPA_N,zf-H2C2_2,CxxC_CxxC_SSSS,HTH_Tnp_ISL3,HTH_18,Zn_Tnp_IS1595,C1_1,zf-C2H2_6,BolA	NA
Q8N506	zf-C2H2_4,zf-C2H2,Prok-RING_2,YhfH,zf-C2H2_jaz,XPA_N,zf-met,zf-H2C2_2,Yippee,HypA,C1_1,A2L_zn_ribbon,C1_4,zf-RING_3,TFIIS_C,zf-AN1,HTH_Tnp_ISL3,Zn_Tnp_IS1595,zf-C2H2_6,zf-UBP,FYVE,zf-CSL,zf-HIT,Rpr2,zf-BED,DNA_RNApol_7kD,zf-trcl,CxxC_CxxC_SSSS,HTH_18,FYDLN_acid,Ribosomal_L44,BolA	NA
Q8N508	zf-C2H2_4,zf-C2H2,Zn_ribbon_recom,zf-C2H2_jaz,XPA_N,zf-met,zf-H2C2_2,HypA,C1_4,zf-RING_3,TFIIS_C,DUF2180,HTH_Tnp_ISL3,Zn_Tnp_IS1595,zf-MYND,RRN7,zf-C2H2_6,zf-UBP,zf-HIT,PHD,LIM,DNA_RNApol_7kD,zf-trcl,CxxC_CxxC_SSSS,CpXC,FYDLN_acid,zf-LYAR	NA
Q8N561	Hox9_act,Homeobox	NA
Q8N587	zf-C2H2_4,zf-C2H2,zf-CHCC,zf-C2H2_jaz,XPA_N,zf-H2C2_2,C1_1,C1_4,zf-AN1,HTH_Tnp_ISL3,Zn_Tnp_IS1595,zf-C2H2_6,KRAB,Trm112p,zf-BED,zf-trcl,CxxC_CxxC_SSSS,zf-C2H2_2,BHD_1	NA
Q8N5A5	Atg14,Laminin_I,G-patch,zf-CCCH	NA
Q8N5J4	Ets	NA
Q8N5Y2	MRG,CDC45,Tudor-knot,Chromo	NA
Q8N680	zf-C2H2_4,C1_4,zf-C2H2,Prok-RING_1,zf-C2H2_jaz,zf-met,zf-H2C2_2,CxxC_CxxC_SSSS,BTB,zf-C2H2_2,zf-C2HC_2,zf-C2H2_6	NA
Q8N692	zf-C2H2_4,zf-C2H2,C1_3,zf-C2H2_jaz,zf-met,XPA_N,zf-H2C2_2,Yippee,GAGA,C1_1,A2L_zn_ribbon,C1_4,TFIIS_C,zf-AN1,HTH_Tnp_ISL3,Zn_Tnp_IS1595,zf-C2H2_6,C1_2,DUF3280,DUP,DUF82,zf-H2C2_5,SprT-like,LIM,zf-BED,DNA_RNApol_7kD,CxxC_CxxC_SSSS,zf-LYAR,BolA	NA
Q8N693	Homeobox,Homeobox_KN	NA
Q8N718	zf-C2H2_4,zf-C2H2,SCAN,Prok-RING_1,BHD_1,zf-C2H2_jaz,KRAB,XPA_N,zf-H2C2_2,CxxC_CxxC_SSSS,zf-C2H2_6	NA
Q8N720	zf-C2H2_4,zf-C2H2,NuA4,T2SJ,zinc_ribbon_5,zf-C2H2_jaz,zinc_ribbon_4,zf-H2C2_2,CxxC_CxxC_SSSS,Chordopox_RPO7,HTH_Tnp_ISL3,zf-C2H2_6,BolA	NA
Q8N782	zf-C2H2_4,zf-C2H2,zf-C2H2_jaz,KRAB,zf-met,XPA_N,zf-H2C2_2,CxxC_CxxC_SSSS,HTH_Tnp_ISL3,C1_1,MBD,zf-C2H2_6,BolA	NA
Q8N7G0	Homeobox,HTH_31,Pou	NA
Q8N7K0	zf-C2H2_4,C1_4,zf-C2H2,C1_3,zf-C2H2_jaz,FA,KRAB,zf-met,zf-H2C2_2,CxxC_CxxC_SSSS,Zn_Tnp_IS1595,C1_1,zf-C2H2_6	NA
Q8N7M2	zf-C2H2_4,GVQW,C1_4,zf-C2H2,zf-C2H2_jaz,zf-trcl,zf-AN1,KRAB,XPA_N,DUF4389,zf-H2C2_2,CxxC_CxxC_SSSS,Zn_Tnp_IS1595,zf-C2H2_6,Csm1	NA
Q8N7Q3	zf-C2H2_4,zf-C2H2,Desulfoferrod_N,ATXN-1_C,DNA_RNApol_7kD,C1_3,zf-C2H2_jaz,zf-trcl,DUF1610,XPA_N,zf-H2C2_2,CxxC_CxxC_SSSS,HTH_Tnp_ISL3,DUF164,Zn_Tnp_IS1595,zf-C2H2_6,Ribosomal_L44,BolA;C2H2 ZF	14
Q8N7R0	Homeobox,DndB,Homez	NA
Q8N7U7	Homeobox;Homeodomain	1
Q8N823	zf-C2H2_4,C1_4,zf-C2H2,DUF3280,Prok-RING_1,C1_3,zf-C2H2_jaz,KRAB,zf-met,XPA_N,zf-H2C2_2,HTH_Tnp_ISL3,CxxC_CxxC_SSSS,C1_1,zf-C2H2_6,BolA	NA
Q8N859	zf-C2H2_4,zf-C2H2,Evr1_Alr,C1_3,zf-C2H2_jaz,XPA_N,zf-met,zf-H2C2_2,C1_4,zf-RING_3,TFIIS_C,HTH_Tnp_ISL3,Zn_Tnp_IS1595,zf-C2H2_6,KRAB,ZZ,GATA,zf-BED,DNA_RNApol_7kD,CxxC_CxxC_SSSS	NA
Q8N883	zf-C2H2_4,zf-C2H2,Zn_ribbon_recom,C1_3,zf-C2H2_jaz,XPA_N,zf-H2C2_2,C1_4,zf-RING_3,HTH_Tnp_ISL3,Chordopox_RPO7,zf-C2H2_6,C1_2,Prok-RING_1,KRAB,GATA,DNA_RNApol_7kD,CxxC_CxxC_SSSS,CpXC	NA
Q8N895	zf-C2H2_4,zf-C2H2,zf-CHCC,FYVE,zf-C2H2_jaz,zf-CHY,zf-met,Rad50_zn_hook,zf-H2C2_2,zf-C2H2_2,zf-C2H2_6	NA
Q8N8C0	zf-C2H2_4,C1_4,zf-C2H2,zf-C2H2_jaz,zf-P11,zf-met2,zf-met,XPA_N,zf-H2C2_2,CxxC_CxxC_SSSS,Yippee,Zn_Tnp_IS1595,zf-C2H2_6	NA
Q8N8E2	zf-C2H2_4,zf-C2H2,zf-H2C2_2,DUF3505,GAGA,AKAP95,zf-H2C2_5	NA
Q8N8J6	zf-C2H2_4,C1_4,zf-RING_3,zf-C2H2,DNA_RNApol_7kD,zf-C2H2_jaz,KRAB,XPA_N,zf-H2C2_2,CxxC_CxxC_SSSS,CpXC,zf-C2H2_6,LIM	NA
Q8N8L2	zf-C2H2_4,C1_4,HTH_AraC,zf-C2H2,zf-C2H2_jaz,zf-trcl,zf-met,zf-H2C2_2,CxxC_CxxC_SSSS,Zn_Tnp_IS1595,zf-C2H2_6	NA
Q8N8T3	Homeobox,Homeobox_KN	NA
Q8N8Y5	zf-C2H2_4,zf-C2H2,Zn_ribbon_recom,YhfH,zf-C2H2_jaz,XPA_N,zf-H2C2_2,Yippee,C1_1,C1_4,TFIIS_C,zf-AN1,Zn_Tnp_IS1595,zf-MYND,RRN7,zinc_ribbon_2,zf-C2H2_6,Desulfoferrod_N,COX5B,LIM,zf-BED,DNA_RNApol_7kD,zf-trcl,CxxC_CxxC_SSSS,DUF164,CpXC	NA
Q8N8Z8	zf-C2H2_4,zf-C2H2,zf-C2H2_jaz,KRAB,zf-met,zf-H2C2_2,C1_1,zf-C2H2_6	NA
Q8N972	zf-C2H2_4,C1_4,zf-C2H2,zf-C2H2_jaz,Ogr_Delta,zf-CHY,KRAB,zf-met,zf-H2C2_2,CxxC_CxxC_SSSS,zf-C2H2_6;C2H2 ZF	19
Q8N981	zf-C2H2_4,zf-C2H2,C1_3,zf-C2H2_jaz,YhfH,zf-met2,XPA_N,zf-met,zf-H2C2_2,Yippee,C1_4,zf-RING_3,HTH_Tnp_ISL3,Zn_Tnp_IS1595,zf-UBR,zf-C2H2_6,C1_2,Desulfoferrod_N,DUF1407,ZZ,zf-Sec23_Sec24,DNA_RNApol_7kD,zf-trcl,CxxC_CxxC_SSSS,HTH_18,BolA	NA
Q8N988	zf-C2H2_4,zf-C2H2,zf-C2H2_jaz,zf-met,XPA_N,zf-H2C2_2,HypA,C1_1,C1_4,zf-RING_3,zf-AN1,HTH_Tnp_ISL3,Zn_Tnp_IS1595,zf-C2H2_6,Kua-UEV1_localn,KRAB,Siva,Baculo_IE-1,Prim_Zn_Ribbon,LIM,GATA,zf-BED,DNA_RNApol_7kD,zf-trcl,CxxC_CxxC_SSSS,zf-C2HC_2,CpXC,zf-LYAR	NA
Q8N9F8	zf-C2H2_4,DUF1806,zf-C2H2,YhfH,zf-C2H2_jaz,XPA_N,zf-met,zf-H2C2_2,C1_4,zf-RING_3,HTH_Tnp_ISL3,Zn_Tnp_IS1595,zf-C2H2_6,Prok-RING_1,KRAB,GATA,zf-BED,CxxC_CxxC_SSSS,BolA	NA
Q8N9K5	zf-C2H2_4,zf-C2H2,Prok-RING_2,zf-C2H2_jaz,XPA_N,zf-H2C2_2,Yippee,C1_4,TFIIS_C,HTH_Tnp_ISL3,Zn_Tnp_IS1595,zf-C2H2_6,KRAB,DUF82,GATA,Rpr2,DNA_RNApol_7kD,zf-trcl,CxxC_CxxC_SSSS,BHD_1	NA
Q8N9L1	zf-C2H2_4,zf-C2H2,zf-C2H2_jaz,zf-H2C2_2,zf-H2C2_5	NA
Q8N9M3	zf-C2H2_4,C1_4,zf-C2H2,YEATS,Zn_ribbon_recom,DNA_RNApol_7kD,zf-C2H2_jaz,XPA_N,zf-H2C2_2,CxxC_CxxC_SSSS,HTH_Tnp_ISL3,DUF309,Siva,Zn_Tnp_IS1595,zf-C2H2_6,GATA	NA
Q8N9N5	SH3_3,DUF2360,BEN	NA
Q8N9U5	zf-C2H2_4,zf-C2H2,zf-BED,HNH,zf-C2H2_jaz,Ogr_Delta,zf-met,zf-H2C2_2,GAGA,zf-C2HC_2,zf-H2C2_5,zf-C2H2_6	NA
Q8N9Y7	zf-C2H2_4,zf-C2H2,Myb_DNA-bind_4,DNA_RNApol_7kD,zf-C2H2_jaz,XPA_N,zf-H2C2_2,CxxC_CxxC_SSSS,MADF_DNA_bdg,HTH_Tnp_ISL3,Zn_Tnp_IS1595,FYDLN_acid,zf-C2H2_6,A2L_zn_ribbon	NA
Q8N9Z0	zf-C2H2_4,zf-C2H2,C1_3,zf-C2H2_jaz,XPA_N,zf-met,zf-H2C2_2,C1_1,TFIIS_C,zinc_ribbon_5,zf-AN1,HTH_Tnp_ISL3,Zn_Tnp_IS1595,zf-C2H2_6,Desulfoferrod_N,Prok-RING_1,KRAB,ZZ,zf-H2C2_5,DNA_RNApol_7kD,CxxC_CxxC_SSSS,BHD_1,BolA	NA
Q8NA42	zf-C2H2_4,zf-C2H2,zf-C2H2_jaz,XPA_N,zf-met,zf-H2C2_2,Yippee,GAGA,C1_4,TFIIS_C,HTH_Tnp_ISL3,Zn_Tnp_IS1595,zf-C2H2_6,Prok-RING_1,KRAB,zf-BED,zf-trcl,CxxC_CxxC_SSSS,BHD_1,BolA	NA
Q8NAF0	zf-C2H2_4,zf-C2H2,zf-C2H2_jaz,zf-CHY,zf-met,zf-H2C2_2,CpXC,zf-C2H2_6,zf-LYAR	NA
Q8NAP0	zf-C2H2_4,zf-C2H2,Zn_ribbon_recom,zf-C2H2_jaz,XPA_N,zf-met,zf-H2C2_2,Yippee,C1_4,NuA4,TFIIS_C,Zn_Tnp_IS1595,zf-C2H2_6,FYVE,DUF2688,KRAB,zf-BED,DNA_RNApol_7kD,CxxC_CxxC_SSSS	NA
Q8NAP3	zf-C2H2_4,zf-C2H2,zf-C2H2_jaz,zf-met,zf-H2C2_2,BTB	NA
Q8NAP8	zf-C2H2_4,zf-C2H2,MSP1_C,zf-C2H2_jaz,zf-met,zf-H2C2_2,BTB,zf-H2C2_5,DUF3342,Ribosomal_60s;C2H2 ZF	2
Q8NB15	zf-C2H2_4,RAG2_PHD,zf-C2H2	NA
Q8NB42	zf-C2H2_4,C1_4,zf-C2H2,zf-C2H2_jaz,KRAB,XPA_N,zf-H2C2_2,CxxC_CxxC_SSSS,Zn_Tnp_IS1595,zf-C2H2_6,GATA,BolA	NA
Q8NBB4	zf-C2H2_4,zf-C2H2,UPF0547,zf-C2H2_jaz,zf-H2C2_2,zinc_ribbon_5,zf-AN1,HTH_Tnp_ISL3,DUF2321,RRN7,zf-Mss51,zf-C2H2_6,zinc_ribbon_2,SapB_1,LIM,SCAN,zf-trcl,zinc_ribbon_4,IBR,CxxC_CxxC_SSSS	NA
Q8NBF1	zf-C2H2_4,zf-C2H2,zf-C2H2_jaz,zf-met,zf-H2C2_2	NA
Q8NBU2	zf-C2H2_4,C1_4,zf-C2H2,TFIIS_C,zf-C2H2_jaz,zf-trcl,zf-AN1,KRAB,XPA_N,zf-H2C2_2,CxxC_CxxC_SSSS,Zn_Tnp_IS1595,DUF2321,zf-C2H2_6,GATA,zf-LYAR	NA
Q8NC26	zf-C2H2_4,zf-C2H2,zf-ribbon_3,YhfH,zf-C2H2_jaz,XPA_N,zf-H2C2_2,Rubredoxin,zf-AN1,Zn_Tnp_IS1595,DUF2321,zinc_ribbon_2,zf-C2H2_6,KRAB,TF_Zn_Ribbon,PRP21_like_P,DNA_RNApol_7kD,zf-BED,zf-trcl,CxxC_CxxC_SSSS	NA
Q8NC84	zf-C2H2_4,C1_4,zf-C2H2,FYVE,TFIIS_C,zf-BED,zf-C2H2_jaz,zf-HIT,KRAB,XPA_N,zf-H2C2_2,CxxC_CxxC_SSSS,HTH_Tnp_ISL3,Zn_Tnp_IS1595,zf-C2H2_6	NA
Q8NCA9	zf-C2H2_4,zf-C2H2,zf-C2H2_jaz,zf-met,zf-H2C2_2,zf-C2H2_2,C1_1,zf-C2H2_6,zf-FCS	NA
Q8NCC0	zf-C2H2_4,zf-C2H2,NifU_N,Evr1_Alr,Prok-RING_2,C1_3,zf-C2H2_jaz,XPA_N,zf-H2C2_2,C1_4,TFIIS_C,HTH_Tnp_ISL3,Zn_Tnp_IS1595,DUF2321,zf-C2H2_6,Desulfoferrod_N,SprT-like,DNA_RNApol_7kD,zf-trcl,DUF1610,CxxC_CxxC_SSSS,DUF164,DUF406,Ribosomal_L44,ANATO,Rep_fac-A_C,BolA	NA
Q8NCK3	zf-C2H2_4,zf-C2H2,tRNA-synt_2d,Prok-RING_2,zf-C2H2_jaz,XPA_N,zf-H2C2_2,Yippee,A2L_zn_ribbon,TFIIS_C,HTH_Tnp_ISL3,Zn_Tnp_IS1595,DUF2321,zf-C2H2_6,DUF3280,KRAB,GATA,DNA_RNApol_7kD,zf-trcl,CxxC_CxxC_SSSS,FYDLN_acid	NA
Q8NCN2	zf-C2H2_4,PyrI_C,zf-C2H2,BIR,DUF4187,zf-BED,zf-C2H2_jaz,zf-trcl,ROS_MUCR,zf-met,zf-H2C2_2,BTB,zf-C2H2_2,zf-C2HC_2,C1_1,DUF3342,FYDLN_acid	NA
Q8NCP5	zf-C2H2_4,zf-C2H2,Glyco_transf_10,zf-C2H2_jaz,zf-met,zf-H2C2_2,zf-TFIIB,BTB,Yippee,C1_1,C1_4,Zn_Tnp_IS1595,zf-C2H2_6,DUF678,LIM,zf-BED,zinc_ribbon_4,CxxC_CxxC_SSSS,zf-C2H2_2,CpXC,DUF3342	NA
Q8NCY6	Myb/SANT	1
Q8ND22	zf-C2H2_4,zf-C2H2,DNA_RNApol_7kD,zf-BED,zf-C2H2_jaz,XPA_N,zf-met,zf-H2C2_2,CxxC_CxxC_SSSS,HTH_Tnp_ISL3,Yippee,Zn_Tnp_IS1595,A2L_zn_ribbon,FYDLN_acid,zf-C2H2_6,LIM,GATA,BolA	NA
Q8ND82	zf-C2H2_4,SelR,zf-H2C2_2,DUF4195,zf-H2C2_5	NA
Q8NDP4	zf-C2H2_4,zf-C2H2,DNA_RNApol_7kD,zf-C2H2_jaz,zf-trcl,KRAB,zf-met,zf-H2C2_2,CxxC_CxxC_SSSS,Zn_Tnp_IS1595,zf-C2H2_6	NA
Q8NDQ6	zf-C2H2_4,C1_4,zf-C2H2,zf-C2H2_jaz,KRAB,XPA_N,zf-H2C2_2,CxxC_CxxC_SSSS,HTH_Tnp_ISL3,Zn_Tnp_IS1595,zf-C2H2_6,HicB,BolA	NA
Q8NDR3	zf-C2H2_4,zf-C2H2,zf-C2H2_jaz,zf-met2,zf-met,zf-H2C2_2,zf-TFIIB,HypA,Yippee,C1_1,zf-DNA_Pol,C1_4,zinc_ribbon_5,ATPase-cat_bd,HNH,zf-CHY,DUF2256,HTH_Tnp_ISL3,Zn_Tnp_IS1595,RRN7,zf-C2H2_6,zf-UBP,C1_2,Prok-RING_1,zf-H2C2_5,DUF2225,LIM,zf-BED,zf-RING_2,zf-C3HC4_2,zinc_ribbon_4,CxxC_CxxC_SSSS,zf-C2H2_2,zf-C2HC_2,CpXC	NA
Q8NDW4	zf-C2H2_4,C1_4,zf-C2H2,FYVE,DUF2180,zf-C2H2_jaz,IBR,zf-AN1,KRAB,zf-H2C2_2,HTH_Tnp_ISL3,zf-C2H2_6,zf-UBP,BolA	NA
Q8NDX5	SAM_1,SAM_PNT,zf-FCS,SAM_2	NA
Q8NDY6	HLH	NA
Q8NEA6	zf-C2H2_4,zf-H2C2_2,zf-C2H2	NA
Q8NEK5	zf-C2H2_4,CpXC,zf-C2H2,TFIIS_C,C1_3,KRAB,XPA_N,zf-H2C2_2,HTH_Tnp_ISL3,Ring_hydroxyl_B,CxxC_CxxC_SSSS,Zn_Tnp_IS1595,C1_1,zf-H2C2_5,zf-C2H2_6,GATA	NA
Q8NEM1	zf-C2H2_4,zf-C2H2,C1_3,zf-C2H2_jaz,XPA_N,zf-H2C2_2,C1_4,zf-AN1,HTH_Tnp_ISL3,Zn_Tnp_IS1595,zf-C2H2_6,Desulfoferrod_N,KRAB,Trm112p,PRP21_like_P,DNA_RNApol_7kD,zf-trcl,DUF1610,CxxC_CxxC_SSSS,DUF164,BolA	NA
Q8NEP9	zf-C2H2_4,zf-C2H2,Rpr2,zf-MYND,Prok-RING_2,zf-BED,zf-C2H2_jaz,zf-trcl,zf-CHY,KRAB,zf-met,zf-H2C2_2,CxxC_CxxC_SSSS,Zn_Tnp_IS1595,C1_1,AAA_14,zf-C2H2_6	NA
Q8NF22	bZIP_2,bZIP_1,bZIP_Maf	NA
Q8NF99	zf-C2H2_4,zf-C2H2,UPF0547,C1_3,zf-C2H2_jaz,XPA_N,zf-H2C2_2,Yippee,C1_4,TFIIS_C,zinc_ribbon_5,HTH_Tnp_ISL3,Zn_Tnp_IS1595,zf-C2H2_6,Prok-RING_1,ZZ,zf-H2C2_5,LIM,GATA,SCAN,DNA_RNApol_7kD,zf-BED,zinc_ribbon_4,CxxC_CxxC_SSSS,CpXC,Ribosomal_L44,BolA	NA
Q8NFD5	Zip,CDK5_activator,ARID,DUF3518	NA
Q8NFU7	Tet_JBP,zf-CXXC	NA
Q8NFW5	Selenoprotein_S,Homeobox,OAR,HA,Homeobox_KN,LigA	NA
Q8NG42	Prog_receptor,Hormone_recep,zf-C4	NA
Q8NG43	Prog_receptor,Hormone_recep,zf-C4	NA
Q8NG44	Prog_receptor,Hormone_recep,zf-C4	NA
Q8NG45	Prog_receptor,Hormone_recep,zf-C4	NA
Q8NHM5	F-box,LRR_8,LRR_4,PHD,LRR_1,LRR_7,zf-CXXC,Rubredoxin,LRR_6,Cupin_8,JmjC,F-box-like	NA
Q8NHV9	Homeobox,HTH_31,Homeobox_KN,Sigma70_r3	NA
Q8NHW3	Maf_N,Zip,bZIP_Maf,DUF342,bZIP_2,bZIP_1	NA
Q8NHY6	zf-C2H2_4,C1_4,zf-C2H2,zf-C2H2_jaz,KRAB,zf-met2,zf-H2C2_2,CxxC_CxxC_SSSS,HTH_Tnp_ISL3,Zn_Tnp_IS1595,zf-C2H2_6,BolA	NA
Q8NHZ1	Zfx_Zfy_act,Adhes-Ig_like	NA
Q8NHZ2	CHAP,Zfx_Zfy_act,Adhes-Ig_like	NA
Q8NHZ3	Zfx_Zfy_act	NA
Q8NHZ4	Zfx_Zfy_act,Adhes-Ig_like	NA
Q8NHZ5	Zfx_Zfy_act,Adhes-Ig_like	NA
Q8NI51	zf-C2H2_4,zf-H2C2_2,zf-C2H2,zf-H2C2_5	NA
Q8TA94	zf-C2H2_4,zf-C2H2,Prok-RING_2,zf-BED,zf-C2H2_jaz,KRAB,zf-met,zf-H2C2_2,CxxC_CxxC_SSSS,HTH_Tnp_ISL3,DZR,Yippee,C1_1,GAGA,zf-C2H2_6	NA
Q8TAF7	zf-C2H2_4,zf-C2H2,BHD_1,zf-C2H2_jaz,KRAB,zf-H2C2_2,CxxC_CxxC_SSSS,zf-C2H2_6	NA
Q8TAK6	HLH,Metal_resist,Mito_fiss_reg,DUF3446	NA
Q8TAQ5	zf-C2H2_4,C1_4,zf-C2H2,Rpr2,zf-BED,BHD_1,zf-C2H2_jaz,zf-trcl,KRAB,XPA_N,zf-H2C2_2,CxxC_CxxC_SSSS,HTH_Tnp_ISL3,Yippee,Zn_Tnp_IS1595,DUF82,zf-C2H2_6,BolA	NA
Q8TAT1	HLH,Oscp1,Hairy_orange	NA
Q8TAU0	Homeobox	NA
Q8TAU3	zf-C2H2_4,zf-C2H2,DNA_RNApol_7kD,zf-C2H2_jaz,KRAB,XPA_N,zf-H2C2_2,CxxC_CxxC_SSSS,HTH_Tnp_ISL3,zf-C2H2_6,A2L_zn_ribbon	NA
Q8TAW3	zf-C2H2_4,zf-C2H2,Zn_ribbon_recom,C1_3,zf-C2H2_jaz,XPA_N,zf-H2C2_2,Yippee,C1_1,C1_4,HTH_Tnp_ISL3,Zn_Tnp_IS1595,zf-C2H2_6,Prok-RING_1,KRAB,zf-H2C2_5,DNA_RNApol_7kD,CxxC_CxxC_SSSS,BolA	NA
Q8TAX8	Filament,SlyX,HLH,DivIC,DUF4140,LepA_C,IncA,CENP-Q,DUF342,bZIP_2,HALZ,TMF_DNA_bd	NA
Q8TB69	zf-C2H2_4,zf-C2H2,zf-BED,BHD_1,zf-C2H2_jaz,zf-trcl,KRAB,XPA_N,zf-H2C2_2,CxxC_CxxC_SSSS,HTH_Tnp_ISL3,DUF82,Zn_Tnp_IS1595,DUF164,zf-C2H2_6,LIM,Ribosomal_L44,BolA	NA
Q8TBA2	Homeobox,Homeobox_KN,Homez	NA
Q8TBC5	zf-H2C2_2,zf-C2H2,Zn_ribbon_recom,SCAN	NA
Q8TBJ5	zf-C2H2_4,zf-RING_3,zf-C2H2,zf-C2H2_jaz,zf-met,zf-H2C2_2,zf-Sec23_Sec24,GAGA,Zn_Tnp_IS1595,FYDLN_acid,zf-C2H2_6	NA
Q8TBR3	RRM_1,RRM_6,RRM_5,zf-RanBP	NA
Q8TBZ5	zf-C2H2_4,zf-RING_3,zf-C2H2,NifU_N,DNA_RNApol_7kD,C1_3,zf-C2H2_jaz,XPA_N,zf-H2C2_2,CxxC_CxxC_SSSS,HTH_Tnp_ISL3,Zn_Tnp_IS1595,C1_1,zf-C2H2_6	NA
Q8TBZ8	zf-C2H2_4,C1_4,zf-C2H2,zf-C2H2_jaz,zf-trcl,zf-AN1,KRAB,zf-met,zf-H2C2_2,CxxC_CxxC_SSSS,CTP-dep_RFKase,zf-C2H2_2,Zn_Tnp_IS1595,zf-C2HC_2,AA_permease_N,HTH_18,zf-C2H2_6	NA
Q8TC21	zf-C2H2_4,DUF3936,zf-C2H2,BHD_1,zf-C2H2_jaz,KRAB,zf-met,XPA_N,zf-H2C2_2,GAGA,Endonuclea_NS_2,FYDLN_acid,zf-C2H2_6,BolA	NA
Q8TCN5	zf-C2H2_4,zf-C2H2,zf-H2C2_2,GAGA,zf-H2C2_5;C2H2 ZF	5
Q8TCW1	Homeobox,Homeobox_KN	NA
Q8TD17	zf-C2H2_4,Elf1,zf-C2H2,PyrI_C,zf-BED,DUF3669,zf-C2H2_jaz,zf-HYPF,KRAB,zf-H2C2_2,DZR,zf-C2HC_2,Zn_Tnp_IS1595,zf-MYND,DUF164,FYDLN_acid,zf-C2H2_6,zf-FCS	NA
Q8TD23	zf-C2H2_4,zf-C2H2,C1_3,zf-C2H2_jaz,BHD_2,XPA_N,zf-H2C2_2,GAGA,C1_4,zf-CHY,zf-AN1,HTH_Tnp_ISL3,Zn_Tnp_IS1595,zf-C2H2_6,KRAB,ADK_lid,SprT-like,DNA_RNApol_7kD,CxxC_CxxC_SSSS,End_beta_propel,DUF164	NA
Q8TD94	zf-C2H2_4,zf-C2H2,zf-BED,zf-C2H2_jaz,zf-met,zf-H2C2_2,TP1	NA
Q8TDH4	zf-C2H2_4,zf-RING_3,zf-C2H2,zf-C2H2_jaz,DUF680,XPA_N,zf-H2C2_2,Zn_Tnp_IS1595,zf-MYND,DZR	NA
Q8TE12	Homeobox,LIM,Homeobox_KN,DUF164	NA
Q8TE85	CP2;Grainyhead	1
Q8TEA2	Fork_head,Ribosomal_L27e	NA
Q8TEY5	EMP24_GP25L,DUF3287,DUF972,ADIP,IncA,bZIP_2,OppC_N,Atg14,DUF724,DUF904,CASP_C,Cas_CXXC_CXXC,AA_kinase,bZIP_1	NA
Q8TF20	zf-C2H2_4,zf-C2H2,C1_3,zf-C2H2_jaz,YhfH,XPA_N,zf-H2C2_2,GAGA,C1_4,HTH_Tnp_ISL3,Zn_Tnp_IS1595,NADH_oxidored,zf-C2H2_6,Prok-RING_1,DZR,DNA_RNApol_7kD,zf-trcl,Dehydratase_SU,CxxC_CxxC_SSSS,DUF3354,DUF164,BolA;C2H2 ZF	24
Q8TF32	zf-C2H2_4,C1_4,zf-C2H2,DNA_RNApol_7kD,C1_3,zf-C2H2_jaz,DUF1610,KRAB,XPA_N,zf-AN1,zf-H2C2_2,CxxC_CxxC_SSSS,HTH_Tnp_ISL3,Zn_Tnp_IS1595,DUF164,zf-C2H2_6,BolA	NA
Q8TF39	zf-C2H2_4,zf-C2H2,SCAN,zf-C2H2_jaz,KRAB,XPA_N,zf-H2C2_2,CxxC_CxxC_SSSS,Zn_Tnp_IS1595,zf-C2HC_2,zf-C2H2_6,BolA	NA
Q8TF45	zf-C2H2_4,zf-C2H2,DUF2944,DNA_RNApol_7kD,zf-C2H2_jaz,KRAB,zf-met,XPA_N,zf-H2C2_2,HTH_Tnp_ISL3,CxxC_CxxC_SSSS,C1_1,zf-C2H2_6	NA
Q8TF47	zf-C2H2_4,C1_4,zf-C2H2,PKD,Prok-RING_1,zf-BED,zf-C2H2_jaz,KRAB,zf-H2C2_2,CxxC_CxxC_SSSS,Siva,zf-C2HC_2,Zn_Tnp_IS1595,zf-C2H2_6,GATA,zf-LYAR,BolA	NA
Q8TF50	zf-C2H2_4,zf-C2H2,Mito_fiss_reg,RXT2_N,zf-C2H2_jaz,zf-met,zf-H2C2_2,DUF2890,DUF2457,C1_4,DUF2180,Pox_Ag35,Daxx,zf-C2H2_6,CDC45,Nop14,zf-C2H2_2,FYDLN_acid,zf-LYAR,BolA;C2H2 ZF	10
Q8TF68	zf-C2H2_4,zf-RING_3,zf-C2H2,zf-C2H2_jaz,zf-met,zf-H2C2_2,zf-C2HC_2,Pex14_N,zf-C2H2_6,zf-FCS	NA
Q8WTR0	Fork_head	NA
Q8WTR7	zf-C2H2_4,zf-C2H2,PGAMP,KRAB,XPA_N,zf-H2C2_2,CxxC_CxxC_SSSS,zf-C2H2_6	NA
Q8WTV1	Pfg27,THAP	NA
Q8WVJ9	HLH,Toxin_trans	NA
Q8WW32	HMG_box,PBC,DUF1898,YABBY	NA
Q8WW38	zf-C2H2_4,zf-C2H2,zf-C2H2_jaz,zf-met,zf-H2C2_2,zf-H2C2_5,zf-C2H2_6,GATA	NA
Q8WW55	STAT_alpha,STAT_int,Lge1,STAT_bind	NA
Q8WWI3	zf-C2H2_4,zf-C2H2,zf-C2H2_jaz,Herpes_BLLF1,zf-met,zf-H2C2_2,zf-C2H2_6	NA
Q8WWS9	STAT_int,STAT_bind,STAT_alpha,Hemerythrin,SH2	NA
Q8WWU0	zf-C2H2_4,zf-C2H2,zf-C2H2_jaz,ROS_MUCR,zf-met,zf-H2C2_2,zf-C2H2_2,zf-H2C2_5,DWNN,Zfx_Zfy_act	NA
Q8WWU2	zf-C2H2_4,zf-C2H2,zf-C2H2_jaz,zf-H2C2_2,RRN7,zf-C2H2_6	NA
Q8WWU3	zf-C2H2_4,zf-C2H2,zf-C2H2_jaz,zf-H2C2_2,zf-C2H2_6	NA
Q8WXB4	zf-C2H2_4,C1_4,zf-C2H2,Dict-STAT-coil,zf-C2H2_jaz,KRAB,zf-H2C2_2,CxxC_CxxC_SSSS,DUF4372,zf-C2H2_6;C2H2 ZF	14
Q8WXB7	zf-C2H2_4,zf-C2H2,zf-C2H2_jaz,ROS_MUCR,zf-met,zf-H2C2_2,zf-C2H2_2,zf-H2C2_5,Zfx_Zfy_act	NA
Q8WXB8	Zfx_Zfy_act	NA
Q8WXB9	Zfx_Zfy_act	NA
Q8WXF8	DED	NA
Q8WXT4	Fork_head	NA
Q8WXT5	Fork_head	NA
Q8WY36	HMG_box,DUF1898,DUF2028	NA
Q8WYA1	HLH,PAS,PAS_2,PAS_3,PAS_9,PAS_4,PAS_8	NA
Q8WYK2	V_ATPase_I,IncA,bZIP_Maf,bZIP_2,Atg14,Macoilin,bZIP_1	NA
Q8WYN3	Nop25	NA
Q8WYP5	AT hook	1
Q8WYT0	zf-C2H2_4,Elf1,zf-C2H2,PyrI_C,zf-BED,zf-C2H2_jaz,zf-trcl,zf-AN1,zf-met,zf-H2C2_2,zf-C2H2_2,C1_1,zf-C2H2_6,zf-FCS,zf-DNA_Pol	NA
Q8WZ46	zf-C2H2_4,zf-C2H2,zf-C2H2_jaz,zf-met,XPA_N,zf-H2C2_2,Yippee,Rad50_zn_hook,RRN7,zf-C2H2_6,FYVE,zf-Sec23_Sec24,DUF2225,DZR,LIM,Ribosomal_60s,zinc_ribbon_4,zf-C2H2_2,FYDLN_acid	NA
Q8WZ47	HMG_box,DUF1908,DUF1898	NA
Q92481	TF_AP-2	NA
Q92570	BAF1_ABF1,Zip,Hormone_recep,Innate_immun,zf-C4	NA
Q92610	zf-C2H2_4,zf-H2C2_2,zf-C2H2	NA
Q92618	zf-C2H2_4,zf-C2H2,zf-H2C2_2,zf-C2H2_2,zf-H2C2_5;C2H2 ZF	7
Q92664	zf-C2H2_4,zf-C2H2,CHORD,zf-C2H2_jaz,zf-met,zf-H2C2_2,zf-C2H2_2	NA
Q92670	zf-C2H2_4,zf-C2H2,Zn_ribbon_recom,C1_3,zf-C2H2_jaz,XPA_N,zf-H2C2_2,GAGA,C1_4,zf-AN1,HTH_Tnp_ISL3,Zn_Tnp_IS1595,zf-MYND,zf-C2H2_6,Desulfoferrod_N,KRAB,PHD,LIM,SCAN,DNA_RNApol_7kD,zf-trcl,CxxC_CxxC_SSSS,zf-C2HC_2,DUF164	NA
Q92731	ERbeta_N,Oest_recep,Hormone_recep,zf-C4	NA
Q92750	TAFH,TAF4	NA
Q92753	DUF4047,Hormone_recep,zf-C4	NA
Q92754	TF_AP-2	NA
Q92766	zf-C2H2_4,zf-C2H2,zf-C2H2_jaz,zf-met,zf-H2C2_2,zf-H2C2_5,zf-C2H2_6	NA
Q92786	FliD_N,DUF2968,DUF3138,DUF1640,MIF4G_like_2,Exonuc_VII_L,IncA,DUF342,Nop25,NifQ,Prox1,Metal_resist	NA
Q92804	zf-RanBP,RRM_6,RRM_5,RRM_1	NA
Q92826	Homeobox,HoxA13_N,Homeobox_KN	NA
Q92858	HLH	NA
Q92886	HLH,Transformer	NA
Q92908	Elf1,DUF2387,CxxC_CxxC_SSSS,eIF-5_eIF-2B,GATA-N,TF_Zn_Ribbon,Zn_Tnp_IS1595,Prim_Zn_Ribbon,DZR,GATA	NA
Q92945	DUF1897,KH_5,KH_1,KH_4,KH_3,KH_2,dUTPase	NA
Q92949	Fork_head	NA
Q92966	zf-SNAP50_C	NA
Q92967	zf-C2H2_4,C1_4,zf-C2H2,DUF3280,DNA_RNApol_7kD,zf-C2H2_jaz,zf-met,XPA_N,zf-H2C2_2,zf-C2H2_6	NA
Q92970	zf-C2H2_4,zf-C2H2,Zn_ribbon_recom,C1_3,zf-C2H2_jaz,YhfH,XPA_N,zf-H2C2_2,Yippee,C1_1,C1_4,zf-RING_3,TFIIS_C,zf-CHY,zf-AN1,HTH_Tnp_ISL3,Zn_Tnp_IS1595,zf-MYND,DUF2321,zf-C2H2_6,FYVE,Prok-RING_1,ZZ,LIM,DNA_RNApol_7kD,zf-BED,zf-trcl,CxxC_CxxC_SSSS,CpXC,BHD_1,Ribosomal_L44,BolA	NA
Q92985	IRF,IRF-3	NA
Q92988	Homeobox,Homeobox_KN,Homez	NA
Q969F1	TFIIIC_sub6	NA
Q969G2	Homeobox,PHF5,LIM,Homeobox_KN	NA
Q969J2	zf-C2H2_4,zf-C2H2,zf-C2H2_jaz,XPA_N,zf-met,zf-H2C2_2,Yippee,HypA,C1_1,C1_4,HTH_Tnp_ISL3,zf-C2H2_6,FYVE,KRAB,SCAN,zf-trcl,CxxC_CxxC_SSSS,zf-C2HC_2,BolA;C2H2 ZF	7
Q969W8	zf-C2H2_4,zf-C2H2,zf-C2H2_jaz,XPA_N,zf-H2C2_2,Yippee,C1_1,C1_4,TFIIS_C,zf-AN1,HTH_Tnp_ISL3,Zn_Tnp_IS1595,zf-C2H2_6,EPTP,KRAB,DUF82,DZR,Rpr2,zf-BED,DNA_RNApol_7kD,zf-trcl,CxxC_CxxC_SSSS,DUF2175,BolA	NA
Q96A47	Homeobox,LIM,Homeobox_KN	NA
Q96AG1	zf-C2H2_4,Senescence_reg,zf-C2H2,Myb_DNA-bind_4,DNA_RNApol_7kD,zf-C2H2_jaz,XPA_N,zf-H2C2_2,CxxC_CxxC_SSSS,MADF_DNA_bdg,HTH_Tnp_ISL3,Zn_Tnp_IS1595,FYDLN_acid,zf-C2H2_6,A2L_zn_ribbon	NA
Q96AL5	NUC130_3NT,Sec15,DUF1319,UCH,IMD,Homeobox,PBC,Homeobox_KN	NA
Q96AP5	Fork_head,RP1-2	NA
Q96AV8	TrmB,E2F_TDP,B-block_TFIIIC	NA
Q96B42	HemY_N	NA
Q96BA8	DUF4404,TPR_MLP1_2,ADIP,bZIP_Maf,bZIP_2,Prominin,bZIP_1,DUF3552	NA
Q96BD5	ERM,zf-HC5HC2H,zf-RING-like,AT_hook,Prok-RING_1,zf-RING_2,C1_3,PHD,ADK_lid,C1_1,ENT,PHD_2,Vps51,DUF87,Syntaxin-6_N;AT hook	1
Q96BF6	Unknown	1
Q96BR6	zf-C2H2_4,C1_4,zf-C2H2,KRAB,zf-H2C2_2,CxxC_CxxC_SSSS,Zn_Tnp_IS1595,zf-C2H2_6,BolA	NA
Q96BR9	zf-C2H2_4,zf-C2H2,zf-BED,zf-C2H2_jaz,DUF1722,zf-met,zf-H2C2_2,BTB,Zn_Tnp_IS1595,DUF3342,DUF2296,zf-C2H2_6,K_tetra;C2H2 ZF	2
Q96BV0	zf-C2H2_4,zf-RING_3,zf-C2H2,zf-C2H2_jaz,ArfGap,zf-H2C2_2,CxxC_CxxC_SSSS,DZR,HypA,zf-C2HC_2,MBD,CpXC,HTH_Tnp_ISL3,zf-C2H2_6,zf-C4_ClpX,zf-LYAR;C2H2 ZF	11
Q96C00	zf-C2H2_4,zf-C2H2,zf-C2H2_jaz,zf-H2C2_2,BTB,zf-C2HC_2	NA
Q96C28	zf-C2H2_4,zf-C2H2,zf-C2H2_jaz,zf-H2C2_2,HypA,zf-DNA_Pol,C1_4,zf-CHY,DUF3133,DUF2321,zf-C2H2_6,OGG_N,Tnp_zf-ribbon_2,KRAB,Trm112p,Elf1,DNA_RNApol_7kD,CxxC_CxxC_SSSS,CpXC,FYDLN_acid,HTH_Tnp_IS66,zf-LYAR,BolA	NA
Q96C55	zf-C2H2_4,zf-C2H2,zf-C2H2_jaz,zf-met2,zf-met,zf-H2C2_2,GAGA,C1_1,NinG,zf-CHY,DUF2321,RRN7,zf-C2H2_6,Prok-RING_1,Baculo_IE-1,zf-H2C2_5,zf-RING_2,zf-BED,DUF2072,zf-C2H2_2,zf-C2HC_2,BolA	NA
Q96CA4	Homeobox	NA
Q96CK0	zf-C2H2_4,zf-C2H2,zf-DNL,zf-C2H2_jaz,IBR,zf-met,zf-H2C2_2,CxxC_CxxC_SSSS,zf-C2H2_6,Rep_fac-A_C	NA
Q96CP1	RHD	NA
Q96CS4	zf-C2H2_4,zf-C2H2,BHD_1,zf-C2H2_jaz,KRAB,zf-met,zf-H2C2_2,CxxC_CxxC_SSSS,Yippee,zf-C2HC_2,zf-C2H2_6,zf-LYAR,BolA;C2H2 ZF	12
Q96CX3	zf-C2H2_4,zf-C2H2,C1_3,zf-C2H2_jaz,XPA_N,zf-met,zf-H2C2_2,C1_1,C1_4,zf-RING_3,TFIIS_C,Raffinose_syn,HTH_Tnp_ISL3,Zn_Tnp_IS1595,zf-C2H2_6,Prok-RING_1,Siva,zf-H2C2_5,DNA_RNApol_7kD,zf-trcl,CxxC_CxxC_SSSS,FYDLN_acid,Minor_capsid_1	NA
Q96DT7	zf-C2H2_4,zf-C2H2,zinc_ribbon_5,DUF2603,zf-H2C2_2,BTB,Zn_Tnp_IS1595,zf-H2C2_5,DUF3342,K_tetra	NA
Q96E29	Pex14_N,mTERF	NA
Q96EG3	zf-C2H2_4,zf-C2H2,zf-C2H2_jaz,zf-met,XPA_N,zf-H2C2_2,CxxC_CxxC_SSSS,Zn_Tnp_IS1595,SprT-like,FYDLN_acid,zf-C2H2_6,OrfB_Zn_ribbon,zf-LYAR	NA
Q96EK4	Gag_spuma,DUF940,DUF702,THAP,APC_CDC26,TFIIA,Neur_chan_memb,Suf,UPF0560,BRF1,DDHD,Med15,PIH1,Pex16,FimP,Spt20,Ctr,eIF-3_zeta,Pex14_N,Mcm10,Hid1,DUF4175,Paramyxo_ncap,RR_TM4-6,Glyco_transf_15,PAT1	NA
Q96F45	C2H2 ZF	1
Q96F54	RHD	NA
Q96F93	zf-C2H2_4,zf-C2H2,zf-ribbon_3,C1_2,zf-BED,zf-C2H2_jaz,zf-met,zf-H2C2_2,CxxC_CxxC_SSSS,zf-C2H2_6	NA
Q96FV9	Death,efThoc1	NA
Q96G15	Myb_DNA-binding,TEA	NA
Q96GC6	zf-C2H2_4,zf-C2H2,SCAN,zf-C2H2_jaz,zf-trcl,zf-AN1,KRAB,XPA_N,zf-met,zf-H2C2_2,CxxC_CxxC_SSSS,HTH_Tnp_ISL3,ADK_lid,C1_1,zf-C2H2_6,LIM	NA
Q96GE5	zf-C2H2_4,zf-C2H2,Prok-RING_2,zf-C2H2_jaz,zf-CHY,KRAB,zf-met,zf-H2C2_2,CxxC_CxxC_SSSS,Zn_Tnp_IS1595,C1_1,zf-C2H2_6	NA
Q96H40	zf-C2H2_4,zf-C2H2,Prok-RING_2,C1_3,zf-C2H2_jaz,XPA_N,zf-met,zf-H2C2_2,zf-AN1,HTH_Tnp_ISL3,Zn_Tnp_IS1595,zf-C2H2_6,Desulfoferrod_N,C1_2,KRAB,DNA_RNApol_7kD,zf-trcl,CxxC_CxxC_SSSS,DUF164	NA
Q96H86	zf-C2H2_4,zf-C2H2,zf-C2H2_jaz,zf-met,zf-H2C2_2,HypA,C1_4,DUF2256,RRN7,zf-C2H2_6,zf-UBP,KRAB,zf-trcl,CxxC_CxxC_SSSS,zf-C2H2_2,zf-C2HC_2,DUF164,zf-LYAR,BolA	NA
Q96HQ0	zf-C2H2_4,zf-C2H2,C1_3,zf-C2H2_jaz,XPA_N,zf-H2C2_2,C1_1,C1_4,HTH_Tnp_ISL3,Zn_Tnp_IS1595,NADH_oxidored,zinc_ribbon_2,zf-C2H2_6,KRAB,Siva,zf-H2C2_5,Trm112p,LIM,DNA_RNApol_7kD,CxxC_CxxC_SSSS,DUF164	NA
Q96I02	Hormone_recep,zf-C4	NA
Q96I27	zf-C2H2_4,C1_4,zf-C2H2,Prok-RING_2,C1_3,zf-C2H2_jaz,zf-trcl,zf-AN1,XPA_N,zf-H2C2_2,CxxC_CxxC_SSSS,Zn_Tnp_IS1595,C1_1,zf-C2H2_6,A2L_zn_ribbon	NA
Q96I87	Homeobox,Homeobox_KN	NA
Q96IQ9	zf-C2H2_4,zf-H2C2_2,zf-C2H2_6,zf-C2H2	NA
Q96IR2	zf-C2H2_4,zf-C2H2,Sigma_reg_C,Prok-RING_1,C1_3,zf-C2H2_jaz,BHD_2,KRAB,zf-met,zf-H2C2_2,CxxC_CxxC_SSSS,HTH_Tnp_ISL3,Zn_Tnp_IS1595,C1_1,MBD,zf-C2H2_6,BolA;C2H2 ZF	26
Q96IS3	Homeobox,OAR	NA
Q96IT1	zf-C2H2_4,C1_4,zf-C2H2,SCAN,DUF2296,zf-C2H2_jaz,KRAB,zf-H2C2_2,DZR,HypA,CxxC_CxxC_SSSS,GAGA,Cys_rich_CPXG,CpXC,HTH_Tnp_ISL3,FYDLN_acid,zf-C2H2_6,A2L_zn_ribbon	NA
Q96JB3	zf-C2H2_4,zf-C2H2,zf-BED,Prok-RING_1,zf-C2H2_jaz,zf-HYPF,zf-CHY,zf-C3HC4_2,zf-met,zf-AN1,zf-H2C2_2,CxxC_CxxC_SSSS,BTB,zf-C2H2_2,GAGA,C1_1,zf-C2H2_6,LIM	NA
Q96JC4	zf-C2H2_4,zf-C2H2,C1_3,zf-C2H2_jaz,XPA_N,zf-H2C2_2,C1_4,zinc_ribbon_5,HTH_Tnp_ISL3,zf-C2H2_6,KRAB,DNA_RNApol_7kD,zf-trcl,DUF1610,zinc_ribbon_4,CxxC_CxxC_SSSS,DUF164,BHD_1,BolA	NA
Q96JF6	zf-C2H2_4,C1_4,zf-C2H2,zf-C2H2_jaz,zf-H2C2_2,HTH_Tnp_ISL3,CxxC_CxxC_SSSS,Yippee,Zn_Tnp_IS1595,NADH_oxidored,zf-C2H2_6	NA
Q96JG9	zf-C2H2_4,zf-C2H2,zf-C2H2_2,GAGA,zf-H2C2_5,zf-C2H2_6	NA
Q96JJ8	zf-C2H2_4,C1_4,zf-C2H2,zf-C2H2_jaz,XPA_N,zf-H2C2_2,CxxC_CxxC_SSSS,Zn_Tnp_IS1595,zf-C2H2_6,GATA,BolA	NA
Q96JL9	zf-C2H2_4,C1_4,zf-C2H2,zf-BED,zf-C2H2_jaz,KRAB,zf-H2C2_2,CxxC_CxxC_SSSS,Yippee,Zn_Tnp_IS1595,zf-C2H2_6,LIM,GATA	NA
Q96JM2	zf-C2H2_4,zf-H2C2_2,zf-C2H2,zf-H2C2_5	NA
Q96JN0	HTH_psq	NA
Q96JP5	C2H2 ZF	5
Q96JS8	zf-C2H2_4,zf-C2H2,Zn_ribbon_recom,C1_3,zf-C2H2_jaz,XPA_N,zf-H2C2_2,Yippee,C1_1,C1_4,zf-RING_3,TFIIS_C,zf-AN1,RRN7,zf-C2H2_6,zf-UBP,COX5B,Siva,zf-H2C2_5,LIM,DUF3268,DNA_RNApol_7kD,zf-trcl,CxxC_CxxC_SSSS,zf-C2HC_2,CpXC,zf-LYAR	NA
Q96JV1	zf-C2H2_4,zf-C2H2,zf-C2H2_jaz,zf-H2C2_2,CxxC_CxxC_SSSS,zf-C2H2_6	NA
Q96JY0	HMG_box,Maelstrom,DUF1898	NA
Q96K00	zf-C2H2_4,zf-C2H2,UPF0547,Prok-RING_2,C1_3,zf-C2H2_jaz,BHD_2,XPA_N,zf-met,zf-H2C2_2,CTV_P23,C1_1,C1_4,TFIIS_C,Ribosomal_L17,HTH_Tnp_ISL3,Zn_Tnp_IS1595,zf-C2H2_6,Desulfoferrod_N,Prok-RING_1,COX5B,ZZ,DUF82,Arc_trans_TRASH,zf-BED,DNA_RNApol_7kD,CxxC_CxxC_SSSS,BolA	NA
Q96K08	zf-C2H2_4,DUF3895,zf-C2H2,YhfH,zf-C2H2_jaz,XPA_N,zf-met,zf-H2C2_2,HypA,C1_1,C1_4,zinc_ribbon_5,HTH_Tnp_ISL3,Zn_Tnp_IS1595,zf-C2H2_6,Prok-RING_1,zf-H2C2_5,SprT-like,zf-BED,CxxC_CxxC_SSSS,Ribosomal_L44	NA
Q96K58	C2H2 ZF	16
Q96K62	zf-C2H2_4,zf-C2H2,zf-C2H2_jaz,zf-met,zf-H2C2_2,BTB,C1_4,zf-CHY,DUF2256,Zn_Tnp_IS1595,RRN7,zf-C2H2_6,zf-UBP,Prok-RING_1,LIM,zf-BED,zf-RING_2,zf-C3HC4_2,CxxC_CxxC_SSSS,zf-C2H2_2,zf-C2HC_2	NA
Q96K75	zf-C2H2_4,Sgf11,zf-C2H2,NuA4,Prok-RING_1,DNA_RNApol_7kD,zf-C2H2_jaz,zf-trcl,zf-AN1,KRAB,XPA_N,zf-H2C2_2,CxxC_CxxC_SSSS,HTH_Tnp_ISL3,Yippee,zf-C2HC_2,Zn_Tnp_IS1595,zf-C2H2_6	NA
Q96K83	zf-C2H2_4,zf-C2H2,zf-C2H2_jaz,zf-met,zf-H2C2_2,zf-C2H2_2,zf-C2H2_6	NA
Q96KM6	zf-C2H2_4,zf-C2H2,DUF629,Evr1_Alr,zf-BED,zf-C2H2_jaz,zf-Nse,zf-met,zf-C2H2_2,CpXC,zf-FCS	NA
Q96KN3	Homeobox,DUF2890,DUF1053,BSP_II,Homeobox_KN	NA
Q96LI6	HSF_DNA-bind	NA
Q96LU7	MRF_C1,MRF_C2,NDT80_PhoG,Peptidase_S74;Ndt80/PhoG	1
Q96LU8	KRAB,SCAN	NA
Q96LW1	zf-C2H2_4,C1_4,zf-C2H2,zf-BED,zf-C2H2_jaz,KRAB,zf-met,zf-H2C2_2,CxxC_CxxC_SSSS,HTH_Tnp_ISL3,Zn_Tnp_IS1595,zf-C2H2_6,LIM,BolA	NA
Q96LW9	zf-C2H2_4,zf-C2H2,zf-C2H2_jaz,Ribosomal_L44,Ogr_Delta,XPA_N,zf-H2C2_2,A2L_zn_ribbon,C1_4,zf-AN1,HTH_Tnp_ISL3,Zn_Tnp_IS1595,zf-C2H2_6,FYVE,Prok-RING_1,zf-H2C2_5,SCAN,zf-BED,DNA_RNApol_7kD,CxxC_CxxC_SSSS,DUF2336,BolA	NA
Q96LX8	zf-C2H2_4,zf-C2H2,FYVE,zinc_ribbon_5,zf-C2H2_jaz,zf-CHY,KRAB,zf-met,zinc_ribbon_4,zf-H2C2_2,CxxC_CxxC_SSSS,DUF2321,GAGA,zf-H2C2_5,zf-C2H2_6	NA
Q96MA1	DM	NA
Q96ME7	zf-C2H2_4,PyrI_C,zf-C2H2,zf-ribbon_3,Zn_ribbon_recom,Evr1_Alr,zf-BED,zf-C2H2_jaz,IBR,zf-C2H2_2,CpXC,DZR,zf-FCS,OrfB_Zn_ribbon	NA
Q96MM3	zf-C2H2_4,zf-RING_3,zf-C2H2,zf-C2H2_jaz,IBR,zf-TRAF,XPA_N,CCAP,zf-H2C2_2,Transpos_assoc	NA
Q96MN9	zf-C2H2_4,zf-C2H2,zf-C2H2_2	NA
Q96MR9	zf-C2H2_4,zf-C2H2,zf-BED,zf-C2H2_jaz,zf-CHY,KRAB,zf-H2C2_2,CxxC_CxxC_SSSS,HTH_Tnp_ISL3,Zn_Tnp_IS1595,zf-C2H2_6	NA
Q96MU6	zf-C2H2_4,zf-C2H2,zf-C2H2_jaz,zf-trcl,KRAB,XPA_N,zf-H2C2_2,CxxC_CxxC_SSSS,HTH_Tnp_ISL3,Zn_Tnp_IS1595,GAGA,zf-C2H2_6	NA
Q96MX3	zf-C2H2_4,C1_4,zf-RING_3,zf-C2H2,Prok-RING_1,zf-C2H2_jaz,XPA_N,zf-met,zf-H2C2_2,DZR,CxxC_CxxC_SSSS,C1_1,RRN7,FYDLN_acid,zf-C2H2_6;C2H2 ZF	12
Q96N20	zf-C2H2_4,zf-C2H2,Zn_ribbon_recom,C1_3,zf-C2H2_jaz,YhfH,XPA_N,zf-met,zf-H2C2_2,Yippee,GAGA,C1_1,DUF1187,C1_4,zinc_ribbon_5,TFIIS_C,zf-AN1,HTH_Tnp_ISL3,DUF2321,zf-C2H2_6,Prok-RING_1,DUF2688,KRAB,zf-H2C2_5,LIM,DNA_RNApol_7kD,zf-trcl,zinc_ribbon_4,CxxC_CxxC_SSSS,CpXC,FYDLN_acid	NA
Q96N22	zf-C2H2_4,zf-C2H2,Prok-RING_2,C1_3,zf-C2H2_jaz,XPA_N,zf-H2C2_2,GAGA,Vps36_ESCRT-II,HTH_Tnp_ISL3,Zn_Tnp_IS1595,zf-C2H2_6,KRAB,DNA_RNApol_7kD,DUF1610,CxxC_CxxC_SSSS,DUF164,Ribosomal_L44,BolA	NA
Q96N38	zf-C2H2_4,zf-C2H2,C1_3,zf-C2H2_jaz,XPA_N,zf-H2C2_2,IL6,C1_4,HTH_Tnp_ISL3,Zn_Tnp_IS1595,zf-C2H2_6,DUF3557,KRAB,SprT-like,DNA_RNApol_7kD,CxxC_CxxC_SSSS,DUF164,Ribosomal_L44,Rep_fac-A_C,BolA	NA
Q96N48	zf-C2H2_4,zf-C2H2,Endonuclease_7,zf-DNL,zf-C2H2_jaz,zf-TRAF,zf-met,XPA_N,zf-H2C2_2,C1_1,C1_4,zinc_ribbon_5,TFIIS_C,zf-CHY,zf-AN1,HTH_Tnp_ISL3,RRN7,zf-C2H2_6,Prok-RING_1,LIM,Elf1,DNA_RNApol_7kD,zf-trcl,zinc_ribbon_4,CxxC_CxxC_SSSS,zf-C2H2_2,zf-C2HC_2,FYDLN_acid	NA
Q96N58	zf-C2H2_4,zf-C2H2,DNA_RNApol_7kD,C1_3,zf-C2H2_jaz,Prok-RING_1,KRAB,XPA_N,zf-H2C2_2,CxxC_CxxC_SSSS,HTH_Tnp_ISL3,Zn_Tnp_IS1595,zf-C2H2_6,BolA;C2H2 ZF	11
Q96N77	zf-C2H2_4,zf-RING_3,zf-C2H2,YhfH,zf-C2H2_jaz,KRAB,zf-H2C2_2,DUF2256,CxxC_CxxC_SSSS,DUF2321,zf-C2H2_6,LIM	NA
Q96N95	zf-C2H2_4,C1_4,zf-C2H2,SCAN,FYVE,zf-C2H2_jaz,XPA_N,ZZ,zf-H2C2_2,CxxC_CxxC_SSSS,HTH_Tnp_ISL3,ADK_lid,C1_1,Zn_Tnp_IS1595,GAGA,zf-C2H2_6,LIM	NA
Q96ND8	zf-C2H2_4,C1_4,zf-C2H2,zf-C2H2_jaz,KRAB,zf-met,zf-met2,zf-H2C2_2,CxxC_CxxC_SSSS,HTH_Tnp_ISL3,Zn_Tnp_IS1595,zf-C2H2_6,zf-LYAR,BolA	NA
Q96NG5	zf-C2H2_4,C1_4,zf-C2H2,zf-BED,zf-C2H2_jaz,IBD,KRAB,XPA_N,zf-met,zf-H2C2_2,CxxC_CxxC_SSSS,zf-C2HC_2,Zn_Tnp_IS1595,GAGA,zf-C2H2_6,GATA	NA
Q96NG8	zf-C2H2_4,zf-C2H2,Prok-RING_2,zf-C2H2_jaz,zf-met,zf-H2C2_2,Yippee,A2L_zn_ribbon,C1_4,HTH_Tnp_ISL3,Zn_Tnp_IS1595,zf-C2H2_6,DUF2688,KRAB,zf-BED,DNA_RNApol_7kD,zf-trcl,CxxC_CxxC_SSSS,BolA	NA
Q96NI8	zf-C2H2_4,C1_4,zf-C2H2,zf-C2H2_jaz,KRAB,Ribosomal_L17,XPA_N,zf-H2C2_2,CxxC_CxxC_SSSS,HTH_Tnp_ISL3,Ring_hydroxyl_B,Zn_Tnp_IS1595,Yippee,zf-met2,zf-C2H2_6,zf-LYAR,BolA	NA
Q96NJ3	zf-C2H2_4,zf-C2H2,zf-C2H2_jaz,KRAB,XPA_N,zf-H2C2_2,Zn_Tnp_IS1595,zf-C2H2_6	NA
Q96NJ6	zf-C2H2_4,zf-C2H2,zf-C2H2_jaz,XPA_N,zf-met,zf-H2C2_2,Yippee,C1_1,C1_4,zf-RING_3,HTH_Tnp_ISL3,Zn_Tnp_IS1595,zf-C2H2_6,DUF82,LIM,GATA,DNA_RNApol_7kD,CxxC_CxxC_SSSS,CpXC	NA
Q96NK8	HLH,Neuro_bHLH	NA
Q96NL3	zf-C2H2_4,zf-C2H2,zf-C2H2_jaz,XPA_N,Rapsyn_N,zf-H2C2_2,zf-met,Yippee,C1_4,Raffinose_syn,zf-CHY,HTH_Tnp_ISL3,Zn_Tnp_IS1595,zf-MYND,zf-C2H2_6,KRAB,Peptidase_U40,DNA_RNApol_7kD,zf-trcl,CxxC_CxxC_SSSS	NA
Q96NM4	HMG_box,DUF1898,AvrE	NA
Q96NX9	Ski_Sno,Orbi_VP5;Unknown	1
Q96NZ1	Fork_head	NA
Q96PE6	zf-C2H2_4,C1_4,zf-C2H2,zf-BED,zf-C2H2_jaz,KRAB,zf-met,XPA_N,zf-H2C2_2,HTH_Tnp_ISL3,CxxC_CxxC_SSSS,Yippee,zf-C2HC_2,zf-C2H2_6,BolA	NA
Q96PM9	zf-C2H2_4,zf-U1,zf-DBF,Elf1,zf-C2H2,DUF3449,zf-C2H2_jaz,zf-met2,zf-met,zf-C2H2_2,AKAP95,PHD_2	NA
Q96PN7	zf-C2H2_4,zf-C2H2,zf-C2H2_jaz,zf-met,zf-H2C2_2,zf-C2H2_2,zf-C2H2_6,ELM2,Myb_DNA-binding	NA
Q96PQ6	zf-C2H2_4,C1_4,zf-C2H2,FYVE,zf-C2H2_jaz,KRAB,zf-met,XPA_N,zf-H2C2_2,CxxC_CxxC_SSSS,HypA,zf-C2H2_2,Zn_Tnp_IS1595,FYDLN_acid,zf-C2H2_6,zf-LYAR	NA
Q96PR6	HLH,Hairy_orange	NA
Q96PT3	CENP-B_N,Homeobox,Sigma70_r3,HTH_26,Homeobox_KN	NA
Q96PT4	CENP-B_N,HTH_3,Homeobox,Tautomerase,HTH_26,Homeobox_KN	NA
Q96PU8	KH_1,KH_3	NA
Q96QC0	zf-CCCH,Med26	NA
Q96QL1	zf-C2H2_4,zf-C2H2,Zn_ribbon_recom,UPF0547,zf-C2H2_jaz,zf-met2,XPA_N,zf-met,zf-H2C2_2,Rubredoxin,A2L_zn_ribbon,C1_4,Katanin_con80,zinc_ribbon_5,TFIIS_C,zf-AN1,HTH_Tnp_ISL3,Zn_Tnp_IS1595,zf-C2H2_6,FYVE,Prok-RING_1,zf-HIT,PHD,zf-H2C2_5,LIM,Rpr2,zf-BED,DNA_RNApol_7kD,zf-trcl,zinc_ribbon_4,CxxC_CxxC_SSSS,Ribosomal_L44,BolA	NA
Q96QR8	Unknown	1
Q96QS3	Homeobox,DNA_pol_phi,OAR	NA
Q96RE9	zf-C2H2_4,C1_4,zf-C2H2,FYVE,Prok-RING_1,DNA_RNApol_7kD,zf-C2H2_jaz,KRAB,zf-H2C2_2,HTH_Tnp_ISL3,Yippee,CxxC_CxxC_SSSS,MBD,zf-C2H2_6,zf-UBP,BolA	NA
Q96RI1	Hormone_recep,zf-C4	NA
Q96RJ6	HLH	NA
Q96RK0	HMG_box,DUF1898	NA
Q96SC8	CUE,DM,DMA	NA
Q96SE7	zf-C2H2_4,zf-C2H2,Sigma_reg_C,UPF0547,tRNA-synt_2d,C1_3,zf-C2H2_jaz,BHD_2,XPA_N,Rapsyn_N,zf-H2C2_2,CTV_P23,C1_1,C1_4,TFIIS_C,HTH_Tnp_ISL3,Zn_Tnp_IS1595,zf-C2H2_6,Prok-RING_1,KRAB,ZZ,DNA_RNApol_7kD,CxxC_CxxC_SSSS,BHD_1,BolA;C2H2 ZF	19
Q96SF7	T-box	NA
Q96SK3	zf-C2H2_4,C1_4,zf-C2H2,zf-C2H2_jaz,KRAB,zf-met,zf-H2C2_2,CxxC_CxxC_SSSS,Ring_hydroxyl_B,Zn_Tnp_IS1595,CpXC,zf-C2H2_6,GATA	NA
Q96SL8	C2H2 ZF	9
Q96SQ5	zf-C2H2_4,zf-C2H2,TFIIS_C,DNA_RNApol_7kD,zf-C2H2_jaz,KRAB,XPA_N,zf-H2C2_2,CxxC_CxxC_SSSS,HTH_Tnp_ISL3,Yippee,Zn_Tnp_IS1595,zf-C2H2_6,A2L_zn_ribbon	NA
Q96SQ7	DUF605,HLH	NA
Q96SR6	zf-C2H2_4,zf-C2H2,zf-C2H2_jaz,zf-H2C2_2,C1_4,zf-RING_3,HNH,HTH_Tnp_ISL3,Zn_Tnp_IS1595,zf-C2H2_6,zf-C4_ClpX,KRAB,DZR,GATA,zf-C3HC4_2,CxxC_CxxC_SSSS,CpXC,FYDLN_acid,zf-LYAR	NA
Q96SV5	zf-C2H2_4,zf-C2H2,UPF0547,Prok-RING_2,C1_3,zf-C2H2_jaz,XPA_N,zf-met,zf-H2C2_2,CTV_P23,C1_1,C1_4,TFIIS_C,Ribosomal_L17,HTH_Tnp_ISL3,Zn_Tnp_IS1595,zf-C2H2_6,Desulfoferrod_N,Prok-RING_1,COX5B,ZZ,Arc_trans_TRASH,zf-BED,DNA_RNApol_7kD,CxxC_CxxC_SSSS,PDZ_1,BolA	NA
Q96SZ4	zf-C2H2_4,zf-C2H2,SCAN,zf-C2H2_jaz,zf-H2C2_2,CxxC_CxxC_SSSS,zf-C2HC_2,FYDLN_acid,zf-C2H2_6,zf-LYAR	NA
Q96T25	zf-C2H2_4,zf-C2H2,zf-C2H2_jaz,zf-met,zf-H2C2_2,zf-C2H2_6	NA
Q96T58	RRM_1,RRM_6,RRM_3,SPOC,RRM_5	NA
Q96T92	zf-C2H2_4,C1_4,zf-C2H2,zf-BED,Prok-RING_1,zf-C2H2_jaz,zf-AN1,zf-met,zf-H2C2_2,Zn_Tnp_IS1595,CpXC,zf-C2H2_6,HTH_Tnp_IS66	NA
Q96TA9	ARID	NA
Q99081	HLH	NA
Q99419	IRF,IRF-3	NA
Q99453	Med3,Homeobox,Rotamase_2,Homeobox_KN	NA
Q99551	DUF4116,mTERF	NA
Q99557	DivIC,bZIP_2,bZIP_1,I_LWEQ	NA
Q99581	Ets	NA
Q99583	DUF2630,HLH,Sipho_Gp157	NA
Q99592	zf-C2H2_4,Elf1,zf-C2H2,zinc_ribbon_5,zf-C2H2_jaz,zf-C3HC4_2,zinc_ribbon_4,zf-met,zf-H2C2_2,BTB,GAGA,CpXC,RRN7,zf-C2H2_6	NA
Q99593	T-box	NA
Q99594	Myb_DNA-binding,TEA	NA
Q99607	Ets,Elf-1_N	NA
Q99608	MAGE	NA
Q99612	zf-C2H2_4,zf-C2H2,zf-C2H2_jaz,zf-H2C2_2,zf-H2C2_5	NA
Q99626	Homeobox,DUF1738,Homeobox_KN,Caudal_act	NA
Q99676	zf-C2H2_4,zf-C2H2,NuA4,zf-BED,zf-C2H2_jaz,KRAB,XPA_N,zf-H2C2_2,CxxC_CxxC_SSSS,HTH_Tnp_ISL3,Zn_Tnp_IS1595,zf-C2H2_6	NA
Q99684	zf-C2H2_4,zf-C2H2,zf-CHCC,zf-C2H2_jaz,zf-met,zf-H2C2_2,GAGA,C1_1,HNH,zf-C2H2_6,PyrI_C,Ta0938,FYVE,Prok-RING_1,Elf1,zf-BED,Ribosomal_S27e,CxxC_CxxC_SSSS,zf-C2H2_2,zf-C2HC_2,BolA	NA
Q99687	Homeobox,KNOX2,Homeobox_KN	NA
Q99697	Homeobox,Homeobox_KN,OAR,XRCC4	NA
Q99732	zf-LITAF-like	NA
Q99742	HLH,PAS,PAS_3,PAS_9,PAS_4	NA
Q99743	HLH,PAS,PAS_3,PAS_9,RNA_pol_Rpb4	NA
Q99811	REV,Homeobox,Homeobox_KN,OAR	NA
Q99814	HIF-1,HIF-1a_CTAD,PAS,HLH,PAS_3,PAS_9,PAS_4	NA
Q99853	Fork_head	NA
Q99856	SDA1,DUF3416,ARID,Nop14,TRAP_alpha	NA
Q99929	HLH	NA
Q99941	DUF4407,DUF972,bZIP_Maf,bZIP_2,bZIP_1,DUF2205	NA
Q99958	Fork_head	NA
Q9BQD2	STAT_alpha,STAT_int,SH2,STAT_bind	NA
Q9BQR2	HMG_box,DUF1898,Myb_DNA-bind_4	NA
Q9BQW3	TIG	NA
Q9BQY4	Homeobox,GRP	NA
Q9BR39	MORN	NA
Q9BR84	zf-C2H2_4,zf-C2H2,zf-BED,zf-C2H2_jaz,KRAB,XPA_N,zf-met,zf-H2C2_2,CxxC_CxxC_SSSS,HTH_Tnp_ISL3,zf-C2H2_6,IGPD	NA
Q9BRH9	zf-C2H2_4,C1_4,zf-C2H2,DNA_RNApol_7kD,zf-C2H2_jaz,KRAB,XPA_N,zf-met,zf-H2C2_2,CxxC_CxxC_SSSS,Yippee,Zn_Tnp_IS1595,zf-C2H2_6,BolA;C2H2 ZF	11
Q9BRJ9	HLH	NA
Q9BRP0	zf-C2H2_4,zf-C2H2,FYVE,C1_3,zf-C2H2_jaz,zf-met,XPA_N,zf-H2C2_2,zf-C2H2_2,ADK_lid,C1_1,zf-H2C2_5	NA
Q9BRQ8	NAD_binding_8,Pyr_redox_3,Trp_halogenase,AlaDh_PNT_C,TrkA_N,DUF1052,Thi4,Lycopene_cycl,FAD_binding_2,FAD_oxidored,HI0933_like,K_oxygenase,FAD_binding_3,Pyr_redox,GIDA,NAD_binding_9,DUF4147,DAO,Pyr_redox_2	NA
Q9BRR0	zf-C2H2_4,C1_4,zf-C2H2,SCAN,FYVE,zf-C2H2_jaz,KRAB,XPA_N,zf-met,zf-H2C2_2,HTH_Tnp_ISL3,CxxC_CxxC_SSSS,Yippee,Zn_Tnp_IS1595,C1_1,zf-C2H2_6,BolA	NA
Q9BS31	zf-C2H2_4,zf-RING_3,zf-C2H2,KRAB,zf-H2C2_2,CxxC_CxxC_SSSS,zf-C2H2_6,zf-LYAR	NA
Q9BS34	zf-C2H2_4,zf-C2H2,zf-BED,zf-C2H2_jaz,zf-CHY,KRAB,zf-met,zf-H2C2_2,CxxC_CxxC_SSSS,zf-C2HC_2,Zn_Tnp_IS1595,zf-C2H2_6	NA
Q9BS48	HSF_DNA-bind,Glyco_hydro_31,bZIP_2,DUF2400,HALZ,bZIP_1,DUF2744,DUF3186	NA
Q9BSC0	DivIC,V_ATPase_I,Hema_stalk,Glypican,ATG16,Nup54,IncA,bZIP_2,DUF4094,HALZ,I_LWEQ,bZIP_1	NA
Q9BSG1	zf-C2H2_4,zf-C2H2,Zn_ribbon_recom,YhfH,zf-C2H2_jaz,XPA_N,zf-met,zf-H2C2_2,C1_1,C1_4,zf-AN1,HTH_Tnp_ISL3,Zn_Tnp_IS1595,zf-MYND,zf-C2H2_6,Prok-RING_1,KRAB,Siva,LIM,zf-BED,CxxC_CxxC_SSSS,HTH_18,Ribosomal_L44,BolA	NA
Q9BSK1	zf-C2H2_4,C1_4,Hydrophobin_2,zf-C2H2,Zn_ribbon_recom,C1_3,zf-C2H2_jaz,FdhD-NarQ,KRAB,zf-met,XPA_N,zf-H2C2_2,CxxC_CxxC_SSSS,HTH_Tnp_ISL3,C1_1,zf-C2H2_6,LIM,BolA	NA
Q9BT49	THAP,Tho2	NA
Q9BT81	Sox_C_TAD,DUF1898,HMG_box,YABBY	NA
Q9BTC8	BAH,Adeno_E1A,ELM2,GATA,Myb_DNA-binding	NA
Q9BTL4	IER	NA
Q9BTP6	zf-BED,Sgf11;BED ZF	1
Q9BU19	zf-C2H2_4,zf-C2H2,zf-C2H2_jaz,zf-TRAF,zf-met,zf-H2C2_2,zf-C2HC_2,PAT1	NA
Q9BUG6	zf-C2H2_4,zf-C2H2,SCAN,zf-C2H2_jaz,zf-met,zf-H2C2_2,CxxC_CxxC_SSSS,YchF-GTPase_C,zf-C2H2_6	NA
Q9BUY5	zf-C2H2_4,zf-RING_3,zf-C2H2,zf-BED,zf-C2H2_jaz,zf-trcl,KRAB,zf-met,XPA_N,zf-H2C2_2,CxxC_CxxC_SSSS,Zn_Tnp_IS1595,zf-C2HC_2,zf-C2H2_6	NA
Q9BVI0	DUF3776,Rad9_Rad53_bind,Tudor-knot,PHD	NA
Q9BW11	HLH,HTH_20,DUF3287,Kri1,DUF1895,GvpL_GvpF	NA
Q9BWE0	zf-C2H2_4,zf-C2H2,Prok-RING_1,zf-C2H2_jaz,zf-met,zf-H2C2_2,CxxC_CxxC_SSSS,Yippee,zf-C2HC_2,MBD,FYDLN_acid,zf-C2H2_6,zf-LYAR	NA
Q9BWM5	zf-C2H2_4,zf-C2H2,DNA_RNApol_7kD,zf-C2H2_jaz,KRAB,XPA_N,zf-H2C2_2,HTH_Tnp_ISL3,CxxC_CxxC_SSSS,Zn_Tnp_IS1595,zf-H2C2_5,zf-C2H2_6	NA
Q9BWW7	zf-C2H2_4,zf-C2H2,zf-ribbon_3,zf-C2H2_jaz,zf-met,XPA_N,zf-H2C2_2,HypA,C1_4,zf-CHY,zf-AN1,zf-C2H2_6,zf-FCS,SprT-like,DZR,LIM,Elf1,zf-BED,zf-C3HC4_2,CxxC_CxxC_SSSS,zf-C2H2_2	NA
Q9BWX5	OrfB_Zn_ribbon,Elf1,zf-ribbon_3,DUF2387,BaffR-Tall_bind,ArfGap,CxxC_CxxC_SSSS,eIF-5_eIF-2B,GATA-N,TF_Zn_Ribbon,Zn_Tnp_IS1595,Prim_Zn_Ribbon,DZR,GATA	NA
Q9BX82	zf-C2H2_4,C1_4,zf-C2H2,zf-C2H2_jaz,KRAB,XPA_N,zf-H2C2_2,CxxC_CxxC_SSSS,HTH_Tnp_ISL3,Zn_Tnp_IS1595,zf-C2H2_6,BolA;C2H2 ZF	15
Q9BXA9	zf-C2H2_4,DUF2225,zf-LITAF-like,zf-C2H2,zf-C2H2_jaz,zf-met,zf-H2C2_2,zf-C2H2_2,zf-C2H2_6,BolA;C2H2 ZF	7
Q9BXK1	zf-C2H2_4,zf-C2H2,zf-BED,zf-C2H2_jaz,zf-met,zf-H2C2_2,zf-C2HC_2	NA
Q9BY29	zf-C2H2_4,zf-C2H2,zf-C2H2_jaz,XPA_N,Rapsyn_N,zf-H2C2_2,Yippee,C1_4,TFIIS_C,zf-CHY,Zn_Tnp_IS1595,zf-C2H2_6,PHD,DUF4389,GATA,DNA_RNApol_7kD,zf-trcl,CxxC_CxxC_SSSS,CpXC,BHD_1,BolA	NA
Q9BY31	zf-C2H2_4,zf-C2H2,zf-C2H2_jaz,KRAB,zf-H2C2_2,Zn_Tnp_IS1595,C1_1,zf-C2H2_6	NA
Q9BYE0	HLH,Hairy_orange	NA
Q9BYG6	MH2,MH1	NA
Q9BYN7	zf-C2H2_4,PyrI_C,zf-C2H2,zf-C2H2_jaz,zf-met,zf-H2C2_2,zf-C2H2_2,GAGA,zf-C2H2_6,BolA	NA
Q9BYU1	Sec15,DUF1319,UCH,Homez,IncA,Homeobox,Myosin_tail_1,PBC,Homeobox_KN	NA
Q9BYV9	bZIP_Maf,bZIP_2,BTB,DUF3342,bZIP_1	NA
Q9BZD1	Ets	NA
Q9BZE0	zf-C2H2_4,zf-C2H2,zf-C2H2_jaz,zf-met,zf-H2C2_2,zf-C2H2_2,zf-C2H2_6	NA
Q9BZE3	SAGA-Tad1,Homeobox,Homez	NA
Q9BZI1	Homeobox,MRP-S32,Homeobox_KN,Homez	NA
Q9BZI2	Homeobox,Homeobox_KN	NA
Q9BZM3	Phage_terminase,Glyco_hydro_9,Homeobox,Terminase_5,DUF2360	NA
Q9BZY1	zf-C3HC4,zf-RING_LisH,DUF3583,zf-C3HC4_3,Cep57_CLD_2,zf-B_box	NA
Q9C009	Fork_head	NA
Q9C056	Homeobox,Homez	NA
Q9C0A1	zf-C2H2_jaz,zf-met,Homeobox,zf-C2H2_2,AKAP95,zf-H2C2_5,zf-C2H2_6,Homeobox_KN,Ada_Zn_binding	NA
Q9C0D4	zf-C2H2_4,zf-C2H2,zf-CSL,zf-H2C2_2,zf-H2C2_5;C2H2 ZF	3
Q9C0F3	zf-C2H2_4,C1_4,zf-C2H2,NuA4,DUF2688,C1_3,zf-C2H2_jaz,KRAB,XPA_N,zf-met,zf-H2C2_2,CxxC_CxxC_SSSS,Yippee,HTH_Tnp_ISL3,Zn_Tnp_IS1595,HTH_18,zf-C2H2_6	NA
Q9C0G0	zf-C2H2_4,zf-C2H2,zf-C2H2_jaz,zf-met,zf-H2C2_2,zf-C2H2_2,zf-H2C2_5,Gly-rich_Ago1;C2H2 ZF	10
Q9C0J9	HLH,Oscp1,Hairy_orange	NA
Q9GZN2	Homeobox,Homeobox_KN	NA
Q9GZQ5	Menin	NA
Q9GZX5	zf-C2H2_4,zf-RING_3,zf-C2H2,zf-C2H2_jaz,zf-trcl,KRAB,XPA_N,zf-H2C2_2,CxxC_CxxC_SSSS,Chordopox_RPO7,zinc_ribbon_2,Zn_Tnp_IS1595,C1_1,zf-C2H2_6,LIM	NA
Q9GZZ0	Homeobox	NA
Q9H0M5	zf-C2H2_4,C1_4,zf-C2H2,zf-C2H2_jaz,KRAB,zf-met,zf-H2C2_2,CxxC_CxxC_SSSS,Luteo_Vpg,Zn_Tnp_IS1595,zf-C2H2_6;C2H2 ZF	19
Q9H116	zf-C2H2_4,zf-C2H2,Prok-RING_1,zf-C2H2_jaz,zf-met,zf-H2C2_2,BTB,zf-C2HC_2,RRN7,zf-C2H2_6,BolA	NA
Q9H147	AT hook	1
Q9H161	Homeobox,Homeobox_KN,OAR	NA
Q9H165	zf-C2H2_4,DDHD,zf-C2H2,zf-C2H2_jaz,DUF1754,zf-H2C2_2,Daxx,GAGA,DUF4329,zf-H2C2_5,zf-C2H2_6,Nucleoplasmin,NOA36,Ribosomal_60s	NA
Q9H175	DUF2352	NA
Q9H176	zf-C2H2_4,zf-C2H2,zf-C2H2_jaz,Ogr_Delta,zf-TRAF,zf-met,zf-H2C2_2,zf-C2HC_2,CopK,zf-C2H2_6	NA
Q9H2A3	HLH,Pacs-1	NA
Q9H2C1	Homeobox,Orbi_VP3,LIM,Homeobox_KN	NA
Q9H2H0	CxxC	1
Q9H2M1	Hormone_recep,Oest_recep,ESR1_C	NA
Q9H2P0	zf-C2H2_4,Homeobox,zf-C2H2_2,zf-H2C2_5,Homeobox_KN	NA
Q9H2S9	zf-C2H2_4,zf-C2H2,zf-C2H2_jaz,zf-TRAF,zf-met,zf-H2C2_2,GAGA,AKAP95,zf-H2C2_5,Zn_Tnp_IS1595,zf-C2H2_6	NA
Q9H2W2	Homeobox,Homeobox_KN	NA
Q9H2Z4	Homeobox	NA
Q9H307	DUF1421,Pinin_SDK_N,Pinin_SDK_memA	NA
Q9H334	Fork_head,Ribosomal_L27e	NA
Q9H3D4	P53_tetramer,P53,Fork_head_N,SAM_2	NA
Q9H3U2	zf-C2H2_4,zf-C2H2,Evr1_Alr,C1_3,zf-C2H2_jaz,XPA_N,zf-met,zf-H2C2_2,GAGA,C1_1,C1_4,TFIIS_C,zinc_ribbon_5,zf-AN1,HTH_Tnp_ISL3,Zn_Tnp_IS1595,zf-C2H2_6,Desulfoferrod_N,C1_2,zf-HIT,DUF1062,ADK_lid,zf-H2C2_5,SprT-like,LIM,DNA_RNApol_7kD,zf-trcl,DUF1610,CxxC_CxxC_SSSS,DUF164,FYDLN_acid,Ribosomal_L44,BolA	NA
Q9H3V4	OrfB_Zn_ribbon,zf-C4	NA
Q9H4I2	C1_3,zf-C2H2_jaz,Homez,Homeobox,Nucleo_P87,zf-H2C2_5,Homeobox_KN	NA
Q9H4Q3	C2H2 ZF	3
Q9H4S2	Homeobox,Terminase_5,Phage_terminase	NA
Q9H4T2	zf-C2H2_4,Ribosomal_L37ae,zf-C2H2,YhfH,zf-C2H2_jaz,C1_3,XPA_N,zf-met,zf-H2C2_2,Yippee,C1_1,A2L_zn_ribbon,C1_4,TFIIS_C,zinc_ribbon_5,HTH_Tnp_ISL3,Zn_Tnp_IS1595,zf-Mss51,zf-C2H2_6,C1_2,Prok-RING_1,zf-HIT,ZZ,ADK_lid,SprT-like,DZR,LIM,SCAN,DNA_RNApol_7kD,zf-trcl,zinc_ribbon_4,DUF1610,CxxC_CxxC_SSSS,CpXC	NA
Q9H4W6	TIG	NA
Q9H4Z2	zf-C2H2_4,zf-C2H2,zf-C2H2_jaz,zf-H2C2_2,zf-C2H2_2,ADK_lid,zf-H2C2_5,zf-C2H2_6,Ribosomal_60s;C2H2 ZF	10
Q9H582	zf-C2H2_4,zf-C2H2,zf-MYND,zf-C2H2_jaz,Rad50_zn_hook,zf-H2C2_2,zf-H2C2_5,zf-C2H2_6	NA
Q9H5H4	zf-C2H2_4,zf-C2H2,C1_3,zf-C2H2_jaz,Ogr_Delta,zf-met,XPA_N,zf-H2C2_2,Yippee,RNA_pol_Rpb1_R,OrfB_Zn_ribbon,C1_4,HTH_Tnp_ISL3,Zn_Tnp_IS1595,zf-C2H2_6,DUF2709,Prok-RING_1,LIM,CxxC_CxxC_SSSS,zf-C2HC_2,FYDLN_acid,BolA	NA
Q9H5I3	zf-C2H2_4,zf-C2H2,Zn_ribbon_recom,UPF0547,zf-C2H2_jaz,zf-met2,XPA_N,zf-met,zf-H2C2_2,Rubredoxin,A2L_zn_ribbon,C1_4,Katanin_con80,zinc_ribbon_5,TFIIS_C,zf-AN1,HTH_Tnp_ISL3,Zn_Tnp_IS1595,zf-C2H2_6,FYVE,Prok-RING_1,zf-HIT,PHD,zf-H2C2_5,LIM,Rpr2,zf-BED,DNA_RNApol_7kD,zf-trcl,zinc_ribbon_4,CxxC_CxxC_SSSS,Ribosomal_L44,BolA	NA
Q9H5J0	zf-C2H2_4,zf-C2H2,zf-BED,zf-H2C2_2,BTB,zf-C2H2_6	NA
Q9H5V7	zf-H2C2_2,zf-C2H2,zf-H2C2_5	NA
Q9H609	zf-C2H2_4,Sgf11,zf-C2H2,Evr1_Alr,YhfH,zf-C2H2_jaz,zf-met,XPA_N,zf-H2C2_2,HypA,C1_4,zf-RING_3,zf-AN1,HTH_Tnp_ISL3,Zn_Tnp_IS1595,Terminase_GpA,zf-C2H2_6,TF_Zn_Ribbon,Elf1,CxxC_CxxC_SSSS,zf-C2H2_2,zf-C2HC_2,Baculo_ME53,zf-LYAR	NA
Q9H686	zf-C2H2_4,zf-C2H2,FYVE,HNH,zf-C2H2_jaz,zf-trcl,DUF2321,zf-H2C2_2,DUF2256,CpXC,GFA	NA
Q9H6I2	Sox_C_TAD,DUF1898,BAF1_ABF1,HMG_box	NA
Q9H707	zf-C2H2_4,zf-C2H2,Evr1_Alr,DNA_RNApol_7kD,zf-C2H2_jaz,KRAB,zf-met,zf-H2C2_2,CxxC_CxxC_SSSS,GAGA,zf-C2HC_2,zf-C2H2_6	NA
Q9H726	CUT	NA
Q9H740	zf-C2H2_4,zf-C2H2,zf-C2H2_jaz,zf-H2C2_2,DUF4195,zf-C2H2_2,zf-C2HC_2,zf-H2C2_5,DUF2296,zf-C2H2_6	NA
Q9H7I9	HMG_box	NA
Q9H7R0	zf-C2H2_4,C1_4,zf-C2H2,zf-BED,zf-C2H2_jaz,KRAB,zf-met,zf-H2C2_2,CxxC_CxxC_SSSS,Zn_Tnp_IS1595,zf-C2H2_6	NA
Q9H7R5	zf-C2H2_4,zf-C2H2,tRNA-synt_2d,C1_3,zf-C2H2_jaz,XPA_N,zf-H2C2_2,Yippee,C1_1,C1_4,TFIIS_C,zf-CHY,HTH_Tnp_ISL3,Zn_Tnp_IS1595,zf-C2H2_6,C1_2,Desulfoferrod_N,KRAB,ZZ,DNA_RNApol_7kD,zf-BED,CxxC_CxxC_SSSS,BolA;C2H2 ZF	18
Q9H7S9	C2H2 ZF	1
Q9H7U2	zf-C2H2_4,C1_4,zf-C2H2,C1_3,zf-C2H2_jaz,zf-AN1,XPA_N,ZZ,zf-H2C2_2,CxxC_CxxC_SSSS,HTH_Tnp_ISL3,Yippee,Zn_Tnp_IS1595,zf-C2H2_6,BolA	NA
Q9H7X3	zf-C2H2_4,C1_4,zf-C2H2,Zn_ribbon_recom,DNA_RNApol_7kD,C1_3,zf-C2H2_jaz,zf-trcl,zf-AN1,XPA_N,zf-H2C2_2,CxxC_CxxC_SSSS,HTH_Tnp_ISL3,Yippee,zf-C2H2_6,LIM,zf-LYAR;C2H2 ZF	9
Q9H836	SNF5,DUF1679	NA
Q9H861	zf-C2H2_4,zf-C2H2,zf-C2H2_jaz,zf-met,zf-H2C2_2,Yippee,HypA,GAGA,C1_4,zf-AN1,Rad50_zn_hook,HTH_Tnp_ISL3,Zn_Tnp_IS1595,zf-MYND,RRN7,zf-C2H2_6,zf-UBP,zinc_ribbon_2,Prok-RING_1,Prok-RING_4,Trm112p,LIM,Elf1,zf-BED,zf-C3HC4_2,DUF1610,zf-trcl,IBR,CxxC_CxxC_SSSS,zf-C2HC_2,DUF164,FYDLN_acid,zf-LYAR,BolA	NA
Q9H8G1	zf-C2H2_4,zf-C2H2,C1_3,zf-C2H2_jaz,XPA_N,zf-H2C2_2,HTH_Tnp_ISL3,Zn_Tnp_IS1595,zf-C2H2_6,Desulfoferrod_N,ROS_MUCR,KRAB,ADK_lid,SprT-like,DNA_RNApol_7kD,DUF1610,CxxC_CxxC_SSSS,DUF164,Rep_fac-A_C,BolA	NA
Q9H8N7	Cytochrome-c551;C2H2 ZF	1
Q9H8Y1	HTH_psq,HTH_29,HTH_17,DUF1492,HTH_28,HTH_36,HTH_Tnp_1,HTH_23,HTH_7	NA
Q9H930	SAND,Bromodomain,PHD,Sp100,PHD_2,DUF3195;SAND	1
Q9H942	zf-C2H2_4,zf-C2H2,Prok-RING_2,zf-C2H2_jaz,zf-trcl,KRAB,zf-H2C2_2,CxxC_CxxC_SSSS,DUF1528,zinc_ribbon_2,Zn_Tnp_IS1595,zf-C2H2_6	NA
Q9H963	zf-C2H2_4,zf-C2H2,UPF0547,C1_3,zf-C2H2_jaz,YhfH,XPA_N,zf-met,zf-H2C2_2,Cytochrome_cB,C1_1,Rubredoxin,zf-Paramyx-P,C1_4,zinc_ribbon_5,TFIIS_C,HNH,HTH_Tnp_ISL3,Zn_Tnp_IS1595,zf-MYND,zf-C2H2_6,Desulfoferrod_N,C1_2,FYVE,Prok-RING_1,zf-HIT,ZZ,zf-BED,DNA_RNApol_7kD,zinc_ribbon_4,CxxC_CxxC_SSSS,zf-C2HC_2,CpXC,zf-LYAR	NA
Q9H9D4	zf-C2H2_4,zf-C2H2,zf-C2H2_jaz,zf-met,zf-H2C2_2,GAGA,DUF2180,zf-CHY,Rad50_zn_hook,Zn_Tnp_IS1595,zinc_ribbon_2,zf-C2H2_6,DZR,Elf1,zf-C3HC4_2,CxxC_CxxC_SSSS,zf-C2H2_2,FYDLN_acid,Ribosomal_L44	NA
Q9H9E2	zf-C2H2_4,C1_4,zf-C2H2,GCC2_GCC3,zf-C2H2_jaz,KRAB,zf-met,XPA_N,zf-H2C2_2,CxxC_CxxC_SSSS,Myb_DNA-bind_6,zf-C2H2_6,BolA	NA
Q9H9S0	Homeobox,Homez	NA
Q9HAH1	zf-C2H2_4,C1_4,zf-C2H2,zf-C2H2_jaz,KRAB,zf-met,XPA_N,zf-H2C2_2,CxxC_CxxC_SSSS,HTH_Tnp_ISL3,zf-C2H2_6	NA
Q9HAJ7	SAP30_Sin3_bdg,zf-SAP30	NA
Q9HAK2	TIG	NA
Q9HAP2	DivIC,HLH,Perilipin,IncA,DUF342,Troponin,DUF904,BicD	NA
Q9HB13	Homeobox,Homeobox_KN	NA
Q9HB31	Homeobox,Nairo_nucleo,P12	NA
Q9HB58	SAND,Bromodomain,PHD,Sp100,Integrase_Zn	NA
Q9HBE1	zf-C2H2_4,DUF2225,zf-C2H2,DUF629,Zn_ribbon_2,zf-C2H2_jaz,zf-met,XPA_N,zf-H2C2_2,BTB,zf-C2H2_2,GAGA,zf-C2H2_6	NA
Q9HBT7	zf-C2H2_4,zf-C2H2,SCAN,Saccharop_dh,zf-BED,Prok-RING_1,zf-C2H2_jaz,C1_3,KRAB,XPA_N,zf-H2C2_2,CxxC_CxxC_SSSS,HTH_Tnp_ISL3,GAGA,zf-C2H2_6,BolA	NA
Q9HBT8	zf-C2H2_4,zf-RING_3,zf-C2H2,Zn_ribbon_recom,TFIIS_C,Prok-RING_1,DNA_RNApol_7kD,zf-C2H2_jaz,zf-trcl,KRAB,XPA_N,zf-met,zf-H2C2_2,HTH_Tnp_ISL3,CxxC_CxxC_SSSS,Zn_Tnp_IS1595,zf-C2H2_6,LIM	NA
Q9HBU1	Homeobox,Homez	NA
Q9HBU2	Homeobox,PHF5,LIM,Homeobox_KN	NA
Q9HBZ2	HLH,PAS,PAS_3,PAS_9,PAS_4,PAS_6	NA
Q9HC78	zf-C2H2_4,DUF2225,zf-C2H2,Prok-RING_1,zf-C2H2_jaz,zf-met,zf-H2C2_2,HTH_Tnp_ISL3,BTB,zf-C2H2_2,zf-C2HC_2,zf-Sec23_Sec24,zf-C2H2_6,BolA	NA
Q9HCA4	Rubella_E1,HLH,DUF3080,Basic	NA
Q9HCB2	zf-C4	NA
Q9HCC6	Corona_nucleoca,HLH,Hairy_orange	NA
Q9HCE3	zf-C2H2_4,zf-C2H2,zf-C2H2_jaz,zf-met,zf-H2C2_2,DUF3595,zf-C2H2_6;C2H2 ZF	12
Q9HCG1	zf-C2H2_4,zf-C2H2,tRNA-synt_2d,C1_3,zf-C2H2_jaz,BHD_2,XPA_N,zf-H2C2_2,C1_1,C1_4,TFIIS_C,zf-CHY,HTH_Tnp_ISL3,Zn_Tnp_IS1595,zf-C2H2_6,Desulfoferrod_N,Prok-RING_1,KRAB,ZZ,DNA_RNApol_7kD,CxxC_CxxC_SSSS,BHD_1;C2H2 ZF	20
Q9HCK0	zf-C2H2_4,PyrI_C,zf-C2H2,zf-CHCC,FYVE,zf-BED,zf-C2H2_jaz,zf-met,zf-H2C2_2,HTH_Tnp_ISL3,BTB,zf-C2H2_2,GAGA,DUF899,zf-C2H2_6,zf-LYAR	NA
Q9HCL3	zf-C2H2_4,C1_4,zf-C2H2,TFIIS_C,Prok-RING_2,DNA_RNApol_7kD,zf-BED,zf-C2H2_jaz,BHD_1,KRAB,zf-met,XPA_N,zf-H2C2_2,CxxC_CxxC_SSSS,HTH_Tnp_ISL3,Yippee,Zn_Tnp_IS1595,zf-C2H2_6	NA
Q9HCS4	HMG_box,DUF1898,Enkurin,MAT_Alpha1,CTNNB1_binding	NA
Q9HCU5	WD40	NA
Q9HCX3	zf-C2H2_4,zf-C2H2,Rpr2,zf-C2H2_jaz,KRAB,zf-H2C2_2,CxxC_CxxC_SSSS,Yippee,HTH_Tnp_ISL3,Zn_Tnp_IS1595,zf-H2C2_5,zf-C2H2_6	NA
Q9HCZ1	zf-C2H2_4,C1_4,zf-C2H2,zf-C2H2_jaz,KRAB,zf-H2C2_2,CxxC_CxxC_SSSS,PDZ_1,Zn_Tnp_IS1595,zf-C2H2_6	NA
Q9HD72	zf-C2H2_4,zf-C2H2,AT_hook,Prok-RING_1,zf-BED,zf-C2H2_jaz,zf-met,XPA_N,zf-H2C2_2,CxxC_CxxC_SSSS,BTB,zf-C2H2_2,RRN7,zf-C2H2_6,A2L_zn_ribbon	NA
Q9HD90	HLH,Neuro_bHLH	NA
Q9NP08	Homeobox,Nha1_C	NA
Q9NP62	DUF1272,GCM	NA
Q9NP66	HMG_box,DUF1898,LMSTEN;HMG/Sox	1
Q9NP71	DivIC,HLH,DUF3584,FhuF,DUF904	NA
Q9NPC7	zf-C2H2_4,C1_4,zf-C2H2,zf-BED,zf-C2H2_jaz,SMN,DUF1610,zf-met,XPA_N,zf-H2C2_2,BTB,zf-C2H2_2,zf-C2HC_2,GAGA,RRN7,FYDLN_acid,zf-C2H2_6	NA
Q9NPC8	HTH_3,Homez,Homeobox,KilA-N,Homeobox_KN	NA
Q9NPQ0	zf-C2H2,zf-C2H2_jaz,Ecl1,zf-met,zf-C2H2_6	NA
Q9NQ03	zf-C2H2_4,zf-C2H2,zf-ribbon_3,zf-C2H2_jaz,zf-met,XPA_N,zf-H2C2_2,HypA,zf-C2H2_6,FYVE,zf-HIT,SprT-like,DZR,Rpr2,zf-BED,zf-C3HC4_2,CxxC_CxxC_SSSS,zf-C2H2_2,zf-LYAR	NA
Q9NQ33	HLH	NA
Q9NQ69	Homez,Homeobox,Chordopox_RPO7,LIM,Homeobox_KN	NA
Q9NQ87	HLH,Hairy_orange	NA
Q9NQB0	HMG_box,DUF1898,CTNNB1_binding	NA
Q9NQL9	DM,DMA	NA
Q9NQV6	C2H2 ZF	9
Q9NQX1	C2H2 ZF	16
Q9NQX6	zf-C2H2_4,C1_4,zf-C2H2,TFIIS_C,zf-C2H2_jaz,zf-trcl,zf-AN1,KRAB,XPA_N,zf-H2C2_2,CxxC_CxxC_SSSS,Zn_Tnp_IS1595,zf-C2H2_6,zf-LYAR	NA
Q9NQZ8	zf-C2H2_4,zf-C2H2,Zn_ribbon_recom,zf-C2H2_jaz,XPA_N,zf-met,zf-H2C2_2,Yippee,Mu-like_Com,C1_4,HTH_Tnp_ISL3,Chordopox_RPO7,Zn_Tnp_IS1595,zf-C2H2_6,DUF3280,DUF1163,LIM,zf-BED,DNA_RNApol_7kD,CxxC_CxxC_SSSS,zf-C2HC_2,FYDLN_acid,Ribosomal_L44,BolA	NA
Q9NR11	zf-C2H2_4,C1_4,zf-C2H2,FYVE,zf-BED,DUF843,zf-C2H2_jaz,KRAB,XPA_N,zf-H2C2_2,CxxC_CxxC_SSSS,HTH_Tnp_ISL3,Zn_Tnp_IS1595,zf-C2H2_6,HemY_N	NA
Q9NR55	DUF4140,DUF2120,Med21,DUF1515,DUF2681,Spore_YhcN_YlaJ,Ribosomal_L30_N,ADIP,Adeno_PIX,IncA,DUF342,DUF2514,AAA_13,BLOC1_2,bZIP_1,DivIC,V_ATPase_I,DUF972,bZIP_Maf,DivIVA,Prominin,HALZ,Macoilin,TMF_DNA_bd,Prp19,HAP1_N,DUF1640,ATG16,bZIP_2,TPD52,Jnk-SapK_ap_N,CHD5	NA
Q9NR83	zf-C2H2_4,zf-C2H2;C2H2 ZF	1
Q9NR94	zf-C2H2_4,C1_4,zf-C2H2,PRP21_like_P,DNA_RNApol_7kD,HNH,zf-C2H2_jaz,zf-met,XPA_N,zf-H2C2_2,CxxC_CxxC_SSSS,DUF2256,Zn_Tnp_IS1595,ADK_lid,zf-C2H2_6,BolA	NA
Q9NRE2	zf-C2H2_4,zf-C2H2,zf-C2H2_jaz,zf-met,zf-H2C2_2,DUF3505,zf-C2H2_2,DUF678,zf-C2H2_6;C2H2 ZF	2
Q9NRM2	zf-C2H2_4,zf-DBF,zf-C2H2,BIR,zf-BED,zf-C2H2_jaz,zf-met,zf-C2H2_2	NA
Q9NRR0	DM	NA
Q9NS42	zf-C2H2_4,PHF5,zf-C2H2,zf-C2H2_jaz,zf-met,XPA_N,zf-H2C2_2,zf-C2H2_6,BolA	NA
Q9NS43	zf-C2H2_4,C1_4,zf-C2H2,zf-C2H2_jaz,KRAB,XPA_N,zf-met,zf-H2C2_2,CxxC_CxxC_SSSS,C1_1,zf-C2H2_6,BolA	NA
Q9NSC2	zf-C2H2_4,Elf1,zf-C2H2,DUF3449,zf-C2H2_jaz,zf-met,zf-H2C2_2,zf-C2H2_2,zf-C2HC_2,zf-C2H2_6,BolA	NA
Q9NSD4	zf-C2H2_4,C1_4,Elf1,zf-C2H2,Prok-RING_1,zf-C2H2_jaz,zf-AN1,zf-met,zf-H2C2_2,CxxC_CxxC_SSSS,HypA,Zn_Tnp_IS1595,zf-C2H2_6,BolA;C2H2 ZF	11
Q9NSJ1	zf-C2H2_4,C1_4,zf-C2H2,C1_3,zf-C2H2_jaz,zf-H2C2_2,CxxC_CxxC_SSSS,Zn_Tnp_IS1595,DUF164,zf-C2H2_6	NA
Q9NT61	zf-C2H2_4,Elf1,zf-C2H2,zf-C2H2_jaz,zf-met,zf-H2C2_2,CxxC_CxxC_SSSS,Zn_Tnp_IS1595,C1_1,DUF2321,FYDLN_acid,zf-C2H2_6,zf-LYAR,BolA	NA
Q9NT78	zf-C2H2_4,zf-C2H2,Evr1_Alr,C1_3,zf-C2H2_jaz,zf-met,Rapsyn_N,zf-H2C2_2,XPA_N,Yippee,C1_4,TFIIS_C,HTH_Tnp_ISL3,Zn_Tnp_IS1595,zf-C2H2_6,DUF3280,Siva,CxxC_CxxC_SSSS,DUF164,BolA	NA
Q9NTW7	zf-C2H2_4,zf-C2H2,zf-C2H2_jaz,IBD,zf-met,zf-H2C2_2,zf-H2C2_5,zf-C2H2_6,BolA	NA
Q9NU39	Fork_head	NA
Q9NU63	zf-C2H2_4,zf-C2H2,zf-C2H2_jaz,KRAB,zf-H2C2_2,zf-C2H2_6,BolA	NA
Q9NUA8	zf-C2H2_4,zf-C2H2,zf-C2H2_jaz,zf-met,zf-H2C2_2,BTB,GAGA,zf-C2HC_2,zf-C2H2_6;C2H2 ZF	12
Q9NV05	zf-C2H2_4,zf-C2H2,UPF0547,Prok-RING_2,C1_3,zf-C2H2_jaz,BHD_2,XPA_N,zf-met,zf-H2C2_2,CTV_P23,C1_1,C1_4,TFIIS_C,Ribosomal_L17,HTH_Tnp_ISL3,Zn_Tnp_IS1595,zf-MYND,zf-C2H2_6,Desulfoferrod_N,Prok-RING_1,COX5B,ZZ,Arc_trans_TRASH,zf-BED,DNA_RNApol_7kD,CxxC_CxxC_SSSS,BolA	NA
Q9NV72	zf-C2H2_4,zf-C2H2,C1_3,zf-C2H2_jaz,YhfH,BHD_2,zf-met,XPA_N,zf-H2C2_2,GAGA,C1_1,A2L_zn_ribbon,C1_4,HTH_Tnp_ISL3,Zn_Tnp_IS1595,zf-C2H2_6,C1_2,Desulfoferrod_N,Prok-RING_1,KRAB,ZZ,ADK_lid,zf-BED,CxxC_CxxC_SSSS,BolA	NA
Q9NVM2	HMG_box,DUF1898,Sporozoite_P67	NA
Q9NVV9	DUF4140,THAP,Phage_min_cap2,FlaC_arch,L31,DUF4391,ADIP,IncA,DUF607,DivIC,FliD_C,Mitofilin,Sec2p,GrpE,Macoilin,TMF_DNA_bd,DUF3373,Cep57_CLD,Erp_C,Atg14,DUF2951,ABC_tran_2,RTBV_P46	NA
Q9NW07	zf-C2H2_4,zf-C2H2,Endonuclease_7,PGAMP,zf-C2H2_jaz,zf-met,zf-H2C2_2,GAGA,C1_1,FdhE,zf-CHY,Zn_Tnp_IS1595,zf-MYND,zf-C2H2_6,FYVE,CxxC_CxxC_SSSS,zf-C2H2_2,zf-C2HC_2,zf-LYAR;C2H2 ZF	9
Q9NWB7	V_ATPase_I,IFT57,Fib_alpha,MCPsignal,Bacillus_HBL,Prominin,DUF1664,Syntaxin-6_N	NA
Q9NWS9	zf-C2H2_4,zf-C2H2,SCAN,FYVE,HNH,zf-C2H2_jaz,DUF2321,KRAB,zf-C2H2_6,zf-H2C2_2,DUF2256,CpXC,DZR	NA
Q9NX28	PSD5,C2	NA
Q9NX45	HLH,Luteo_PO	NA
Q9NX58	Hid1,C1_4,IBR,zf-LYAR	NA
Q9NX65	zf-C2H2_4,zf-C2H2,Pox_A3L,zf-C2H2_jaz,zf-met,XPA_N,zf-H2C2_2,Myb_DNA-bind_6,C1_4,zf-RING_3,HTH_Tnp_ISL3,zf-C2H2_6,KRAB,Myb_DNA-bind_4,SCAN,CxxC_CxxC_SSSS,HTH_18,zf-C2HC_2,BolA	NA
Q9NXT0	zf-C2H2_4,zf-C2H2,YhfH,zf-C2H2_jaz,C1_3,XPA_N,zf-met,zf-H2C2_2,Yippee,C1_1,A2L_zn_ribbon,C1_4,TFIIS_C,zf-AN1,HTH_Tnp_ISL3,Zn_Tnp_IS1595,zinc_ribbon_2,zf-C2H2_6,KRAB,GATA,DNA_RNApol_7kD,zf-BED,zf-trcl,CxxC_CxxC_SSSS,zf-C2HC_2,CpXC,FYDLN_acid,zf-LYAR	NA
Q9NY43	Homeobox,Homez	NA
Q9NY94	HLH,DUF2763	NA
Q9NYD6	Homeobox,Homeobox_KN	NA
Q9NYF8	GRP	NA
Q9NYT6	zf-C2H2_4,C1_4,zf-C2H2,HNH,zf-C2H2_jaz,KRAB,zf-met,XPA_N,zf-H2C2_2,CxxC_CxxC_SSSS,Zn_Tnp_IS1595,zf-C2H2_6,BolA;C2H2 ZF	18
Q9NZ00	zf-C2H2_4,zf-C2H2,C1_3,zf-C2H2_jaz,XPA_N,zf-met,zf-H2C2_2,Yippee,C1_1,C1_4,DUF2180,zf-AN1,HTH_Tnp_ISL3,Zn_Tnp_IS1595,zf-MYND,zf-Mss51,zf-C2H2_6,zf-UBP,Desulfoferrod_N,FYVE,zf-C2HC5,GATA,DNA_RNApol_7kD,zf-trcl,IBR,CxxC_CxxC_SSSS,CpXC,FYDLN_acid,BolA	NA
Q9NZC4	SAM_PNT,Ets	NA
Q9NZI5	CP2	NA
Q9NZI6	CP2,SAM_1	NA
Q9NZI7	CP2,SAM_1,Ebola_NP,SAM_PNT	NA
Q9NZL3	zf-C2H2_4,zf-C2H2,zf-C2H2_jaz,KRAB,zf-met,XPA_N,zf-H2C2_2,CxxC_CxxC_SSSS,zf-C2H2_6,BolA	NA
Q9NZR4	Homeobox,Homeobox_KN	NA
Q9NZV7	zf-C2H2_4,zf-C2H2,zf-C2H2_jaz,KRAB,zf-met,XPA_N,zf-H2C2_2	NA
Q9NZX4	Glyco_transf_10,BTB	NA
Q9P043	DUF2028	NA
Q9P0K8	Fork_head	NA
Q9P0L1	zf-C2H2_4,C1_4,zf-C2H2,SCAN,zf-C2H2_jaz,KRAB,XPA_N,zf-H2C2_2,CxxC_CxxC_SSSS,Yippee,HTH_Tnp_ISL3,Zn_Tnp_IS1595,zf-C2H2_6,GATA	NA
Q9P0T4	zf-C2H2_4,C1_4,zf-C2H2,zf-C2H2_jaz,zf-CHY,zf-met2,zf-met,zf-H2C2_2,zf-C2H2_2,zf-C2HC_2,zf-C2H2_6,LIM,BolA	NA
Q9P0U4	PHD,zf-CXXC,zf-CpG_bind_C	NA
Q9P0W2	HMG_box,DUF1898,IncA,DUF3584	NA
Q9P1Z0	zf-C2H2_4,zf-RING_3,zf-C2H2,Cenp-B_dimeris,zf-C2H2_jaz,FYDLN_acid,Nop14,zf-H2C2_2,BTB,zf-C2HC_2,Tmemb_55A,Nucleoplasmin	NA
Q9P215	CENP-B_N,HTH_Tnp_Tc5,KRAB,DDE_1,BrkDBD;Brinker	1
Q9P243	zf-C2H2_4,zf-C2H2,zf-C2H2_jaz,zf-met,Rad50_zn_hook,zf-H2C2_2,zf-H2C2_5;C2H2 ZF	14
Q9P255	zf-C2H2_4,zf-C2H2,Evr1_Alr,C1_3,zf-C2H2_jaz,XPA_N,zf-H2C2_2,C1_4,HTH_Tnp_ISL3,Zn_Tnp_IS1595,zf-C2H2_6,Desulfoferrod_N,ROS_MUCR,DNA_RNApol_7kD,DUF1610,CxxC_CxxC_SSSS,DUF164,BHD_1,BolA	NA
Q9P2F9	zf-C2H2_4,zf-C2H2,Antimicrobial_3,zf-C2H2_jaz,zf-met,zf-H2C2_2,GAGA,zf-C2H2_6,BolA	NA
Q9P2J8	zf-C2H2_4,C1_4,zf-C2H2,zf-C2H2_jaz,KRAB,XPA_N,PHD,zf-H2C2_2,CxxC_CxxC_SSSS,Zn_Tnp_IS1595,C1_1,zf-C2H2_6,GATA,BolA	NA
Q9P2K5	RRM_1,RRM_6,DUF3932,RRM_3,Limkain-b1,RRM_5	NA
Q9P2R2	NicO,TF_Otx,Zip,DUF3720	NA
Q9P2Y4	zf-C2H2_4,zf-C2H2,C1_3,zf-H2C2_2,HypA,zf-DNA_Pol,DUF2752,Rad50_zn_hook,Zn_Tnp_IS1595,zf-Mss51,Terminase_GpA,zf-C2H2_6,Prok-RING_1,zf-H2C2_5,DUF2225,DZR,Elf1,CxxC_CxxC_SSSS,zf-C2H2_2	NA
Q9UBB5	MBD_C,MBD	NA
Q9UBC0	Homeobox,Homeobox_KN,CUT	NA
Q9UBD0	HSF_DNA-bind,Menin	NA
Q9UBG7	LAG1-DNAbind,BTD	NA
Q9UBL3	SPRY	NA
Q9UBP5	HLH,DUF3772,Hairy_orange	NA
Q9UBR4	Homeobox,PHF5,LIM,Homeobox_KN	NA
Q9UBX0	Homeobox,Homeobox_KN	NA
Q9UBX2	Homeobox,HTH_26,CENP-B_N,Homeobox_KN	NA
Q9UC06	zf-C2H2_4,zf-C2H2,zf-BED,BHD_1,zf-C2H2_jaz,XPA_N,zf-H2C2_2,CxxC_CxxC_SSSS,HTH_Tnp_ISL3,Yippee,C1_1,FYDLN_acid,zf-C2H2_6,BolA;C2H2 ZF	11
Q9UC07	zf-C2H2_4,C1_4,zf-C2H2,zf-C2H2_jaz,KRAB,zf-met,zf-H2C2_2,CxxC_CxxC_SSSS,Zn_Tnp_IS1595,zf-C2H2_6	NA
Q9UD57	Homeobox	NA
Q9UDV6	zf-C2H2_4,zf-C2H2,DNA_RNApol_7kD,DUF3669,zf-C2H2_jaz,KRAB,zf-met,zf-H2C2_2,DZR,zf-C2HC_2,zf-C2H2_6	NA
Q9UDV7	zf-C2H2_4,zf-C2H2,Zn_ribbon_recom,DUF3669,zf-C2H2_jaz,DUF1898,zf-met,zf-H2C2_2,Yippee,C1_4,zinc_ribbon_5,zf-CHY,Zn_Tnp_IS1595,zf-C2H2_6,KRAB,Elf1,DNA_RNApol_7kD,DUF1610,CpXC	NA
Q9UDY3	Homeobox,DUF1183,QLQ,MRP-S27	NA
Q9UE24	Menin	NA
Q9UE66	Homeobox,LIM,Homeobox_KN,DUF1510	NA
Q9UEC0	zf-RING_2,Hormone_recep,zf-C4	NA
Q9UEG4	zf-C2H2_4,zf-C2H2,Zn_ribbon_recom,C1_3,zf-C2H2_jaz,XPA_N,zf-H2C2_2,Yippee,GAGA,C1_4,zf-RING_3,HTH_Tnp_ISL3,Zn_Tnp_IS1595,zf-C2H2_6,Prok-RING_1,TF_Zn_Ribbon,DZR,Elf1,DNA_RNApol_7kD,CxxC_CxxC_SSSS,CpXC,FYDLN_acid	NA
Q9UFB7	zf-C2H2_4,zf-C2H2,zf-C2H2_jaz,zf-met,Spore_coat_CotO,zf-H2C2_2,BTB,zf-CHY,SAPS,RRN7,zf-C2H2_6,zf-FCS,ADK_lid,TFIIF_alpha,DZR,Ycf1,Nop14,zf-C2H2_2,BolA;C2H2 ZF	8
Q9UFH1	zf-C2H2_4,zf-C2H2,zf-C2H2_jaz,zf-met,XPA_N,zf-H2C2_2,C1_1,C1_4,HNH,DUF2256,Zn_Tnp_IS1595,DUF2321,zf-C2H2_6,DUF3449,Desulfoferrod_N,C1_2,zf-HIT,ZZ,ADK_lid,DUF1610,CxxC_CxxC_SSSS,CpXC,BolA	NA
Q9UFW8	zf-met,Peptidase_S76,zf-C2H2_2,AKAP95,DUF82;Unknown	1
Q9UG14	zf-C2H2_4,zf-RING_3,zf-C2H2,DUF2688,zf-C2H2_jaz,zf-trcl,KRAB,zf-H2C2_2,CxxC_CxxC_SSSS,HTH_Tnp_ISL3,Yippee,Zn_Tnp_IS1595,zf-C2H2_6	NA
Q9UGU0	DUF3039,zf-HC5HC2H,zf-RING-like,zf-HC5HC2H_2;Unknown	1
Q9UH73	HLH,TIG	NA
Q9UH92	HLH,RNA_pol_Rpb4	NA
Q9UHF7	GATA,zf-H2C2_5	NA
Q9UHL9	DUSP,SR-25,GTF2I	NA
Q9UHQ8	bZIP_2,bZIP_1,Seryl_tRNA_N,bZIP_Maf	NA
Q9UHX1	RRM_1,RRM_6,OB_RNB,RRM_3,RRM_5	NA
Q9UI36	Ski_Sno;Unknown	1
Q9UID6	zf-C2H2_4,zf-C2H2,zf-C2H2_jaz,zf-H2C2_2,DZR,zf-C2H2_2,CarbpepA_inh,zf-H2C2_5,zf-C2H2_6	NA
Q9UIE0	zf-C2H2_4,zf-C2H2,BHD_1,zf-C2H2_jaz,KRAB,XPA_N,zf-H2C2_2,zf-C2H2_6	NA
Q9UIF8	Bromodomain,PHD,DDT,MBD,DUF2457	NA
Q9UIF9	Bromodomain,PHD,SAPS,DDT,MBD	NA
Q9UIH9	zf-C2H2_4,zf-C2H2,zf-C2H2_jaz,zf-met,zf-C2H2_6,zf-H2C2_2,DUF2225	NA
Q9UII5	zf-C2H2_4,C1_4,zf-C2H2,DNA_RNApol_7kD,C1_3,zf-C2H2_jaz,XPA_N,zf-H2C2_2,CxxC_CxxC_SSSS,HTH_Tnp_ISL3,ADK_lid,GAGA,Zn_Tnp_IS1595,zf-C2H2_6,BolA;C2H2 ZF	21
Q9UIS9	zf-CXXC,MBD;MBD; CxxC ZF	4
Q9UIU6	Homeobox,Homeobox_KN,Homez	NA
Q9UIW0	Homeobox,Homeobox_KN,Homez	NA
Q9UJ31	zf-C2H2_4,Ribosomal_L37ae,zf-C2H2,UPF0547,zf-C2H2_jaz,XPA_N,zf-met,zf-H2C2_2,HypA,zf-TFIIB,C1_1,C1_4,TFIIS_C,zinc_ribbon_5,zf-CHY,Rad50_zn_hook,HTH_Tnp_ISL3,Zn_Tnp_IS1595,DUF2321,RRN7,zf-C2H2_6,zf-FCS,DUF1407,Prok-RING_1,zf-HIT,zf-H2C2_5,SprT-like,DUF2225,DZR,zf-BED,zinc_ribbon_4,CxxC_CxxC_SSSS,zf-C2H2_2,CpXC,HTH_Tnp_IS66	NA
Q9UJL9	zf-C2H2_4,Elf1,zf-C2H2,SCAN,zf-BED,YhfH,zf-C2H2_jaz,DNA_RNApol_7kD,KRAB,zf-met,XPA_N,zf-H2C2_2,CxxC_CxxC_SSSS,HTH_Tnp_ISL3,Zn_Tnp_IS1595,zf-C2H2_6	NA
Q9UJN7	zf-C2H2_4,zf-C2H2,C1_3,zf-C2H2_jaz,XPA_N,zf-met,zf-H2C2_2,Yippee,C1_4,zf-AN1,HTH_Tnp_ISL3,Zn_Tnp_IS1595,DUF2321,zf-C2H2_6,ATXN-1_C,Prok-RING_1,Siva,zf-BED,DNA_RNApol_7kD,CxxC_CxxC_SSSS	NA
Q9UJQ4	zf-C2H2_4,DUF2225,Elf1,zf-C2H2,zf-C2H2_jaz,zf-met,Rad50_zn_hook,zf-H2C2_2,zf-C2HC_2,zf-C2H2_6,NinF	NA
Q9UJU3	zf-C2H2_4,zf-C2H2,NuA4,zf-C2H2_jaz,KRAB,zf-met,XPA_N,zf-H2C2_2,CxxC_CxxC_SSSS,zf-C2H2_6,BolA	NA
Q9UJU5	Fork_head	NA
Q9UJV8	DUF3276,PurA	NA
Q9UJW7	zf-C2H2_4,C1_4,zf-C2H2,zf-C2H2_jaz,KRAB,zf-met,zf-H2C2_2,zf-C2H2_6;C2H2 ZF	17
Q9UJW8	zf-C2H2_4,zf-C2H2,zf-C2H2_jaz,XPA_N,zf-H2C2_2,Yippee,zf-AN1,HTH_Tnp_ISL3,Zn_Tnp_IS1595,zf-C2H2_6,DUF2688,KRAB,Luteo_Vpg,LIM,GATA,Elf1,zf-trcl,CxxC_CxxC_SSSS,CpXC,zf-LYAR,Csm1	NA
Q9UK10	zf-C2H2_4,C1_4,zf-C2H2,Prok-RING_1,zf-C2H2_jaz,zf-trcl,KRAB,XPA_N,zf-met,zf-H2C2_2,CxxC_CxxC_SSSS,PHD,RRN7,zf-C2H2_6,BolA	NA
Q9UK11	zf-C2H2_4,zf-C2H2,zf-C2H2_jaz,KRAB,XPA_N,zf-H2C2_2,CxxC_CxxC_SSSS,zf-C2H2_6,BolA	NA
Q9UK12	zf-C2H2_4,zf-C2H2,zf-C2H2_jaz,KRAB,XPA_N,zf-H2C2_2,CxxC_CxxC_SSSS,zf-C2H2_6,BolA	NA
Q9UK13	zf-C2H2_4,zf-C2H2,zf-C2H2_jaz,KRAB,XPA_N,zf-H2C2_2,CxxC_CxxC_SSSS,zf-C2H2_6,BolA	NA
Q9UK33	zf-C2H2_4,zf-C2H2,C1_3,zf-C2H2_jaz,zf-CHY,zf-met,Rad50_zn_hook,zf-H2C2_2,CxxC_CxxC_SSSS,DUF2256,zf-C2H2_2,GAGA,zf-H2C2_5,SprT-like,zf-C2H2_6,zf-LYAR	NA
Q9UKD1	SAND,IncA	NA
Q9UKI9	Homeobox_KN,Homeobox,Pou,HTH_19	NA
Q9UKS7	zf-C2H2_4,zf-C2H2,zf-CHCC,zf-C2H2_jaz,zf-TRAF,zf-met,zf-H2C2_2,zf-H2C2_5,GAGA,zf-MYND,zf-C2H2_6	NA
Q9UKT9	zf-C2H2_4,Cryptochrome_C,zf-C2H2,zf-TRAF,zf-H2C2_2,GAGA,AKAP95,zf-C2HC_2,zf-C2H2_6	NA
Q9UKW6	SAM_PNT,Ets	NA
Q9UKY1	zf-C2H2_4,zf-C2H2,Homez,Homeobox,DUF4028,Homeobox_KN	NA
Q9UL36	zf-C2H2_4,zf-RING_3,zf-C2H2,zf-C2H2_jaz,zf-met,zf-H2C2_2,zf-C2H2_2,Zn_Tnp_IS1595,zf-C2HC_2,zf-C2H2_6	NA
Q9UL49	HLH	NA
Q9UL58	zf-C2H2_4,C1_4,zf-C2H2,zf-MYND,SCAN,zf-C2H2_jaz,IBR,KRAB,Ribosomal_L17,zf-H2C2_2,HTH_Tnp_ISL3,CxxC_CxxC_SSSS,Yippee,Zn_Tnp_IS1595,zf-C2HC_2,zf-H2C2_5,zf-C2H2_6;C2H2 ZF	4
Q9UL59	zf-C2H2_4,zf-RING_3,zf-C2H2,zf-C2H2_jaz,KRAB,XPA_N,zf-met,zf-H2C2_2,CxxC_CxxC_SSSS,FYDLN_acid,zf-C2H2_6	NA
Q9UL68	DivIC,zf-C2HC,MYT1,DUF2968,zf-RING-like,IncA,zf-RAG1,DUF1664,bZIP_1	NA
Q9ULA1	zf-C2H2_4,ASCH,zf-C2H2,zf-C2H2_jaz,DUF4051,KRAB,zf-H2C2_2,CxxC_CxxC_SSSS,zf-C2HC_2,zf-C2H2_6	NA
Q9ULD5	zf-C2H2_4,C1_4,zf-RING_3,CpXC,zf-C2H2,Elf1,DNA_RNApol_7kD,DUF3669,zf-C2H2_jaz,KRAB,zf-met,zf-H2C2_2,DZR,HTH_Tnp_ISL3,DUF2321,zf-C2H2_6	NA
Q9ULJ3	zf-C2H2_4,zf-C2H2,zf-C2H2_jaz,zf-met,zf-H2C2_2,BTB	NA
Q9ULM2	zf-C2H2_4,zf-C2H2,zf-C2H2_jaz,zf-trcl,zf-CHY,KRAB,zf-AN1,XPA_N,zf-H2C2_2,CxxC_CxxC_SSSS,Zn_Tnp_IS1595,zf-C2H2_6	NA
Q9ULV5	HSF_DNA-bind,Vert_HS_TF	NA
Q9ULW3	RRM_6	NA
Q9ULX9	DivIC,DUF2046,DUF2216,DUF4140,DUF972,IncA,bZIP_Maf,bZIP_2,HALZ,Macoilin,DUF904,bZIP_1	NA
Q9UM63	zf-C2H2_4,zf-C2H2,zf-C2H2_jaz,zf-met,zf-H2C2_2,DUF2321,zf-C2H2_6	NA
Q9UMJ4	Homeobox_KN,Homeobox,Pou	NA
Q9UMQ3	Homeobox,DUF3484,Homez	NA
Q9UMQ5	HLH,Myc_N,Apt1	NA
Q9UMR3	Patatin,T-box	NA
Q9UN21	Androgen_recep,Hormone_recep,zf-C3HC4_2,Suf,zf-C4	NA
Q9UN79	HMG_box,AAA_23,DUF1898	NA
Q9UNN4	TFIIA	NA
Q9UNY5	zf-C2H2_4,zf-C2H2,UPF0547,YhfH,zf-C2H2_jaz,XPA_N,zf-H2C2_2,C1_4,TFIIS_C,zinc_ribbon_5,HTH_Tnp_ISL3,Zn_Tnp_IS1595,DUF2321,zf-C2H2_6,Prok-RING_1,LIM,GATA,Rpr2,SCAN,DNA_RNApol_7kD,zf-trcl,CxxC_CxxC_SSSS,CpXC	NA
Q9UPG8	zf-C2H2_4,PyrI_C,zf-C2H2,zf-CHCC,zf-C2H2_jaz,zf-met2,zf-met,zf-H2C2_2,zf-C2H2_2,C1_1,zf-C2H2_6	NA
Q9UPM6	DUF581,Arc_trans_TRASH,Homeobox,HypA,LIM,Homeobox_KN	NA
Q9UPW0	Fork_head,DUF1639	NA
Q9UPW6	Homeobox,MEI4-Rec24,CUT	NA
Q9UQD2	zf-C2H2_4,C1_4,zf-C2H2,zf-C2H2_jaz,KRAB,zf-met2,zf-met,zf-H2C2_2,CxxC_CxxC_SSSS,HTH_Tnp_ISL3,Zn_Tnp_IS1595,zf-C2H2_6,BolA	NA
Q9UQR1	zf-C2H2_4,zf-RING_3,zf-C2H2,zf-C2H2_jaz,DUF680,XPA_N,zf-H2C2_2,Zn_Tnp_IS1595,zf-MYND,DZR	NA
Q9Y222	Myb_DNA-bind_6,Myb_DNA-bind_4,Myb_DNA-binding;Myb/SANT	2
Q9Y237	Rotamase,Rotamase_3,Rotamase_2	NA
Q9Y261	HNF_C,Fork_head,Fork_head_N	NA
Q9Y2A4	zf-C2H2_4,zf-C2H2,Prok-RING_2,zf-C2H2_jaz,zf-CHY,KRAB,zf-met,zf-H2C2_2,CxxC_CxxC_SSSS,Zn_Tnp_IS1595,C1_1,zf-C2H2_6	NA
Q9Y2D1	bZIP_2,bZIP_1	NA
Q9Y2D9	zf-C2H2_4,Mem_trans,C1_4,zf-C2H2,zf-C2H2_jaz,zf-met,zf-H2C2_2,zf-C2H2_2,ADK_lid,zf-C2HC_2,RRN7,zf-C2H2_6,zf-FCS,BolA	NA
Q9Y2G7	zf-C2H2_4,C1_4,zf-C2H2,TFIIS_C,Prok-RING_2,DNA_RNApol_7kD,BHD_1,zf-C2H2_jaz,KRAB,zf-H2C2_2,CxxC_CxxC_SSSS,HTH_Tnp_ISL3,Zn_Tnp_IS1595,CpXC,zf-C2H2_6	NA
Q9Y2H8	zf-C2H2_4,C1_4,zf-RING_3,zf-C2H2,Prok-RING_1,DNA_RNApol_7kD,zf-C2H2_jaz,zf-trcl,KRAB,XPA_N,zf-H2C2_2,HTH_Tnp_ISL3,CxxC_CxxC_SSSS,Zn_Tnp_IS1595,RRN7,zf-C2H2_6,LIM;C2H2 ZF	9
Q9Y2K7	CxxC	1
Q9Y2L8	zf-C2H2_4,zf-C2H2,SCAN,Prok-RING_1,BHD_1,zf-C2H2_jaz,KRAB,XPA_N,zf-H2C2_2,CxxC_CxxC_SSSS,zf-C2H2_6,BolA	NA
Q9Y2P0	zf-C2H2_4,zf-C2H2,Zn_ribbon_recom,zf-C2H2_jaz,BHD_2,XPA_N,zf-H2C2_2,Yippee,GAGA,C1_1,DrsE,C1_4,Zn_Tnp_IS1595,zf-MYND,zf-C2H2_6,Elf1,DNA_RNApol_7kD,CxxC_CxxC_SSSS,zf-LYAR	NA
Q9Y2P7	zf-C2H2_4,C1_4,zf-C2H2,Zn_ribbon_recom,zf-C2H2_jaz,KRAB,XPA_N,zf-H2C2_2,HTH_Tnp_ISL3,CxxC_CxxC_SSSS,C1_1,zf-C2H2_6	NA
Q9Y2Q1	zf-C2H2_4,zf-C2H2,C1_3,zf-C2H2_jaz,XPA_N,zf-H2C2_2,HTH_Tnp_ISL3,zf-C2H2_6,IGPD,Prok-RING_1,KRAB,SprT-like,DNA_RNApol_7kD,zf-trcl,DUF1610,CxxC_CxxC_SSSS,DUF164,BHD_1,Ribosomal_L44,BolA	NA
Q9Y2T7	CSD,OB_RNB	NA
Q9Y2V3	Homeobox,OAR	NA
Q9Y2W8	Hormone_recep	NA
Q9Y2X9	zf-C2H2_4,Rpr2,zf-C2H2,FYVE,zf-H2C2_2,DZR,Zn_Tnp_IS1595,zf-C2H2_6	NA
Q9Y2Y4	zf-C2H2_4,zf-C2H2,C1_2,DUF2180,zf-C2H2_jaz,zf-met,zf-H2C2_2,BTB,zf-C2H2_2,zf-H2C2_5,zf-C2H2_6	NA
Q9Y2Y9	zf-C2H2_4,zf-C2H2,zf-BED,zf-C2H2_jaz,zf-TRAF,zf-met,zf-H2C2_2,zf-C2HC_2,RRN7,Rep_fac-A_C	NA
Q9Y330	zf-C2H2_4,zf-C2H2,Mito_fiss_reg,zf-CHCC,zinc_ribbon_5,zf-C2H2_jaz,zinc_ribbon_4,zf-met,zf-H2C2_2,BTB,zf-C2H2_2,zf-H2C2_5,zf-C2H2_6	NA
Q9Y3M9	zf-C2H2_4,C1_4,zf-C2H2,zf-C2H2_jaz,zf-trcl,zf-CHY,KRAB,cEGF,zf-met,zf-H2C2_2,CpXC,zf-C2H2_6,LIM	NA
Q9Y458	T-box	NA
Q9Y462	zf-C2H2_4,zf-C2H2,zf-C2H2_jaz,zf-met,zf-H2C2_2,GAGA,zf-H2C2_5,Zfx_Zfy_act	NA
Q9Y466	Hormone_recep,zf-C4	NA
Q9Y467	zf-C2H2_4,Elf1,zf-C2H2,Desulfoferrod_N,zf-C2H2_jaz,zf-met,Rad50_zn_hook,zf-H2C2_2,zf-C2H2_2,Daxx,BSP_II,zf-C2H2_6,NOA36	NA
Q9Y473	zf-C2H2_4,zf-RING_3,zf-C2H2,zf-C2H2_jaz,KRAB,XPA_N,zf-met,zf-H2C2_2,CxxC_CxxC_SSSS,HTH_Tnp_ISL3,Zn_Tnp_IS1595,zf-C2H2_6,IGPD	NA
Q9Y483	DUF1451,Chromo,Mtf2_C,Prok-RING_1,zf-RING_2,zf-C3HC4_2,DUF1325,PHD,C1_1	NA
Q9Y4A3	bZIP_2,bZIP_1	NA
Q9Y4A8	bZIP_2,bZIP_1,bZIP_Maf	NA
Q9Y4S0	zf-C2H2_4,zf-C2H2,zf-ribbon_3,Prok-RING_2,zf-C2H2_jaz,zf-met,XPA_N,zf-H2C2_2,C1_1,A2L_zn_ribbon,C1_4,Zn_Tnp_IS1595,zf-MYND,zf-Mss51,zf-C2H2_6,PyrI_C,C1_2,zf-BED,CxxC_CxxC_SSSS	NA
Q9Y4X4	zf-C2H2_4,zf-C2H2,zf-C2H2_jaz,Herpes_BLLF1,zf-met,zf-H2C2_2,zf-C2H2_6	NA
Q9Y4Z2	HLH,Umbravirus_LDM	NA
Q9Y543	HLH,DEC-1_N,Hairy_orange	NA
Q9Y5A5	zf-C2H2_4,C1_4,zf-C2H2,zf-BED,zf-C2H2_jaz,KRAB,zf-met,zf-H2C2_2,CxxC_CxxC_SSSS,Yippee,zf-C2H2_6,BolA	NA
Q9Y5A6	zf-C2H2_4,zf-C2H2,zf-C2H2_jaz,XPA_N,zf-met,zf-H2C2_2,HypA,C1_4,zf-RING_3,zf-AN1,HTH_Tnp_ISL3,Zn_Tnp_IS1595,zf-C2H2_6,SCAN,zf-BED,DNA_RNApol_7kD,zf-trcl,CxxC_CxxC_SSSS,HTH_18	NA
Q9Y5B6	Saw1,GCFC	NA
Q9Y5J3	HLH,Hairy_orange	NA
Q9Y5N6	ORC6	NA
Q9Y5Q3	DUF4164,Maf_N,HOOK,bZIP_Maf,MbeD_MobD,DUF1843,bZIP_2,Spc24,Seryl_tRNA_N,bZIP_1,DUF1192	NA
Q9Y5Q8	Tau95,NOA36	NA
Q9Y5Q9	TPR_14,Sel1,Apc3,TPR_10,TPR_17,SAPS,Daxx,TPR_2,TPR_8,DUF627,TPR_12,TPR_7,TPR_1,Foie-gras_1,TPR_9,TPR_16,TPR_6,SHNi-TPR,TPR_4,BUD22,TPR_11	NA
Q9Y5R5	DM	NA
Q9Y5R6	DUF3482,Dmrt1,DM	NA
Q9Y5W3	zf-C2H2_4,zf-C2H2,zf-BED,zf-C2H2_jaz,zf-met,zf-H2C2_2	NA
Q9Y5X4	Hormone_recep,zf-C4	NA
Q9Y603	SAM_PNT,Ets	NA
Q9Y618	Myb_DNA-bind_6,Serinc,Myb_DNA-binding	NA
Q9Y651	HMG_box,DUF1898,SOXp	NA
Q9Y692	DUF948,SAND	NA
Q9Y6Q3	zf-C2H2_4,zf-C2H2,DNA_RNApol_7kD,zf-BED,zf-C2H2_jaz,KRAB,Dehydratase_MU,XPA_N,zf-H2C2_2,CxxC_CxxC_SSSS,HTH_18,Zn_Tnp_IS1595,DUF899,zf-C2H2_6,GATA	NA
Q9Y6R6	zf-C2H2_4,zf-C2H2,C1_2,zf-BED,zf-C2H2_jaz,zf-trcl,zf-CHY,KRAB,Ribosomal_L17,zf-H2C2_2,CxxC_CxxC_SSSS,HTH_Tnp_ISL3,Zn_Tnp_IS1595,zf-C2H2_6,BolA;C2H2 ZF	23
Q9Y6T0	Prox1	NA
Q9Y6X0	AT hook	3
Q9Y6X8	zf-C2H2,Homez,DUF3505,Homeobox,zf-H2C2_2,zf-C2H2_2,ADPrib_exo_Tox,zf-H2C2_5,DUF937,Homeobox_KN	NA
Q9Y6Y1	CG	1
R4GMT1	zf-C2H2_4,zf-C2H2,C1_3,zf-C2H2_jaz,zf-met,XPA_N,zf-H2C2_2,Yippee,GAGA,tRNA-synt_1f,C1_4,zf-AN1,Chordopox_RPO7,RRN7,zf-C2H2_6,FYVE,PHD,ADK_lid,DUF1163,zf-H2C2_5,Rpr2,zf-BED,DUF1610,CxxC_CxxC_SSSS,zf-C2H2_2,zf-C2HC_2	NA
R4GMY9	zf-C2HC,IBR,MYT1	NA
R4GNI0	IRF	NA
R9QDW3	STAT_int,STAT_bind,STAT_alpha,LXG,CorA,STAT2_C,SH2	NA
R9QDW5	STAT_int,STAT_bind,STAT_alpha,LXG,CorA,STAT2_C,SH2	NA
R9QDY3	STAT_int,STAT_bind,STAT_alpha,LXG,CorA,STAT2_C,SH2	NA
R9QDY7	STAT_int,STAT_bind,STAT_alpha,LXG,CorA,STAT2_C,SH2	NA
R9QDZ0	STAT_int,STAT_bind,STAT_alpha,CorA,STAT2_C,SH2	NA
R9QE44	STAT_int,STAT_bind,STAT_alpha,LXG,CorA,STAT2_C,SH2	NA
R9QE53	STAT_int,STAT_bind,STAT_alpha,CorA,STAT2_C,SH2	NA
R9QE63	STAT_int,STAT_bind,STAT_alpha,LXG,CorA,STAT2_C,SH2	NA
R9QE65	STAT_int,STAT_bind,STAT_alpha,LXG,CorA,STAT2_C,SH2	NA
R9QE71	STAT_int,STAT_bind,STAT_alpha,LXG,CorA,STAT2_C,SH2	NA
R9QF58	STAT_int,STAT_bind,STAT_alpha,LXG,CorA,STAT2_C,SH2	NA
R9QF97	STAT_int,STAT_bind,STAT_alpha,LXG,CorA,STAT2_C,SH2	NA
R9QF99	STAT_int,STAT_bind,LXG,STAT_alpha,CorA	NA
R9QFA2	STAT_int,STAT_bind,STAT_alpha,LXG,CorA,STAT2_C,SH2	NA
R9QFA6	STAT_int,STAT_bind,STAT_alpha,LXG,CorA,STAT2_C,SH2	NA
R9QFC5	STAT_int,STAT_bind,STAT_alpha,CorA,STAT2_C,SH2	NA
R9QG79	STAT_int,STAT_bind,STAT_alpha,LXG,CorA,STAT2_C,SH2	NA
R9QG88	STAT_int,STAT_bind,STAT_alpha,LXG,CorA,STAT2_C,SH2	NA
R9QG91	STAT_int,STAT_bind,STAT_alpha,LXG,CorA,STAT2_C,SH2	NA
R9QGC0	STAT_int,STAT_bind,STAT_alpha,LXG,CorA,STAT2_C,SH2	NA
R9UV10	zf-ribbon_3,CxxC_CxxC_SSSS,eIF-5_eIF-2B,TF_Zn_Ribbon,GATA,A2L_zn_ribbon	NA
R9W7C9	Pax2_C,HTH_Tnp_IS1,HTH_29,Ribosomal_S13_N,HTH_32,HTH_23,PAX	NA
R9W9B1	Homez,Homeobox,bZIP_C,Homeobox_KN,Pro-kuma_activ	NA
S0BE05	bZIP_2,bZIP_1	NA
S4R334	P53_tetramer,P53,DEC-1_N,P53_TAD,Hanta_G2	NA
S4R3B4	HALZ	NA
S4R3B8	zf-C2H2_4,zf-C2H2,zf-C2H2_jaz,zf-H2C2_2,CxxC_CxxC_SSSS,HTH_Tnp_ISL3,Yippee,Zn_Tnp_IS1595,C1_1,zf-H2C2_5,GAGA,zf-C2H2_6	NA
S4R3C8	zf-C2H2_4,zf-C2H2,DUF629,DUF592,HTH_5,zf-C2H2_jaz,zf-met,Homeobox,DUF3505,zf-C2H2_2,zf-C2H2_6,Homeobox_KN;C2H2 ZF	2
S4R3M9	TFIIS_M,TFIIS_C,Prok-RING_2,Med26,Auxin_repressed	NA
S4R3U0	zf-C2H2_4,zf-C2H2,PRP21_like_P,zf-BED,zf-C2H2_jaz,XPA_N,zf-met,zf-H2C2_2,CxxC_CxxC_SSSS,HTH_Tnp_ISL3,zf-C2H2_6,IGPD	NA
S4R3U5	Fork_head	NA
S4R3W2	HTH_29,MH1,NfI_DNAbd_pre-N,CTF_NFI	NA
S4R454	Ets	NA
S4TMV6	zf-C2H2_4,zf-C2H2,DUF629,zinc_ribbon_5,zf-C3HC4_2,zinc_ribbon_4,zf-met2,zf-met,zf-H2C2_2,zf-Sec23_Sec24,zf-C2H2_2,zf-H2C2_5,Rubredoxin,zf-C2H2_6	NA
S5LJ04	P53,CEP1-DNA_bind	NA
S5LJ49	P53,CEP1-DNA_bind	NA
S5LJ61	P53,CEP1-DNA_bind	NA
S5LMC6	P53,CEP1-DNA_bind	NA
S5LME3	P53,CEP1-DNA_bind	NA
S5LMG1	P53	NA
S5LQQ1	P53,CEP1-DNA_bind	NA
S5LQU3	P53	NA
S5LQU8	P53,CEP1-DNA_bind	NA
S5LQX7	P53	NA
S5M207	P53	NA
S5M224	P53	NA
S5M706	P53	NA
S5M713	P53,CEP1-DNA_bind	NA
T1WRW3	Hormone_recep	NA
T1WSH6	Hormone_recep	NA
T1WSQ6	Hormone_recep	NA
T2CYZ2	HemX,Activator_LAG-3,HMG_box,DUF1898,Exonuc_VII_L	NA
T2CZM2	HMG_box,HemX,DUF1898,Exonuc_VII_L	NA
U3KPR5	DivIC,PspA_IM30,Jnk-SapK_ap_N,Jun,DUF972,ADIP,IncA,bZIP_Maf,FlaC_arch,bZIP_2,DUF904,Seryl_tRNA_N,DUF3450,bZIP_1,HAP1_N	NA
U3KPR8	Homeobox,Homeobox_KN	NA
U3KPW8	Homeobox,Homeobox_KN,Homez	NA
U3KPY9	HTH_29,NfI_DNAbd_pre-N,MH1	NA
U3KQ31	T-box	NA
U3KQ51	zf-C2H2_4,C1_4,zf-C2H2,zf-C2H2_jaz,DUF1610,zf-met,zf-H2C2_2,Homeobox,HypA,zf-C2H2_6	NA
U3KQ96	HTH_31,Pou	NA
U3KQB5	Homeobox,Homeobox_KN	NA
U3KQE5	HMG_box,DUF1898,MAT_Alpha1	NA
U3KQE8	MH1,NfI_DNAbd_pre-N,CTF_NFI	NA
U3KQF6	BTB	NA
U3KQH2	T-box	NA
U3KQI2	Homeobox,Homeobox_KN,Gag_p24	NA
U3KQJ9	Homeobox,Homeobox_KN,Homez	NA
U3KQN1	PAP1,DUF755,Pou,MSP1_C	NA
U3KQQ9	T-box	NA
U3KQR8	CUT	NA
U3KQS0	Homeobox,Homeobox_KN	NA
U3KQS6	HNF-1B_C,Homeobox,HNF-1_N	NA
U5LXR9	HLH	NA
U5XJZ1	HMG_box,DUF1898,Sox_N,MAT_Alpha1	NA
U5XJZ4	HMG_box	NA
U5XK50	HMG_box,DUF1898,Sox_N	NA
U5XK60	HMG_box,DUF1908,DUF1898	NA
U5XK65	HMG_box,DUF1908,DUF1898	NA
U5XKX7	HMG_box,DUF1908,DUF1898	NA
U5XKY1	HMG_box,DUF1908,DUF1898	NA
U5XMM4	HMG_box,DUF1898,Sox_N	NA
U5XMN5	HMG_box,DUF1908,DUF1898	NA
U5XN77	HMG_box,DUF1908,DUF1898	NA
U5XN82	HMG_box,DUF1908,DUF1898	NA
V5M1V5	zf-C2H2_4,zf-C2H2,CHORD,zf-BED,zf-C2H2_jaz,zf-met,zf-H2C2_2,zf-H2C2_5	NA
V5QRV9	Homeobox,HoxA13_N,Homeobox_KN	NA
V9GY27	DED	NA
V9GY48	Laminin_I,Atg14,zf-CCCH,G-patch,DUF3847	NA
V9GY73	zf-C2H2_4,zf-H2C2_2,zf-C2H2,zf-H2C2_5	NA
V9GYH0	Homeobox,Homeobox_KN	NA
V9GZ46	zf-C2H2_4,zf-C2H2,zf-H2C2_2,zf-C2H2_2,AKAP95,GAGA,zf-H2C2_5	NA
V9HVY5	zf-C2H2_4,Elf1,zf-C2H2,DUF3449,zf-C2H2_jaz,zf-met,zf-H2C2_2,zf-C2H2_2,zf-C2HC_2,zf-C2H2_6,BolA	NA
V9HVY7	zf-C2H2_4,zf-C2H2,Prok-RING_2,C1_3,zf-C2H2_jaz,XPA_N,zf-H2C2_2,C1_4,HTH_Tnp_ISL3,Zn_Tnp_IS1595,zf-C2H2_6,Desulfoferrod_N,Prok-RING_1,KRAB,ADK_lid,DNA_RNApol_7kD,zf-trcl,DUF1610,CxxC_CxxC_SSSS,DUF164,DUF2213,Ribosomal_L44,BolA	NA
V9HW07	zf-C2H2_4,zf-C2H2,zf-C2H2_jaz,zf-met,zf-H2C2_2,Yippee,MBD,DUF899,C1_4,zf-AN1,HTH_Tnp_ISL3,Zn_Tnp_IS1595,zf-C2H2_6,zf-UBP,KRAB,PhnJ,CxxC_CxxC_SSSS,CpXC,BolA	NA
V9HWA7	Homeobox,Staygreen,Homeobox_KN,OAR	NA
V9HWI2	zf-C2H2_4,C1_4,zf-C2H2,Prok-RING_1,zf-BED,zf-C2H2_jaz,DNA_RNApol_7kD,KRAB,zf-met,zf-met2,zf-H2C2_2,CxxC_CxxC_SSSS,HTH_Tnp_ISL3,Zn_Tnp_IS1595,zf-C2HC_2,zf-C2H2_6,LIM,BolA	NA
V9P8K4	IRF	NA
V9P921	IRF	NA
V9TLK5	Hormone_recep	NA
W5S2M5	Pax7,Homeobox_KN,Homeobox	NA
W6CJ52	Fork_head	NA
X5CHT4	IRF	NA
X5D2F9	Homeobox,Homeobox_KN,Homez	NA
X5D2H2	Fork_head,Zip,TT_ORF1,eIF-3_zeta,Plasmodium_Vir,Mgr1	NA
X5D2J9	Herpes_IE68,GTF2I	NA
X5D2Q4	HLH,PAS,PAS_3,PAS_9,Macoilin,PAS_4	NA
X5D304	T-box	NA
X5D3F6	IRF	NA
X5D7M0	HLH,PAS,PAS_3,PAS_9,Neisseria_TspB,Macoilin,PAS_4	NA
X5D7T2	HLH,PAS,PAS_3,PAS_9,PAS_4,PAS_6	NA
X5D8U0	PAS,PAS_9,PAS_6,PAS_3	NA
X5D939	Herpes_IE68,GTF2I	NA
X5D982	MAGE	NA
X5D985	HLH,PAS,PAS_3,PAS_9,Macoilin,PAS_4	NA
X5D988	HLH,PAS,PAS_3,PAS_9,Macoilin,PAS_4	NA
X5D9A5	Homeobox,Fork_head_N,Homeobox_KN,OAR	NA
X5D9H9	PAS_4,HLH,PAS,PAS_3	NA
X5D9I7	HLH,PAS,PAS_3,PAS_9,Macoilin,PAS_4	NA
X5DNC5	RED_N,Gag_spuma,Androgen_recep,Hormone_recep,zf-C3HC4_2,TCP,zf-C4	NA
X5DNP5	DUF605,Herpes_IE68,GTF2I	NA
X5DNR2	zf-C2H2_4,zf-C2H2,zf-BED,zf-C2H2_jaz,zf-TRAF,zf-met,zf-H2C2_2,zf-C2HC_2,RRN7,Rep_fac-A_C	NA
X5DNV7	HLH,PAS,PAS_3,PAS_9,Macoilin,PAS_4	NA
X5DP27	T-box	NA
X5DP31	HLH,PAS,PAS_3,PAS_9,PAS_4,PAS_6	NA
X5DP40	HLH,PAS,PAS_3,PAS_9,PAS_4,PAS_6	NA
X5DQN9	HLH,PAS,PAS_3,PAS_9,PAS_4,PAS_6	NA
X5DR09	DUF605,Herpes_IE68,GTF2I	NA
X5DR62	HLH,PAS,PAS_3,PAS_9,RNA_pol_Rpb4	NA
X5DR67	HLH,PAS,PAS_3,PAS_9,Macoilin,PAS_4	NA
X5DRE4	HLH	NA
X5DRF3	Na_trans_assoc,HLH,PAS,PAS_3,PAS_9,PAS_4	NA
X5DRK2	HLH,PAS,PAS_3,PAS_9,PAS_4	NA
X6R674	VLPT,BTB	NA
X6R6Z1	DZF,FmrO	NA
X6RBL6	MBD	NA
X6RCR8	UPF0547,DUF1115,ARID,RBB1NT,NOA36	NA
X6REB3	HLH	NA
