#List of PWMs
k7eph6.af3.2.meme	DONE
c9jed5.af3.0.meme	DONE
d6rfi6.af3.5.meme	DONE
q59g24.af3.1.meme	DONE
q59g24.af3.3.meme	DONE
b2cw77.af3.4.meme	DONE
a0a384mtx4.af3.1.meme	DONE
b7z4w0.af3.0.meme	DONE
c9izl7.af3.3.meme	DONE
c9jp21.af3.1.meme	DONE
a0a7i2v464.af3.2.meme	DONE
s4r3m9.af3.5.meme	DONE
b1akp7.af3.1.meme	DONE
q5t6w2.af3.1.meme	DONE
q9bxg8.af3.2.meme	DONE
e9ppa1_monomer.af3.2.meme	DONE
q8wxf8.af3.2.meme	DONE
c9jzz6.af3.5.meme	DONE
h7c1m5.af3.3.meme	DONE
q13148.af3.3.meme	DONE
q05cg3.af3.5.meme	DONE
a0a8q3sir0_monomer.af3.0.meme	DONE
q13765.af3.0.meme	DONE
a0a0a0mrl0.af3.4.meme	DONE
q6pdt8.af3.1.meme	DONE
q9ulw3.af3.2.meme	DONE
q05cg3.af3.2.meme	DONE
e9ppa1.af3.0.meme	DONE
a0aaq5big2.af3.0.meme	DONE
a0a090n8e5_monomer.af3.5.meme	DONE
a0a087wt67.af3.2.meme	DONE
e9ppa1_monomer.af3.4.meme	DONE
b7z4w0.af3.5.meme	DONE
a0a7i2v2u7.af3.1.meme	DONE
q3swv5.af3.4.meme	DONE
a0a8v8tlt3_monomer.af3.0.meme	DONE
f8vs12.af3.3.meme	DONE
b4dkm1.af3.4.meme	DONE
q5t284.af3.3.meme	DONE
q9h930.af3.4.meme	DONE
a0a0b6xk52.af3.0.meme	DONE
c9jfr2.af3.1.meme	DONE
q9nx28.af3.1.meme	DONE
a0a994j705.af3.3.meme	DONE
a0a8v8tmg8_monomer.af3.5.meme	DONE
b4dg61.af3.3.meme	DONE
a0a494c0u8.af3.4.meme	DONE
a0a8v8tna6_dimer.af3.1.meme	DONE
a0a0s2z4l6_monomer.af3.4.meme	DONE
m0qzd2.af3.4.meme	DONE
a0a994j4c0.af3.5.meme	DONE
a0a8q3sit7_dimer.af3.0.meme	DONE
a0a1b0gv48.af3.2.meme	DONE
q6zw83.af3.5.meme	DONE
a0a8v8tmk4.af3.5.meme	DONE
a0a087wyy0.af3.3.meme	DONE
o75618.af3.5.meme	DONE
a0a0s2z5n0.af3.0.meme	DONE
a0a3b3its6.af3.5.meme	DONE
a0a994j705.af3.2.meme	DONE
b7z2z1.af3.3.meme	DONE
q13765.af3.2.meme	DONE
k7emp1.af3.0.meme	DONE
c9jed5.af3.2.meme	DONE
o94776.af3.1.meme	DONE
a0a0a0mqw0.af3.1.meme	DONE
b4duq1.af3.4.meme	DONE
q75mx6.af3.3.meme	DONE
a0a0c4dgr5.af3.1.meme	DONE
q8tf63.af3.2.meme	DONE
a8k9w7.af3.5.meme	DONE
a0a2r8yed2.af3.5.meme	DONE
a0a994j4e9.af3.4.meme	DONE
q9hc44.af3.4.meme	DONE
a0a3b3is71.af3.4.meme	DONE
a4d2m8.af3.1.meme	DONE
a0a8q3sit7_monomer.af3.0.meme	DONE
a0a1b0gwh4_dimer.af3.3.meme	DONE
a0a7p0z4m5.af3.3.meme	DONE
a0a3b3irx0.af3.1.meme	DONE
a0a8v8tna6_monomer.af3.5.meme	DONE
a0a0a0msl2.af3.5.meme	DONE
a0a8f9s2z6.af3.5.meme	DONE
a0a494c1n8_monomer.af3.3.meme	DONE
a0a494c1n8_monomer.af3.0.meme	DONE
a0a8i5kx72.af3.5.meme	DONE
h7by16.af3.1.meme	DONE
a0a3b3irx0.af3.2.meme	DONE
a0a494c0h6.af3.0.meme	DONE
a0a494c0i1.af3.1.meme	DONE
a0a8v8tqw3.af3.5.meme	DONE
a0a3b3is71.af3.0.meme	DONE
a0a0g2js52.af3.3.meme	DONE
p61978.af3.2.meme	DONE
q9p043.af3.2.meme	DONE
a0a1z1g4m2.af3.0.meme	DONE
a0a8i5kua2.af3.5.meme	DONE
e7evu5.af3.0.meme	DONE
a0a0s2z4k4_monomer.af3.4.meme	DONE
f8vs12.af3.2.meme	DONE
a0a804hj42_dimer.af3.1.meme	DONE
a0a8i5kqy1.af3.0.meme	DONE
a0a994j7h0.af3.1.meme	DONE
a0a0c4dgr5_dimer.af3.3.meme	DONE
h0y612.af3.4.meme	DONE
m0qyk9.af3.2.meme	DONE
a0a087x0m6.af3.2.meme	DONE
q6ekj0.af3.5.meme	DONE
a0a4p8d7f0.af3.1.meme	DONE
a0a087x2f1_monomer.af3.3.meme	DONE
a0a1b0gv63.af3.2.meme	DONE
a0a3b3ite4.af3.4.meme	DONE
a0a8i5kwx0.af3.1.meme	DONE
a8k4h1.af3.3.meme	DONE
o75618.af3.4.meme	DONE
a0a3b3iu66.af3.3.meme	DONE
a0aaq5bih9.af3.1.meme	DONE
e9pl19.af3.4.meme	DONE
k7emp1.af3.4.meme	DONE
q6nun2.af3.3.meme	DONE
a0a8q3wkh9.af3.3.meme	DONE
a0a0c4dgr5.af3.5.meme	DONE
o43593.af3.1.meme	DONE
a0a804hkg3.af3.4.meme	DONE
q9y237.af3.1.meme	DONE
q969f1.af3.1.meme	DONE
q6ekj0.af3.4.meme	DONE
a0a804hig4.af3.5.meme	DONE
a0aaq5bh24.af3.4.meme	DONE
a0a087wt67.af3.3.meme	DONE
e9pq56.af3.1.meme	DONE
o60356.af3.1.meme	DONE
a0a8q3wkh9.af3.2.meme	DONE
a0a2r8y6x0.af3.2.meme	DONE
a0a0c4dgm2_monomer.af3.0.meme	DONE
a0a1b0gw50.af3.3.meme	DONE
a0a0s2z4l6_dimer.af3.5.meme	DONE
e5riw4.af3.3.meme	DONE
a5y0m9.af3.5.meme	DONE
h3bt57.af3.2.meme	DONE
b4dhk1.af3.0.meme	DONE
p49790.af3.0.meme	DONE
a0a0c5b5g6.af3.2.meme	DONE
a0a0s2z4l6_monomer.af3.2.meme	DONE
a0a8i5kuq1.af3.3.meme	DONE
p58340.af3.4.meme	DONE
q9br39.af3.2.meme	DONE
a0a7i2v428.af3.3.meme	DONE
a0a994j434.af3.3.meme	DONE
q9bxg8.af3.5.meme	DONE
b4dhk1.af3.3.meme	DONE
q9p2k5.af3.1.meme	DONE
q7l4p6.af3.3.meme	DONE
a0a8v8tqw3.af3.0.meme	DONE
a0a0a0msi2.af3.0.meme	DONE
q6zp45.af3.2.meme	DONE
a0a087wx29.af3.1.meme	DONE
a1a519.af3.2.meme	DONE
a0a994j6y5.af3.4.meme	DONE
b4dgn3.af3.5.meme	DONE
a0a1u9x8r9.af3.3.meme	DONE
a0a804hj42.af3.2.meme	DONE
q5t284.af3.1.meme	DONE
a0a2r8yed2.af3.1.meme	DONE
q8hws3.af3.2.meme	DONE
a0a0a0mtt2.af3.2.meme	DONE
b8zz38.af3.5.meme	DONE
h7c1q0.af3.1.meme	DONE
x5d939.af3.5.meme	DONE
a0a087wyf4_monomer.af3.1.meme	DONE
q9hcu5.af3.1.meme	DONE
q6zs99.af3.3.meme	DONE
q96b42.af3.3.meme	DONE
a0a087wt67.af3.5.meme	DONE
a2i829.af3.0.meme	DONE
q16594.af3.3.meme	DONE
q3lib3.af3.3.meme	DONE
m0r040.af3.0.meme	DONE
a0a0a0mr39.af3.5.meme	DONE
h3bpe7.af3.5.meme	DONE
q96s65.af3.2.meme	DONE
x5d939.af3.2.meme	DONE
q13148.af3.4.meme	DONE
a0a1c7cyx1.af3.3.meme	DONE
a0a087wzq2.af3.4.meme	DONE
a0a0c4dg06.af3.5.meme	DONE
a0a3b3iu66.af3.1.meme	DONE
c9jgl9.af3.5.meme	DONE
q9ujv8.af3.1.meme	DONE
a0a3b3iue2_monomer.af3.3.meme	DONE
a0a090n7s8.af3.0.meme	DONE
a0a8v8tpf3_monomer.af3.0.meme	DONE
q6p1n0.af3.3.meme	DONE
q7z401.af3.3.meme	DONE
a0a494c0u8.af3.3.meme	DONE
a0a994j795.af3.3.meme	DONE
a0a804hkj0.af3.0.meme	DONE
a0a1w2ppm1.af3.2.meme	DONE
a0a0a0mth2_monomer.af3.4.meme	DONE
e9peb5.af3.2.meme	DONE
v9gy27.af3.4.meme	DONE
a0a804hkg3.af3.0.meme	DONE
a0a494c1n8.af3.3.meme	DONE
a2i829.af3.5.meme	DONE
p57723.af3.2.meme	DONE
e5rg59.af3.2.meme	DONE
p57723.af3.1.meme	DONE
a0a8q3sir0.af3.2.meme	DONE
p55197.af3.3.meme	DONE
p42568.af3.0.meme	DONE
h0y612.af3.0.meme	DONE
p82970.af3.0.meme	DONE
b4dy09.af3.0.meme	DONE
a0a0s2z4k5.af3.0.meme	DONE
k7enc1.af3.0.meme	DONE
q5ec54.af3.5.meme	DONE
q59fs0.af3.4.meme	DONE
c9jsz1.af3.0.meme	DONE
m0qyk9.af3.1.meme	DONE
c9jzz6.af3.4.meme	DONE
a0a1b0gwh4.af3.2.meme	DONE
a0a7i2v349.af3.1.meme	DONE
a0a8v8tm49.af3.1.meme	DONE
p55197.af3.0.meme	DONE
a0a8q3sir0.af3.0.meme	DONE
a0a0a0mtt2.af3.4.meme	DONE
a0a8i5qkx4.af3.5.meme	DONE
q7z401.af3.2.meme	DONE
a0a0s2z4k2.af3.1.meme	DONE
a0a804hiv5.af3.3.meme	DONE
e9peb5.af3.4.meme	DONE
o15226.af3.2.meme	DONE
h0ykl0_monomer.af3.1.meme	DONE
a0a075b7g4.af3.2.meme	DONE
a0a0s2q0b1.af3.4.meme	DONE
a0a3b3irm3.af3.1.meme	DONE
a0a0a0ms90.af3.1.meme	DONE
e7evu5.af3.4.meme	DONE
x5dnp5.af3.5.meme	DONE
a0aa34qvt6.af3.3.meme	DONE
a0a087wyf4_monomer.af3.3.meme	DONE
c9jzz6.af3.0.meme	DONE
b2cw77.af3.3.meme	DONE
a0a286r9d9.af3.0.meme	DONE
a0aaq5bh52.af3.2.meme	DONE
a0a8i5kwx0.af3.0.meme	DONE
b1aqp5.af3.2.meme	DONE
c9j330.af3.5.meme	DONE
q9btl4.af3.5.meme	DONE
b4dr70.af3.2.meme	DONE
a0a804hjz1.af3.3.meme	DONE
q86w54.af3.0.meme	DONE
a0a1w2ppk0_monomer.af3.4.meme	DONE
q9br39.af3.1.meme	DONE
a0a994j5r8.af3.2.meme	DONE
a3f768.af3.0.meme	DONE
q6nun2.af3.2.meme	DONE
a0a804hjh8.af3.1.meme	DONE
a0a0s2z4g1.af3.0.meme	DONE
a0a0g2js52.af3.5.meme	DONE
b4dsr0.af3.4.meme	DONE
a0a2r8ycl6.af3.4.meme	DONE
q9bzy1.af3.1.meme	DONE
a5pkw7.af3.0.meme	DONE
q9ugu0.af3.2.meme	DONE
e5rgf1.af3.4.meme	DONE
a0a0b5iyb7_monomer.af3.3.meme	DONE
q7z591.af3.2.meme	DONE
a0a8f9s2z6.af3.2.meme	DONE
q15560.af3.0.meme	DONE
a0a494c0u8.af3.5.meme	DONE
q53fg3.af3.5.meme	DONE
a0a0g2js52.af3.4.meme	DONE
a0a0s2z4l6.af3.0.meme	DONE
a0a994j7h0.af3.0.meme	DONE
q13148.af3.5.meme	DONE
a0a0b6xk52.af3.3.meme	DONE
q5tgy3.af3.4.meme	DONE
q9nx28.af3.0.meme	DONE
a0a804hig4.af3.0.meme	DONE
q08999.af3.3.meme	DONE
q9h2m1.af3.4.meme	DONE
a0a087wva2.af3.2.meme	DONE
q9h930.af3.5.meme	DONE
a0a0a0mqr4.af3.4.meme	DONE
b1akp7.af3.3.meme	DONE
q5t284.af3.4.meme	DONE
a0a1w2ppf3_monomer.af3.4.meme	DONE
a0a1u9x8w3.af3.2.meme	DONE
a0a0s2z4k4_monomer.af3.5.meme	DONE
c9jca9.af3.4.meme	DONE
a0a0a0msl2.af3.2.meme	DONE
b4dkm1.af3.1.meme	DONE
b4dm07.af3.1.meme	DONE
q13342.af3.0.meme	DONE
a0a669kb72_dimer.af3.0.meme	DONE
x5d982.af3.0.meme	DONE
q6ib64.af3.0.meme	DONE
q07352.af3.3.meme	DONE
a0a087wva2.af3.4.meme	DONE
m0qxk7.af3.5.meme	DONE
x5dr09.af3.4.meme	DONE
b4dy09.af3.2.meme	DONE
q8nhz1.af3.1.meme	DONE
a5ym43.af3.5.meme	DONE
d2whg0.af3.4.meme	DONE
a0a0a0n0l3.af3.5.meme	DONE
m0r040.af3.1.meme	DONE
q8ndx5.af3.1.meme	DONE
q5sy21.af3.1.meme	DONE
q9y5q8.af3.2.meme	DONE
q59fu3.af3.4.meme	DONE
a0a1z1g4m2.af3.3.meme	DONE
b4e389.af3.2.meme	DONE
a0a0d9sej8.af3.3.meme	DONE
a0a087wxa8.af3.3.meme	DONE
e9pfe2.af3.2.meme	DONE
a0a804hj42.af3.4.meme	DONE
a0a1w2ppm1_monomer.af3.0.meme	DONE
x5d2j9.af3.1.meme	DONE
e9pav3.af3.2.meme	DONE
a0a8q3sit7.af3.3.meme	DONE
a0a2r8yew3.af3.4.meme	DONE
q9y5q9.af3.3.meme	DONE
a0a994j5b8.af3.5.meme	DONE
q16594.af3.0.meme	DONE
a0a1w2pq54.af3.5.meme	DONE
a0a0a0mqr4.af3.0.meme	DONE
o43593.af3.3.meme	DONE
a0a0c4dgq3.af3.5.meme	DONE
b3kpj4.af3.2.meme	DONE
q6ibq5.af3.0.meme	DONE
a0a090n8f2.af3.5.meme	DONE
a0a024r3c6.af3.5.meme	DONE
a0a8q3sit7_monomer.af3.4.meme	DONE
a0a1u9x8w6.af3.5.meme	DONE
q53qz9.af3.4.meme	DONE
a0a3b3irx5_monomer.af3.4.meme	DONE
a0a087wvz7.af3.5.meme	DONE
a4d2m8.af3.2.meme	DONE
a0aa34qvt6_monomer.af3.0.meme	DONE
q9bzy1.af3.5.meme	DONE
a0a087wt67.af3.4.meme	DONE
q14151.af3.5.meme	DONE
q9y237.af3.3.meme	DONE
h0ykl0.af3.0.meme	DONE
q15424.af3.5.meme	DONE
c9jp21_monomer.af3.5.meme	DONE
a5y0m9.af3.2.meme	DONE
a0a0a0mtt2_monomer.af3.3.meme	DONE
c9jlb1.af3.3.meme	DONE
b4dm07.af3.0.meme	DONE
a0a1w2pq54.af3.0.meme	DONE
a0a090n7s8.af3.2.meme	DONE
a0a3b3isw5_monomer.af3.5.meme	DONE
a0a2r8yf72_monomer.af3.5.meme	DONE
p51826.af3.5.meme	DONE
q9y5q9.af3.5.meme	DONE
a0a1b0gub4.af3.3.meme	DONE
a0a8v8tmg8.af3.1.meme	DONE
a0a090n8e5_monomer.af3.4.meme	DONE
a0a0s2z658_dimer.af3.4.meme	DONE
q59h57.af3.3.meme	DONE
a0a7i2v5y7.af3.0.meme	DONE
e5riw4.af3.5.meme	DONE
b4e0x8.af3.1.meme	DONE
b1akp7.af3.2.meme	DONE
a0a4p8d7f0.af3.0.meme	DONE
a0a804hj42_dimer.af3.4.meme	DONE
a0a0c4dgr5_monomer.af3.2.meme	DONE
c9izc5.af3.0.meme	DONE
a0a2r8y6x0_monomer.af3.1.meme	DONE
a0a8q3sit7_dimer.af3.3.meme	DONE
a0a3b3irf0.af3.2.meme	DONE
a0a994j4u9.af3.2.meme	DONE
a0a8q3si57.af3.4.meme	DONE
d6re06.af3.5.meme	DONE
e9pq56.af3.5.meme	DONE
a0a1b0gtu5.af3.0.meme	DONE
a0a0s2z6h0.af3.1.meme	DONE
d6rat8.af3.2.meme	DONE
a0a0c4dgp9.af3.4.meme	DONE
q6pdt8.af3.5.meme	DONE
b4dg61.af3.0.meme	DONE
q8n187.af3.3.meme	DONE
a0a669kbl4.af3.0.meme	DONE
b3kr52.af3.3.meme	DONE
q561w4.af3.5.meme	DONE
a0a7i2v4n2.af3.0.meme	DONE
a0a0s2z4l6_dimer.af3.3.meme	DONE
b4drw3.af3.5.meme	DONE
a0a804hi14.af3.2.meme	DONE
a0a994j7z0.af3.0.meme	DONE
a0a804hhy9.af3.3.meme	DONE
q9y2t7.af3.2.meme	DONE
q8wyn3.af3.4.meme	DONE
q13148.af3.0.meme	DONE
a0a804hkr3.af3.0.meme	DONE
a0a804hkx0.af3.2.meme	DONE
c9izc5.af3.5.meme	DONE
e9pl19.af3.5.meme	DONE
q6nun2.af3.1.meme	DONE
q59g24.af3.0.meme	DONE
q92945.af3.3.meme	DONE
d2whg0.af3.1.meme	DONE
q06455.af3.2.meme	DONE
q6znu6.af3.0.meme	DONE
a0a804hi40.af3.0.meme	DONE
a0a7i2v349.af3.2.meme	DONE
a0a0b6xk52.af3.4.meme	DONE
a0a7i2v428.af3.0.meme	DONE
a0aa34qvt6_monomer.af3.3.meme	DONE
q9y237.af3.4.meme	DONE
a0a494c0i1.af3.4.meme	DONE
a0a1b0gv02_monomer.af3.1.meme	DONE
h0ych1.af3.4.meme	DONE
f5h2u8.af3.2.meme	DONE
a0a994j5c6.af3.2.meme	DONE
q9uhx1.af3.2.meme	DONE
q96pu8.af3.3.meme	DONE
a0a8q3sir0_monomer.af3.4.meme	DONE
a0a669kbj7_monomer.af3.3.meme	DONE
p19338.af3.2.meme	DONE
a0a087wxa8.af3.0.meme	DONE
a0a0c4dgb4.af3.1.meme	DONE
a0a3b3is14.af3.5.meme	DONE
q6ibq5.af3.3.meme	DONE
a0a994j434.af3.4.meme	DONE
a0a804hkg3.af3.2.meme	DONE
a0a3b3irt9_monomer.af3.3.meme	DONE
q2nld4.af3.2.meme	DONE
q9btp6.af3.5.meme	DONE
q9bvi0.af3.4.meme	DONE
a0a087ww90.af3.5.meme	DONE
a0a0a0mr39.af3.3.meme	DONE
d6re06.af3.2.meme	DONE
a0a087x2f1_monomer.af3.2.meme	DONE
q8tbr3.af3.2.meme	DONE
q05cg3.af3.3.meme	DONE
a0a0c4dgb4_dimer.af3.4.meme	DONE
a0a0s2z4q3.af3.5.meme	DONE
a0a1w2ppk0_dimer.af3.1.meme	DONE
b3kms4.af3.2.meme	DONE
q9p2k5.af3.3.meme	DONE
a0a087wxq5.af3.5.meme	DONE
a0a3b3is77_monomer.af3.4.meme	DONE
q9h5j8.af3.4.meme	DONE
e9peb5.af3.1.meme	DONE
f4zw63.af3.5.meme	DONE
e9ppa1.af3.1.meme	DONE
d6rbk1.af3.4.meme	DONE
a0a804hi40.af3.2.meme	DONE
b2rbk2.af3.0.meme	DONE
q561w4.af3.4.meme	DONE
e9ppa1_dimer.af3.4.meme	DONE
a0a7i2v464.af3.4.meme	DONE
q2nlc9.af3.1.meme	DONE
a0a8v8tpf3.af3.3.meme	DONE
a0a0c4dgp9_dimer.af3.2.meme	DONE
b4dr70.af3.1.meme	DONE
q6nt89.af3.1.meme	DONE
a0a2r8y560.af3.5.meme	DONE
a0a1b0gtj8.af3.3.meme	DONE
a0a087x260.af3.2.meme	DONE
a0a494c0q7.af3.5.meme	DONE
a0a0a0mte9.af3.0.meme	DONE
p82979.af3.2.meme	DONE
a0a8v8tlt3_dimer.af3.2.meme	DONE
h7c1m5.af3.4.meme	DONE
a0a3b3is77_monomer.af3.1.meme	DONE
q8ndx5.af3.3.meme	DONE
e7evu5.af3.2.meme	DONE
a0a7i2v3f3.af3.3.meme	DONE
p42568.af3.3.meme	DONE
e9ppa1.af3.5.meme	DONE
a0a1u9x8r9.af3.0.meme	DONE
s4r3m9.af3.4.meme	DONE
a0a8i5qjc6.af3.3.meme	DONE
b4duq1.af3.0.meme	DONE
q9hb58.af3.3.meme	DONE
p42568.af3.2.meme	DONE
a0a8i5krb5.af3.0.meme	DONE
a0a4p8d7f0_dimer.af3.3.meme	DONE
a0a087x0m6.af3.4.meme	DONE
a0a087wx29.af3.3.meme	DONE
q3swv5.af3.3.meme	DONE
a0a075b7g4_monomer.af3.2.meme	DONE
d6rfi6.af3.0.meme	DONE
q3swv5.af3.2.meme	DONE
p49790.af3.1.meme	DONE
f5h2u8.af3.1.meme	DONE
a0a140vjp0.af3.0.meme	DONE
d6r9i2.af3.0.meme	DONE
a0a7i2v4j2.af3.5.meme	DONE
a0a1x7sc99.af3.4.meme	DONE
a0a3b3is14.af3.2.meme	DONE
b4e0x8.af3.5.meme	DONE
p16989.af3.1.meme	DONE
a0a0a0mth2_monomer.af3.3.meme	DONE
a0a1b0gv48.af3.5.meme	DONE
q14781.af3.2.meme	DONE
a0a090n8f2.af3.3.meme	DONE
a0a3b3it59.af3.3.meme	DONE
h0y612.af3.5.meme	DONE
a0a0s2q0b1.af3.5.meme	DONE
a0a0c4dgp9.af3.2.meme	DONE
a0a1b0gv02_monomer.af3.3.meme	DONE
c9jca9.af3.5.meme	DONE
p35227.af3.3.meme	DONE
q96s65.af3.4.meme	DONE
i3l373.af3.4.meme	DONE
a0a0s2z4k5.af3.1.meme	DONE
a0aaq5bh24.af3.2.meme	DONE
a0a2r8yew3_monomer.af3.0.meme	DONE
a0a494c1k3.af3.3.meme	DONE
a0a087wxa8_monomer.af3.4.meme	DONE
e9pq56.af3.3.meme	DONE
a0a024r3c6.af3.2.meme	DONE
a0a2r8ydq8.af3.3.meme	DONE
j3ks51.af3.2.meme	DONE
a0a669kb50.af3.1.meme	DONE
a0a0b5iyb7_monomer.af3.2.meme	DONE
a0a0a0n0l3.af3.1.meme	DONE
b3ktp9.af3.1.meme	DONE
q92945.af3.4.meme	DONE
q9h2m1_monomer.af3.1.meme	DONE
a0a0c5b5g6.af3.0.meme	DONE
a0a994j6l7.af3.1.meme	DONE
a0a1b0gv63.af3.1.meme	DONE
c9jca9.af3.0.meme	DONE
e9pav3.af3.5.meme	DONE
a0a1u9x8w3.af3.0.meme	DONE
q13901.af3.0.meme	DONE
q6zs99.af3.2.meme	DONE
e9pav3.af3.0.meme	DONE
c9jlb1.af3.5.meme	DONE
q13344.af3.2.meme	DONE
b4dgn3.af3.3.meme	DONE
a0a087ww90.af3.3.meme	DONE
a0a804hj42_monomer.af3.1.meme	DONE
o43593.af3.0.meme	DONE
u3kqf6.af3.5.meme	DONE
a0a3b3iue2_monomer.af3.5.meme	DONE
f8wep8.af3.4.meme	DONE
a0a1w2pq54.af3.3.meme	DONE
q15424.af3.1.meme	DONE
e9peb5.af3.5.meme	DONE
a0a140vjp0.af3.4.meme	DONE
h0yfy4.af3.2.meme	DONE
a0a804his1.af3.3.meme	DONE
q92804.af3.0.meme	DONE
a0a0s2z4z9.af3.3.meme	DONE
a0a087wzq2.af3.3.meme	DONE
a0a1b0gv02.af3.5.meme	DONE
a0a804hkx0.af3.3.meme	DONE
a0a0s2q0b1.af3.1.meme	DONE
a0a087wuk2.af3.4.meme	DONE
f8vs12.af3.4.meme	DONE
b7z1z0.af3.5.meme	DONE
q96qc0.af3.0.meme	DONE
m0qyk9.af3.0.meme	DONE
a0a1b0gtu5.af3.4.meme	DONE
a0a0c4dgq3.af3.4.meme	DONE
b1aqp5.af3.4.meme	DONE
a0a087wv68.af3.0.meme	DONE
x5dnp5.af3.0.meme	DONE
a0a994j6l7.af3.3.meme	DONE
a0a087ww90.af3.4.meme	DONE
p42568.af3.1.meme	DONE
a0a087wvt1.af3.3.meme	DONE
a0a994j4s7.af3.0.meme	DONE
q8iyb3.af3.1.meme	DONE
q8n187.af3.1.meme	DONE
c9jp21_dimer.af3.3.meme	DONE
a8k525.af3.3.meme	DONE
o60829.af3.4.meme	DONE
h7c1j2.af3.2.meme	DONE
f5h2a4.af3.4.meme	DONE
a0a0s2z4k5_dimer.af3.2.meme	DONE
a0a2r8y560.af3.0.meme	DONE
a0a1b0gv02.af3.4.meme	DONE
h0ych1.af3.5.meme	DONE
a0a994j5r8_monomer.af3.0.meme	DONE
a0a3b3is77_monomer.af3.3.meme	DONE
q0van9.af3.0.meme	DONE
a0a3b3it59.af3.0.meme	DONE
a0a1u9x8w3.af3.3.meme	DONE
a0a669kb50.af3.5.meme	DONE
p19338.af3.5.meme	DONE
q9btl4.af3.2.meme	DONE
a0a0d9sej8.af3.5.meme	DONE
c9jp21_monomer.af3.0.meme	DONE
a0a0c4dgq9_dimer.af3.3.meme	DONE
b1akp7.af3.5.meme	DONE
h7c1m5.af3.1.meme	DONE
a0a0s2z4q3.af3.2.meme	DONE
q5bkz1.af3.3.meme	DONE
q6ipl9.af3.1.meme	DONE
q9brq8.af3.0.meme	DONE
q9h175.af3.2.meme	DONE
a0a087wvt1.af3.5.meme	DONE
a0a087wyf4_monomer.af3.2.meme	DONE
e9ppa1_dimer.af3.5.meme	DONE
a0a804his1.af3.1.meme	DONE
a0a994j5r8.af3.3.meme	DONE
b3kpj4.af3.3.meme	DONE
a0a9l9pxl4.af3.0.meme	DONE
q92945.af3.1.meme	DONE
g1ui23.af3.5.meme	DONE
q9y5n6.af3.5.meme	DONE
c9jll5.af3.1.meme	DONE
b4drw3.af3.1.meme	DONE
p78347.af3.5.meme	DONE
a0a087wva2_monomer.af3.4.meme	DONE
a0a7i2v2u7.af3.2.meme	DONE
a0a1x7sc99.af3.0.meme	DONE
a0a994j5b8.af3.4.meme	DONE
q9btl4.af3.1.meme	DONE
c9jgt5.af3.1.meme	DONE
a0a090n7s8.af3.5.meme	DONE
o75446.af3.3.meme	DONE
a0a4p8d7f0_dimer.af3.5.meme	DONE
q9h2m1.af3.1.meme	DONE
h0yfy4.af3.0.meme	DONE
f4zw62.af3.5.meme	DONE
a0a804hin4.af3.2.meme	DONE
a0a8v8tpf3.af3.0.meme	DONE
d6r9i2.af3.3.meme	DONE
b4e389.af3.5.meme	DONE
q8wxf8.af3.0.meme	DONE
a0a087wyy0.af3.5.meme	DONE
a0a994j782.af3.4.meme	DONE
a0a0s2z5n0.af3.5.meme	DONE
a0a804hj42.af3.1.meme	DONE
d6r9i2.af3.5.meme	DONE
f8wcv6.af3.5.meme	DONE
q9h2m1.af3.0.meme	DONE
a0a024r3c6.af3.3.meme	DONE
a0pj47.af3.3.meme	DONE
a0a8q3si57.af3.5.meme	DONE
a0a0c4dgb4_monomer.af3.4.meme	DONE
q9bxg8.af3.4.meme	DONE
a0a0c4dgm2.af3.1.meme	DONE
a0a669kbj7_monomer.af3.5.meme	DONE
q8iyb3.af3.2.meme	DONE
p42568.af3.5.meme	DONE
a0a804hkj0.af3.2.meme	DONE
a0a8v8tmk4_monomer.af3.2.meme	DONE
q9nx28.af3.2.meme	DONE
a0a1b0gv02.af3.1.meme	DONE
a0a804hic1.af3.2.meme	DONE
a0a6e1w9l1.af3.0.meme	DONE
a0a090n8e5_dimer.af3.0.meme	DONE
o15226.af3.4.meme	DONE
x5dr09.af3.5.meme	DONE
a0a804hkg3.af3.3.meme	DONE
p78347.af3.0.meme	DONE
a0a0a0ms90.af3.4.meme	DONE
q9uhx1.af3.1.meme	DONE
q59gq8.af3.5.meme	DONE
a0a2r8ye36.af3.0.meme	DONE
a0a804hhy9.af3.2.meme	DONE
q9p043.af3.4.meme	DONE
a0aag2uwq9.af3.3.meme	DONE
a3f768.af3.3.meme	DONE
b1akc8.af3.3.meme	DONE
c9j330.af3.0.meme	DONE
a0a994j782.af3.1.meme	DONE
a0a087wyf4_monomer.af3.4.meme	DONE
c9jgt5.af3.2.meme	DONE
a0a994j7a5.af3.3.meme	DONE
a0a494c1n8.af3.0.meme	DONE
a0a0s2z5g4.af3.3.meme	DONE
a8k525.af3.2.meme	DONE
b2cw77.af3.0.meme	DONE
a0a804hkr5.af3.0.meme	DONE
q75mx6.af3.0.meme	DONE
a0a8v8tp18.af3.4.meme	DONE
a0a0s2z4z9.af3.5.meme	DONE
a0a0c4dgq9_monomer.af3.2.meme	DONE
a0a8q3si57.af3.0.meme	DONE
c9jc04.af3.3.meme	DONE
q9y5n6.af3.0.meme	DONE
a0a8q3wkh9.af3.1.meme	DONE
f8wep8.af3.1.meme	DONE
o00287.af3.5.meme	DONE
a0a0a0mtk1_monomer.af3.5.meme	DONE
a0a1b0gv63.af3.4.meme	DONE
a0a087wv68.af3.5.meme	DONE
b3kpj4.af3.0.meme	DONE
a0a7p0n7c4.af3.4.meme	DONE
q15560.af3.4.meme	DONE
q96pu8.af3.1.meme	DONE
a0a994j6t5.af3.2.meme	DONE
p0c7t5.af3.2.meme	DONE
a0a8v8tp18.af3.0.meme	DONE
k7ert3.af3.2.meme	DONE
a1a519.af3.5.meme	DONE
f5h2a4.af3.5.meme	DONE
h7by16.af3.4.meme	DONE
q9haj7.af3.3.meme	DONE
c9k0l9.af3.2.meme	DONE
a0a8i5kvb5_monomer.af3.3.meme	DONE
a0a8v8tpf3_monomer.af3.3.meme	DONE
a0a087wyr5.af3.1.meme	DONE
a0a8v8tm49_monomer.af3.3.meme	DONE
a0a0c4dg06.af3.0.meme	DONE
q13901.af3.2.meme	DONE
a0a804hiv5.af3.0.meme	DONE
a0a0c4dh12.af3.5.meme	DONE
q2nld4.af3.0.meme	DONE
e9pda6.af3.4.meme	DONE
c9iyg9.af3.5.meme	DONE
c9jfr2.af3.3.meme	DONE
v9gy48.af3.3.meme	DONE
a0a087wyr5.af3.3.meme	DONE
a0a0a0mtk1_monomer.af3.4.meme	DONE
b7z1z0.af3.1.meme	DONE
a0a1b0gub4.af3.1.meme	DONE
a0a1u9x8w6.af3.1.meme	DONE
a0a8v8tls8.af3.4.meme	DONE
b1akp7.af3.0.meme	DONE
q53fg3.af3.1.meme	DONE
b3ktp9.af3.0.meme	DONE
a0a8q3sir0.af3.5.meme	DONE
q9nx28.af3.3.meme	DONE
a0a087wyr5_monomer.af3.5.meme	DONE
a0a090n7t3_monomer.af3.2.meme	DONE
q9p2k5.af3.0.meme	DONE
a0a8j9gb59.af3.2.meme	DONE
b4dh52.af3.5.meme	DONE
a0a994j6u9.af3.5.meme	DONE
o00287.af3.4.meme	DONE
a0a0c4dgr5_dimer.af3.0.meme	DONE
a0a0a0mrl0.af3.2.meme	DONE
p82979.af3.5.meme	DONE
b4dhk1.af3.4.meme	DONE
a0a8v8tmk4_dimer.af3.5.meme	DONE
b4dra9.af3.5.meme	DONE
a0a1c7cyx1.af3.1.meme	DONE
q13342.af3.1.meme	DONE
q3swv5.af3.5.meme	DONE
a0a2r8y560.af3.1.meme	DONE
a0a8i5kvb5.af3.2.meme	DONE
a0a087x2f1_dimer.af3.1.meme	DONE
b3kn18.af3.3.meme	DONE
q6p1n0.af3.0.meme	DONE
a0a087wx29.af3.0.meme	DONE
a0a7i2v506.af3.1.meme	DONE
a0a804hj42_dimer.af3.3.meme	DONE
a0a024r0y4.af3.5.meme	DONE
b3kms4.af3.4.meme	DONE
a2i829.af3.4.meme	DONE
a0a075b7g4_monomer.af3.3.meme	DONE
p78347.af3.3.meme	DONE
a0a1w2ppk0_monomer.af3.1.meme	DONE
u3kq75.af3.5.meme	DONE
a0a087wtb1_monomer.af3.3.meme	DONE
p51826.af3.2.meme	DONE
q5sy21.af3.0.meme	DONE
q9hb58.af3.0.meme	DONE
a0a0s2z5m2.af3.0.meme	DONE
q59ei0.af3.5.meme	DONE
p82979.af3.3.meme	DONE
a0a0c4dgb4_monomer.af3.1.meme	DONE
c9k0l9.af3.3.meme	DONE
a0a1w2ppf3.af3.1.meme	DONE
q6znu6.af3.1.meme	DONE
e9ppa1_dimer.af3.3.meme	DONE
q9h930.af3.3.meme	DONE
p29692.af3.0.meme	DONE
q86wp2.af3.4.meme	DONE
a0a087wyf4.af3.1.meme	DONE
q6pk66.af3.2.meme	DONE
a3f769.af3.4.meme	DONE
h3bpe7.af3.4.meme	DONE
a0a0c4dgb4_monomer.af3.0.meme	DONE
a0a3b3isi4.af3.1.meme	DONE
a0a8q3wkh9.af3.5.meme	DONE
q969f1.af3.3.meme	DONE
a0a1b0gwj2.af3.0.meme	DONE
a0a3b3isb6.af3.0.meme	DONE
b3kr52.af3.0.meme	DONE
a0a0s2z4k5_monomer.af3.1.meme	DONE
a0a994j5c6.af3.0.meme	DONE
a0a8i5kx72.af3.1.meme	DONE
a0a8v8tlt3_dimer.af3.5.meme	DONE
a0a0s2z658_dimer.af3.1.meme	DONE
a0a494c1i7.af3.1.meme	DONE
o75764.af3.1.meme	DONE
a0a1b0gw50.af3.1.meme	DONE
a0a087wva2_monomer.af3.2.meme	DONE
a0a8v8tr16.af3.4.meme	DONE
q13344.af3.5.meme	DONE
a0a994j4c0.af3.3.meme	DONE
q9nx58.af3.3.meme	DONE
a0a087x0m6_monomer.af3.4.meme	DONE
a0a0s2z4k4.af3.4.meme	DONE
x5dr09.af3.2.meme	DONE
f8we32.af3.2.meme	DONE
a0a0b5iyb7_monomer.af3.0.meme	DONE
q86ve0.af3.0.meme	DONE
q7z591.af3.0.meme	DONE
a8k4h1.af3.4.meme	DONE
b2rbk2.af3.2.meme	DONE
a0a494c1n8.af3.1.meme	DONE
q9h2m1_dimer.af3.1.meme	DONE
a0a0c4dgm2.af3.0.meme	DONE
a0aag2uwq9.af3.2.meme	DONE
a0a0b5iyb7_monomer.af3.5.meme	DONE
h3bpe7.af3.1.meme	DONE
q15109.af3.5.meme	DONE
a0a0c4dgr5_monomer.af3.5.meme	DONE
a0aa75i0p0.af3.0.meme	DONE
a0a669kb72_dimer.af3.5.meme	DONE
a0a494bzv4.af3.2.meme	DONE
a0a494c1k3.af3.4.meme	DONE
q6ipl9.af3.0.meme	DONE
a0a0c4dfn0.af3.0.meme	DONE
e7evu5.af3.5.meme	DONE
a0a8i5krb5.af3.1.meme	DONE
a0a669kbk7.af3.0.meme	DONE
a0a3b3is61.af3.4.meme	DONE
a0a994j7h0.af3.3.meme	DONE
a0a0c4dgq9.af3.0.meme	DONE
q9ugu0.af3.0.meme	DONE
a0a8i5krb5.af3.4.meme	DONE
a0a0s2z6h0.af3.0.meme	DONE
a0a0c4dgq9.af3.5.meme	DONE
a0a0c4dfn0.af3.5.meme	DONE
p82979.af3.1.meme	DONE
a0a804hlg8.af3.4.meme	DONE
m0qxk7.af3.0.meme	DONE
p23193.af3.0.meme	DONE
a0a2r8yed2.af3.4.meme	DONE
q53qz9.af3.3.meme	DONE
b4dwl1.af3.2.meme	DONE
q561w4.af3.3.meme	DONE
a0a1w2ppm1.af3.5.meme	DONE
a0a669kbj7.af3.3.meme	DONE
q9hb58.af3.2.meme	DONE
a0a1w2ppk0.af3.5.meme	DONE
x5dnp5.af3.2.meme	DONE
b1akc8.af3.0.meme	DONE
q92945.af3.5.meme	DONE
a0aa34qvt6_dimer.af3.4.meme	DONE
a0a3f2ypb8_monomer.af3.2.meme	DONE
a0a087wv68.af3.4.meme	DONE
a0a0s2z4k5_dimer.af3.0.meme	DONE
a0aag2uwq9.af3.4.meme	DONE
a0a0s2z5c2.af3.5.meme	DONE
c9jp21.af3.5.meme	DONE
a5y0m9.af3.4.meme	DONE
a0aaq5bih9.af3.4.meme	DONE
a0a075b7g4_dimer.af3.0.meme	DONE
c9jll5.af3.5.meme	DONE
q8wuy0.af3.3.meme	DONE
e5rg59.af3.5.meme	DONE
e7evu5.af3.1.meme	DONE
a0a8v8tna6_monomer.af3.2.meme	DONE
a0a8v8tm49_dimer.af3.4.meme	DONE
a0aaq5bih9.af3.2.meme	DONE
a0a994j5q4.af3.0.meme	DONE
a0aa34qvt6.af3.2.meme	DONE
h0ych1.af3.1.meme	DONE
h0ykl0_dimer.af3.3.meme	DONE
a0a8v8tm49_monomer.af3.5.meme	DONE
q9ufw8.af3.4.meme	DONE
a0a8i5kvb5.af3.3.meme	DONE
a0a384mdx9.af3.1.meme	DONE
a0a3b3is77_monomer.af3.0.meme	DONE
a0a8q3wkh9.af3.0.meme	DONE
a0a8i5kua2.af3.3.meme	DONE
q0van9.af3.1.meme	DONE
a0a494c0q7.af3.1.meme	DONE
q2nld4.af3.3.meme	DONE
q86w52.af3.1.meme	DONE
a0a1w2ppk0.af3.0.meme	DONE
c9jvq7.af3.5.meme	DONE
a0a1b0gw50_monomer.af3.2.meme	DONE
a1a519.af3.3.meme	DONE
o60829.af3.0.meme	DONE
a0a0s2z4k2.af3.5.meme	DONE
a0a0a0mth2.af3.3.meme	DONE
a0a7i2v464.af3.0.meme	DONE
a0a087wuk2.af3.3.meme	DONE
a0a2r8y6x0_monomer.af3.2.meme	DONE
q2l6i0.af3.3.meme	DONE
b4dh52.af3.4.meme	DONE
e9pq56.af3.0.meme	DONE
a0a1b0gtu5.af3.2.meme	DONE
a0a087wtb1.af3.3.meme	DONE
a0a994j4c0.af3.1.meme	DONE
q5t6w2.af3.0.meme	DONE
b3kr52.af3.4.meme	DONE
a0a087wyf4_monomer.af3.5.meme	DONE
a0a6q8nvi4.af3.4.meme	DONE
q9ulw3.af3.0.meme	DONE
q6nth1.af3.4.meme	DONE
q15424.af3.0.meme	DONE
a0a087ww90.af3.2.meme	DONE
a0a1c7cyx1.af3.5.meme	DONE
a0a1w2pq54_monomer.af3.0.meme	DONE
a0a994j5r8_monomer.af3.2.meme	DONE
a0a669kb72.af3.2.meme	DONE
a0a494c069.af3.0.meme	DONE
p46013.af3.0.meme	DONE
b7zly0.af3.5.meme	DONE
a0a090n7t3_monomer.af3.4.meme	DONE
a0a087wyf4.af3.2.meme	DONE
a0a994j7h0.af3.4.meme	DONE
a0a804hl40.af3.3.meme	DONE
a0a1u9x8x7.af3.0.meme	DONE
a0a0s2z4k4_dimer.af3.4.meme	DONE
q6pgr4.af3.3.meme	DONE
a0a0s2z5x3.af3.3.meme	DONE
a0a087x2f1.af3.3.meme	DONE
b4dwl1.af3.0.meme	DONE
e5rh90.af3.1.meme	DONE
p49790.af3.4.meme	DONE
a0a8i5kwx0.af3.5.meme	DONE
e9pda6.af3.0.meme	DONE
a0a994j7a5.af3.2.meme	DONE
a0a8c8ki72.af3.3.meme	DONE
q8wxf8.af3.5.meme	DONE
q53t94.af3.4.meme	DONE
q969f1.af3.4.meme	DONE
q8wyn3.af3.1.meme	DONE
a0a994j4e9.af3.1.meme	DONE
i3l373.af3.2.meme	DONE
a0a804hlg8.af3.2.meme	DONE
q5t6u8.af3.3.meme	DONE
b4dwa0.af3.5.meme	DONE
v9gy48.af3.1.meme	DONE
p23193.af3.3.meme	DONE
h7c1j2.af3.4.meme	DONE
q14966.af3.5.meme	DONE
o00287.af3.0.meme	DONE
a0a0a0msi2.af3.4.meme	DONE
a0a494c069.af3.1.meme	DONE
q8iux7.af3.2.meme	DONE
a0a8f9s2z6.af3.0.meme	DONE
q9h175.af3.3.meme	DONE
a0a804hj42.af3.3.meme	DONE
a0a2r8yew3_monomer.af3.4.meme	DONE
a0a994j5q4.af3.5.meme	DONE
a0a7i2v5m5.af3.1.meme	DONE
d2whg0.af3.0.meme	DONE
q499g6.af3.4.meme	DONE
q6znu6.af3.3.meme	DONE
a0a1b0gtj8.af3.0.meme	DONE
a0a804hi40.af3.4.meme	DONE
q14966.af3.3.meme	DONE
q5bkz1.af3.0.meme	DONE
a0a3b3isb6.af3.3.meme	DONE
a0a0s2z658.af3.3.meme	DONE
a0a8v8tls8.af3.5.meme	DONE
a0a0c4dgq9_monomer.af3.5.meme	DONE
q5ec54.af3.0.meme	DONE
q9nwb7.af3.2.meme	DONE
q9h2m1_dimer.af3.4.meme	DONE
a0a8v8tp18.af3.5.meme	DONE
a0a2r8y560.af3.2.meme	DONE
m0qxk7.af3.2.meme	DONE
a0a3b3is14.af3.1.meme	DONE
a0a804hlg8.af3.5.meme	DONE
a0a494c0q7.af3.4.meme	DONE
a0a0c4dgm2.af3.5.meme	DONE
a0a090n7s8.af3.4.meme	DONE
a0a0a0mr39.af3.2.meme	DONE
a8k525.af3.5.meme	DONE
a0a7i2v4n2.af3.3.meme	DONE
q9ugu0.af3.4.meme	DONE
h0ych1.af3.2.meme	DONE
a0a087wuk2.af3.2.meme	DONE
q9h2m1.af3.2.meme	DONE
h0yem1.af3.1.meme	DONE
a8k525.af3.1.meme	DONE
a0a8i5krr0.af3.1.meme	DONE
a0a994j4s7.af3.5.meme	DONE
a0a0s2z4k5_monomer.af3.2.meme	DONE
a0a669kb72_monomer.af3.4.meme	DONE
q5t6w2.af3.2.meme	DONE
a0a994j6u9.af3.4.meme	DONE
p35659.af3.2.meme	DONE
a0a8v8tnl7.af3.2.meme	DONE
q99608.af3.2.meme	DONE
q9nzx4.af3.5.meme	DONE
p86452.af3.0.meme	DONE
a0aaq5bih9.af3.0.meme	DONE
a0a804hic1.af3.4.meme	DONE
q9h307.af3.1.meme	DONE
q59fs0.af3.0.meme	DONE
a0a994j5r8_monomer.af3.1.meme	DONE
q15573.af3.3.meme	DONE
a0a0a0ms90.af3.0.meme	DONE
a0a8i5kqy1.af3.4.meme	DONE
a0a3b3its6.af3.2.meme	DONE
a0a0a0mr39.af3.1.meme	DONE
a0aa75i0p0.af3.1.meme	DONE
p82094.af3.2.meme	DONE
b3km80.af3.0.meme	DONE
q6pgr4.af3.2.meme	DONE
q8wyn3.af3.3.meme	DONE
o75446.af3.5.meme	DONE
a0a8i5krr0.af3.0.meme	DONE
q15573.af3.5.meme	DONE
c9jed5.af3.3.meme	DONE
p82094.af3.1.meme	DONE
q53t94.af3.0.meme	DONE
a0a1b0gtj8.af3.4.meme	DONE
a0a087ww90.af3.0.meme	DONE
p51826.af3.3.meme	DONE
e9ppa1_dimer.af3.2.meme	DONE
p82970.af3.2.meme	DONE
a8k4h1.af3.0.meme	DONE
q8tbr3.af3.1.meme	DONE
e5rfv4.af3.5.meme	DONE
a0a3b3itl3_monomer.af3.4.meme	DONE
a0a994j7z0.af3.4.meme	DONE
a0a804hig4.af3.4.meme	DONE
q58f28.af3.2.meme	DONE
h0yfy4.af3.4.meme	DONE
a3f769.af3.0.meme	DONE
a0a090n8f2.af3.1.meme	DONE
q9bzy1.af3.2.meme	DONE
a0a3b3isn3.af3.2.meme	DONE
q86ve0.af3.3.meme	DONE
q16533.af3.3.meme	DONE
q9uhl9.af3.5.meme	DONE
a0a0a0mtt2.af3.1.meme	DONE
a0a087x0m6.af3.5.meme	DONE
a0aaq5big2.af3.3.meme	DONE
a0a7i2v5m5.af3.0.meme	DONE
a0a087wvz7.af3.1.meme	DONE
p16989.af3.4.meme	DONE
a0a0s2z4k5_dimer.af3.4.meme	DONE
a0a669kb72_dimer.af3.2.meme	DONE
b4dsr0.af3.0.meme	DONE
a0a3b3irz6.af3.4.meme	DONE
a0a087wyr5.af3.5.meme	DONE
a0a3f2ypb8_monomer.af3.1.meme	DONE
a0a087wva2.af3.3.meme	DONE
x6r674.af3.2.meme	DONE
q6zs99.af3.0.meme	DONE
a0a0s2z4j5.af3.1.meme	DONE
h0yau0.af3.4.meme	DONE
a0a8v8tm49.af3.0.meme	DONE
a0a3b3irx5_monomer.af3.3.meme	DONE
q9h930.af3.2.meme	DONE
a0a087wyf4.af3.0.meme	DONE
a0a087wx29.af3.4.meme	DONE
g3v162.af3.2.meme	DONE
a0a8v8tpf3_monomer.af3.1.meme	DONE
p46013.af3.2.meme	DONE
q2l6i0.af3.0.meme	DONE
f5h2a4.af3.2.meme	DONE
a0a994j7h0.af3.5.meme	DONE
a0a3b3itj8_monomer.af3.0.meme	DONE
c9jsz1.af3.2.meme	DONE
u3kqf6.af3.2.meme	DONE
c9jsz1.af3.1.meme	DONE
q9p2k5.af3.5.meme	DONE
a0a1b0gub4_monomer.af3.5.meme	DONE
p0c7t5.af3.4.meme	DONE
a0a804hjz1.af3.4.meme	DONE
a0a090n7t3_monomer.af3.5.meme	DONE
a0a1w2ppm1.af3.3.meme	DONE
a0a0s2z4k4_monomer.af3.3.meme	DONE
a0a087wtb1.af3.2.meme	DONE
a0a384mdx9.af3.2.meme	DONE
a0a8v8tm49_dimer.af3.0.meme	DONE
a0a087wva2_dimer.af3.4.meme	DONE
a0a087wtb1_dimer.af3.1.meme	DONE
a0a7i2v5y7.af3.4.meme	DONE
a0a0s2z4l6_monomer.af3.3.meme	DONE
a5pkw7.af3.3.meme	DONE
q2nld4.af3.1.meme	DONE
a0a7i2v506.af3.4.meme	DONE
q6ib64.af3.3.meme	DONE
q59ei0.af3.0.meme	DONE
a0a8i5kqy1.af3.3.meme	DONE
a0a994j5q4.af3.3.meme	DONE
a0a8v8tpi9.af3.2.meme	DONE
q5t7u4.af3.3.meme	DONE
q8ixz2.af3.4.meme	DONE
a0a994j7a5.af3.4.meme	DONE
a0a1b0gwj2.af3.4.meme	DONE
a0a8v8tna6_monomer.af3.1.meme	DONE
a0a0j9yx80.af3.0.meme	DONE
q53t94.af3.2.meme	DONE
a0a994j434.af3.2.meme	DONE
a0a087x260.af3.0.meme	DONE
a0a0c4dgm2_dimer.af3.1.meme	DONE
a0a804hlg8.af3.0.meme	DONE
q6e433.af3.0.meme	DONE
a0a2r8yew3_monomer.af3.1.meme	DONE
o15226.af3.5.meme	DONE
h0yem1.af3.5.meme	DONE
a5ym43.af3.0.meme	DONE
c9j7f3.af3.5.meme	DONE
b7zlp5.af3.5.meme	DONE
p46013.af3.1.meme	DONE
a0a087wvt1.af3.4.meme	DONE
a0a994j4s7.af3.4.meme	DONE
a5ym43.af3.3.meme	DONE
p78347.af3.1.meme	DONE
a0a087wxa8_monomer.af3.0.meme	DONE
q96qc0.af3.2.meme	DONE
a0a286r9d9.af3.5.meme	DONE
a0a7i2v428.af3.1.meme	DONE
a0a0d9sej8.af3.1.meme	DONE
p78365.af3.4.meme	DONE
x6r6z1.af3.1.meme	DONE
a0a1b0gw50_monomer.af3.5.meme	DONE
o75446.af3.4.meme	DONE
g1ui23.af3.2.meme	DONE
a0a7i2v5m5.af3.3.meme	DONE
q9h5j8.af3.5.meme	DONE
a0a6q8nvi4.af3.3.meme	DONE
a0a994j5r8.af3.1.meme	DONE
d6rfi6.af3.1.meme	DONE
b4dwl1.af3.1.meme	DONE
a0a0c4dgq9_monomer.af3.0.meme	DONE
f6lhu9.af3.0.meme	DONE
d6rbk1.af3.0.meme	DONE
q9p043.af3.3.meme	DONE
a0a8i5kua2.af3.1.meme	DONE
a0a8v8tna6.af3.1.meme	DONE
a0a1b0gv48.af3.1.meme	DONE
a0a8v8tna6_monomer.af3.3.meme	DONE
a0a4p8d7f0_dimer.af3.0.meme	DONE
a0a3b3isn1.af3.5.meme	DONE
a0a494c1n8.af3.5.meme	DONE
a0a090n8f2.af3.0.meme	DONE
d6rbk1.af3.3.meme	DONE
q5jri7.af3.3.meme	DONE
q8n5a5.af3.5.meme	DONE
q96s65.af3.5.meme	DONE
q6ib64.af3.4.meme	DONE
b7z2z1.af3.0.meme	DONE
b4duq1.af3.1.meme	DONE
g3v162.af3.4.meme	DONE
a0a8v8tp18.af3.1.meme	DONE
p86452.af3.3.meme	DONE
q9brq8.af3.4.meme	DONE
a0a1w2ppf3_monomer.af3.3.meme	DONE
o00287.af3.2.meme	DONE
a0a140vk21.af3.1.meme	DONE
h0yhg0.af3.2.meme	DONE
a0a4p8d7f0.af3.2.meme	DONE
a0a7i2v506.af3.2.meme	DONE
a0a8j9gb59.af3.4.meme	DONE
c9jp21_dimer.af3.1.meme	DONE
a8k964.af3.0.meme	DONE
a0a8i5qkx4.af3.0.meme	DONE
x5d2j9.af3.2.meme	DONE
a0a1b0gub4.af3.0.meme	DONE
a0aaq5bh52.af3.3.meme	DONE
a0a804hi40.af3.5.meme	DONE
a0a494c1k3_monomer.af3.4.meme	DONE
f6lhu9.af3.1.meme	DONE
a0a669kbl4.af3.3.meme	DONE
a0a994j705.af3.5.meme	DONE
a0a8i5kvb5_monomer.af3.5.meme	DONE
h0yfy4.af3.5.meme	DONE
a0a3b3isi4.af3.2.meme	DONE
h7c1q0.af3.3.meme	DONE
a0a804hki2.af3.5.meme	DONE
q6pk66.af3.1.meme	DONE
q2nlc9.af3.3.meme	DONE
a0a8j9gb59.af3.1.meme	DONE
b4dg61.af3.2.meme	DONE
a0a994j7a5.af3.0.meme	DONE
c9jp21_monomer.af3.4.meme	DONE
a0a0d9sgd6.af3.1.meme	DONE
h0ykl0.af3.2.meme	DONE
a0a0s2z4g1.af3.5.meme	DONE
q9uhx1.af3.3.meme	DONE
a0a7i2v506.af3.5.meme	DONE
a0a0s2z658.af3.5.meme	DONE
b4dff1.af3.5.meme	DONE
x6r6z1.af3.3.meme	DONE
q8ixz2.af3.5.meme	DONE
f8wcv6.af3.2.meme	DONE
p86452.af3.2.meme	DONE
h0ych1.af3.3.meme	DONE
a0a6q8nvi4.af3.0.meme	DONE
a0aag2uwq9.af3.5.meme	DONE
q59fu3.af3.1.meme	DONE
a8k9w7.af3.4.meme	DONE
q86up8.af3.4.meme	DONE
f8we32.af3.3.meme	DONE
q561w4.af3.0.meme	DONE
a0a494c0i1_monomer.af3.1.meme	DONE
e9pda6.af3.5.meme	DONE
a0a087wxq5.af3.2.meme	DONE
a0a1b0gvk1.af3.4.meme	DONE
a0a7i2v535.af3.5.meme	DONE
c9jfr2.af3.0.meme	DONE
a0a0c4dfn0.af3.1.meme	DONE
p35659.af3.1.meme	DONE
q8nhz1.af3.0.meme	DONE
a0a669kbc9.af3.1.meme	DONE
a0a8q3sit7.af3.1.meme	DONE
a0a075b7g4.af3.5.meme	DONE
a0a994j795.af3.1.meme	DONE
q15109.af3.3.meme	DONE
a0a494c1k3_monomer.af3.5.meme	DONE
a0a0a0mqw0.af3.4.meme	DONE
a0a2r8ye36.af3.1.meme	DONE
a0a0a0mtt2.af3.3.meme	DONE
a0a075b7g4.af3.1.meme	DONE
a0a0s2z4l6_monomer.af3.1.meme	DONE
a0a0a0mtk1.af3.3.meme	DONE
d6rbk1.af3.5.meme	DONE
a0a8q3sir0_monomer.af3.2.meme	DONE
a0a994j6u9.af3.0.meme	DONE
p18583.af3.1.meme	DONE
q59h57.af3.0.meme	DONE
b4dta2.af3.5.meme	DONE
q6zw83.af3.4.meme	DONE
a0a1b0gvk1.af3.5.meme	DONE
a0a3b3irz6.af3.2.meme	DONE
q53t94.af3.1.meme	DONE
a0a3b3iue2_monomer.af3.0.meme	DONE
b4e0x8.af3.3.meme	DONE
a0a2r8ye36.af3.4.meme	DONE
c9jgl9.af3.4.meme	DONE
a0a9l9pxl4.af3.5.meme	DONE
m0qxk7.af3.4.meme	DONE
q59ei0.af3.4.meme	DONE
b4dta2.af3.0.meme	DONE
q59fs0.af3.5.meme	DONE
a0aaq5big2.af3.5.meme	DONE
a0a1u9x8w6.af3.0.meme	DONE
e5rgf1.af3.0.meme	DONE
a0a804hig4.af3.3.meme	DONE
q5t6u8.af3.5.meme	DONE
a0a7i2v3f3.af3.1.meme	DONE
e5rh90.af3.5.meme	DONE
o43918.af3.5.meme	DONE
a0a0a0n0m3.af3.4.meme	DONE
q13342.af3.5.meme	DONE
h7by16.af3.2.meme	DONE
a0a0s2z696.af3.5.meme	DONE
q9uhl9.af3.2.meme	DONE
q6ipl9.af3.3.meme	DONE
q86w54.af3.3.meme	DONE
a0a994j7z0.af3.3.meme	DONE
d6rjh2.af3.3.meme	DONE
a0a0s2z4j5.af3.5.meme	DONE
b4dg61.af3.4.meme	DONE
a0a140vk21_monomer.af3.5.meme	DONE
q5jri7.af3.2.meme	DONE
a0a7i2v5y7.af3.3.meme	DONE
a0a087x2f1.af3.1.meme	DONE
f8we32.af3.5.meme	DONE
q9btl4.af3.0.meme	DONE
b3kms4.af3.1.meme	DONE
h0yem1.af3.4.meme	DONE
q86wp2.af3.2.meme	DONE
a0a804hin4.af3.3.meme	DONE
q9haj7.af3.5.meme	DONE
a0a0c4dgm2_monomer.af3.1.meme	DONE
q6p1n0.af3.2.meme	DONE
q5tgy3.af3.0.meme	DONE
a0a804hk30.af3.0.meme	DONE
a0a669kb72_monomer.af3.5.meme	DONE
a0a494c0u8_monomer.af3.4.meme	DONE
b1akc8.af3.2.meme	DONE
a0a994j4u9.af3.5.meme	DONE
a0a0a0mqw0.af3.0.meme	DONE
b4dkm1.af3.3.meme	DONE
c9jp21.af3.2.meme	DONE
a0a0a0mt58.af3.2.meme	DONE
q6nth1.af3.5.meme	DONE
a0a0s2z4k5.af3.2.meme	DONE
a0a7p0n7c4.af3.5.meme	DONE
a0a090n8e5_dimer.af3.1.meme	DONE
q5ec54.af3.4.meme	DONE
a0a804hj45.af3.5.meme	DONE
a0a286r9d9.af3.1.meme	DONE
k7ert3.af3.3.meme	DONE
a0a669kbj7_monomer.af3.4.meme	DONE
a0a0a0mqr4.af3.3.meme	DONE
a0a7i2v4n2.af3.4.meme	DONE
c9izl7.af3.4.meme	DONE
b4dgv6.af3.3.meme	DONE
a0a4p8d7f0_monomer.af3.4.meme	DONE
a0a494c0u8.af3.2.meme	DONE
q6pk66.af3.3.meme	DONE
a0a3b3ite4.af3.0.meme	DONE
a0a994j5c6.af3.3.meme	DONE
q96qc0.af3.5.meme	DONE
a0a090n8e5_dimer.af3.2.meme	DONE
q15424.af3.2.meme	DONE
a0a8v8tlt3.af3.2.meme	DONE
b4dff1.af3.4.meme	DONE
o15226.af3.0.meme	DONE
a0aaq5bh24.af3.3.meme	DONE
q2l6i0.af3.5.meme	DONE
e9pq56.af3.4.meme	DONE
b3kpj4.af3.5.meme	DONE
h7c1j2.af3.0.meme	DONE
h0ykl0_monomer.af3.3.meme	DONE
k7enc1.af3.2.meme	DONE
a0a3b3isb6.af3.2.meme	DONE
a0a0c4dgq3.af3.3.meme	DONE
q6zp45.af3.5.meme	DONE
c9jgl9.af3.0.meme	DONE
p78365.af3.0.meme	DONE
x5d982.af3.4.meme	DONE
q13765.af3.1.meme	DONE
q6pdt8.af3.0.meme	DONE
e5rh90.af3.4.meme	DONE
b3ktp9.af3.3.meme	DONE
q8ixz2.af3.3.meme	DONE
o75446.af3.1.meme	DONE
o75446.af3.2.meme	DONE
e5rh90.af3.2.meme	DONE
q13765.af3.5.meme	DONE
a0a3b3iu66.af3.0.meme	DONE
q9h2m1_monomer.af3.0.meme	DONE
q6p1n0.af3.4.meme	DONE
f8vs12.af3.1.meme	DONE
b4dh52.af3.1.meme	DONE
a0a494c1i7.af3.5.meme	DONE
a0a8i5kuq1.af3.5.meme	DONE
k7eph6.af3.4.meme	DONE
o43918.af3.1.meme	DONE
a0a8v8tls8.af3.3.meme	DONE
b3kn18.af3.5.meme	DONE
a0a494c0i1_monomer.af3.4.meme	DONE
a0a8q3sit7_monomer.af3.2.meme	DONE
p29692.af3.5.meme	DONE
p35659.af3.4.meme	DONE
a0a2r8ydq8.af3.1.meme	DONE
c9jll5.af3.0.meme	DONE
v9gy27.af3.5.meme	DONE
h0yai5.af3.2.meme	DONE
b7z2z1.af3.2.meme	DONE
q99608.af3.4.meme	DONE
b4dr70.af3.4.meme	DONE
a0a8q3sir0.af3.1.meme	DONE
q9h175.af3.1.meme	DONE
a0a3b3isn3.af3.0.meme	DONE
u3kq75.af3.0.meme	DONE
e9ppa1_monomer.af3.5.meme	DONE
a0a994j6y5.af3.2.meme	DONE
b4duq1.af3.3.meme	DONE
a0a0a0msi2.af3.5.meme	DONE
a0a7i2v699.af3.2.meme	DONE
a0a804hki2.af3.2.meme	DONE
f4zw62.af3.4.meme	DONE
a0a024r0y4.af3.0.meme	DONE
q99608.af3.3.meme	DONE
h7c1m5.af3.0.meme	DONE
a0a3b3isi4.af3.3.meme	DONE
q13835.af3.1.meme	DONE
b3kpj4.af3.4.meme	DONE
s4r3m9.af3.1.meme	DONE
c9jll5.af3.4.meme	DONE
q07352.af3.0.meme	DONE
a0a3b3its6.af3.4.meme	DONE
q9nyf8.af3.0.meme	DONE
q6ekj0.af3.3.meme	DONE
a0a494c069.af3.2.meme	DONE
q9h175.af3.5.meme	DONE
f4zw62.af3.1.meme	DONE
a0a8v8tnl7.af3.5.meme	DONE
p23193.af3.4.meme	DONE
a0a669kb72_monomer.af3.3.meme	DONE
a0a804hkr3.af3.2.meme	DONE
a0a2r8ycl6.af3.3.meme	DONE
a0a804hi14.af3.0.meme	DONE
a0a1w2ppm1_monomer.af3.4.meme	DONE
a0a804hki2.af3.3.meme	DONE
q13901.af3.1.meme	DONE
a0a087wtb1_monomer.af3.2.meme	DONE
o94776.af3.0.meme	DONE
a0a7i2v5m5.af3.4.meme	DONE
a0a2r8yew3_monomer.af3.2.meme	DONE
c9jp21_monomer.af3.1.meme	DONE
q8wuy0.af3.2.meme	DONE
a0a090n8f2.af3.4.meme	DONE
a0a3b3isp2.af3.5.meme	DONE
u3kq75.af3.3.meme	DONE
q6nth1.af3.0.meme	DONE
j3ks51.af3.0.meme	DONE
a0a494c1n8_monomer.af3.2.meme	DONE
a0a087wva2_dimer.af3.1.meme	DONE
a0a8i5kqy1.af3.1.meme	DONE
q05cg3.af3.0.meme	DONE
a0a8q3sit7_monomer.af3.1.meme	DONE
a0a0c4dh12.af3.3.meme	DONE
a0a087wyr5_monomer.af3.1.meme	DONE
p49790.af3.5.meme	DONE
a0a8v8tqw3.af3.3.meme	DONE
a0a2r8yew3_dimer.af3.2.meme	DONE
e9ppa1_monomer.af3.3.meme	DONE
a0a804hk30.af3.3.meme	DONE
f8we32.af3.1.meme	DONE
a0a0c4dgm2_dimer.af3.4.meme	DONE
b3kr52.af3.1.meme	DONE
p29692.af3.4.meme	DONE
a0a3b3iue2_monomer.af3.2.meme	DONE
q16533.af3.2.meme	DONE
a0a087x0m6_monomer.af3.1.meme	DONE
a0a3b3iu66.af3.4.meme	DONE
d6rfi6.af3.4.meme	DONE
a0a7i2v506.af3.0.meme	DONE
q13765.af3.3.meme	DONE
q6nt89.af3.4.meme	DONE
b4dkm1.af3.0.meme	DONE
a0a0s2z4k5.af3.4.meme	DONE
a0a1c7cyx1.af3.0.meme	DONE
a0a1b0gwh4.af3.1.meme	DONE
s4r3m9.af3.2.meme	DONE
c9jgt5.af3.5.meme	DONE
a0a1b0gw50_monomer.af3.3.meme	DONE
a0a1u9x8w3.af3.5.meme	DONE
a0a3b3itl5.af3.0.meme	DONE
q96b42.af3.0.meme	DONE
a0aa34qvt6_monomer.af3.5.meme	DONE
a0a0s2z658_monomer.af3.1.meme	DONE
m0qyk9.af3.5.meme	DONE
h7c528.af3.5.meme	DONE
a0a0c4dgq9_dimer.af3.0.meme	DONE
a0a7i2v428.af3.4.meme	DONE
a0a1b0gub4_monomer.af3.0.meme	DONE
q14151.af3.3.meme	DONE
b7z1z0.af3.2.meme	DONE
a0a7i2v5y7.af3.2.meme	DONE
e9pda6.af3.1.meme	DONE
a0a3b3irm3.af3.4.meme	DONE
a0a0a0mtk1_dimer.af3.3.meme	DONE
q6zw83.af3.2.meme	DONE
a0a0s2z5n0.af3.2.meme	DONE
o43918.af3.0.meme	DONE
h7c1j2.af3.5.meme	DONE
a0a3b3itl5.af3.1.meme	DONE
b7zly0.af3.1.meme	DONE
a0a804hkg3.af3.1.meme	DONE
a0a3f2ypb8.af3.2.meme	DONE
q15424.af3.3.meme	DONE
a2i829.af3.1.meme	DONE
a0pj47.af3.1.meme	DONE
q9nyf8.af3.4.meme	DONE
a0a8v8tlt3_monomer.af3.5.meme	DONE
q86up8.af3.0.meme	DONE
q16533.af3.4.meme	DONE
q75mx6.af3.2.meme	DONE
q9ugu0.af3.5.meme	DONE
h0y612.af3.2.meme	DONE
p82094.af3.3.meme	DONE
a0a3b3isn3.af3.3.meme	DONE
a0a0a0mr39.af3.4.meme	DONE
f6lhu9.af3.3.meme	DONE
a0a669kbj7.af3.0.meme	DONE
p86452.af3.5.meme	DONE
q59h09.af3.5.meme	DONE
a0a0a0mr39.af3.0.meme	DONE
a0a8v8tlt3.af3.0.meme	DONE
a0a994j3q8.af3.2.meme	DONE
a0a087wxq5.af3.0.meme	DONE
h3bpe7.af3.0.meme	DONE
a0a8v8tna6_dimer.af3.5.meme	DONE
s4r3m9.af3.0.meme	DONE
a0a1c7cyx1.af3.2.meme	DONE
a0a8i5kqy1.af3.2.meme	DONE
a0a087wuk2.af3.0.meme	DONE
o75618.af3.3.meme	DONE
a0a1w2pq54.af3.2.meme	DONE
b8zz38.af3.1.meme	DONE
q6nt89.af3.0.meme	DONE
a0a8v8tnl7.af3.4.meme	DONE
a0a0s2z4k5_dimer.af3.1.meme	DONE
q6pdt8.af3.4.meme	DONE
q9h2m1_monomer.af3.2.meme	DONE
a0a3b3irt9_monomer.af3.2.meme	DONE
a0a8v8tna6_dimer.af3.4.meme	DONE
d6re06.af3.3.meme	DONE
a0a087wzq2.af3.2.meme	DONE
a0a0c4dgb4.af3.4.meme	DONE
e9pav3.af3.1.meme	DONE
a0a1b0gvk1.af3.1.meme	DONE
q9y5q8.af3.1.meme	DONE
p16989.af3.3.meme	DONE
k7emp1.af3.2.meme	DONE
q9br39.af3.4.meme	DONE
q7l4p6.af3.5.meme	DONE
a0a0a0msl2.af3.3.meme	DONE
a0a2r8yew3.af3.3.meme	DONE
a0a8i5qjc6.af3.5.meme	DONE
a0a0c4dgp9_monomer.af3.5.meme	DONE
b4e389.af3.1.meme	DONE
a0a0b6xk52.af3.2.meme	DONE
a0a8v8tmk4.af3.0.meme	DONE
a0a0s2z5n0.af3.4.meme	DONE
a0a3b3isw5_monomer.af3.0.meme	DONE
c9jfr2.af3.5.meme	DONE
q9bzy1.af3.4.meme	DONE
q8iyb3.af3.3.meme	DONE
a0a8v8tlt3_monomer.af3.4.meme	DONE
a0a1w2ppf3_monomer.af3.2.meme	DONE
q9h5j8.af3.0.meme	DONE
a0a1w2ppf3_monomer.af3.0.meme	DONE
k7eph6.af3.0.meme	DONE
b4dt31.af3.3.meme	DONE
a0a087wv68.af3.1.meme	DONE
q86w54.af3.5.meme	DONE
a0a494c1i7.af3.4.meme	DONE
a0a0c4dg06.af3.3.meme	DONE
a0a2r8yew3_dimer.af3.1.meme	DONE
a0a2r8yew3_dimer.af3.4.meme	DONE
p61978.af3.5.meme	DONE
q16533.af3.0.meme	DONE
c9jp21.af3.3.meme	DONE
a8k4h1.af3.5.meme	DONE
a0a8v8tm49.af3.3.meme	DONE
h3bt57.af3.4.meme	DONE
b1akc8.af3.1.meme	DONE
p19338.af3.1.meme	DONE
o75618.af3.0.meme	DONE
c9jll5.af3.3.meme	DONE
a0pj47.af3.4.meme	DONE
q9h147.af3.3.meme	DONE
a0a8v8tm49_dimer.af3.2.meme	DONE
a0a994j6t5.af3.5.meme	DONE
b7zlp5.af3.4.meme	DONE
a0a1b0gv63.af3.5.meme	DONE
q9h930.af3.1.meme	DONE
d6rat8.af3.5.meme	DONE
a0a2r8yf72_monomer.af3.2.meme	DONE
q9h147.af3.1.meme	DONE
a0a0s2z658_monomer.af3.2.meme	DONE
a0a0c4dgm2_monomer.af3.5.meme	DONE
p82970.af3.1.meme	DONE
a0a087wyy0.af3.4.meme	DONE
a0a087wyy0.af3.0.meme	DONE
a0a0c4dgb4.af3.5.meme	DONE
a0a994j4n4.af3.4.meme	DONE
a0a0a0mtk1.af3.4.meme	DONE
a0a669kbc9.af3.0.meme	DONE
a0a2r8y560.af3.3.meme	DONE
a0a1w2ppm1_monomer.af3.2.meme	DONE
a0a8v8tmc2.af3.2.meme	DONE
a0a3b3isw5_monomer.af3.4.meme	DONE
q8tf63.af3.4.meme	DONE
a0a0b6xk52.af3.1.meme	DONE
a0a087wt67_monomer.af3.0.meme	DONE
a0a0a0mth2.af3.5.meme	DONE
a0a494c1k3.af3.0.meme	DONE
a0a8v8tlt3_monomer.af3.3.meme	DONE
a0a8i5qkx4.af3.1.meme	DONE
b4dkm1.af3.2.meme	DONE
a0a087wtb1.af3.4.meme	DONE
a0a0a0n0l3.af3.2.meme	DONE
a0a494c0i1.af3.5.meme	DONE
a0a8v8tmk4_dimer.af3.4.meme	DONE
q9nwb7.af3.4.meme	DONE
b4dsr0.af3.3.meme	DONE
f5h2a4.af3.0.meme	DONE
d6r9i2.af3.4.meme	DONE
a0a1u9x8x7.af3.2.meme	DONE
q6ib64.af3.5.meme	DONE
h7by16.af3.3.meme	DONE
a0a494bzv4.af3.0.meme	DONE
a0a8i5kx72.af3.0.meme	DONE
a0a8i5qjc6.af3.2.meme	DONE
q5jri7.af3.1.meme	DONE
p57723.af3.3.meme	DONE
a0a0c4dgm2_monomer.af3.3.meme	DONE
q8tf63.af3.3.meme	DONE
a0a494c0i1.af3.2.meme	DONE
q15109.af3.2.meme	DONE
b4dh52.af3.0.meme	DONE
f8vzq9.af3.4.meme	DONE
a0a8v8tmk4_dimer.af3.1.meme	DONE
a0a087wvt1.af3.0.meme	DONE
a0a804hkr5.af3.5.meme	DONE
x6r674.af3.0.meme	DONE
q9brq8.af3.3.meme	DONE
a0a994j4e9.af3.5.meme	DONE
a0a024r0y4.af3.3.meme	DONE
q8ixz2.af3.1.meme	DONE
p86452.af3.1.meme	DONE
a0a994j705.af3.4.meme	DONE
a0a2r8y560.af3.4.meme	DONE
a0a494c1n8.af3.2.meme	DONE
a0a3b3irf0.af3.5.meme	DONE
a0a384mdx9.af3.5.meme	DONE
a0a8v8tlt3.af3.1.meme	DONE
a0a3b3ite4.af3.2.meme	DONE
a0a8v8tqw3.af3.4.meme	DONE
q9y2t7.af3.1.meme	DONE
q9h2m1_dimer.af3.3.meme	DONE
a0a7i2v5y7.af3.1.meme	DONE
q15109.af3.0.meme	DONE
a0a8v8tmk4_dimer.af3.2.meme	DONE
o75446.af3.0.meme	DONE
e9pda6.af3.3.meme	DONE
a0a3f2ynw7.af3.1.meme	DONE
p57723.af3.5.meme	DONE
q92804.af3.1.meme	DONE
a0a0s2z4k4_monomer.af3.2.meme	DONE
q9hc44.af3.5.meme	DONE
h0yai5.af3.1.meme	DONE
a0a0s2z4k2.af3.3.meme	DONE
a0a804hiq7.af3.4.meme	DONE
a0a384mtx4.af3.0.meme	DONE
o94776.af3.4.meme	DONE
e7ew50.af3.0.meme	DONE
j3ks51.af3.5.meme	DONE
q8hws3.af3.5.meme	DONE
a0a2r8yed2.af3.0.meme	DONE
a0a1b0gv02.af3.0.meme	DONE
a0a669kb72_monomer.af3.2.meme	DONE
q3lib3.af3.5.meme	DONE
q6pgr4.af3.4.meme	DONE
q8tbr3.af3.4.meme	DONE
a0a087x0m6.af3.0.meme	DONE
a8k4h1.af3.1.meme	DONE
q9ufw8.af3.1.meme	DONE
a0a2r8yf72_monomer.af3.1.meme	DONE
q6zv50.af3.2.meme	DONE
h0yka1.af3.3.meme	DONE
q59h09.af3.3.meme	DONE
h7c528.af3.0.meme	DONE
a0a024r0y4.af3.1.meme	DONE
q9brq8.af3.5.meme	DONE
h7c1m5.af3.5.meme	DONE
q9y2t7.af3.3.meme	DONE
a0a384mtx4.af3.4.meme	DONE
q9hcu5.af3.5.meme	DONE
a0a804hj42_monomer.af3.2.meme	DONE
a0a804hin4.af3.4.meme	DONE
a0a494c1k3.af3.2.meme	DONE
f5h2u8.af3.5.meme	DONE
q7z401.af3.4.meme	DONE
a0a0d9sej8.af3.2.meme	DONE
a0a7i2v699.af3.1.meme	DONE
q59fu3.af3.2.meme	DONE
a0a087wt67_monomer.af3.3.meme	DONE
a0pj47.af3.5.meme	DONE
a0a1b0gv02.af3.3.meme	DONE
q14966.af3.1.meme	DONE
p49790.af3.2.meme	DONE
a0aaq5bih9.af3.3.meme	DONE
c9jca9.af3.3.meme	DONE
a0a8v8tr16.af3.3.meme	DONE
v9gy27.af3.3.meme	DONE
a0a804hkx0.af3.4.meme	DONE
a0a0a0mqr4.af3.1.meme	DONE
a0a0g2js52.af3.0.meme	DONE
a0a0s2z4z9.af3.2.meme	DONE
a0a804hiv5.af3.5.meme	DONE
a0a1b0gw50.af3.0.meme	DONE
a0a0c4dgp9_dimer.af3.1.meme	DONE
a0a024r0y4.af3.4.meme	DONE
a0a0s2z658_dimer.af3.5.meme	DONE
c9jp21.af3.4.meme	DONE
b4dgn3.af3.1.meme	DONE
q9haj7.af3.4.meme	DONE
a0a4p8d7f0_dimer.af3.1.meme	DONE
a0a0s2z696.af3.0.meme	DONE
q8n5a5.af3.4.meme	DONE
q8nhz1.af3.2.meme	DONE
c9iyg9.af3.1.meme	DONE
a0a0a0mth2_monomer.af3.5.meme	DONE
a0a0c4dgr5_dimer.af3.5.meme	DONE
q8n5a5.af3.2.meme	DONE
a0a0a0mtt2_monomer.af3.5.meme	DONE
a0a090n8e5_monomer.af3.3.meme	DONE
a0a8v8tmk4_dimer.af3.3.meme	DONE
q6pdt8.af3.2.meme	DONE
b3kn18.af3.2.meme	DONE
a0a0a0mtk1.af3.2.meme	DONE
a0a0a0mth2_monomer.af3.2.meme	DONE
a0a994j782.af3.2.meme	DONE
c9izc5.af3.1.meme	DONE
a0a090n7t3_monomer.af3.3.meme	DONE
a0a0c4dgm2_dimer.af3.2.meme	DONE
q9p2k5.af3.2.meme	DONE
a0a8q3sir0_dimer.af3.4.meme	DONE
a1a519.af3.4.meme	DONE
p46013.af3.3.meme	DONE
a0a0s2z5x3.af3.5.meme	DONE
a0a2r8ydq8.af3.0.meme	DONE
o75764.af3.0.meme	DONE
a0a994j6y5.af3.1.meme	DONE
q9hcu5.af3.0.meme	DONE
a0a075b7g4_dimer.af3.1.meme	DONE
a0a3b3is14.af3.4.meme	DONE
p35659.af3.5.meme	DONE
c9jc04.af3.4.meme	DONE
q9uhx1.af3.4.meme	DONE
a0aaq5bh52.af3.4.meme	DONE
q96qc0.af3.1.meme	DONE
q99732.af3.3.meme	DONE
a0a0c4dh12.af3.4.meme	DONE
a0a494c1k3_dimer.af3.1.meme	DONE
a0a0s2z658_monomer.af3.0.meme	DONE
a0a804hic1.af3.3.meme	DONE
a0a669kb72.af3.4.meme	DONE
a0a1b0gwh4.af3.4.meme	DONE
q99608.af3.5.meme	DONE
a0a8i5kx72.af3.4.meme	DONE
a0a140vk21.af3.3.meme	DONE
a0a1b0gwh4.af3.0.meme	DONE
a0a2r8yf72_monomer.af3.4.meme	DONE
a0a0c4dgr5.af3.0.meme	DONE
c9izc5.af3.3.meme	DONE
q86w52.af3.2.meme	DONE
a0a140vk21.af3.2.meme	DONE
p58340.af3.2.meme	DONE
a0a8v8tlt3_monomer.af3.1.meme	DONE
q6zv50.af3.3.meme	DONE
a0a669kb72.af3.5.meme	DONE
a0a804hkr5.af3.4.meme	DONE
q99732.af3.2.meme	DONE
q9btp6.af3.2.meme	DONE
q2nlc9.af3.5.meme	DONE
p18583.af3.2.meme	DONE
q9h175.af3.0.meme	DONE
a0a087wt67_monomer.af3.2.meme	DONE
a0a0a0msl2.af3.4.meme	DONE
q8tbr3.af3.3.meme	DONE
p0c7t5.af3.0.meme	DONE
f8vvr8.af3.5.meme	DONE
a0a994j5r8_monomer.af3.3.meme	DONE
c9j330.af3.2.meme	DONE
a0a087wtb1.af3.5.meme	DONE
a0a0s2z5g4.af3.2.meme	DONE
a0a0a0mqr4.af3.2.meme	DONE
a0a075b7g4.af3.4.meme	DONE
q5bkz1.af3.1.meme	DONE
q8hws3.af3.1.meme	DONE
a0a3f2ypb8.af3.4.meme	DONE
a0a0c4dh12.af3.1.meme	DONE
a0a0s2z4z9.af3.0.meme	DONE
q15109.af3.1.meme	DONE
p61978.af3.0.meme	DONE
b7z4w0.af3.2.meme	DONE
q92804.af3.3.meme	DONE
a1a519.af3.0.meme	DONE
a0a7i2v535.af3.4.meme	DONE
a0a0s2z5c2.af3.2.meme	DONE
i3l373.af3.1.meme	DONE
a0a8v8tna6.af3.3.meme	DONE
a0a6e1w9l1.af3.2.meme	DONE
q15560.af3.3.meme	DONE
c9izc5.af3.2.meme	DONE
q8iyb3.af3.4.meme	DONE
q15573.af3.1.meme	DONE
a0a6q8ph34.af3.2.meme	DONE
a0a8v8tmg8.af3.4.meme	DONE
a0a3b3irm3.af3.0.meme	DONE
f4zw63.af3.1.meme	DONE
b4dr70.af3.3.meme	DONE
a0a3b3ite4.af3.1.meme	DONE
a0aa34qvt6.af3.0.meme	DONE
q8n5a5.af3.1.meme	DONE
q96b42.af3.5.meme	DONE
b3km80.af3.2.meme	DONE
q5t6u8.af3.2.meme	DONE
c9jed5.af3.1.meme	DONE
a0a0s2z4k5.af3.3.meme	DONE
f8wep8.af3.3.meme	DONE
a5ym43.af3.2.meme	DONE
a0a0s2z696.af3.4.meme	DONE
c9k0l9.af3.1.meme	DONE
a0a1u9x8x7.af3.3.meme	DONE
b4duq1.af3.2.meme	DONE
a0a1b0gw50_monomer.af3.0.meme	DONE
a0a0s2z5c2.af3.3.meme	DONE
a0a0s2z4k4.af3.5.meme	DONE
a0a4p8d7f0_monomer.af3.1.meme	DONE
q8hws3.af3.0.meme	DONE
q499g6.af3.3.meme	DONE
p16989.af3.0.meme	DONE
a0a0s2z6h0.af3.5.meme	DONE
a0a0s2z4g1.af3.2.meme	DONE
q9bxg8.af3.1.meme	DONE
a0a0s2z5m2.af3.5.meme	DONE
q16533.af3.5.meme	DONE
o43918.af3.3.meme	DONE
a0aa34qvt6.af3.1.meme	DONE
q9h2m1_dimer.af3.5.meme	DONE
f4zw62.af3.0.meme	DONE
q58f28.af3.1.meme	DONE
o60356.af3.0.meme	DONE
q9hc44.af3.1.meme	DONE
a0a669kb50.af3.3.meme	DONE
p78347.af3.4.meme	DONE
a0a0c4dgq9.af3.1.meme	DONE
a0a087wva2_monomer.af3.3.meme	DONE
a0a494c1n8_monomer.af3.5.meme	DONE
c9j330.af3.3.meme	DONE
a5y0m9.af3.1.meme	DONE
a0a3b3irx5_monomer.af3.0.meme	DONE
a0a0b6xk52.af3.5.meme	DONE
p58340.af3.5.meme	DONE
q58f28.af3.0.meme	DONE
a0a804hkj0.af3.5.meme	DONE
a0a8v8tpf3_monomer.af3.5.meme	DONE
a0a2r8yf72_monomer.af3.3.meme	DONE
a0a994j7a5.af3.5.meme	DONE
a0a0c4dgq9_dimer.af3.2.meme	DONE
f8we32.af3.4.meme	DONE
a0a087wva2.af3.0.meme	DONE
h7c1j2.af3.3.meme	DONE
e9ppa1_monomer.af3.0.meme	DONE
q9h2m1_monomer.af3.4.meme	DONE
q9y5q8.af3.4.meme	DONE
a0a0a0mtk1_monomer.af3.0.meme	DONE
q08999.af3.4.meme	DONE
q9hb58.af3.1.meme	DONE
o43593.af3.5.meme	DONE
a0a8j9gb59.af3.3.meme	DONE
a0a0s2z5g4.af3.5.meme	DONE
a0a1u9x8w6.af3.4.meme	DONE
a0a0s2z4g1.af3.1.meme	DONE
a0a0s2z4z9.af3.1.meme	DONE
b3km80.af3.5.meme	DONE
a0a087wx29.af3.5.meme	DONE
b2cw77.af3.2.meme	DONE
b4dt31.af3.5.meme	DONE
a0a087x2f1.af3.5.meme	DONE
a0a804hkj0.af3.1.meme	DONE
a0a0d9sej8.af3.4.meme	DONE
a0a994j6u9.af3.3.meme	DONE
a0a494c1n8_monomer.af3.4.meme	DONE
q9nx28.af3.4.meme	DONE
m0r040.af3.3.meme	DONE
a0a804hjh8.af3.0.meme	DONE
c9j7f3.af3.3.meme	DONE
a8k9w7.af3.3.meme	DONE
a0a994j4e9.af3.0.meme	DONE
a8k964.af3.5.meme	DONE
a5pkw7.af3.1.meme	DONE
a0a3b3isp2.af3.3.meme	DONE
u3kqf6.af3.4.meme	DONE
a0a7i2v3f3.af3.2.meme	DONE
a0a804hkr3.af3.1.meme	DONE
a0a494c1n8_monomer.af3.1.meme	DONE
q59gq8.af3.1.meme	DONE
h3bt57.af3.3.meme	DONE
a0a087wuk2.af3.5.meme	DONE
q5t6w2.af3.5.meme	DONE
f6lhu9.af3.4.meme	DONE
a0a075b7g4_monomer.af3.4.meme	DONE
d6r9i2.af3.2.meme	DONE
q9nx58.af3.4.meme	DONE
x6r6z1.af3.4.meme	DONE
e7ew50.af3.4.meme	DONE
q59fs0.af3.1.meme	DONE
q8wuy0.af3.1.meme	DONE
o75618.af3.2.meme	DONE
a0a2r8ydq8.af3.4.meme	DONE
a0a140vjp0.af3.1.meme	DONE
p16989.af3.5.meme	DONE
a0a8j9gb59.af3.5.meme	DONE
a0a087x2f1.af3.2.meme	DONE
b4dt31.af3.0.meme	DONE
q5t6u8.af3.0.meme	DONE
a0a7i2v2u7.af3.5.meme	DONE
f8vvr8.af3.0.meme	DONE
a0a8i5krr0.af3.5.meme	DONE
a0a0j9yx80.af3.2.meme	DONE
a0a0d9sf80.af3.2.meme	DONE
a0a669kbl4.af3.4.meme	DONE
q53fg3.af3.2.meme	DONE
f8we32.af3.0.meme	DONE
a0a0a0mtk1.af3.0.meme	DONE
b4dv67.af3.4.meme	DONE
q9hc44.af3.0.meme	DONE
a0a7i2v5m5.af3.2.meme	DONE
q969f1.af3.5.meme	DONE
a0a0d9sf80.af3.0.meme	DONE
a0a286r9d9.af3.4.meme	DONE
a3f769.af3.5.meme	DONE
q6nt89.af3.5.meme	DONE
q0van9.af3.5.meme	DONE
b4dm07.af3.5.meme	DONE
a0a8q3wkh9.af3.4.meme	DONE
a0a1w2ppm1_monomer.af3.5.meme	DONE
q92804.af3.4.meme	DONE
a0a0c4dgp9.af3.3.meme	DONE
a8k329.af3.3.meme	DONE
q59h09.af3.1.meme	DONE
q14151.af3.4.meme	DONE
a5pkw7.af3.5.meme	DONE
q8tbr3.af3.5.meme	DONE
b1aqp5.af3.3.meme	DONE
q9h5j8.af3.3.meme	DONE
a0a1u9x8r9.af3.2.meme	DONE
b3kr52.af3.2.meme	DONE
b3kms4.af3.0.meme	DONE
a0a3b3irz6.af3.3.meme	DONE
h0ykl0_monomer.af3.5.meme	DONE
x5d2j9.af3.0.meme	DONE
a0a2r8ycl6.af3.0.meme	DONE
u3kq75.af3.4.meme	DONE
a0a669kbl4.af3.2.meme	DONE
a0a669kbc9.af3.2.meme	DONE
a0a1b0gv48.af3.0.meme	DONE
a0a0j9ywd6.af3.3.meme	DONE
a0a087wv68.af3.3.meme	DONE
d6r9i2.af3.1.meme	DONE
q9nx28.af3.5.meme	DONE
h7c528.af3.3.meme	DONE
p35227.af3.5.meme	DONE
a0a087wt67.af3.1.meme	DONE
b4e0x8.af3.0.meme	DONE
q53fg3.af3.3.meme	DONE
a0a8c8ki72.af3.2.meme	DONE
a0a8i5kvb5.af3.5.meme	DONE
a0a8v8tr16.af3.2.meme	DONE
a0a1b0gtj8.af3.1.meme	DONE
b7zly0.af3.0.meme	DONE
q6ibq5.af3.5.meme	DONE
p35227.af3.0.meme	DONE
q07352.af3.5.meme	DONE
e9pfe2.af3.5.meme	DONE
p35227.af3.1.meme	DONE
a0a494c1k3_monomer.af3.1.meme	DONE
a0aag2uwq9.af3.0.meme	DONE
a0a0a0mrl0.af3.3.meme	DONE
a0a7i2v535.af3.0.meme	DONE
a0a0s2z658_dimer.af3.3.meme	DONE
a0a804hj42_dimer.af3.0.meme	DONE
a0a3b3isb6.af3.1.meme	DONE
a0a0c4dgr5.af3.2.meme	DONE
e5riw4.af3.1.meme	DONE
a0a804hhy9.af3.1.meme	DONE
a0a1w2ppk0.af3.3.meme	DONE
a0a3b3is77_monomer.af3.5.meme	DONE
q86wp2.af3.1.meme	DONE
a0a3b3it59.af3.1.meme	DONE
a0a7p0n7c4.af3.3.meme	DONE
a0a8q3sir0_monomer.af3.3.meme	DONE
b4dr70.af3.5.meme	DONE
a0a0c4dgr5_monomer.af3.4.meme	DONE
q9nwb7.af3.0.meme	DONE
b4dv67.af3.0.meme	DONE
a0a3b3is61.af3.1.meme	DONE
a0a0a0mtk1.af3.1.meme	DONE
q15573.af3.4.meme	DONE
q59h57.af3.2.meme	DONE
q59fs0.af3.3.meme	DONE
q59ei0.af3.2.meme	DONE
a0a8v8tpf3_monomer.af3.2.meme	DONE
a0a994j4c0.af3.0.meme	DONE
a3f768.af3.5.meme	DONE
a3f768.af3.4.meme	DONE
a0a8v8tnl7.af3.0.meme	DONE
a0a994j5r8.af3.5.meme	DONE
q16594.af3.5.meme	DONE
a0a1b0gwj2.af3.1.meme	DONE
a3f768.af3.1.meme	DONE
a0a7i2v699.af3.0.meme	DONE
a0a804hkr5.af3.2.meme	DONE
a0a0s2z658.af3.4.meme	DONE
a0a0s2z5m2.af3.4.meme	DONE
a0a3f2ynw7.af3.2.meme	DONE
b4dwa0.af3.2.meme	DONE
a0a7i2v349.af3.0.meme	DONE
a0a0c4dgp9_monomer.af3.4.meme	DONE
k7emp1.af3.1.meme	DONE
q59fu3.af3.5.meme	DONE
a0a7i2v4j2.af3.0.meme	DONE
a0a1w2ppf3.af3.3.meme	DONE
a0a0a0mt58.af3.4.meme	DONE
a0a0a0mt58.af3.0.meme	DONE
a0a087x0m6_monomer.af3.0.meme	DONE
b7z2z1.af3.1.meme	DONE
a0a3b3its6.af3.0.meme	DONE
a0a669kb72_monomer.af3.1.meme	DONE
b7zly0.af3.2.meme	DONE
b4dwl1.af3.3.meme	DONE
b4dv67.af3.5.meme	DONE
a0a087x0m6_monomer.af3.5.meme	DONE
a0a994j795.af3.2.meme	DONE
a0a087wzq2.af3.5.meme	DONE
f5h2a4.af3.1.meme	DONE
a0a087wva2_monomer.af3.1.meme	DONE
a0a1w2pq54_monomer.af3.5.meme	DONE
a0a994j3q8.af3.0.meme	DONE
b1akc8.af3.5.meme	DONE
a0a8v8tqw3.af3.2.meme	DONE
a0a9l9pxl4.af3.1.meme	DONE
a0a8v8tmk4.af3.2.meme	DONE
a0a7i2v506.af3.3.meme	DONE
q15651.af3.4.meme	DONE
a0a087wuk2.af3.1.meme	DONE
q6ipl9.af3.2.meme	DONE
a0a0c4dfn0.af3.4.meme	DONE
a0a1u9x8w6.af3.3.meme	DONE
x5dnp5.af3.4.meme	DONE
a8k525.af3.0.meme	DONE
a0a0a0mth2_monomer.af3.1.meme	DONE
a0a1z1g4m2.af3.5.meme	DONE
a0a7i2v3f3.af3.5.meme	DONE
a0a140vk21.af3.5.meme	DONE
a0a0a0mth2.af3.0.meme	DONE
q14781.af3.5.meme	DONE
q8iyb3.af3.5.meme	DONE
q9h175.af3.4.meme	DONE
a0a6q8ph34.af3.1.meme	DONE
q08999.af3.5.meme	DONE
a0a494c0h6.af3.5.meme	DONE
a0a7i2v4n2.af3.1.meme	DONE
f5h2u8.af3.3.meme	DONE
a0a0a0mqw0.af3.3.meme	DONE
a0aaq5big2.af3.2.meme	DONE
a0a8v8tm49_monomer.af3.4.meme	DONE
a0a8v8tmk4_monomer.af3.4.meme	DONE
a0a3b3itl3_monomer.af3.3.meme	DONE
a0a3b3irx5_monomer.af3.1.meme	DONE
k7enc1.af3.5.meme	DONE
q9hb58.af3.4.meme	DONE
a0a0c4dgm2_dimer.af3.3.meme	DONE
q9h5j8.af3.1.meme	DONE
a0a8v8tmg8_monomer.af3.2.meme	DONE
e5rg59.af3.4.meme	DONE
a0a8v8tmg8_monomer.af3.0.meme	DONE
q8ixz2.af3.0.meme	DONE
q8n187.af3.0.meme	DONE
a0a7i2v464.af3.3.meme	DONE
b3kn18.af3.0.meme	DONE
q13148.af3.1.meme	DONE
h0yau0.af3.3.meme	DONE
q59h09.af3.4.meme	DONE
a0a0s2z5n0.af3.3.meme	DONE
q9y5q9.af3.0.meme	DONE
a0a0a0n0m3.af3.1.meme	DONE
a0a8i5krb5.af3.3.meme	DONE
a0aa34qvt6.af3.5.meme	DONE
a0a087wyy0.af3.2.meme	DONE
q96s65.af3.3.meme	DONE
q16594.af3.1.meme	DONE
b4dgv6.af3.1.meme	DONE
c9jfr2.af3.2.meme	DONE
u3kq75.af3.2.meme	DONE
b7zly0.af3.3.meme	DONE
b4dhk1.af3.2.meme	DONE
a0a0s2z4k5_dimer.af3.3.meme	DONE
p55197.af3.2.meme	DONE
a5y0m9.af3.0.meme	DONE
q9hcu5.af3.3.meme	DONE
a0a1w2ppk0_monomer.af3.0.meme	DONE
h7c1j2.af3.1.meme	DONE
a0a494c1i7.af3.2.meme	DONE
a0a3b3is61.af3.2.meme	DONE
q9uhl9.af3.4.meme	DONE
q59gq8.af3.2.meme	DONE
a0a0c4dgb4.af3.3.meme	DONE
a0a090n8e5.af3.2.meme	DONE
q92945.af3.0.meme	DONE
b2rbk2.af3.3.meme	DONE
a0a0b5iyb7_monomer.af3.1.meme	DONE
a0a994j6y5.af3.3.meme	DONE
d6rbk1.af3.2.meme	DONE
h0yhg0.af3.1.meme	DONE
a0a024r3c6.af3.4.meme	DONE
a0a1b0gwh4_monomer.af3.2.meme	DONE
a0a087wzq2.af3.1.meme	DONE
q9nwb7.af3.5.meme	DONE
a0a087wtb1.af3.1.meme	DONE
f6lhu9.af3.5.meme	DONE
a0a494c0u8_monomer.af3.1.meme	DONE
a0a6e1w9l1.af3.4.meme	DONE
q6zs99.af3.4.meme	DONE
a0a2r8y6x0_monomer.af3.0.meme	DONE
o43593.af3.4.meme	DONE
a0a994j5b8.af3.0.meme	DONE
b4dm07.af3.2.meme	DONE
a0a8v8tqw3.af3.1.meme	DONE
a0a8i5qjc6.af3.0.meme	DONE
a0a494c0q7.af3.3.meme	DONE
a0a140vjp0.af3.2.meme	DONE
e9peb5.af3.0.meme	DONE
a0a0a0mtk1.af3.5.meme	DONE
a0a3b3irz6.af3.0.meme	DONE
q14781.af3.0.meme	DONE
a0a2r8y6x0.af3.3.meme	DONE
a0a3b3is77_monomer.af3.2.meme	DONE
a0a0c4dgr5_monomer.af3.3.meme	DONE
a0a0j9yx80.af3.3.meme	DONE
a0a0a0mtt2.af3.5.meme	DONE
q6ekj0.af3.1.meme	DONE
a0a8q3si57.af3.2.meme	DONE
a0a3b3isi4.af3.0.meme	DONE
a0a494c1n8.af3.4.meme	DONE
a0a8v8tpf3_dimer.af3.0.meme	DONE
a0a0s2z5g4.af3.0.meme	DONE
a0a994j6l7.af3.0.meme	DONE
q6p1n0.af3.5.meme	DONE
a0a994j6t5.af3.4.meme	DONE
a0a3b3iu66.af3.5.meme	DONE
p46013.af3.5.meme	DONE
q8iux7.af3.1.meme	DONE
a0a087wyf4_dimer.af3.4.meme	DONE
a0a669kb72.af3.0.meme	DONE
q6ekj0.af3.0.meme	DONE
a0a8i5kvb5.af3.1.meme	DONE
a0a994j705.af3.0.meme	DONE
q8wxf8.af3.1.meme	DONE
a0a3b3irf0.af3.4.meme	DONE
f8wep8.af3.0.meme	DONE
q75mx6.af3.5.meme	DONE
a4d2m8.af3.5.meme	DONE
d6rjh2.af3.5.meme	DONE
q96qc0.af3.3.meme	DONE
a0a3f2ypb8_monomer.af3.0.meme	DONE
a0a994j5b8.af3.3.meme	DONE
a0a8v8tls8.af3.2.meme	DONE
a0a3b3isw5_monomer.af3.3.meme	DONE
a0a0g2js52.af3.2.meme	DONE
a0a3b3itl3_monomer.af3.1.meme	DONE
q6zvd7.af3.0.meme	DONE
a0a1w2ppf3.af3.0.meme	DONE
a0a0s2z5g4.af3.1.meme	DONE
e5rg59.af3.1.meme	DONE
a0a804hkx0.af3.0.meme	DONE
a2i829.af3.3.meme	DONE
u3kqf6.af3.0.meme	DONE
q3swv5.af3.1.meme	DONE
a0a804hkj0.af3.4.meme	DONE
a0a0s2z4l6.af3.4.meme	DONE
q9bvi0.af3.0.meme	DONE
a0a0s2z4k4.af3.3.meme	DONE
b3kms4.af3.5.meme	DONE
q7z401.af3.1.meme	DONE
q5t7u4.af3.0.meme	DONE
e9ppa1.af3.4.meme	DONE
f8wep8.af3.2.meme	DONE
q9ugu0.af3.3.meme	DONE
a0a2r8y6x0.af3.4.meme	DONE
a0a804hki2.af3.4.meme	DONE
o75764.af3.4.meme	DONE
a3f769.af3.1.meme	DONE
b2rbk2.af3.5.meme	DONE
a0a8i5kx72.af3.3.meme	DONE
e7evu5.af3.3.meme	DONE
q9nx58.af3.0.meme	DONE
c9jgl9.af3.1.meme	DONE
q8wuy0.af3.5.meme	DONE
a4d2m8.af3.0.meme	DONE
b4dm07.af3.3.meme	DONE
a0a0c4dgp9_monomer.af3.2.meme	DONE
a0a8i5kvb5.af3.0.meme	DONE
a4d2m8.af3.4.meme	DONE
q99608.af3.1.meme	DONE
a0a3b3is61.af3.3.meme	DONE
q9y2t7.af3.5.meme	DONE
e5riw4.af3.0.meme	DONE
p78347.af3.2.meme	DONE
q6zv50.af3.0.meme	DONE
a0a994j4n4.af3.5.meme	DONE
a0a0a0mtt2_monomer.af3.1.meme	DONE
q9y5q8.af3.3.meme	DONE
q9h147.af3.4.meme	DONE
a0a8v8tmk4_monomer.af3.1.meme	DONE
a0a1w2ppk0_dimer.af3.2.meme	DONE
q08999.af3.2.meme	DONE
a0a090n8e5_monomer.af3.1.meme	DONE
a0a087wt67_monomer.af3.4.meme	DONE
b4dv67.af3.3.meme	DONE
a0a494c1k3_monomer.af3.0.meme	DONE
q9nyf8.af3.1.meme	DONE
x6r674.af3.1.meme	DONE
a0a0d9sf80.af3.5.meme	DONE
q15651.af3.5.meme	DONE
a0a3b3isn3.af3.5.meme	DONE
h3bt57.af3.0.meme	DONE
a0a087wtb1_monomer.af3.5.meme	DONE
h0yau0.af3.2.meme	DONE
a0a7i2v5y7.af3.5.meme	DONE
a0a804hj45.af3.2.meme	DONE
f8vzq9.af3.2.meme	DONE
a0a494c1k3.af3.1.meme	DONE
a0a0a0mqw0.af3.5.meme	DONE
a0a1z1g4m2.af3.4.meme	DONE
q9uhl9.af3.0.meme	DONE
a0a669kbk7.af3.1.meme	DONE
q86ve0.af3.1.meme	DONE
a0a140vk21_dimer.af3.2.meme	DONE
q9uhl9.af3.3.meme	DONE
a0a804hjh8.af3.4.meme	DONE
a0a0s2z4l6_monomer.af3.0.meme	DONE
q99732.af3.0.meme	DONE
q8ndx5.af3.5.meme	DONE
a0a8v8tmk4_monomer.af3.0.meme	DONE
q9uhx1.af3.0.meme	DONE
a0a1b0gwj2.af3.2.meme	DONE
b4dy09.af3.1.meme	DONE
f8vs12.af3.5.meme	DONE
a0a0a0mt58.af3.5.meme	DONE
a0a804hj42_monomer.af3.4.meme	DONE
a0a3b3iu83.af3.0.meme	DONE
j3ks51.af3.3.meme	DONE
q6pk66.af3.0.meme	DONE
q3lib3.af3.0.meme	DONE
a0a090n8e5.af3.1.meme	DONE
a0a804hki2.af3.0.meme	DONE
g3v162.af3.1.meme	DONE
q9nzx4.af3.4.meme	DONE
k7enc1.af3.4.meme	DONE
o60356.af3.2.meme	DONE
d6rbk1.af3.1.meme	DONE
j3ks51.af3.1.meme	DONE
a0a3b3is14.af3.3.meme	DONE
a0a0c4dgm2.af3.3.meme	DONE
a0a0c4dgp9.af3.5.meme	DONE
a0a0j9ywd6.af3.5.meme	DONE
d6rat8.af3.4.meme	DONE
c9j8y5.af3.3.meme	DONE
a0a7i2v4j2.af3.4.meme	DONE
a0a0s2z6h0.af3.3.meme	DONE
o60829.af3.5.meme	DONE
a0a0a0mth2.af3.4.meme	DONE
q7z401.af3.0.meme	DONE
q5t7u4.af3.1.meme	DONE
a0aaq5big2.af3.4.meme	DONE
c9jgl9.af3.2.meme	DONE
f8vvr8.af3.4.meme	DONE
a0a494c0u8.af3.1.meme	DONE
m0qzd2.af3.5.meme	DONE
q9y5q8.af3.5.meme	DONE
b4dm07.af3.4.meme	DONE
c9j8y5.af3.5.meme	DONE
c9j7f3.af3.2.meme	DONE
a0a994j3q8.af3.1.meme	DONE
q9nyf8.af3.2.meme	DONE
a0a1w2ppf3.af3.2.meme	DONE
x6r674.af3.3.meme	DONE
q15651.af3.0.meme	DONE
q6zw83.af3.0.meme	DONE
q13901.af3.4.meme	DONE
a0a140vk21_monomer.af3.2.meme	DONE
a0a7i2v428.af3.2.meme	DONE
b4e0x8.af3.4.meme	DONE
q15560.af3.2.meme	DONE
a4d2m8.af3.3.meme	DONE
h3bt57.af3.5.meme	DONE
b3kpj4.af3.1.meme	DONE
a0a994j7z0.af3.5.meme	DONE
c9j330.af3.4.meme	DONE
a0a3b3itl5.af3.5.meme	DONE
a0a3b3itl5.af3.4.meme	DONE
c9j7f3.af3.0.meme	DONE
a0a0s2z4l6.af3.3.meme	DONE
q58f28.af3.3.meme	DONE
a0a8q3sir0.af3.4.meme	DONE
q5t7u4.af3.5.meme	DONE
q8ndx5.af3.0.meme	DONE
f5h2u8.af3.0.meme	DONE
b4drw3.af3.3.meme	DONE
q2nld4.af3.4.meme	DONE
a0a0c4dg06.af3.1.meme	DONE
a0a0d9sgd6.af3.0.meme	DONE
a0a0s2z4j5.af3.3.meme	DONE
k7enc1.af3.1.meme	DONE
o75764.af3.2.meme	DONE
a0aaq5bih9.af3.5.meme	DONE
c9jsz1.af3.4.meme	DONE
b7z4w0.af3.3.meme	DONE
q9btp6.af3.4.meme	DONE
a0a804hin4.af3.0.meme	DONE
a0a994j434.af3.5.meme	DONE
b3ktp9.af3.2.meme	DONE
h7by16.af3.5.meme	DONE
a0a075b7g4_monomer.af3.0.meme	DONE
a0a804hjz1.af3.1.meme	DONE
q59h09.af3.0.meme	DONE
a0a994j6u9.af3.1.meme	DONE
q9nwb7.af3.3.meme	DONE
a0a804hj42_dimer.af3.2.meme	DONE
a0a994j4u9.af3.0.meme	DONE
p19338.af3.3.meme	DONE
a0a1b0gvk1.af3.3.meme	DONE
b8zz38.af3.0.meme	DONE
q8iux7.af3.3.meme	DONE
k7ert3.af3.4.meme	DONE
a0aa34qvt6_monomer.af3.2.meme	DONE
a0a8i5kvb5_monomer.af3.0.meme	DONE
q53qz9.af3.0.meme	DONE
q15651.af3.3.meme	DONE
a0a2r8ye36.af3.3.meme	DONE
q561w4.af3.2.meme	DONE
c9jc04.af3.1.meme	DONE
a0a0s2z696.af3.2.meme	DONE
a0a0d9sej8.af3.0.meme	DONE
a0a3b3iu66.af3.2.meme	DONE
q99732.af3.4.meme	DONE
a0a0j9yx80.af3.5.meme	DONE
q86w52.af3.0.meme	DONE
h0ykl0_monomer.af3.4.meme	DONE
p57723.af3.4.meme	DONE
p23193.af3.1.meme	DONE
a0a8i5qkx4.af3.3.meme	DONE
p61978.af3.3.meme	DONE
c9jc04.af3.2.meme	DONE
h7c528.af3.1.meme	DONE
a0a804his1.af3.4.meme	DONE
v9gy27.af3.1.meme	DONE
a0a0a0mrl0.af3.1.meme	DONE
a0a804hkr5.af3.3.meme	DONE
x6r674.af3.4.meme	DONE
a0a8i5kwx0.af3.4.meme	DONE
q8hws3.af3.3.meme	DONE
a0a8q3sir0_monomer.af3.5.meme	DONE
c9j8y5.af3.1.meme	DONE
x5d982.af3.5.meme	DONE
q9hc44.af3.3.meme	DONE
q9p2k5.af3.4.meme	DONE
a0a3b3itj8_monomer.af3.2.meme	DONE
a0a087wvt1.af3.1.meme	DONE
a0a024r3c6.af3.1.meme	DONE
a0a1b0gv02_monomer.af3.5.meme	DONE
c9jgl9.af3.3.meme	DONE
a0a7p0n7c4.af3.1.meme	DONE
a0a804his1.af3.5.meme	DONE
h0yka1.af3.2.meme	DONE
q9nwb7.af3.1.meme	DONE
a0a3f2ypb8.af3.3.meme	DONE
a0a994j795.af3.0.meme	DONE
e5riw4.af3.2.meme	DONE
a0a3b3isb6.af3.5.meme	DONE
a0a0d9sf80.af3.1.meme	DONE
b4dr70.af3.0.meme	DONE
a0a669kbc9.af3.3.meme	DONE
b4drb3.af3.5.meme	DONE
a0a9l9pxl4.af3.2.meme	DONE
e9pl19.af3.3.meme	DONE
a0a087wtb1_monomer.af3.4.meme	DONE
a0a8f9s2z6.af3.1.meme	DONE
q13344.af3.3.meme	DONE
k7emp1.af3.5.meme	DONE
c9jfr2.af3.4.meme	DONE
c9jvq7.af3.3.meme	DONE
a0a494c1i7.af3.0.meme	DONE
q75mx6.af3.4.meme	DONE
q5t7u4.af3.4.meme	DONE
q9nx58.af3.2.meme	DONE
h0y612.af3.1.meme	DONE
a0a3b3irf0.af3.1.meme	DONE
a0a3b3ite4.af3.3.meme	DONE
g3v162.af3.3.meme	DONE
a0a8v8tmg8_monomer.af3.1.meme	DONE
b4e389.af3.0.meme	DONE
a0a087wva2_monomer.af3.0.meme	DONE
a0a4p8d7f0_monomer.af3.0.meme	DONE
a0a075b7g4.af3.3.meme	DONE
q9h5j8.af3.2.meme	DONE
e9pav3.af3.4.meme	DONE
a0a994j4u9.af3.3.meme	DONE
a0a1b0gvk1.af3.0.meme	DONE
a0a994j4n4.af3.3.meme	DONE
a0a0c5b5g6.af3.5.meme	DONE
b3km80.af3.3.meme	DONE
b7z1z0.af3.3.meme	DONE
a0a804hkg3.af3.5.meme	DONE
b4dhk1.af3.1.meme	DONE
d6re06.af3.0.meme	DONE
p51826.af3.4.meme	DONE
p35227.af3.4.meme	DONE
b4dgn3.af3.4.meme	DONE
a0a8i5qkx4.af3.4.meme	DONE
q6pk66.af3.5.meme	DONE
a0a8v8tlt3_dimer.af3.1.meme	DONE
a0a8v8tmk4.af3.3.meme	DONE
g3v162.af3.5.meme	DONE
a0a1x7sc99.af3.3.meme	DONE
e5rfv4.af3.4.meme	DONE
q86w54.af3.2.meme	DONE
k7emp1.af3.3.meme	DONE
a0a994j434.af3.1.meme	DONE
a0a1w2ppf3_monomer.af3.1.meme	DONE
a0a8v8tmc2.af3.1.meme	DONE
a0a0c4dgp9_dimer.af3.3.meme	DONE
a0a994j782.af3.0.meme	DONE
b4dsr0.af3.1.meme	DONE
a0a3b3itj8_monomer.af3.4.meme	DONE
a0a804hiq7.af3.1.meme	DONE
a0a804hkj0.af3.3.meme	DONE
a0a3b3isw5_monomer.af3.2.meme	DONE
a0a804his1.af3.0.meme	DONE
a0a0s2z4q3.af3.4.meme	DONE
a0a804hj45.af3.1.meme	DONE
a0a804hj42.af3.5.meme	DONE
a0a0c4dgq9_monomer.af3.4.meme	DONE
q9uhx1.af3.5.meme	DONE
a0a804hkx0.af3.5.meme	DONE
d2whg0.af3.2.meme	DONE
c9jzz6.af3.1.meme	DONE
a0a8v8tmg8.af3.3.meme	DONE
q9h2m1_monomer.af3.5.meme	DONE
a0a286r9d9.af3.2.meme	DONE
c9jsz1.af3.3.meme	DONE
a0a0a0ms90.af3.2.meme	DONE
a0a0a0mte9.af3.3.meme	DONE
a3f769.af3.2.meme	DONE
a0a8v8tlt3_dimer.af3.0.meme	DONE
q9y5q9.af3.2.meme	DONE
a0a087wxa8_monomer.af3.5.meme	DONE
a0pj47.af3.2.meme	DONE
a0a8i5kua2.af3.0.meme	DONE
a0aaq5bh52.af3.0.meme	DONE
a0a8q3sir0.af3.3.meme	DONE
h7c1q0.af3.5.meme	DONE
q13835.af3.3.meme	DONE
a0a994j6l7.af3.4.meme	DONE
b1aqp5.af3.5.meme	DONE
b7z2z1.af3.5.meme	DONE
q59fu3.af3.3.meme	DONE
a0a1b0gwh4_monomer.af3.3.meme	DONE
d6rj00.af3.4.meme	DONE
c9jvq7.af3.0.meme	DONE
b4dra9.af3.4.meme	DONE
a0a8i5krr0.af3.2.meme	DONE
q9h2m1.af3.5.meme	DONE
a0a1u9x8r9.af3.5.meme	DONE
q86ve0.af3.5.meme	DONE
b4dra9.af3.0.meme	DONE
c9jed5.af3.5.meme	DONE
a0a1b0gw50.af3.2.meme	DONE
a0a384mdx9.af3.4.meme	DONE
a0a3b3irm3.af3.3.meme	DONE
q13148.af3.2.meme	DONE
a0a2r8ye36.af3.5.meme	DONE
a0a994j782.af3.3.meme	DONE
q9nyf8.af3.5.meme	DONE
c9jp21_dimer.af3.0.meme	DONE
a0a994j4s7.af3.3.meme	DONE
b7z4w0.af3.4.meme	DONE
c9j330.af3.1.meme	DONE
h0yka1.af3.4.meme	DONE
a0a1w2ppk0_monomer.af3.3.meme	DONE
q8n5a5.af3.0.meme	DONE
a0aa75i0p0.af3.2.meme	DONE
a0a3b3irz6.af3.1.meme	DONE
a0a8v8tlt3_dimer.af3.4.meme	DONE
q9haj7.af3.2.meme	DONE
q9y5n6.af3.2.meme	DONE
a0a075b7g4_monomer.af3.5.meme	DONE
a0a3b3iue2_monomer.af3.4.meme	DONE
q59gq8.af3.0.meme	DONE
q13342.af3.3.meme	DONE
a0a8v8tmc2.af3.0.meme	DONE
c9jll5.af3.2.meme	DONE
a0a087x0m6.af3.3.meme	DONE
q92945.af3.2.meme	DONE
a0a0c4dgq9_dimer.af3.1.meme	DONE
a0a087wzq2.af3.0.meme	DONE
q5t6w2.af3.3.meme	DONE
b4dff1.af3.1.meme	DONE
q9brq8.af3.1.meme	DONE
b4duq1.af3.5.meme	DONE
e9ppa1_dimer.af3.0.meme	DONE
a0a3b3itl3_monomer.af3.5.meme	DONE
c9jlb1.af3.2.meme	DONE
a0a804hiq7.af3.3.meme	DONE
q9ufw8.af3.3.meme	DONE
a0a1w2ppf3_monomer.af3.5.meme	DONE
c9iyg9.af3.3.meme	DONE
a0a8q3sit7_dimer.af3.1.meme	DONE
e9ppa1_dimer.af3.1.meme	DONE
c9j8y5.af3.0.meme	DONE
a0a2r8y6x0.af3.5.meme	DONE
d6rfi6.af3.3.meme	DONE
a0a1w2ppk0.af3.1.meme	DONE
b4dgn3.af3.2.meme	DONE
a0a384mtx4.af3.3.meme	DONE
a0a2r8yew3_monomer.af3.3.meme	DONE
a0a804hj42_monomer.af3.5.meme	DONE
o43918.af3.2.meme	DONE
c9jgt5.af3.0.meme	DONE
a0a994j5c6.af3.5.meme	DONE
a0a804hk02.af3.1.meme	DONE
q9y5n6.af3.4.meme	DONE
a0a7i2v535.af3.3.meme	DONE
a0a0a0mqw0.af3.2.meme	DONE
q9h307.af3.5.meme	DONE
q9ujv8.af3.0.meme	DONE
a0a3b3irm3.af3.2.meme	DONE
a0a669kbj7.af3.1.meme	DONE
a0a994j5r8.af3.4.meme	DONE
q6ekj0.af3.2.meme	DONE
a0a7i2v535.af3.2.meme	DONE
a0a0a0mt58.af3.1.meme	DONE
a0a4p8d7f0.af3.3.meme	DONE
a8k329.af3.0.meme	DONE
a0a669kb72_dimer.af3.3.meme	DONE
m0r040.af3.2.meme	DONE
q13835.af3.4.meme	DONE
q9nzx4.af3.0.meme	DONE
a0a0s2z4k2.af3.4.meme	DONE
a1a519.af3.1.meme	DONE
q8ixz2.af3.2.meme	DONE
q9p043.af3.0.meme	DONE
a0a7i2v464.af3.5.meme	DONE
a0a087ww90.af3.1.meme	DONE
q9nyf8.af3.3.meme	DONE
a0a3b3isn1.af3.1.meme	DONE
a0a0a0mtt2_monomer.af3.0.meme	DONE
a0a8v8tls8.af3.1.meme	DONE
q05cg3.af3.1.meme	DONE
h0yai5.af3.3.meme	DONE
a0a0s2z6h0.af3.4.meme	DONE
q8n187.af3.4.meme	DONE
c9iyg9.af3.4.meme	DONE
a0a3b3itl5.af3.3.meme	DONE
a0a0j9ywd6.af3.2.meme	DONE
b4drb3.af3.3.meme	DONE
e5rgf1.af3.1.meme	DONE
a0a1w2ppm1.af3.1.meme	DONE
p86452.af3.4.meme	DONE
a0a3b3isn3.af3.4.meme	DONE
g1ui23.af3.1.meme	DONE
a0a4p8d7f0_dimer.af3.4.meme	DONE
q6e433.af3.4.meme	DONE
q6znu6.af3.2.meme	DONE
q9y5q9.af3.4.meme	DONE
a0a3b3isi4.af3.4.meme	DONE
q9bxg8.af3.0.meme	DONE
a0a7i2v2u7.af3.0.meme	DONE
a0a0d9sgd6.af3.2.meme	DONE
q96pu8.af3.5.meme	DONE
a0a8v8tm49_monomer.af3.2.meme	DONE
q8ndx5.af3.2.meme	DONE
m0qxk7.af3.3.meme	DONE
a0a8i5krr0.af3.4.meme	DONE
a0a0c4dh12.af3.2.meme	DONE
q9br39.af3.0.meme	DONE
q9h307.af3.2.meme	DONE
a0a2r8y6x0_monomer.af3.4.meme	DONE
d6rat8.af3.1.meme	DONE
x5dr09.af3.3.meme	DONE
a0a1w2ppm1_monomer.af3.3.meme	DONE
q9y2t7.af3.0.meme	DONE
d6rj00.af3.0.meme	DONE
e5riw4.af3.4.meme	DONE
a0a669kbk7.af3.3.meme	DONE
a0a087wxa8_monomer.af3.2.meme	DONE
a0a1u9x8w6.af3.2.meme	DONE
a0a0s2z5g4.af3.4.meme	DONE
q8tf63.af3.5.meme	DONE
q5tgy3.af3.1.meme	DONE
a0a494c1k3.af3.5.meme	DONE
a0a286r9d9.af3.3.meme	DONE
a0a3f2ynw7.af3.0.meme	DONE
q7z591.af3.1.meme	DONE
a0a8q3sit7.af3.0.meme	DONE
a0a087wv68.af3.2.meme	DONE
d6re06.af3.4.meme	DONE
o94776.af3.5.meme	DONE
q6zs99.af3.1.meme	DONE
q14151.af3.0.meme	DONE
q15573.af3.0.meme	DONE
q3lib3.af3.1.meme	DONE
p82970.af3.5.meme	DONE
q14966.af3.0.meme	DONE
b4dff1.af3.0.meme	DONE
c9jp21.af3.0.meme	DONE
q9ulw3.af3.1.meme	DONE
a0a1b0gub4_monomer.af3.1.meme	DONE
a0aag2uwq9.af3.1.meme	DONE
q6zp45.af3.0.meme	DONE
a0a7i2v428.af3.5.meme	DONE
h0yfy4.af3.1.meme	DONE
a0a1b0gwh4.af3.5.meme	DONE
a0a3b3irx0.af3.4.meme	DONE
a5pkw7.af3.4.meme	DONE
q6ipl9.af3.4.meme	DONE
a0a994j5q4.af3.4.meme	DONE
q9bvi0.af3.3.meme	DONE
a0a9l9pxl4.af3.4.meme	DONE
x5dr09.af3.0.meme	DONE
a0a1w2ppk0_monomer.af3.2.meme	DONE
x5d939.af3.4.meme	DONE
a0a8q3sit7_monomer.af3.5.meme	DONE
a0a0a0mte9.af3.4.meme	DONE
q6zv50.af3.1.meme	DONE
x5d982.af3.3.meme	DONE
a0a0c4dgp9_dimer.af3.0.meme	DONE
q14151.af3.2.meme	DONE
a0a3b3iue2_monomer.af3.1.meme	DONE
c9j8y5.af3.4.meme	DONE
a0a087x0m6.af3.1.meme	DONE
a0a1w2ppf3.af3.4.meme	DONE
a0a8v8tmg8.af3.2.meme	DONE
a0a8v8tmk4_dimer.af3.0.meme	DONE
a0a0d9sgd6.af3.4.meme	DONE
j3ks51.af3.4.meme	DONE
k7enc1.af3.3.meme	DONE
q5jri7.af3.4.meme	DONE
b7zlp5.af3.3.meme	DONE
a0a8v8tna6_monomer.af3.0.meme	DONE
a0a1w2pq54.af3.1.meme	DONE
h0yka1.af3.0.meme	DONE
a0a0s2z4l6.af3.2.meme	DONE
p55197.af3.4.meme	DONE
k7eph6.af3.5.meme	DONE
b1akc8.af3.4.meme	DONE
q6znu6.af3.4.meme	DONE
p78365.af3.5.meme	DONE
b4dwa0.af3.4.meme	DONE
a0a8v8tpf3.af3.1.meme	DONE
q86w52.af3.4.meme	DONE
a0a1w2ppk0.af3.2.meme	DONE
h0yhg0.af3.3.meme	DONE
a0a087wvz7.af3.3.meme	DONE
a0a0c4dgq3.af3.2.meme	DONE
a0a0s2z4g1.af3.3.meme	DONE
a0a8v8tr16.af3.1.meme	DONE
q13835.af3.5.meme	DONE
q05cg3.af3.4.meme	DONE
a0a8f9s2z6.af3.4.meme	DONE
a0a090n8e5_monomer.af3.2.meme	DONE
a0a669kbj7_monomer.af3.1.meme	DONE
q96qc0.af3.4.meme	DONE
x5dnp5.af3.1.meme	DONE
p29692.af3.1.meme	DONE
a0a0a0mtk1_monomer.af3.3.meme	DONE
a0a3b3iu83.af3.2.meme	DONE
d6rjh2.af3.0.meme	DONE
q6zp45.af3.4.meme	DONE
q13344.af3.4.meme	DONE
a0a8v8tpi9.af3.5.meme	DONE
q8tbr3.af3.0.meme	DONE
a0a4p8d7f0_dimer.af3.2.meme	DONE
q9ulw3.af3.4.meme	DONE
a0a3b3itj8_monomer.af3.1.meme	DONE
a0aa75i0p0.af3.5.meme	DONE
b3ktp9.af3.5.meme	DONE
a0a8v8tlt3.af3.3.meme	DONE
q15651.af3.1.meme	DONE
a0a8q3sit7.af3.2.meme	DONE
q9nzx4.af3.2.meme	DONE
a0a0s2z4k4.af3.2.meme	DONE
q14781.af3.3.meme	DONE
a0a3b3is14.af3.0.meme	DONE
h0yfy4.af3.3.meme	DONE
a0a0a0ms90.af3.3.meme	DONE
q9btl4.af3.4.meme	DONE
a0a3b3isn1.af3.2.meme	DONE
e9pq56.af3.2.meme	DONE
a0a3b3it59.af3.5.meme	DONE
q53qz9.af3.2.meme	DONE
a0a804hjz1.af3.2.meme	DONE
a3f768.af3.2.meme	DONE
m0qzd2.af3.0.meme	DONE
a0a804hiq7.af3.2.meme	DONE
q86w54.af3.1.meme	DONE
q96pu8.af3.2.meme	DONE
a0a994j6u9.af3.2.meme	DONE
c9jzz6.af3.3.meme	DONE
a0a0c4dgb4.af3.0.meme	DONE
p82970.af3.4.meme	DONE
a0a0s2z5c2.af3.4.meme	DONE
a0a8q3sit7_monomer.af3.3.meme	DONE
a0a0s2z658_dimer.af3.0.meme	DONE
q16594.af3.4.meme	DONE
a0a0c4dgq9.af3.2.meme	DONE
q9ulw3.af3.5.meme	DONE
b4drw3.af3.2.meme	DONE
a5ym43.af3.4.meme	DONE
s4r3m9.af3.3.meme	DONE
q9h147.af3.0.meme	DONE
a0a804hi40.af3.1.meme	DONE
x5d939.af3.3.meme	DONE
o75764.af3.5.meme	DONE
a0a7i2v4j2.af3.3.meme	DONE
q9bvi0.af3.1.meme	DONE
f6lhu9.af3.2.meme	DONE
q6zw83.af3.1.meme	DONE
q8wuy0.af3.0.meme	DONE
q5jri7.af3.5.meme	DONE
a0a0s2z658_monomer.af3.5.meme	DONE
a0a0s2z658_monomer.af3.4.meme	DONE
q9bzy1.af3.3.meme	DONE
a0a8v8tlt3.af3.5.meme	DONE
q59fs0.af3.2.meme	DONE
q5sy21.af3.3.meme	DONE
a0a0s2z658.af3.0.meme	DONE
a0a994j4n4.af3.2.meme	DONE
a0a0j9yx80.af3.1.meme	DONE
a0a3b3irt9_monomer.af3.0.meme	DONE
q9hcu5.af3.2.meme	DONE
x5d2j9.af3.3.meme	DONE
q9nzx4.af3.3.meme	DONE
a0a0s2z5x3.af3.2.meme	DONE
a0a090n8e5.af3.5.meme	DONE
d6rj00.af3.3.meme	DONE
a0a1u9x8w3.af3.1.meme	DONE
a0a8c8ki72.af3.0.meme	DONE
b4dwa0.af3.0.meme	DONE
a0a8v8tna6.af3.4.meme	DONE
a0a1w2ppm1_monomer.af3.1.meme	DONE
a0a7i2v535.af3.1.meme	DONE
e5rfv4.af3.1.meme	DONE
q75mx6.af3.1.meme	DONE
q15651.af3.2.meme	DONE
a0a669kb72.af3.3.meme	DONE
a0a7p0z4m5.af3.2.meme	DONE
a0a8c8ki72.af3.1.meme	DONE
b4dg61.af3.5.meme	DONE
a0a090n7t3_monomer.af3.0.meme	DONE
a0a3b3itj8_monomer.af3.3.meme	DONE
a0a994j4e9.af3.3.meme	DONE
a0a087wyr5_monomer.af3.0.meme	DONE
a0a0s2z4g1.af3.4.meme	DONE
h7by16.af3.0.meme	DONE
a0a0s2z658_dimer.af3.2.meme	DONE
q92804.af3.5.meme	DONE
a0a0a0mqr4.af3.5.meme	DONE
q13342.af3.4.meme	DONE
a0a8c8ki72.af3.5.meme	DONE
a0a087wyr5.af3.0.meme	DONE
a0a090n8e5_dimer.af3.4.meme	DONE
i3l373.af3.0.meme	DONE
c9jca9.af3.1.meme	DONE
q9p043.af3.1.meme	DONE
a0a384mtx4.af3.5.meme	DONE
a0a7i2v699.af3.3.meme	DONE
x5d982.af3.1.meme	DONE
a0a494c1k3_dimer.af3.0.meme	DONE
q8ndx5.af3.4.meme	DONE
a0a669kb72.af3.1.meme	DONE
a8k329.af3.4.meme	DONE
q59g24.af3.5.meme	DONE
a0a3b3irt9_monomer.af3.4.meme	DONE
a0a8q3sir0_monomer.af3.1.meme	DONE
f4zw63.af3.2.meme	DONE
a0a0c4dfn0.af3.3.meme	DONE
q8nhz1.af3.5.meme	DONE
a0a2r8yew3.af3.0.meme	DONE
q13765.af3.4.meme	DONE
q9h2m1.af3.3.meme	DONE
a0a0s2z4k5_monomer.af3.0.meme	DONE
q6ibq5.af3.2.meme	DONE
q13835.af3.2.meme	DONE
a0a3b3irf0.af3.0.meme	DONE
a3f769.af3.3.meme	DONE
a0a1b0gub4_monomer.af3.4.meme	DONE
e9peb5.af3.3.meme	DONE
a0a8v8tmc2.af3.5.meme	DONE
a0a8i5kqy1.af3.5.meme	DONE
a0a3f2ynw7.af3.4.meme	DONE
a0a8v8tpi9.af3.4.meme	DONE
a0a140vk21_monomer.af3.1.meme	DONE
a0a8i5kuq1.af3.1.meme	DONE
u3kqf6.af3.1.meme	DONE
a0a0c4dgq9_dimer.af3.4.meme	DONE
v9gy48.af3.4.meme	DONE
d6rfi6.af3.2.meme	DONE
a0a0a0ms90.af3.5.meme	DONE
h0yhg0.af3.0.meme	DONE
a5ym43.af3.1.meme	DONE
q9bxg8.af3.3.meme	DONE
a0a8v8tp18.af3.3.meme	DONE
a0a0s2q0b1.af3.3.meme	DONE
h7c1q0.af3.2.meme	DONE
a0a1z1g4m2.af3.2.meme	DONE
c9k0l9.af3.0.meme	DONE
a8k9w7.af3.0.meme	DONE
q14781.af3.4.meme	DONE
a0a3b3itl5.af3.2.meme	DONE
a0a8i5krb5.af3.2.meme	DONE
a0a1x7sc99.af3.2.meme	DONE
m0r2m8.af3.2.meme	DONE
a0a0c4dgr5_monomer.af3.1.meme	DONE
q6e433.af3.5.meme	DONE
a0a994j6t5.af3.1.meme	DONE
h0ykl0_dimer.af3.5.meme	DONE
a0a0a0mtt2.af3.0.meme	DONE
a0a494c0q7.af3.0.meme	DONE
b4dgv6.af3.5.meme	DONE
c9jc04.af3.5.meme	DONE
b3kn18.af3.1.meme	DONE
m0r2m8.af3.4.meme	DONE
a0a2r8yew3_monomer.af3.5.meme	DONE
a0a0c4dgp9.af3.0.meme	DONE
q7z591.af3.5.meme	DONE
b3ktp9.af3.4.meme	DONE
d6re06.af3.1.meme	DONE
a0a7i2v4n2.af3.2.meme	DONE
a0a804hk30.af3.5.meme	DONE
a0a8i5kvb5_monomer.af3.1.meme	DONE
a0a8i5kua2.af3.2.meme	DONE
a0a0s2z5c2.af3.1.meme	DONE
c9jed5.af3.4.meme	DONE
a0a140vjp0.af3.3.meme	DONE
x5d2j9.af3.5.meme	DONE
a0a994j7z0.af3.1.meme	DONE
b4dhk1.af3.5.meme	DONE
a0a2r8yew3.af3.5.meme	DONE
a0a8v8tpf3.af3.4.meme	DONE
a0a1b0gw50.af3.4.meme	DONE
a0a2r8yed2.af3.2.meme	DONE
a0a994j5q4.af3.2.meme	DONE
b8zz38.af3.2.meme	DONE
p0c7t5.af3.3.meme	DONE
a0a0s2z4l6_dimer.af3.4.meme	DONE
a0a804hic1.af3.1.meme	DONE
a0a804hl40.af3.0.meme	DONE
a0a8v8tpf3.af3.5.meme	DONE
p42568.af3.4.meme	DONE
q13344.af3.0.meme	DONE
f4zw63.af3.0.meme	DONE
x5dr09.af3.1.meme	DONE
a0a994j4s7.af3.2.meme	DONE
a0a8v8tpf3_dimer.af3.4.meme	DONE
h0yem1.af3.3.meme	DONE
a0a3b3irf0.af3.3.meme	DONE
a0a7p0n7c4.af3.0.meme	DONE
b4dra9.af3.3.meme	DONE
a8k964.af3.3.meme	DONE
a0a0a0msl2.af3.1.meme	DONE
h0yem1.af3.0.meme	DONE
m0r2m8.af3.5.meme	DONE
a0a0a0n0m3.af3.0.meme	DONE
a0a3b3irm3.af3.5.meme	DONE
q86ve0.af3.2.meme	DONE
p61978.af3.4.meme	DONE
a0a0s2z4j5.af3.2.meme	DONE
a0a0c4dgq9_dimer.af3.5.meme	DONE
a0a3b3isp2.af3.2.meme	DONE
a0a0c4dgq3.af3.1.meme	DONE
a0a994j705.af3.1.meme	DONE
a0a3b3isi4.af3.5.meme	DONE
a0a8v8tmc2.af3.3.meme	DONE
q6nun2.af3.4.meme	DONE
a0a994j3q8.af3.4.meme	DONE
a0a0s2z696.af3.3.meme	DONE
a0a2r8y6x0_monomer.af3.5.meme	DONE
a0a0g2js52.af3.1.meme	DONE
d6rjh2.af3.1.meme	DONE
o60829.af3.1.meme	DONE
a0a3b3is61.af3.0.meme	DONE
q9ujv8.af3.4.meme	DONE
p23193.af3.5.meme	DONE
v9gy27.af3.2.meme	DONE
a0a087x2f1_monomer.af3.5.meme	DONE
c9k0l9.af3.5.meme	DONE
a0a7i2v5m5.af3.5.meme	DONE
a0a087x2f1_monomer.af3.4.meme	DONE
c9jc04.af3.0.meme	DONE
a0a087wxq5.af3.4.meme	DONE
q99732.af3.5.meme	DONE
a0a087wxq5.af3.1.meme	DONE
q9haj7.af3.1.meme	DONE
a0a2r8yew3.af3.2.meme	DONE
q14151.af3.1.meme	DONE
q86ve0.af3.4.meme	DONE
q6zvd7.af3.5.meme	DONE
b4dkm1.af3.5.meme	DONE
q561w4.af3.1.meme	DONE
a0a804hi14.af3.3.meme	DONE
e9pda6.af3.2.meme	DONE
a0a8v8tmc2.af3.4.meme	DONE
a0aa34qvt6_monomer.af3.4.meme	DONE
a0a3b3irt9_monomer.af3.5.meme	DONE
b8zz38.af3.4.meme	DONE
q6ib64.af3.1.meme	DONE
c9izc5.af3.4.meme	DONE
a0a994j5r8.af3.0.meme	DONE
q86w52.af3.3.meme	DONE
a0a8i5kvb5_monomer.af3.2.meme	DONE
a0a087x0m6_monomer.af3.2.meme	DONE
a0a3b3it59.af3.4.meme	DONE
c9jp21_dimer.af3.4.meme	DONE
a0a1c7cyx1.af3.4.meme	DONE
b4dff1.af3.2.meme	DONE
b4dta2.af3.1.meme	DONE
a0a087x2f1_dimer.af3.5.meme	DONE
a0a0a0mrl0.af3.0.meme	DONE
b4dt31.af3.1.meme	DONE
q3lib3.af3.4.meme	DONE
a0a1u9x8w3.af3.4.meme	DONE
q9ufw8.af3.5.meme	DONE
e9ppa1.af3.2.meme	DONE
q53qz9.af3.5.meme	DONE
a0a669kb50.af3.2.meme	DONE
q8tf63.af3.1.meme	DONE
p18583.af3.4.meme	DONE
a0a669kb72_monomer.af3.0.meme	DONE
e7ew50.af3.3.meme	DONE
a0a1w2ppk0_dimer.af3.4.meme	DONE
a0a804hj42_monomer.af3.3.meme	DONE
q59h09.af3.2.meme	DONE
p29692.af3.3.meme	DONE
a0a0c4dgp9_monomer.af3.3.meme	DONE
q59h57.af3.4.meme	DONE
q86up8.af3.3.meme	DONE
h7c528.af3.4.meme	DONE
b4e389.af3.3.meme	DONE
a0a994j4c0.af3.4.meme	DONE
a0a087x260.af3.5.meme	DONE
d6rat8.af3.3.meme	DONE
a0a0c4dgr5_monomer.af3.0.meme	DONE
a0a3b3itl3_monomer.af3.2.meme	DONE
a0a8i5qkx4.af3.2.meme	DONE
a0a804hjz1.af3.0.meme	DONE
a0a087wyr5.af3.4.meme	DONE
q06455.af3.5.meme	DONE
a0a994j5c6.af3.1.meme	DONE
q86wp2.af3.0.meme	DONE
a0a804hjz1.af3.5.meme	DONE
a0a8v8tm49_dimer.af3.1.meme	DONE
b4drb3.af3.2.meme	DONE
q59ei0.af3.1.meme	DONE
q6zvd7.af3.4.meme	DONE
a0a0a0mte9.af3.5.meme	DONE
q96s65.af3.0.meme	DONE
q6e433.af3.3.meme	DONE
q5t284.af3.5.meme	DONE
q6zvd7.af3.3.meme	DONE
x6r6z1.af3.2.meme	DONE
q9ujv8.af3.5.meme	DONE
a0a3b3irz6.af3.5.meme	DONE
f8wcv6.af3.0.meme	DONE
q86up8.af3.2.meme	DONE
a0a0c4dgr5.af3.4.meme	DONE
b1akp7.af3.4.meme	DONE
a0a3b3itl3_monomer.af3.0.meme	DONE
a0a494c0h6.af3.3.meme	DONE
p61978.af3.1.meme	DONE
p58340.af3.3.meme	DONE
c9jp21_monomer.af3.3.meme	DONE
p78365.af3.3.meme	DONE
p18583.af3.3.meme	DONE
a0a087wvz7.af3.4.meme	DONE
q5t6w2.af3.4.meme	DONE
q8wyn3.af3.0.meme	DONE
h0ykl0.af3.3.meme	DONE
q9h2m1_dimer.af3.0.meme	DONE
a0a140vk21.af3.0.meme	DONE
a0a3b3its6.af3.3.meme	DONE
a0a7p0z4m5.af3.5.meme	DONE
a0a494bzv4.af3.1.meme	DONE
a0a0s2z4k2.af3.2.meme	DONE
a0a8v8tm49_monomer.af3.1.meme	DONE
a0a140vk21_dimer.af3.4.meme	DONE
e7ew50.af3.1.meme	DONE
q9bvi0.af3.2.meme	DONE
a0a3b3isb6.af3.4.meme	DONE
b3kn18.af3.4.meme	DONE
a0a8q3sit7.af3.4.meme	DONE
q99732.af3.1.meme	DONE
q86wp2.af3.3.meme	DONE
h7c1q0.af3.4.meme	DONE
b4dv67.af3.2.meme	DONE
q2nld4.af3.5.meme	DONE
a0a087wyf4_monomer.af3.0.meme	DONE
q9h307.af3.4.meme	DONE
x5d2j9.af3.4.meme	DONE
o43593.af3.2.meme	DONE
q499g6.af3.5.meme	DONE
a0a494c0u8_monomer.af3.5.meme	DONE
q15424.af3.4.meme	DONE
a0a7p0z4m5.af3.1.meme	DONE
a0a8i5qjc6.af3.4.meme	DONE
a0a994j5b8.af3.1.meme	DONE
a0a087wva2.af3.1.meme	DONE
q6nth1.af3.2.meme	DONE
a0a994j6l7.af3.5.meme	DONE
c9izl7.af3.5.meme	DONE
q969f1.af3.0.meme	DONE
q92804.af3.2.meme	DONE
a0a087wyr5_monomer.af3.2.meme	DONE
a0a669kbj7_monomer.af3.2.meme	DONE
b2cw77.af3.1.meme	DONE
a0a8i5kuq1.af3.0.meme	DONE
b1aqp5.af3.0.meme	DONE
q96pu8.af3.4.meme	DONE
a0a0s2z5m2.af3.3.meme	DONE
a0a1b0gw50_monomer.af3.4.meme	DONE
a0a804hk02.af3.3.meme	DONE
a0a0c5b5g6.af3.3.meme	DONE
a0a1u9x8r9.af3.1.meme	DONE
q8wyn3.af3.5.meme	DONE
a0a0a0msi2.af3.2.meme	DONE
q13342.af3.2.meme	DONE
d6rj00.af3.5.meme	DONE
a0a0c4dgm2_dimer.af3.0.meme	DONE
a0a1b0gwh4_monomer.af3.1.meme	DONE
q6pk66.af3.4.meme	DONE
f5h2a4.af3.3.meme	DONE
a0a994j4u9.af3.4.meme	DONE
q9brq8.af3.2.meme	DONE
a0a0s2z6h0.af3.2.meme	DONE
a0a8v8tna6.af3.5.meme	DONE
a0a8v8tmg8_monomer.af3.3.meme	DONE
v9gy48.af3.0.meme	DONE
a0a804hk02.af3.5.meme	DONE
q9hcu5.af3.4.meme	DONE
a0aaq5big2.af3.1.meme	DONE
a0a804hk02.af3.4.meme	DONE
c9jsz1.af3.5.meme	DONE
q59gq8.af3.3.meme	DONE
o15226.af3.3.meme	DONE
a0a8i5kvb5_monomer.af3.4.meme	DONE
q8wuy0.af3.4.meme	DONE
a0a087wyr5.af3.2.meme	DONE
a0a804hl40.af3.1.meme	DONE
q86w54.af3.4.meme	DONE
q5sy21.af3.5.meme	DONE
b4dgv6.af3.0.meme	DONE
c9izl7.af3.2.meme	DONE
a2i829.af3.2.meme	DONE
q15109.af3.4.meme	DONE
a0a804hi14.af3.4.meme	DONE
a0a0a0mtt2_monomer.af3.2.meme	DONE
a0a669kbk7.af3.5.meme	DONE
a0a1b0gv48.af3.4.meme	DONE
a0a494c0i1_monomer.af3.5.meme	DONE
a0a384mtx4.af3.2.meme	DONE
v9gy48.af3.5.meme	DONE
a0a0c5b5g6.af3.4.meme	DONE
a0a2r8yed2.af3.3.meme	DONE
a0a804hki2.af3.1.meme	DONE
q9p043.af3.5.meme	DONE
q59g24.af3.4.meme	DONE
a0a994j4e9.af3.2.meme	DONE
a0a3b3isp2.af3.1.meme	DONE
q2l6i0.af3.4.meme	DONE
q6pgr4.af3.0.meme	DONE
q96b42.af3.2.meme	DONE
q07352.af3.2.meme	DONE
b4dt31.af3.2.meme	DONE
a0a3b3it59.af3.2.meme	DONE
a0a0a0mrl0.af3.5.meme	DONE
a0a0s2z4k4.af3.1.meme	DONE
m0qzd2.af3.3.meme	DONE
a0a669kbc9.af3.4.meme	DONE
a0a2r8ycl6.af3.5.meme	DONE
p51826.af3.1.meme	DONE
q499g6.af3.1.meme	DONE
a0a3b3isn3.af3.1.meme	DONE
q6zp45.af3.1.meme	DONE
q9y5n6.af3.3.meme	DONE
a0a7i2v3f3.af3.0.meme	DONE
a0a0s2z658_monomer.af3.3.meme	DONE
a0a0c4dgp9_dimer.af3.5.meme	DONE
a0a3b3is71.af3.3.meme	DONE
a0a0s2z4k4_monomer.af3.1.meme	DONE
a8k964.af3.2.meme	DONE
q499g6.af3.2.meme	DONE
q9uhl9.af3.1.meme	DONE
h3bt57.af3.1.meme	DONE
a0a804hk30.af3.2.meme	DONE
p35659.af3.3.meme	DONE
a0a0c4dgp9_monomer.af3.1.meme	DONE
b3km80.af3.1.meme	DONE
e5rh90.af3.3.meme	DONE
a0a8i5kuq1.af3.4.meme	DONE
b1aqp5.af3.1.meme	DONE
a0a8v8tmg8.af3.5.meme	DONE
b4dsr0.af3.2.meme	DONE
a0a087wtb1_monomer.af3.0.meme	DONE
a0a8v8tm49.af3.5.meme	DONE
c9j8y5.af3.2.meme	DONE
b3km80.af3.4.meme	DONE
a0a2r8y6x0.af3.1.meme	DONE
a0a8i5krb5.af3.5.meme	DONE
a8k329.af3.1.meme	DONE
a0a090n8e5_monomer.af3.0.meme	DONE
p35659.af3.0.meme	DONE
a0a090n7s8.af3.3.meme	DONE
a0a8q3sir0_dimer.af3.1.meme	DONE
a0a669kb50.af3.4.meme	DONE
a0a3b3isp2.af3.4.meme	DONE
a0a0s2z5m2.af3.2.meme	DONE
a0a1u9x8x7.af3.5.meme	DONE
c9jvq7.af3.2.meme	DONE
b4dh52.af3.3.meme	DONE
p0c7t5.af3.5.meme	DONE
a0a0c4dg06.af3.4.meme	DONE
d6rat8.af3.0.meme	DONE
q13344.af3.1.meme	DONE
a0a140vjp0.af3.5.meme	DONE
a0a6e1w9l1.af3.1.meme	DONE
q7l4p6.af3.0.meme	DONE
a0a024r0y4.af3.2.meme	DONE
a0a087wtb1.af3.0.meme	DONE
a0a8v8tna6_monomer.af3.4.meme	DONE
p19338.af3.4.meme	DONE
f8wcv6.af3.3.meme	DONE
h0yau0.af3.5.meme	DONE
q86w52.af3.5.meme	DONE
a0a2r8y6x0.af3.0.meme	DONE
f8vvr8.af3.2.meme	DONE
e9ppa1.af3.3.meme	DONE
a0a087wvz7.af3.2.meme	DONE
a0a7i2v699.af3.5.meme	DONE
q9btl4.af3.3.meme	DONE
a0a0s2z5n0.af3.1.meme	DONE
a0a087wxa8.af3.2.meme	DONE
p51826.af3.0.meme	DONE
q7l4p6.af3.1.meme	DONE
e9ppa1_monomer.af3.1.meme	DONE
a0a4p8d7f0_monomer.af3.3.meme	DONE
f4zw62.af3.2.meme	DONE
a0a804hl40.af3.4.meme	DONE
o00287.af3.3.meme	DONE
q6znu6.af3.5.meme	DONE
a0a804hj45.af3.4.meme	DONE
p82094.af3.5.meme	DONE
a0a1b0gub4_monomer.af3.3.meme	DONE
q8iux7.af3.0.meme	DONE
a0a8q3si57.af3.3.meme	DONE
q13901.af3.3.meme	DONE
q8n187.af3.2.meme	DONE
a0a804hj45.af3.0.meme	DONE
i3l373.af3.3.meme	DONE
a0a494c0i1_monomer.af3.0.meme	DONE
a0a804hjh8.af3.5.meme	DONE
q6zv50.af3.4.meme	DONE
a0a3b3isn1.af3.0.meme	DONE
q5jri7.af3.0.meme	DONE
m0r040.af3.5.meme	DONE
e5rfv4.af3.2.meme	DONE
a0a3b3irt9_monomer.af3.1.meme	DONE
x5d939.af3.1.meme	DONE
x5d982.af3.2.meme	DONE
q9hb58.af3.5.meme	DONE
a0a804hkr5.af3.1.meme	DONE
k7ert3.af3.1.meme	DONE
a0a8v8tm49.af3.2.meme	DONE
a0a804hkr3.af3.5.meme	DONE
q6e433.af3.2.meme	DONE
a0a804hj42_monomer.af3.0.meme	DONE
a0a3b3iu83.af3.5.meme	DONE
f8vzq9.af3.5.meme	DONE
a0a087wxa8_monomer.af3.1.meme	DONE
a0a669kbl4.af3.1.meme	DONE
a0a8v8tpi9.af3.1.meme	DONE
q5bkz1.af3.2.meme	DONE
o60356.af3.3.meme	DONE
q59h57.af3.1.meme	DONE
p57723.af3.0.meme	DONE
a0a7i2v349.af3.3.meme	DONE
h0ykl0_dimer.af3.0.meme	DONE
a0a8v8tm49.af3.4.meme	DONE
e7ew50.af3.2.meme	DONE
a0a804hkr3.af3.3.meme	DONE
a0a6q8ph34.af3.5.meme	DONE
a0a6q8nvi4.af3.2.meme	DONE
a0a8v8tmg8_monomer.af3.4.meme	DONE
a0a3b3iu83.af3.4.meme	DONE
a0a994j4n4.af3.0.meme	DONE
a0a804hj45.af3.3.meme	DONE
q8wxf8.af3.4.meme	DONE
a0a1b0gvk1.af3.2.meme	DONE
a0a8v8tpf3_dimer.af3.1.meme	DONE
f5h2u8.af3.4.meme	DONE
a0a494bzv4.af3.3.meme	DONE
q06455.af3.4.meme	DONE
q15560.af3.1.meme	DONE
b4drw3.af3.4.meme	DONE
q5ec54.af3.2.meme	DONE
a0a090n7t3_monomer.af3.1.meme	DONE
a0a0b5iyb7_monomer.af3.4.meme	DONE
a0a494c0h6.af3.1.meme	DONE
c9jlb1.af3.0.meme	DONE
a0a075b7g4.af3.0.meme	DONE
a0a0a0n0l3.af3.3.meme	DONE
c9iyg9.af3.0.meme	DONE
a0a3f2ynw7.af3.3.meme	DONE
a0a1b0gtj8.af3.2.meme	DONE
q9h147.af3.5.meme	DONE
a0a1w2ppk0.af3.4.meme	DONE
a0a3b3iu83.af3.1.meme	DONE
a0a1b0gv02_monomer.af3.4.meme	DONE
a0a0d9sgd6.af3.5.meme	DONE
a0a994j4c0.af3.2.meme	DONE
q6pgr4.af3.1.meme	DONE
o94776.af3.2.meme	DONE
a0a0c4dgm2_monomer.af3.2.meme	DONE
a0a8i5kx72.af3.2.meme	DONE
q06455.af3.1.meme	DONE
a0a087wt67.af3.0.meme	DONE
q96pu8.af3.0.meme	DONE
q2nlc9.af3.2.meme	DONE
a0a8v8tnl7.af3.1.meme	DONE
p78365.af3.1.meme	DONE
x6r674.af3.5.meme	DONE
a0a3b3is71.af3.5.meme	DONE
a0a0a0n0m3.af3.5.meme	DONE
a0a994j7h0.af3.2.meme	DONE
q5bkz1.af3.4.meme	DONE
a0a3b3irx0.af3.5.meme	DONE
a0a804hhy9.af3.5.meme	DONE
a0a0s2z4q3.af3.1.meme	DONE
a0a087x2f1.af3.4.meme	DONE
q6ib64.af3.2.meme	DONE
b4dff1.af3.3.meme	DONE
b4drb3.af3.4.meme	DONE
a0a087x260.af3.1.meme	DONE
e5rg59.af3.3.meme	DONE
a0a1b0gv48.af3.3.meme	DONE
a0a0s2z4l6_dimer.af3.1.meme	DONE
a0a804hiv5.af3.1.meme	DONE
a0a090n8f2.af3.2.meme	DONE
e5rh90.af3.0.meme	DONE
b4drb3.af3.1.meme	DONE
a0a6q8ph34.af3.4.meme	DONE
a8k964.af3.4.meme	DONE
a8k9w7.af3.2.meme	DONE
q14781.af3.1.meme	DONE
a0a3f2ypb8.af3.5.meme	DONE
a0a8f9s2z6.af3.3.meme	DONE
a0a804hj42.af3.0.meme	DONE
q96s65.af3.1.meme	DONE
p82094.af3.0.meme	DONE
q9haj7.af3.0.meme	DONE
e5rgf1.af3.2.meme	DONE
k7eph6.af3.1.meme	DONE
g3v162.af3.0.meme	DONE
a0a8v8tna6.af3.0.meme	DONE
a0a0s2z4k5_monomer.af3.5.meme	DONE
a0a6q8nvi4.af3.1.meme	DONE
e5rg59.af3.0.meme	DONE
q53t94.af3.3.meme	DONE
o94776.af3.3.meme	DONE
q53qz9.af3.1.meme	DONE
a0a087x0m6_monomer.af3.3.meme	DONE
h0yau0.af3.0.meme	DONE
a0a0s2z4l6.af3.5.meme	DONE
m0r2m8.af3.0.meme	DONE
a0a090n8e5.af3.4.meme	DONE
q9btp6.af3.3.meme	DONE
p82970.af3.3.meme	DONE
q6zv50.af3.5.meme	DONE
a0a0s2z658.af3.1.meme	DONE
q9y5n6.af3.1.meme	DONE
u3kqf6.af3.3.meme	DONE
q9h930.af3.0.meme	DONE
a0a8v8tls8.af3.0.meme	DONE
a0a804hkx0.af3.1.meme	DONE
a0a1b0gw50_monomer.af3.1.meme	DONE
a0a804hiv5.af3.4.meme	DONE
q5ec54.af3.3.meme	DONE
a0a1b0gwj2.af3.5.meme	DONE
q9y237.af3.0.meme	DONE
d2whg0.af3.3.meme	DONE
a0a8v8tpf3_dimer.af3.3.meme	DONE
a0a0a0mte9.af3.1.meme	DONE
a0a087wva2_monomer.af3.5.meme	DONE
a0a6q8ph34.af3.0.meme	DONE
a0a0s2q0b1.af3.0.meme	DONE
a0a994j4s7.af3.1.meme	DONE
q8iux7.af3.4.meme	DONE
h0ykl0_monomer.af3.2.meme	DONE
a0a1b0gwj2.af3.3.meme	DONE
h0ych1.af3.0.meme	DONE
h0yem1.af3.2.meme	DONE
b7zlp5.af3.1.meme	DONE
g1ui23.af3.0.meme	DONE
a0a140vk21_monomer.af3.4.meme	DONE
a0a0s2z4k4_dimer.af3.2.meme	DONE
b4dwl1.af3.5.meme	DONE
c9jzz6.af3.2.meme	DONE
q5tgy3.af3.5.meme	DONE
b4dy09.af3.4.meme	DONE
a0a494c0q7.af3.2.meme	DONE
a0a087wtb1_monomer.af3.1.meme	DONE
a0a494c0i1_monomer.af3.3.meme	DONE
a0a0c4dgb4_monomer.af3.5.meme	DONE
x5dnp5.af3.3.meme	DONE
a0a0s2z5x3.af3.4.meme	DONE
q9y2t7.af3.4.meme	DONE
a0a8c8ki72.af3.4.meme	DONE
a0a7i2v699.af3.4.meme	DONE
a0a1w2pq54_monomer.af3.1.meme	DONE
a0a6e1w9l1.af3.3.meme	DONE
a0a0c4dgq9.af3.3.meme	DONE
a0a0s2z4l6.af3.1.meme	DONE
a0a087wt67_monomer.af3.5.meme	DONE
a0a0a0msi2.af3.1.meme	DONE
a0a8v8tpf3_monomer.af3.4.meme	DONE
a0a8v8tr16.af3.5.meme	DONE
m0r2m8.af3.1.meme	DONE
f4zw63.af3.4.meme	DONE
q53fg3.af3.4.meme	DONE
a0a804hig4.af3.2.meme	DONE
e5rfv4.af3.3.meme	DONE
a0a0c4dh12.af3.0.meme	DONE
p49790.af3.3.meme	DONE
a0a1w2ppm1.af3.0.meme	DONE
a0a1w2pq54.af3.4.meme	DONE
v9gy27.af3.0.meme	DONE
a0a8v8tm49_dimer.af3.5.meme	DONE
b7zly0.af3.4.meme	DONE
a0a994j6l7.af3.2.meme	DONE
a0a4p8d7f0.af3.4.meme	DONE
a0a8q3sir0_dimer.af3.0.meme	DONE
a0aa75i0p0.af3.4.meme	DONE
a0a669kbk7.af3.2.meme	DONE
q5tgy3.af3.2.meme	DONE
a0a494c0u8_monomer.af3.2.meme	DONE
a0aa34qvt6.af3.4.meme	DONE
a0a494c1k3_dimer.af3.5.meme	DONE
a0a384mdx9.af3.0.meme	DONE
b4dwa0.af3.3.meme	DONE
a0a494c0u8_monomer.af3.0.meme	DONE
k7eph6.af3.3.meme	DONE
q3lib3.af3.2.meme	DONE
a0a494c1i7.af3.3.meme	DONE
a8k329.af3.2.meme	DONE
b4dh52.af3.2.meme	DONE
q6pgr4.af3.5.meme	DONE
a0a2r8ydq8.af3.5.meme	DONE
q9y237.af3.5.meme	DONE
a0a0s2z4q3.af3.0.meme	DONE
a0a024r3c6.af3.0.meme	DONE
b4dwl1.af3.4.meme	DONE
a0a0a0mth2.af3.2.meme	DONE
h0yhg0.af3.5.meme	DONE
m0qzd2.af3.1.meme	DONE
a0a8i5kuq1.af3.2.meme	DONE
a0a0a0mth2_monomer.af3.0.meme	DONE
a0a804hic1.af3.5.meme	DONE
a0a8v8tlt3_monomer.af3.2.meme	DONE
a0a494c0h6.af3.4.meme	DONE
a8k329.af3.5.meme	DONE
c9jgt5.af3.3.meme	DONE
a0a0a0mte9.af3.2.meme	DONE
e9pfe2.af3.0.meme	DONE
a0a804hl40.af3.5.meme	DONE
a0a0c4dgp9.af3.1.meme	DONE
h0y612.af3.3.meme	DONE
a0a0a0n0l3.af3.0.meme	DONE
f4zw62.af3.3.meme	DONE
a0a1z1g4m2.af3.1.meme	DONE
a0a8v8tmk4.af3.4.meme	DONE
a0a087wt67_monomer.af3.1.meme	DONE
a0a3b3ite4.af3.5.meme	DONE
q14966.af3.2.meme	DONE
q969f1.af3.2.meme	DONE
a0a2r8yf72_monomer.af3.0.meme	DONE
f8wcv6.af3.1.meme	DONE
a0aaq5bh24.af3.5.meme	DONE
k7ert3.af3.5.meme	DONE
q9h147.af3.2.meme	DONE
a0a2r8ycl6.af3.2.meme	DONE
h7c1q0.af3.0.meme	DONE
a0a804hiq7.af3.5.meme	DONE
a0a075b7g4_monomer.af3.1.meme	DONE
a0a1b0gw50.af3.5.meme	DONE
q7z591.af3.4.meme	DONE
q13835.af3.0.meme	DONE
a0a8i5krr0.af3.3.meme	DONE
a0a087wyy0.af3.1.meme	DONE
a0a090n8e5_dimer.af3.3.meme	DONE
o00287.af3.1.meme	DONE
a0aaq5bh24.af3.1.meme	DONE
q8n187.af3.5.meme	DONE
f8vvr8.af3.3.meme	DONE
h0ykl0_monomer.af3.0.meme	DONE
b4dy09.af3.3.meme	DONE
q6zvd7.af3.2.meme	DONE
a0a669kbj7.af3.4.meme	DONE
a0a087x260.af3.3.meme	DONE
c9izl7.af3.1.meme	DONE
f4zw63.af3.3.meme	DONE
q9bzy1.af3.0.meme	DONE
a0a6q8nvi4.af3.5.meme	DONE
q9y237.af3.2.meme	DONE
c9jca9.af3.2.meme	DONE
a0a087wxa8_monomer.af3.3.meme	DONE
m0r2m8.af3.3.meme	DONE
a0a1u9x8x7.af3.4.meme	DONE
a0a0c4dg06.af3.2.meme	DONE
q7z591.af3.3.meme	DONE
e7ew50.af3.5.meme	DONE
a0a669kb50.af3.0.meme	DONE
d6rj00.af3.1.meme	DONE
a0a8v8tpi9.af3.0.meme	DONE
h0yau0.af3.1.meme	DONE
a0a7i2v4n2.af3.5.meme	DONE
a0a0c4dfn0.af3.2.meme	DONE
q9h307.af3.3.meme	DONE
q96b42.af3.1.meme	DONE
a0a3b3isw5_monomer.af3.1.meme	DONE
a0a0c5b5g6.af3.1.meme	DONE
a0a087wvt1.af3.2.meme	DONE
q86wp2.af3.5.meme	DONE
q9h2m1_dimer.af3.2.meme	DONE
q2nlc9.af3.4.meme	DONE
f8vvr8.af3.1.meme	DONE
q9y5q8.af3.0.meme	DONE
q499g6.af3.0.meme	DONE
q06455.af3.0.meme	DONE
e9pl19.af3.0.meme	DONE
a0a3b3isn1.af3.3.meme	DONE
a0a8v8tna6_dimer.af3.3.meme	DONE
a0a8v8tnl7.af3.3.meme	DONE
a0a669kbj7.af3.5.meme	DONE
a0a494c0h6.af3.2.meme	DONE
q06455.af3.3.meme	DONE
a0a669kbk7.af3.4.meme	DONE
a0a0s2z4l6_dimer.af3.0.meme	DONE
a0a0a0mtt2_monomer.af3.4.meme	DONE
x6r6z1.af3.5.meme	DONE
h3bpe7.af3.3.meme	DONE
a0a7p0n7c4.af3.2.meme	DONE
a0a0j9yx80.af3.4.meme	DONE
q16594.af3.2.meme	DONE
q9nzx4.af3.1.meme	DONE
b4dg61.af3.1.meme	DONE
b4dsr0.af3.5.meme	DONE
a0a0c4dgp9_monomer.af3.0.meme	DONE
a0a3f2ypb8.af3.1.meme	DONE
q2nlc9.af3.0.meme	DONE
a0a8v8tpf3.af3.2.meme	DONE
m0r040.af3.4.meme	DONE
q6nth1.af3.1.meme	DONE
a0a804hi14.af3.5.meme	DONE
a0a087wyf4.af3.4.meme	DONE
a0a1w2ppf3.af3.5.meme	DONE
a0a8i5kvb5_dimer.af3.5.meme	DONE
p35227.af3.2.meme	DONE
b2rbk2.af3.1.meme	DONE
q7l4p6.af3.2.meme	DONE
a0a3b3irx5_monomer.af3.2.meme	DONE
a0a2r8ydq8.af3.2.meme	DONE
b4dra9.af3.1.meme	DONE
q6nun2.af3.0.meme	DONE
a0a669kbl4.af3.5.meme	DONE
q96b42.af3.4.meme	DONE
a0a7i2v464.af3.1.meme	DONE
a0a8v8tmk4_monomer.af3.3.meme	DONE
b4e0x8.af3.2.meme	DONE
a0a994j5b8.af3.2.meme	DONE
a0a7i2v2u7.af3.4.meme	DONE
q8n5a5.af3.3.meme	DONE
a5pkw7.af3.2.meme	DONE
q5t6u8.af3.1.meme	DONE
a0a994j5q4.af3.1.meme	DONE
a0a0a0n0l3.af3.4.meme	DONE
q9ulw3.af3.3.meme	DONE
o60356.af3.5.meme	DONE
a0a994j6y5.af3.0.meme	DONE
b7zlp5.af3.0.meme	DONE
b4dt31.af3.4.meme	DONE
p78365.af3.2.meme	DONE
a0a0c4dgm2_monomer.af3.4.meme	DONE
m0qyk9.af3.3.meme	DONE
m0qxk7.af3.1.meme	DONE
a0a994j3q8.af3.5.meme	DONE
h0yka1.af3.1.meme	DONE
b8zz38.af3.3.meme	DONE
a0a0s2q0b1.af3.2.meme	DONE
a0a8i5kua2.af3.4.meme	DONE
a0a1u9x8r9.af3.4.meme	DONE
a0a0j9ywd6.af3.4.meme	DONE
v9gy48.af3.2.meme	DONE
x6r6z1.af3.0.meme	DONE
a0a0s2z4k5_monomer.af3.4.meme	DONE
a0a0a0mtk1_monomer.af3.1.meme	DONE
e5rgf1.af3.5.meme	DONE
a0a2r8yew3.af3.1.meme	DONE
q2l6i0.af3.1.meme	DONE
a0a0s2z4k5.af3.5.meme	DONE
a0a3b3is71.af3.2.meme	DONE
a0a1b0gwh4_monomer.af3.5.meme	DONE
a0a8v8tp18.af3.2.meme	DONE
q8wxf8.af3.3.meme	DONE
q07352.af3.4.meme	DONE
q53t94.af3.5.meme	DONE
a0a0c4dgq9.af3.4.meme	DONE
a0aa75i0p0.af3.3.meme	DONE
b4dta2.af3.2.meme	DONE
a0a804hkr3.af3.4.meme	DONE
q9br39.af3.5.meme	DONE
a0a1x7sc99.af3.5.meme	DONE
h0yka1.af3.5.meme	DONE
q59h57.af3.5.meme	DONE
a0a0d9sf80.af3.4.meme	DONE
a0a7i2v349.af3.4.meme	DONE
a5y0m9.af3.3.meme	DONE
a0a994j4u9.af3.1.meme	DONE
p55197.af3.5.meme	DONE
a0a804hhy9.af3.4.meme	DONE
a0a8i5kvb5.af3.4.meme	DONE
a0a804hk02.af3.0.meme	DONE
a0a6q8ph34.af3.3.meme	DONE
a0a994j434.af3.0.meme	DONE
a0a8i5kwx0.af3.3.meme	DONE
q59fu3.af3.0.meme	DONE
a0a994j5r8_monomer.af3.5.meme	DONE
a0a1u9x8x7.af3.1.meme	DONE
d6rjh2.af3.4.meme	DONE
d6rjh2.af3.2.meme	DONE
b7zlp5.af3.2.meme	DONE
q9nx58.af3.1.meme	DONE
q9h307.af3.0.meme	DONE
a0a087wx29.af3.2.meme	DONE
q0van9.af3.4.meme	DONE
m0qzd2.af3.2.meme	DONE
a0a0j9ywd6.af3.0.meme	DONE
q86up8.af3.5.meme	DONE
c9jvq7.af3.1.meme	DONE
a0a3f2ypb8_monomer.af3.4.meme	DONE
h0ykl0_dimer.af3.2.meme	DONE
b7z4w0.af3.1.meme	DONE
q9nx58.af3.5.meme	DONE
a0a3b3irx0.af3.0.meme	DONE
a0a1w2ppk0_monomer.af3.5.meme	DONE
p58340.af3.0.meme	DONE
q3swv5.af3.0.meme	DONE
a0a494c069.af3.4.meme	DONE
q8hws3.af3.4.meme	DONE
f8wep8.af3.5.meme	DONE
a0a994j7z0.af3.2.meme	DONE
a0a8v8tlt3_dimer.af3.3.meme	DONE
a0a087wvz7.af3.0.meme	DONE
q9br39.af3.3.meme	DONE
a0a1w2ppm1.af3.4.meme	DONE
q59gq8.af3.4.meme	DONE
a0a0s2z4q3.af3.3.meme	DONE
a0a090n8e5.af3.0.meme	DONE
o60356.af3.4.meme	DONE
a0a090n7s8.af3.1.meme	DONE
a0a804hjh8.af3.3.meme	DONE
a0a8v8tpi9.af3.3.meme	DONE
a0a0c4dgp9_dimer.af3.4.meme	DONE
g1ui23.af3.4.meme	DONE
a0a0s2z4k4_monomer.af3.0.meme	DONE
a0a1w2pq54_monomer.af3.4.meme	DONE
a0a087wxq5.af3.3.meme	DONE
b4dgv6.af3.2.meme	DONE
p82094.af3.4.meme	DONE
o43918.af3.4.meme	DONE
o15226.af3.1.meme	DONE
a0a1b0gwh4_monomer.af3.0.meme	DONE
a0a669kbc9.af3.5.meme	DONE
a0a1b0gub4.af3.4.meme	DONE
f8vzq9.af3.0.meme	DONE
q53fg3.af3.0.meme	DONE
q5t284.af3.0.meme	DONE
a0a804hjh8.af3.2.meme	DONE
a0aaq5bh52.af3.5.meme	DONE
p82979.af3.0.meme	DONE
a0a087wxa8.af3.4.meme	DONE
b4dra9.af3.2.meme	DONE
a0a7p0z4m5.af3.4.meme	DONE
b4dgv6.af3.4.meme	DONE
k7ert3.af3.0.meme	DONE
c9j7f3.af3.1.meme	DONE
q6e433.af3.1.meme	DONE
a0a3b3irx5_monomer.af3.5.meme	DONE
o60829.af3.3.meme	DONE
a0a1b0gv02_monomer.af3.2.meme	DONE
q9ugu0.af3.1.meme	DONE
a0a1w2pq54_monomer.af3.2.meme	DONE
o60829.af3.2.meme	DONE
q15573.af3.2.meme	DONE
h3bpe7.af3.2.meme	DONE
q9ufw8.af3.0.meme	DONE
a0a804hlg8.af3.3.meme	DONE
a0a7i2v4j2.af3.2.meme	DONE
a0a0d9sgd6.af3.3.meme	DONE
q9bvi0.af3.5.meme	DONE
x5d939.af3.0.meme	DONE
q6ibq5.af3.4.meme	DONE
b4dv67.af3.1.meme	DONE
a0a1b0gtu5.af3.5.meme	DONE
a0a0d9sf80.af3.3.meme	DONE
a0a804hk30.af3.4.meme	DONE
a0a087wxa8.af3.5.meme	DONE
q13901.af3.5.meme	DONE
q8tf63.af3.0.meme	DONE
a0a8q3sit7.af3.5.meme	DONE
b2cw77.af3.5.meme	DONE
a0a0s2z4z9.af3.4.meme	DONE
a0a384mdx9.af3.3.meme	DONE
a0a0s2z4j5.af3.4.meme	DONE
c9jgt5.af3.4.meme	DONE
p46013.af3.4.meme	DONE
a0a494c069.af3.3.meme	DONE
a0a0s2z4k4.af3.0.meme	DONE
a0a087wyr5_monomer.af3.4.meme	DONE
a0a804hhy9.af3.0.meme	DONE
c9jp21_dimer.af3.2.meme	DONE
a0a994j782.af3.5.meme	DONE
a0a494c0i1_monomer.af3.2.meme	DONE
h7c528.af3.2.meme	DONE
a0a1b0gub4.af3.2.meme	DONE
a0a804hiv5.af3.2.meme	DONE
f8vzq9.af3.1.meme	DONE
q9ufw8.af3.2.meme	DONE
a0a1b0gwh4_monomer.af3.4.meme	DONE
p0c7t5.af3.1.meme	DONE
a0a8i5qjc6.af3.1.meme	DONE
q6zs99.af3.5.meme	DONE
a0a494c0i1.af3.3.meme	DONE
p58340.af3.1.meme	DONE
a0a3b3is61.af3.5.meme	DONE
h0ykl0.af3.5.meme	DONE
a0a087x260.af3.4.meme	DONE
a0a4p8d7f0.af3.5.meme	DONE
a0a804hin4.af3.5.meme	DONE
a0a2r8ycl6.af3.1.meme	DONE
h0yai5.af3.4.meme	DONE
q0van9.af3.2.meme	DONE
g1ui23.af3.3.meme	DONE
a0a8j9gb59.af3.0.meme	DONE
a0a8v8tlt3.af3.4.meme	DONE
q6zw83.af3.3.meme	DONE
a0a3b3isp2.af3.0.meme	DONE
q0van9.af3.3.meme	DONE
a0aaq5bh24.af3.0.meme	DONE
a0a8q3si57.af3.1.meme	DONE
a0a087wyf4.af3.3.meme	DONE
a0a7i2v2u7.af3.3.meme	DONE
b4drb3.af3.0.meme	DONE
a0a140vk21.af3.4.meme	DONE
a0a2r8y6x0_monomer.af3.3.meme	DONE
a0a087x2f1.af3.0.meme	DONE
a0a669kb72_dimer.af3.4.meme	DONE
b2rbk2.af3.4.meme	DONE
a0a494c0u8.af3.0.meme	DONE
a0a994j7a5.af3.1.meme	DONE
f8vzq9.af3.3.meme	DONE
b4dgn3.af3.0.meme	DONE
h0yai5.af3.5.meme	DONE
c9jvq7.af3.4.meme	DONE
a0a0a0msi2.af3.3.meme	DONE
a0a6e1w9l1.af3.5.meme	DONE
c9k0l9.af3.4.meme	DONE
a0a0c4dgq3.af3.0.meme	DONE
a0a494c1k3_monomer.af3.2.meme	DONE
e9pfe2.af3.4.meme	DONE
a0a0c4dgb4.af3.2.meme	DONE
q9y5q9.af3.1.meme	DONE
a0a0s2z4l6_monomer.af3.5.meme	DONE
a0pj47.af3.0.meme	DONE
c9jp21_monomer.af3.2.meme	DONE
q59g24.af3.2.meme	DONE
q5sy21.af3.2.meme	DONE
b4drw3.af3.0.meme	DONE
a0a804his1.af3.2.meme	DONE
p18583.af3.0.meme	DONE
a0a0c4dgq9_monomer.af3.3.meme	DONE
a0a1b0gv63.af3.3.meme	DONE
a0a1b0gv02.af3.2.meme	DONE
q5ec54.af3.1.meme	DONE
h7c1m5.af3.2.meme	DONE
a0a4p8d7f0_monomer.af3.5.meme	DONE
a0a3f2ypb8_monomer.af3.5.meme	DONE
b3kms4.af3.3.meme	DONE
a0a8i5kwx0.af3.2.meme	DONE
d2whg0.af3.5.meme	DONE
a8k964.af3.1.meme	DONE
a0a494c069.af3.5.meme	DONE
b3kr52.af3.5.meme	DONE
a0a994j795.af3.4.meme	DONE
a0a087x2f1_monomer.af3.0.meme	DONE
a0a804hi40.af3.3.meme	DONE
u3kq75.af3.1.meme	DONE
p16989.af3.2.meme	DONE
q9btp6.af3.0.meme	DONE
a0a0a0n0m3.af3.3.meme	DONE
a0a140vk21_monomer.af3.0.meme	DONE
a0a804hiq7.af3.0.meme	DONE
a0a0s2z5c2.af3.0.meme	DONE
e5rgf1.af3.3.meme	DONE
a8k525.af3.4.meme	DONE
f8vs12.af3.0.meme	DONE
a0a3f2ynw7.af3.5.meme	DONE
o75764.af3.3.meme	DONE
a0a0c4dgq9_monomer.af3.1.meme	DONE
a8k4h1.af3.2.meme	DONE
q9ujv8.af3.3.meme	DONE
a0a090n8e5.af3.3.meme	DONE
b4dwa0.af3.1.meme	DONE
q9ujv8.af3.2.meme	DONE
q6nun2.af3.5.meme	DONE
q6nth1.af3.3.meme	DONE
a0a3b3is71.af3.1.meme	DONE
a0a994j6t5.af3.0.meme	DONE
p23193.af3.2.meme	DONE
q9hc44.af3.2.meme	DONE
a0a0c4dgb4_monomer.af3.3.meme	DONE
d6rj00.af3.2.meme	DONE
a0a3f2ypb8_monomer.af3.3.meme	DONE
q08999.af3.1.meme	DONE
a0a7p0z4m5.af3.0.meme	DONE
q6nt89.af3.3.meme	DONE
b7z1z0.af3.4.meme	DONE
a0aa34qvt6_monomer.af3.1.meme	DONE
a0a1w2pq54_monomer.af3.3.meme	DONE
a0a087wva2.af3.5.meme	DONE
q6nt89.af3.2.meme	DONE
q6ipl9.af3.5.meme	DONE
a0a2r8ye36.af3.2.meme	DONE
a0a994j6t5.af3.3.meme	DONE
q2l6i0.af3.2.meme	DONE
q59ei0.af3.3.meme	DONE
a0a669kbj7_monomer.af3.0.meme	DONE
c9iyg9.af3.2.meme	DONE
a0a3b3isn1.af3.4.meme	DONE
a0a0s2z4k2.af3.0.meme	DONE
a0a3b3its6.af3.1.meme	DONE
a0a494bzv4.af3.4.meme	DONE
a0a1b0gtu5.af3.1.meme	DONE
a0a140vk21_monomer.af3.3.meme	DONE
a0a0a0msl2.af3.0.meme	DONE
q6pdt8.af3.3.meme	DONE
a0a494c1k3_monomer.af3.3.meme	DONE
o75618.af3.1.meme	DONE
b7z1z0.af3.0.meme	DONE
a0a087wxa8.af3.1.meme	DONE
b7z2z1.af3.4.meme	DONE
a0a1b0gwh4.af3.3.meme	DONE
a0a8v8tmg8.af3.0.meme	DONE
e9pfe2.af3.3.meme	DONE
a0a087wyr5_monomer.af3.3.meme	DONE
c9izl7.af3.0.meme	DONE
a0a669kb72_dimer.af3.1.meme	DONE
e9pl19.af3.2.meme	DONE
a0a8v8tmk4_monomer.af3.5.meme	DONE
a0a0a0mt58.af3.3.meme	DONE
q5sy21.af3.4.meme	DONE
a0a1x7sc99.af3.1.meme	DONE
q6zvd7.af3.1.meme	DONE
a0a0s2z696.af3.1.meme	DONE
a8k9w7.af3.1.meme	DONE
a0a494bzv4.af3.5.meme	DONE
a0a994j795.af3.5.meme	DONE
a0a0s2z4k5_monomer.af3.3.meme	DONE
q9btp6.af3.1.meme	DONE
a0a7i2v4j2.af3.1.meme	DONE
b4dy09.af3.5.meme	DONE
a0a3f2ypb8.af3.0.meme	DONE
a0a0a0mth2.af3.1.meme	DONE
a0a0s2z4j5.af3.0.meme	DONE
b4dta2.af3.4.meme	DONE
q58f28.af3.5.meme	DONE
q5t6u8.af3.4.meme	DONE
q5t284.af3.2.meme	DONE
c9jp21_dimer.af3.5.meme	DONE
i3l373.af3.5.meme	DONE
c9j7f3.af3.4.meme	DONE
a0a994j5c6.af3.4.meme	DONE
h0yai5.af3.0.meme	DONE
a0a0a0mtk1_monomer.af3.2.meme	DONE
a0a7i2v3f3.af3.4.meme	DONE
c9jlb1.af3.4.meme	DONE
a0a994j6y5.af3.5.meme	DONE
q8nhz1.af3.3.meme	DONE
a0a0c4dgr5.af3.3.meme	DONE
p29692.af3.2.meme	DONE
m0qyk9.af3.4.meme	DONE
q8nhz1.af3.4.meme	DONE
q07352.af3.1.meme	DONE
a0a0s2z5x3.af3.1.meme	DONE
a0a3b3iu83.af3.3.meme	DONE
q5tgy3.af3.3.meme	DONE
q8wyn3.af3.2.meme	DONE
p19338.af3.0.meme	DONE
b4dta2.af3.3.meme	DONE
a0a0s2z658.af3.2.meme	DONE
e5rfv4.af3.0.meme	DONE
a0a804hk02.af3.2.meme	DONE
q08999.af3.0.meme	DONE
a0a494c0i1.af3.0.meme	DONE
q58f28.af3.4.meme	DONE
a0a1b0gub4.af3.5.meme	DONE
q9h2m1_monomer.af3.3.meme	DONE
a0a1b0gv02_monomer.af3.0.meme	DONE
p82979.af3.4.meme	DONE
a0a9l9pxl4.af3.3.meme	DONE
a0a1b0gub4_monomer.af3.2.meme	DONE
b4e389.af3.4.meme	DONE
p55197.af3.1.meme	DONE
a0a8v8tr16.af3.0.meme	DONE
q5t7u4.af3.2.meme	DONE
a0a994j5r8_monomer.af3.4.meme	DONE
a0a8v8tna6.af3.2.meme	DONE
a0a0c4dgb4_monomer.af3.2.meme	DONE
a0a994j3q8.af3.3.meme	DONE
q7z401.af3.5.meme	DONE
a0a4p8d7f0_monomer.af3.2.meme	DONE
q6zp45.af3.3.meme	DONE
a0a0s2z5m2.af3.1.meme	DONE
a0a0c4dgm2.af3.4.meme	DONE
q99608.af3.0.meme	DONE
e9pfe2.af3.1.meme	DONE
a0a0a0n0m3.af3.2.meme	DONE
f8wcv6.af3.4.meme	DONE
a0a0c4dgm2.af3.2.meme	DONE
q7l4p6.af3.4.meme	DONE
a0a0s2z5x3.af3.0.meme	DONE
q6p1n0.af3.1.meme	DONE
a0a804hi14.af3.1.meme	DONE
a0a804hic1.af3.0.meme	DONE
a0a8v8tmk4.af3.1.meme	DONE
a0a1b0gv63.af3.0.meme	DONE
q14966.af3.4.meme	DONE
a0a0j9ywd6.af3.1.meme	DONE
c9jlb1.af3.1.meme	DONE
a0a804hl40.af3.2.meme	DONE
q15560.af3.5.meme	DONE
a0a087wyf4.af3.5.meme	DONE
q16533.af3.1.meme	DONE
a0a8v8tm49_monomer.af3.0.meme	DONE
a0a994j4n4.af3.1.meme	DONE
a0a087x2f1_monomer.af3.1.meme	DONE
a0a8q3sir0_dimer.af3.3.meme	DONE
h0yhg0.af3.4.meme	DONE
e9pl19.af3.1.meme	DONE
a0a1w2ppk0_dimer.af3.3.meme	DONE
q6ibq5.af3.1.meme	DONE
a0a494c0u8_monomer.af3.3.meme	DONE
a0a1b0gtu5.af3.3.meme	DONE
q5bkz1.af3.5.meme	DONE
a0a7i2v349.af3.5.meme	DONE
q86up8.af3.1.meme	DONE
a0aaq5bh52.af3.1.meme	DONE
a0a804hig4.af3.1.meme	DONE
a0a3b3irx0.af3.3.meme	DONE
a0a1b0gtj8.af3.5.meme	DONE
a0a804hlg8.af3.1.meme	DONE
a0a669kbj7.af3.2.meme	DONE
q8iyb3.af3.0.meme	DONE
q8iux7.af3.5.meme	DONE
a0a3b3itj8_monomer.af3.5.meme	DONE
a0a804hin4.af3.1.meme	DONE
a0a2r8yew3_dimer.af3.0.meme	DONE
e9pav3.af3.3.meme	DONE
a0a804hk30.af3.1.meme	DONE
p18583.af3.5.meme	DONE
#List of PWMs
a0a8v8tmg8_dimer.af3.0.meme	DONE
a0a8v8tmg8_dimer.af3.4.meme	DONE
a0a1w2ppm1_dimer.af3.3.meme	DONE
a0a1w2pq54_dimer.af3.4.meme	DONE
a0a1w2ppk0_dimer.af3.5.meme	DONE
a0a087wtb1_dimer.af3.0.meme	DONE
a0a140vk21_dimer.af3.5.meme	DONE
a0a0b5iyb7_dimer.af3.0.meme	DONE
a0a090n7t3_dimer.af3.3.meme	DONE
a0a0a0mth2_dimer.af3.3.meme	DONE
a0a075b7g4_dimer.af3.5.meme	DONE
a0a087wxa8_dimer.af3.3.meme	DONE
a0a0s2z4l6_dimer.af3.2.meme	DONE
a0a090n7t3_dimer.af3.0.meme	DONE
a0a0c4dgb4_dimer.af3.0.meme	DONE
a0a8q3sit7_dimer.af3.2.meme	DONE
a0a075b7g4_dimer.af3.4.meme	DONE
a0a0a0mtk1_dimer.af3.4.meme	DONE
x5dnp5_dimer.af3.0.meme	DONE
q59fs0_dimer.af3.2.meme	DONE
a0a087x0m6_dimer.af3.1.meme	DONE
a0a0a0mtk1_dimer.af3.2.meme	DONE
a0a0c4dgb4_dimer.af3.5.meme	DONE
a0a3b3itl3.af3.4.meme	DONE
q59fs0_dimer.af3.3.meme	DONE
a0a2r8yew3_dimer.af3.5.meme	DONE
a0aa34qvt6_dimer.af3.0.meme	DONE
a0a2r8y6x0_dimer.af3.2.meme	DONE
a0a3b3iue2_dimer.af3.5.meme	DONE
q9uhl9_dimer.af3.5.meme	DONE
a0a8q3sit7_dimer.af3.4.meme	DONE
a0aa34qvt6_dimer.af3.3.meme	DONE
a0a087wyr5_dimer.af3.3.meme	DONE
a0a1w2ppf3_dimer.af3.3.meme	DONE
a0a087wyf4_dimer.af3.5.meme	DONE
a0a494c0i1_dimer.af3.4.meme	DONE
a4d2m8_dimer.af3.0.meme	DONE
a0a669kbj7_dimer.af3.2.meme	DONE
a0a2r8y6x0_dimer.af3.1.meme	DONE
a0a3b3is77_dimer.af3.1.meme	DONE
q9uhl9_dimer.af3.2.meme	DONE
q6ekj0_dimer.af3.5.meme	DONE
a0a3b3itj8_dimer.af3.2.meme	DONE
x5dr09_dimer.af3.3.meme	DONE
q499g6_dimer.af3.0.meme	DONE
a0aa34qvt6_dimer.af3.2.meme	DONE
a0a087wtb1_dimer.af3.2.meme	DONE
a0a087x0m6_dimer.af3.2.meme	DONE
e9pfe2_dimer.af3.0.meme	DONE
a0a2r8yf72.af3.3.meme	DONE
a0a3b3is77_dimer.af3.2.meme	DONE
p78347_dimer.af3.0.meme	DONE
x5dnp5_dimer.af3.3.meme	DONE
a0a1b0gv02_dimer.af3.5.meme	DONE
a0a0c4dgb4_dimer.af3.2.meme	DONE
a4d2m8_dimer.af3.2.meme	DONE
a0a1b0gwh4_dimer.af3.1.meme	DONE
a0a140vk21_dimer.af3.0.meme	DONE
a0a3b3irt9.af3.2.meme	DONE
a0a8v8tpf3_dimer.af3.5.meme	DONE
a0a3f2ypb8_dimer.af3.5.meme	DONE
a0a090n7t3.af3.3.meme	DONE
a0a2r8yf72.af3.1.meme	DONE
a0a3b3itj8.af3.1.meme	DONE
a0a0c4dgr5_dimer.af3.1.meme	DONE
a0a0a0mtk1_dimer.af3.1.meme	DONE
a0a090n8e5_dimer.af3.5.meme	DONE
a0a140vk21_dimer.af3.1.meme	DONE
a0a3f2ypb8_dimer.af3.3.meme	DONE
a0a3b3irx5.af3.2.meme	DONE
a0a3b3itj8.af3.0.meme	DONE
a0a1b0gw50_dimer.af3.0.meme	DONE
a0a087wva2_dimer.af3.5.meme	DONE
a0a087x0m6_dimer.af3.4.meme	DONE
a0a3b3itl3.af3.5.meme	DONE
a0a3b3iue2.af3.3.meme	DONE
a0a3b3iue2_dimer.af3.4.meme	DONE
a0a3b3iue2_dimer.af3.2.meme	DONE
a0aa34qvt6_dimer.af3.1.meme	DONE
a0aa34qvt6_dimer.af3.5.meme	DONE
a0a2r8yf72.af3.0.meme	DONE
a0a2r8yf72.af3.2.meme	DONE
q499g6_dimer.af3.2.meme	DONE
a0a090n7t3_dimer.af3.1.meme	DONE
a0a1b0gw50_dimer.af3.5.meme	DONE
a0a1b0gwh4_dimer.af3.0.meme	DONE
a0a1w2ppm1_dimer.af3.2.meme	DONE
a0a087wtb1_dimer.af3.4.meme	DONE
a0a1w2ppm1_dimer.af3.4.meme	DONE
a0a3b3itj8_dimer.af3.0.meme	DONE
a0a1w2ppf3_dimer.af3.5.meme	DONE
a0a090n7t3.af3.1.meme	DONE
x5dnp5_dimer.af3.2.meme	DONE
a0a3b3is77.af3.2.meme	DONE
a0a1b0gv02_dimer.af3.1.meme	DONE
a0a3b3itj8_dimer.af3.5.meme	DONE
a0a087wyf4_dimer.af3.1.meme	DONE
a0a087wyr5_dimer.af3.4.meme	DONE
a0a087wxa8_dimer.af3.0.meme	DONE
a0a669kbj7_dimer.af3.0.meme	DONE
a8k9w7_dimer.af3.1.meme	DONE
a0a8q3sir0_dimer.af3.5.meme	DONE
x5d939_dimer.af3.3.meme	DONE
b4dra9_dimer.af3.1.meme	DONE
a0a494c0u8_dimer.af3.1.meme	DONE
a0a0b5iyb7.af3.2.meme	DONE
x5d939_dimer.af3.2.meme	DONE
a0a994j5r8_dimer.af3.4.meme	DONE
a0a3b3irx5_dimer.af3.1.meme	DONE
a0a3b3itl3_dimer.af3.3.meme	DONE
a0a1b0gub4_dimer.af3.0.meme	DONE
a0a087x2f1_dimer.af3.4.meme	DONE
a0a3b3itl3.af3.3.meme	DONE
a0a3b3is77.af3.0.meme	DONE
a0a087x0m6_dimer.af3.3.meme	DONE
a0a3b3iue2_dimer.af3.0.meme	DONE
a0a090n7t3_dimer.af3.2.meme	DONE
a0a8v8tmg8_dimer.af3.5.meme	DONE
a0a994j5r8_dimer.af3.5.meme	DONE
a0a1w2ppf3_dimer.af3.1.meme	DONE
q75mx6_dimer.af3.5.meme	DONE
a0a0a0veb4_dimer.af3.3.meme	DONE
a0a087wxa8_dimer.af3.2.meme	DONE
q75mx6_dimer.af3.0.meme	DONE
q9uhl9_dimer.af3.4.meme	DONE
a0a2r8y6x0_dimer.af3.3.meme	DONE
q9uhl9_dimer.af3.0.meme	DONE
a0a087wyf4_dimer.af3.2.meme	DONE
a0a0a0mth2_dimer.af3.1.meme	DONE
p78347_dimer.af3.2.meme	DONE
x5d939_dimer.af3.5.meme	DONE
a0a0a0mtk1_dimer.af3.0.meme	DONE
a8k9w7_dimer.af3.5.meme	DONE
a0a0a0mtt2_dimer.af3.1.meme	DONE
b4dh52_dimer.af3.2.meme	DONE
a0a1b0gv02_dimer.af3.3.meme	DONE
a0a0s2z4k4_dimer.af3.0.meme	DONE
a0a0b5iyb7.af3.0.meme	DONE
a0a087wtb1_dimer.af3.3.meme	DONE
a0a3b3is77_dimer.af3.5.meme	DONE
a0a0b5iyb7_dimer.af3.2.meme	DONE
a0a8q3sit7_dimer.af3.5.meme	DONE
a0a3b3itl3_dimer.af3.1.meme	DONE
a0a090n7t3_dimer.af3.4.meme	DONE
a0a2r8yew3_dimer.af3.3.meme	DONE
a0a0a0mtt2_dimer.af3.2.meme	DONE
a0a2r8y6x0_dimer.af3.4.meme	DONE
a0a3b3is77.af3.4.meme	DONE
q6ekj0_dimer.af3.4.meme	DONE
a0a087x2f1_dimer.af3.3.meme	DONE
a0a1b0gub4_dimer.af3.2.meme	DONE
a0a3b3iue2.af3.5.meme	DONE
a0a2r8y6x0_dimer.af3.0.meme	DONE
x5d939_dimer.af3.0.meme	DONE
a0a3b3irx5.af3.5.meme	DONE
a0a8v8tmg8_dimer.af3.1.meme	DONE
a0a3b3irt9_dimer.af3.5.meme	DONE
a0a0b5iyb7_dimer.af3.1.meme	DONE
a0a3b3irx5_dimer.af3.5.meme	DONE
a0a3b3isw5.af3.2.meme	DONE
x5d2j9_dimer.af3.2.meme	DONE
a0a087wxa8_dimer.af3.5.meme	DONE
a0a2r8y6x0_dimer.af3.5.meme	DONE
e9pfe2_dimer.af3.5.meme	DONE
a0a494c0i1_dimer.af3.5.meme	DONE
x5dr09_dimer.af3.4.meme	DONE
a0a669kbj7_dimer.af3.3.meme	DONE
a0a1w2ppf3_dimer.af3.4.meme	DONE
a0a994j5r8_dimer.af3.3.meme	DONE
a0a494c0u8_dimer.af3.5.meme	DONE
a0a994j5r8_dimer.af3.2.meme	DONE
a0a494c1n8_dimer.af3.5.meme	DONE
q499g6_dimer.af3.4.meme	DONE
a0a087wt67_dimer.af3.0.meme	DONE
a0a8q3sir0_dimer.af3.2.meme	DONE
a0a8v8tna6_dimer.af3.0.meme	DONE
a0a1w2pq54_dimer.af3.1.meme	DONE
a0a3b3irt9.af3.3.meme	DONE
b4dh52_dimer.af3.3.meme	DONE
a0a494c1k3_dimer.af3.2.meme	DONE
a0a1b0gw50_dimer.af3.1.meme	DONE
a0a087wt67_dimer.af3.2.meme	DONE
x5d939_dimer.af3.4.meme	DONE
a0a494c0i1_dimer.af3.0.meme	DONE
a0a2r8yf72_dimer.af3.4.meme	DONE
a0a1b0gub4_dimer.af3.5.meme	DONE
a0a0b5iyb7.af3.3.meme	DONE
a0a0a0veb4_dimer.af3.4.meme	DONE
q499g6_dimer.af3.1.meme	DONE
a0a3b3is77_dimer.af3.3.meme	DONE
a0a3b3irt9.af3.1.meme	DONE
a0a090n7t3.af3.0.meme	DONE
x5d2j9_dimer.af3.4.meme	DONE
q59fs0_dimer.af3.5.meme	DONE
x5d2j9_dimer.af3.0.meme	DONE
a0a0c4dgr5_dimer.af3.4.meme	DONE
a0a8i5kvb5_dimer.af3.3.meme	DONE
e9pfe2_dimer.af3.2.meme	DONE
a0a2r8yf72_dimer.af3.5.meme	DONE
q75mx6_dimer.af3.1.meme	DONE
a0a3f2ypb8_dimer.af3.0.meme	DONE
h0ykl0_dimer.af3.1.meme	DONE
q6ekj0_dimer.af3.0.meme	DONE
a0a3b3irt9_dimer.af3.3.meme	DONE
a0a3b3iue2.af3.4.meme	DONE
a0a8i5kvb5_dimer.af3.1.meme	DONE
a0a2r8yf72.af3.5.meme	DONE
a0a1b0gw50_dimer.af3.4.meme	DONE
q75mx6_dimer.af3.3.meme	DONE
b4dra9_dimer.af3.5.meme	DONE
a0a8v8tna6_dimer.af3.2.meme	DONE
q9uhl9_dimer.af3.3.meme	DONE
a8k9w7_dimer.af3.0.meme	DONE
x5dr09_dimer.af3.0.meme	DONE
a0a494c0i1_dimer.af3.3.meme	DONE
a0a087wva2_dimer.af3.2.meme	DONE
a0a669kbj7_dimer.af3.4.meme	DONE
a0a3b3itl3.af3.1.meme	DONE
a0a0a0mth2_dimer.af3.2.meme	DONE
a0a087wt67_dimer.af3.3.meme	DONE
h0ykl0_dimer.af3.4.meme	DONE
a0a494c0u8_dimer.af3.4.meme	DONE
a4d2m8_dimer.af3.4.meme	DONE
a0a3b3irx5_dimer.af3.0.meme	DONE
a0a8v8tmg8_dimer.af3.3.meme	DONE
a0a3b3iue2_dimer.af3.3.meme	DONE
p78347_dimer.af3.5.meme	DONE
x5d2j9_dimer.af3.1.meme	DONE
a0a3b3iue2_dimer.af3.1.meme	DONE
a0a3b3itj8_dimer.af3.1.meme	DONE
a0a3b3irt9_dimer.af3.2.meme	DONE
a0a1b0gub4_dimer.af3.4.meme	DONE
a0a087x0m6_dimer.af3.5.meme	DONE
a0a0b5iyb7.af3.4.meme	DONE
a0a1w2ppk0_dimer.af3.0.meme	DONE
a0a0a0mtt2_dimer.af3.0.meme	DONE
a0a0b5iyb7_dimer.af3.4.meme	DONE
a0a3b3isw5_dimer.af3.2.meme	DONE
a0a1b0gub4_dimer.af3.3.meme	DONE
a0a3b3itl3_dimer.af3.0.meme	DONE
a0a3b3is77.af3.5.meme	DONE
a0a3b3is77.af3.5.meme	DONE
a0a3b3itl3_dimer.af3.0.meme	DONE
a0a2r8yf72_dimer.af3.0.meme	DONE
a0a087wyr5_dimer.af3.5.meme	DONE
a0a075b7g4_dimer.af3.2.meme	DONE
a0a1b0gwh4_dimer.af3.2.meme	DONE
a0a0a0mth2_dimer.af3.5.meme	DONE
a0a0c4dgb4_dimer.af3.3.meme	DONE
a0a0a0veb4_dimer.af3.5.meme	DONE
a0a8v8tpf3_dimer.af3.2.meme	DONE
a0a3b3irt9.af3.0.meme	DONE
a0a1w2ppf3_dimer.af3.0.meme	DONE
a0a087x0m6_dimer.af3.0.meme	DONE
a0a3b3itj8.af3.3.meme	DONE
a0a8i5kvb5_dimer.af3.0.meme	DONE
a0a0a0mth2_dimer.af3.5.meme	DONE
a0a075b7g4_dimer.af3.2.meme	DONE
a0a087wxa8_dimer.af3.4.meme	DONE
a0a0a0veb4_dimer.af3.5.meme	DONE
a0a0a0mtt2_dimer.af3.5.meme	DONE
a8k9w7_dimer.af3.3.meme	DONE
b4dh52_dimer.af3.1.meme	DONE
a0a0a0mtt2_dimer.af3.3.meme	DONE
a0a3b3itl3.af3.0.meme	DONE
a0a669kbj7_dimer.af3.5.meme	DONE
a0a3b3itl3.af3.0.meme	DONE
e9pfe2_dimer.af3.3.meme	DONE
a0a087wxa8_dimer.af3.4.meme	DONE
a0a087wyr5_dimer.af3.5.meme	DONE
a0a3b3isw5.af3.5.meme	DONE
a0a8v8tpf3_dimer.af3.2.meme	DONE
a0a1b0gwh4_dimer.af3.2.meme	DONE
a0a494c1n8_dimer.af3.1.meme	DONE
a0a0c4dgb4_dimer.af3.3.meme	DONE
e9pfe2_dimer.af3.3.meme	DONE
a0a0a0mtt2_dimer.af3.5.meme	DONE
a0a1b0gv02_dimer.af3.2.meme	DONE
a0a1w2ppf3_dimer.af3.0.meme	DONE
x5d939_dimer.af3.1.meme	DONE
a0a3b3is77_dimer.af3.4.meme	DONE
q499g6_dimer.af3.3.meme	DONE
a0a3b3isw5.af3.1.meme	DONE
a0a0a0mtt2_dimer.af3.3.meme	DONE
q86up8_dimer.af3.1.meme	DONE
a0a3b3itj8.af3.2.meme	DONE
a0a8i5kvb5_dimer.af3.0.meme	DONE
x5dr09_dimer.af3.1.meme	DONE
a8k9w7_dimer.af3.3.meme	DONE
a0a494c1k3_dimer.af3.4.meme	DONE
a0a3b3irx5.af3.3.meme	DONE
b4dh52_dimer.af3.1.meme	DONE
a0a3b3isw5_dimer.af3.4.meme	DONE
a0a1b0gv02_dimer.af3.0.meme	DONE
h0ykl0.af3.4.meme	DONE
a0a3b3irt9_dimer.af3.1.meme	DONE
a0a3b3itj8_dimer.af3.3.meme	DONE
a0a3b3irx5.af3.1.meme	DONE
a0a087x0m6_dimer.af3.0.meme	DONE
a0a3b3irt9_dimer.af3.4.meme	DONE
a0a494c0i1_dimer.af3.2.meme	DONE
a0a8v8tm49_dimer.af3.3.meme	DONE
a0a3b3irt9.af3.0.meme	DONE
a0a3b3isw5.af3.4.meme	DONE
a0a1b0gv02_dimer.af3.2.meme	DONE
a0a1w2pq54_dimer.af3.3.meme	DONE
a0a087wyr5_dimer.af3.2.meme	DONE
a0a0b5iyb7.af3.1.meme	DONE
x5d939_dimer.af3.1.meme	DONE
a0a494c1n8_dimer.af3.1.meme	DONE
a0a8i5kvb5_dimer.af3.2.meme	DONE
a0a1w2pq54_dimer.af3.2.meme	DONE
a0a2r8yf72_dimer.af3.2.meme	DONE
a0a3b3is77_dimer.af3.4.meme	DONE
a0a1b0gwh4_dimer.af3.4.meme	DONE
a0a2r8yf72_dimer.af3.1.meme	DONE
a0a669kbj7_dimer.af3.5.meme	DONE
a0a1w2ppf3_dimer.af3.2.meme	DONE
a0a087x2f1_dimer.af3.0.meme	DONE
a0a3b3isw5_dimer.af3.4.meme	DONE
a0a3b3itj8.af3.3.meme	DONE
a0a994j5r8_dimer.af3.0.meme	DONE
a0a1w2ppm1_dimer.af3.0.meme	DONE
a0a0b5iyb7_dimer.af3.3.meme	DONE
x5dr09_dimer.af3.1.meme	DONE
a0a2r8yf72_dimer.af3.0.meme	DONE
a0a0a0mth2_dimer.af3.4.meme	DONE
q499g6_dimer.af3.3.meme	DONE
a0a3b3isw5.af3.1.meme	DONE
a0a3b3irx5.af3.1.meme	DONE
a0a087wva2_dimer.af3.3.meme	DONE
a0a3b3irx5.af3.3.meme	DONE
q86up8_dimer.af3.1.meme	DONE
a0a3b3isw5.af3.5.meme	DONE
a0a0s2z4k4_dimer.af3.1.meme	DONE
b4dra9_dimer.af3.3.meme	DONE
a0a3b3itj8.af3.2.meme	DONE
a0a3b3irt9_dimer.af3.4.meme	DONE
a0a0c4dgb4_dimer.af3.1.meme	DONE
a0a087wt67_dimer.af3.1.meme	DONE
h0ykl0.af3.1.meme	DONE
a8k9w7_dimer.af3.2.meme	DONE
a0a494c1k3_dimer.af3.4.meme	DONE
a0a3b3isw5.af3.4.meme	DONE
a0a994j5r8_dimer.af3.1.meme	DONE
a0a804hj42_dimer.af3.5.meme	DONE
a0a3f2ypb8_dimer.af3.1.meme	DONE
a0a494c0i1_dimer.af3.2.meme	DONE
a0a0b5iyb7.af3.5.meme	DONE
a0a0a0veb4_dimer.af3.2.meme	DONE
a0a1b0gv02_dimer.af3.0.meme	DONE
a0a140vk21_dimer.af3.3.meme	DONE
a0a3b3irt9_dimer.af3.1.meme	DONE
a0a0s2z4k4_dimer.af3.5.meme	DONE
q75mx6_dimer.af3.4.meme	DONE
a0a087wtb1_dimer.af3.5.meme	DONE
a0a3b3itj8_dimer.af3.3.meme	DONE
a0a8i5kvb5_dimer.af3.2.meme	DONE
a0a090n7t3.af3.4.meme	DONE
a0a087wxa8_dimer.af3.1.meme	DONE
x5dnp5_dimer.af3.1.meme	DONE
a0a0a0mth2_dimer.af3.0.meme	DONE
a0a1w2ppm1_dimer.af3.1.meme	DONE
a0a2r8yf72_dimer.af3.2.meme	DONE
a0a0s2z4k5_dimer.af3.5.meme	DONE
a0a3b3irt9_dimer.af3.0.meme	DONE
a0a3b3iue2.af3.1.meme	DONE
a0a087wt67_dimer.af3.4.meme	DONE
a0a0c4dgm2_dimer.af3.5.meme	DONE
a0a087wyr5_dimer.af3.0.meme	DONE
a0a2r8yf72_dimer.af3.1.meme	DONE
a0a0s2z4k4_dimer.af3.3.meme	DONE
a0a1b0gwh4_dimer.af3.5.meme	DONE
a0a494c1n8_dimer.af3.0.meme	DONE
a0a090n7t3.af3.2.meme	DONE
a0a090n7t3.af3.5.meme	DONE
a0a090n7t3_dimer.af3.5.meme	DONE
a0a494c0i1_dimer.af3.1.meme	DONE
a0a3b3itl3_dimer.af3.5.meme	DONE
a0a494c0u8_dimer.af3.2.meme	DONE
x5dr09_dimer.af3.2.meme	DONE
b4dra9_dimer.af3.0.meme	DONE
a0a3b3isw5_dimer.af3.0.meme	DONE
a0a494c0u8_dimer.af3.0.meme	DONE
p78347_dimer.af3.1.meme	DONE
b4dh52_dimer.af3.4.meme	DONE
a0a087wyr5_dimer.af3.1.meme	DONE
a0a1w2ppm1_dimer.af3.5.meme	DONE
q9uhl9_dimer.af3.1.meme	DONE
a0a3b3is77_dimer.af3.0.meme	DONE
q59fs0_dimer.af3.0.meme	DONE
a0a1b0gw50_dimer.af3.2.meme	DONE
a0a0a0mtk1_dimer.af3.5.meme	DONE
a0a3b3iue2.af3.2.meme	DONE
b4dh52_dimer.af3.5.meme	DONE
x5dnp5_dimer.af3.5.meme	DONE
a0a1w2pq54_dimer.af3.0.meme	DONE
a0a2r8yf72_dimer.af3.3.meme	DONE
a0a087wyf4_dimer.af3.0.meme	DONE
a0a075b7g4_dimer.af3.3.meme	DONE
a0a0a0mtt2_dimer.af3.4.meme	DONE
x5dnp5_dimer.af3.4.meme	DONE
a0a494c1n8_dimer.af3.4.meme	DONE
a0a1b0gub4_dimer.af3.1.meme	DONE
a0a1w2pq54_dimer.af3.5.meme	DONE
a0a0b5iyb7_dimer.af3.5.meme	DONE
a0a0a0veb4_dimer.af3.1.meme	DONE
b4dra9_dimer.af3.2.meme	DONE
q59fs0_dimer.af3.4.meme	DONE
a0a0a0veb4_dimer.af3.0.meme	DONE
a0a3b3isw5.af3.3.meme	DONE
a0a3b3itl3_dimer.af3.4.meme	DONE
a0a3b3irx5_dimer.af3.2.meme	DONE
a0a0c4dgr5_dimer.af3.2.meme	DONE
a0a3b3itl3.af3.2.meme	DONE
a0a3f2ypb8_dimer.af3.2.meme	DONE
a0a3b3is77.af3.3.meme	DONE
a0a3b3iue2.af3.0.meme	DONE
a0a8v8tmg8_dimer.af3.2.meme	DONE
a0a3b3irx5_dimer.af3.4.meme	DONE
a0a1b0gv02_dimer.af3.4.meme	DONE
a0a3b3isw5.af3.0.meme	DONE
a0a087x2f1_dimer.af3.2.meme	DONE
a0a087wyf4_dimer.af3.3.meme	DONE
b4dh52_dimer.af3.0.meme	DONE
a0a3b3is77.af3.1.meme	DONE
e9pfe2_dimer.af3.4.meme	DONE
a0a494c0u8_dimer.af3.3.meme	DONE
a0a3b3itj8.af3.5.meme	DONE
a0a494c1k3_dimer.af3.3.meme	DONE
a0a8i5kvb5_dimer.af3.4.meme	DONE
a0a494c1n8_dimer.af3.3.meme	DONE
a0a3b3irt9.af3.5.meme	DONE
a0a3f2ypb8_dimer.af3.4.meme	DONE
a0a669kbj7_dimer.af3.1.meme	DONE
a0a087wva2_dimer.af3.0.meme	DONE
a0a087wt67_dimer.af3.5.meme	DONE
a0a494c1n8_dimer.af3.2.meme	DONE
x5dr09_dimer.af3.5.meme	DONE
p78347_dimer.af3.4.meme	DONE
a0a3b3irx5.af3.0.meme	DONE
q75mx6_dimer.af3.2.meme	DONE
q499g6_dimer.af3.5.meme	DONE
a0a3b3itl3_dimer.af3.2.meme	DONE
a0a3b3isw5_dimer.af3.3.meme	DONE
p78347_dimer.af3.3.meme	DONE
q59fs0_dimer.af3.1.meme	DONE
a0a1b0gw50_dimer.af3.3.meme	DONE
a0a2r8yf72.af3.4.meme	DONE
a0a3b3itj8_dimer.af3.4.meme	DONE
a0a3b3irt9.af3.4.meme	DONE
a0a3b3irx5.af3.4.meme	DONE
a0a3b3isw5_dimer.af3.5.meme	DONE
a0a3b3isw5_dimer.af3.1.meme	DONE
a0a3b3itj8.af3.4.meme	DONE
a0a3b3irx5_dimer.af3.3.meme	DONE
