#List of PWMs
TFS_sp_Q14582_MAD4_HUMAN:55:111_1an4_A_1.meme	DONE
TFS_tr_E9PKP7_E9PKP7_HUMAN:233:337_6erq_C_1.meme	DONE
TFS_sp_P17030_ZNF25_HUMAN:173:448_7w1m_H_1.meme	DONE
TFS_sp_P17024_ZNF20_HUMAN:225:501_5wjq_D_1.meme	DONE
TFS_tr_B3KNY8_B3KNY8_HUMAN:146:424_5wjq_D_1.meme	DONE
TFS_tr_A8K251_A8K251_HUMAN:503:612_6ml5_A_1.meme	DONE
DIMER_sp_Q9H2P0_ADNP_HUMAN:771:810_3hdd_A_1.meme	DONE
TFS_tr_B2RXH1_B2RXH1_HUMAN:800:835_6df9_A_1.meme	DONE
TFS_sp_Q9NYT6_ZN226_HUMAN:363:661_7w1m_H_1.meme	DONE
TFS_sp_A0A1W2PPF3_DUXB_HUMAN:17:155_5zfy_A_1.meme	DONE
TFS_tr_Q7Z3R2_Q7Z3R2_HUMAN:113:171_5eh2_F_1.meme	DONE
TFS_sp_Q76KX8_ZN534_HUMAN:645:674_5wjq_D_1.meme	DONE
TFS_tr_H0YLA6_H0YLA6_HUMAN:360:498_5t0u_A_1.meme	DONE
TFS_sp_Q8WY36_BBX_HUMAN:79:151_1o4x_B_1.meme	DONE
TFS_sp_Q6ZT77_ZN826_HUMAN:117:173_4gzn_C_1.meme	DONE
TFS_sp_O43309_ZSC12_HUMAN:302:599_7w1m_H_1.meme	DONE
TFS_sp_Q9C0D4_Z518B_HUMAN:137:213_8ssr_A_1.meme	DONE
TFS_sp_Q6ZNA1_ZN836_HUMAN:246:544_7w1m_H_1.meme	DONE
TFS_sp_P0CB48_UBFL6_HUMAN:107:177_6hc3_A_1.meme	DONE
DIMER_tr_B7ZBM3_B7ZBM3_HUMAN:454:535_2a07_K_1.meme	DONE
TFS_sp_O43167_ZBT24_HUMAN:374:516_6ml4_A_1.meme	DONE
TFS_sp_Q8N895_ZN366_HUMAN:279:554_5wjq_D_1.meme	DONE
TFS_sp_Q8TD17_ZN398_HUMAN:436:588_2i13_A_1.meme	DONE
TFS_sp_Q8N8C0_ZN781_HUMAN:15:132_5v3j_E_1.meme	DONE
TFS_tr_H0Y5R1_H0Y5R1_HUMAN:60:424_4zpk_A_1.meme	FAIL
TFS_sp_Q9Y6X8_ZHX2_HUMAN:447:493_5z6z_A_1.meme	DONE
TFS_tr_Q6AWA4_Q6AWA4_HUMAN:1:716_8cli_A_1.meme	DONE
TFS_tr_E9PMU6_E9PMU6_HUMAN:259:537_5wjq_D_1.meme	DONE
TFS_sp_Q9NZV7_ZIM2_HUMAN:330:434_5ei9_E_1.meme	DONE
TFS_sp_Q5SXM2_SNPC4_HUMAN:275:324_5eyb_A_1.meme	DONE
TFS_tr_B0QYW7_B0QYW7_HUMAN:3:39_1lo1_A_1.meme	DONE
TFS_sp_Q15935_ZNF77_HUMAN:267:542_5v3j_E_1.meme	DONE
TFS_sp_Q16533_SNPC1_HUMAN:5:234_7zwc_a_1.meme	FAIL
TFS_tr_A4D178_A4D178_HUMAN:534:638_7x5e_B_1.meme	DONE
TFS_sp_P78364_PHC1_HUMAN:800:835_5vmz_A_1.meme	DONE
TFS_tr_B4DFD9_B4DFD9_HUMAN:372:423_3uk3_D_1.meme	DONE
TFS_sp_Q17RH7_TPRXL_HUMAN:19:78_1fjl_A_1.meme	DONE
DIMER_sp_Q8TE85_GRHL3_HUMAN:60:91_4qtr_A_1.meme	DONE
TFS_sp_Q3SXZ3_ZN718_HUMAN:172:446_5v3m_C_1.meme	DONE
TFS_tr_E9PKP7_E9PKP7_HUMAN:112:181_6erq_C_1.meme	DONE
TFS_sp_Q16666_IF16_HUMAN:572:766_3rnu_A_1.meme	DONE
DIMER_sp_O15353_FOXN1_HUMAN:271:338_2a07_K_1.meme	DONE
TFS_sp_P0CJ78_ZN865_HUMAN:224:278_1llm_D_1.meme	DONE
TFS_sp_Q9P243_ZFAT_HUMAN:743:793_3uk3_C_1.meme	DONE
TFS_tr_H0YAV4_H0YAV4_HUMAN:7:63_4hc7_A_1.meme	DONE
TFS_tr_B7ZBM3_B7ZBM3_HUMAN:454:535_2a07_K_1.meme	DONE
TFS_sp_Q5TGS1_HES3_HUMAN:3:48_5nj8_A_1.meme	DONE
TFS_tr_Q9BQR2_Q9BQR2_HUMAN:112:158_5jgh_D_1.meme	DONE
TFS_sp_P0CJ78_ZN865_HUMAN:873:982_5ei9_E_1.meme	DONE
TFS_tr_A0A0A0MQR4_A0A0A0MQR4_HUMAN:198:269_6ht5_D_1.meme	DONE
TFS_sp_Q17RH7_TPRXL_HUMAN:21:74_3a01_B_1.meme	DONE
DIMER_tr_A0A0J9YWD6_A0A0J9YWD6_HUMAN:100:148_4iqr_A_1.meme	DONE
TFS_sp_Q6ZNA1_ZN836_HUMAN:747:857_5ei9_E_1.meme	DONE
TFS_sp_Q96PN7_TREF1_HUMAN:1086:1112_6ml4_A_1.meme	DONE
DIMER_tr_D2CFI5_D2CFI5_HUMAN:66:120_4uus_A_1.meme	DONE
TFS_sp_Q9H5J0_ZBTB3_HUMAN:474:523_3uk3_C_1.meme	DONE
TFS_tr_Q6ZNC6_Q6ZNC6_HUMAN:27:134_5eh2_F_1.meme	DONE
TFS_tr_A0A0S2Z4K5_A0A0S2Z4K5_HUMAN:108:170_3dzy_D_1.meme	DONE
TFS_tr_J3KTI4_J3KTI4_HUMAN:476:563_5yeh_A_1.meme	DONE
TFS_sp_Q9NW07_ZN358_HUMAN:151:397_5wjq_D_1.meme	DONE
TFS_tr_C9JR56_C9JR56_HUMAN:300:382_2o4a_A_1.meme	DONE
TFS_tr_A0A3B3ISW5_A0A3B3ISW5_HUMAN:505:531_2jx1_A_1.meme	DONE
TFS_sp_Q9Y2P0_ZN835_HUMAN:193:469_5v3m_C_1.meme	DONE
TFS_sp_Q8NB15_ZN511_HUMAN:144:169_2gli_A_1.meme	DONE
TFS_sp_Q9Y5A6_ZSC21_HUMAN:357:467_5ei9_E_1.meme	DONE
TFS_sp_O14862_AIM2_HUMAN:156:341_3rnu_A_1.meme	DONE
TFS_tr_A0A3B3ITL3_A0A3B3ITL3_HUMAN:576:606_2jx1_A_1.meme	DONE
TFS_sp_Q96ND8_ZN583_HUMAN:237:515_5wjq_D_1.meme	DONE
TFS_sp_Q86YH2_Z280B_HUMAN:344:478_6ml6_A_1.meme	DONE
TFS_sp_O15353_FOXN1_HUMAN:271:358_7vov_A_1.meme	DONE
TFS_tr_H0YFS7_H0YFS7_HUMAN:233:282_4is1_C_1.meme	DONE
TFS_tr_M0R0R9_M0R0R9_HUMAN:81:240_5iya_S_1.meme	DONE
TFS_sp_Q8IYA7_MKX_HUMAN:74:132_2r5z_B_1.meme	DONE
TFS_tr_B4E2P7_B4E2P7_HUMAN:246:354_5eh2_F_1.meme	DONE
TFS_tr_A0A087WVA2_A0A087WVA2_HUMAN:515:596_1p47_A_1.meme	DONE
TFS_sp_Q6IQ32_ADNP2_HUMAN:71:97_4is1_D_1.meme	DONE
TFS_sp_Q8IZM8_ZN654_HUMAN:788:839_1a1k_A_1.meme	DONE
TFS_sp_Q5SXM2_SNPC4_HUMAN:284:340_1h89_C_1.meme	DONE
TFS_sp_Q9UL58_ZN215_HUMAN:285:513_5wjq_D_1.meme	DONE
TFS_sp_O14862_AIM2_HUMAN:154:338_5z7d_A_1.meme	DONE
TFS_tr_B4DNQ1_B4DNQ1_HUMAN:46:106_5jh0_A_1.meme	DONE
TFS_sp_Q3KP31_ZN791_HUMAN:225:378_2i13_A_1.meme	DONE
TFS_sp_A0A1W2PPF3_DUXB_HUMAN:17:155_6e8c_A_1.meme	DONE
TFS_tr_E9PMU6_E9PMU6_HUMAN:231:341_5ei9_E_1.meme	DONE
TFS_tr_A0A7I2PK40_A0A7I2PK40_HUMAN:35:273_5v0l_B_1.meme	DONE
TFS_sp_Q16600_ZN239_HUMAN:184:453_5v3j_E_1.meme	DONE
TFS_tr_Q59FS2_Q59FS2_HUMAN:495:648_2i13_A_1.meme	DONE
TFS_tr_C9JA69_C9JA69_HUMAN:79:151_4y60_C_1.meme	DONE
TFS_sp_Q3SY56_SP6_HUMAN:254:336_5ke7_A_1.meme	DONE
TFS_tr_Q6ZNC6_Q6ZNC6_HUMAN:27:137_6e93_A_1.meme	DONE
TFS_tr_Q8N9U5_Q8N9U5_HUMAN:36:171_2i13_A_1.meme	DONE
TFS_sp_Q9P2J8_ZN624_HUMAN:331:439_5eh2_F_1.meme	DONE
TFS_sp_O60281_ZN292_HUMAN:727:804_5ke6_A_1.meme	DONE
TFS_sp_Q9HC78_ZBT20_HUMAN:577:685_5eh2_F_1.meme	DONE
TFS_tr_A0A3B3ISP2_A0A3B3ISP2_HUMAN:758:791_6a57_A_1.meme	DONE
TFS_sp_Q9H4I2_ZHX3_HUMAN:626:666_1hf0_B_1.meme	DONE
TFS_sp_Q9P2J8_ZN624_HUMAN:309:410_2jp9_A_1.meme	DONE
TFS_tr_M0R2M9_M0R2M9_HUMAN:89:140_2ypa_A_1.meme	DONE
DIMER_sp_O60393_NOBOX_HUMAN:350:361_4qtr_B_1.meme	DONE
TFS_tr_B4DED3_B4DED3_HUMAN:433:518_6e93_A_1.meme	DONE
TFS_sp_Q96K75_ZN514_HUMAN:231:339_5eh2_F_1.meme	DONE
DIMER_tr_A4D178_A4D178_HUMAN:549:641_4eot_A_1.meme	DONE
TFS_sp_O15353_FOXN1_HUMAN:270:350_6ako_C_1.meme	DONE
TFS_sp_A6NP11_ZN716_HUMAN:182:459_5wjq_D_1.meme	DONE
DIMER_tr_B7ZBM3_B7ZBM3_HUMAN:455:534_4wk8_G_1.meme	DONE
TFS_tr_B4DFD9_B4DFD9_HUMAN:372:423_4is1_D_1.meme	DONE
TFS_sp_Q92610_ZN592_HUMAN:712:848_2i13_A_1.meme	DONE
TFS_tr_A0A0S2Z4K5_A0A0S2Z4K5_HUMAN:111:178_1ga5_B_1.meme	DONE
TFS_tr_Q60F95_Q60F95_HUMAN:213:332_5t0u_A_1.meme	DONE
TFS_tr_H0YFS7_H0YFS7_HUMAN:489:574_6e93_A_1.meme	DONE
TFS_sp_Q63HK5_TSH3_HUMAN:1041:1068_5vmz_A_1.meme	DONE
TFS_tr_Q9BQR2_Q9BQR2_HUMAN:112:158_4nnu_B_1.meme	FAIL
DIMER_tr_H7C2N6_H7C2N6_HUMAN:183:223_1dh3_C_1.meme	DONE
DIMER_tr_A0A3B3IS77_A0A3B3IS77_HUMAN:900:961_5i50_B_1.meme	DONE
TFS_tr_Q6IBK5_Q6IBK5_HUMAN:5:180_5iyb_S_1.meme	DONE
TFS_sp_Q6ZSB9_ZBT49_HUMAN:423:502_2kmk_A_1.meme	DONE
DIMER_tr_A0A8V8TM49_A0A8V8TM49_HUMAN:24:78_4uus_A_1.meme	DONE
TFS_sp_Q9HB31_SEBOX_HUMAN:21:76_3hdd_B_1.meme	DONE
TFS_tr_C9JA69_C9JA69_HUMAN:81:150_7m5w_A_1.meme	DONE
TFS_sp_A0A1W2PPM1_CPHXL_HUMAN:30:82_3lnq_A_1.meme	DONE
TFS_sp_Q03014_HHEX_HUMAN:133:199_2me6_A_1.meme	DONE
TFS_sp_Q8IVH2_FOXP4_HUMAN:469:547_2a07_G_1.meme	DONE
TFS_tr_E7ESP8_E7ESP8_HUMAN:241:360_8sss_A_1.meme	DONE
TFS_tr_A0A3B3ISN3_A0A3B3ISN3_HUMAN:577:655_2mf8_A_1.meme	DONE
TFS_tr_K7ER43_K7ER43_HUMAN:335:488_2i13_A_1.meme	DONE
TFS_sp_P51786_ZN157_HUMAN:227:380_2i13_A_1.meme	DONE
TFS_tr_H3BSL4_H3BSL4_HUMAN:216:268_4m9v_C_1.meme	DONE
TFS_sp_Q9GZX5_ZN350_HUMAN:196:425_5v3j_E_1.meme	DONE
TFS_sp_O14771_ZN213_HUMAN:316:424_5eh2_F_1.meme	DONE
TFS_sp_Q96PN7_TREF1_HUMAN:1013:1039_1a1h_A_1.meme	DONE
TFS_sp_Q96NX9_DACH2_HUMAN:502:561_7x5f_B_1.meme	DONE
TFS_sp_Q6N043_Z280D_HUMAN:360:497_5wjq_D_1.meme	DONE
TFS_tr_A0A024R3C6_A0A024R3C6_HUMAN:405:652_5wjq_D_1.meme	DONE
TFS_tr_D2CFI5_D2CFI5_HUMAN:63:119_1ig7_A_1.meme	DONE
TFS_sp_Q86V15_CASZ1_HUMAN:668:692_6vtx_A_1.meme	DONE
TFS_tr_Q9UHQ8_Q9UHQ8_HUMAN:284:343_5vpe_D_1.meme	DONE
TFS_tr_H0YLA6_H0YLA6_HUMAN:359:499_6ml7_A_1.meme	DONE
TFS_sp_Q86XF7_ZN575_HUMAN:175:235_5v3j_E_1.meme	DONE
TFS_sp_Q12870_TCF15_HUMAN:73:124_7z5i_B_1.meme	DONE
TFS_tr_C9JE62_C9JE62_HUMAN:81:97_7m5w_A_1.meme	DONE
TFS_sp_Q8NAP8_ZBT8B_HUMAN:342:407_8e3e_A_1.meme	DONE
TFS_tr_Q6ZMW8_Q6ZMW8_HUMAN:65:149_8g8g_X_1.meme	DONE
TFS_tr_A8K6U2_A8K6U2_HUMAN:79:151_1o4x_B_1.meme	DONE
TFS_sp_Q96JG9_ZN469_HUMAN:3339:3440_5t0u_A_1.meme	DONE
TFS_sp_P0C7X2_ZN688_HUMAN:182:233_8a4i_I_1.meme	DONE
TFS_sp_O15090_ZN536_HUMAN:751:803_3uk3_D_1.meme	DONE
DIMER_tr_A0A0B5IYB7_A0A0B5IYB7_HUMAN:5:71_3qrf_G_1.meme	DONE
TFS_sp_Q6V9R5_ZN562_HUMAN:177:426_5v3m_C_1.meme	DONE
TFS_sp_Q15329_E2F5_HUMAN:49:116_4yo2_A_1.meme	DONE
TFS_sp_Q9Y2D1_ATF5_HUMAN:210:265_1jnm_A_1.meme	DONE
TFS_sp_Q7RTV3_ZN367_HUMAN:172:246_2prt_A_1.meme	DONE
TFS_sp_Q96EG3_ZN837_HUMAN:268:525_5wjq_D_1.meme	DONE
TFS_sp_Q9NYT6_ZN226_HUMAN:360:470_5ei9_E_1.meme	DONE
TFS_tr_A8KAK2_A8KAK2_HUMAN:118:332_5v3j_E_1.meme	DONE
TFS_tr_A0A3B3ITJ8_A0A3B3ITJ8_HUMAN:927:972_6wmi_A_1.meme	DONE
TFS_tr_A0A3B3ISP2_A0A3B3ISP2_HUMAN:837:858_2jx1_A_1.meme	DONE
TFS_sp_Q9HCC6_HES4_HUMAN:33:93_1an4_B_1.meme	FAIL
TFS_tr_E7EPA0_E7EPA0_HUMAN:226:290_3osg_A_1.meme	DONE
TFS_sp_Q9NR11_ZN302_HUMAN:240:471_5wjq_D_1.meme	DONE
TFS_sp_Q16587_ZNF74_HUMAN:303:579_5v3m_C_1.meme	DONE
TFS_sp_P58317_ZN121_HUMAN:181:334_2i13_A_1.meme	DONE
TFS_sp_O60304_ZN500_HUMAN:318:461_5wjq_D_1.meme	DONE
DIMER_sp_Q9H4I2_ZHX3_HUMAN:772:816_5z2t_D_1.meme	DONE
TFS_tr_C9JSH4_C9JSH4_HUMAN:81:150_6jrp_A_1.meme	DONE
TFS_sp_Q01826_SATB1_HUMAN:494:570_2o49_A_1.meme	DONE
TFS_sp_Q8N8C0_ZN781_HUMAN:31:111_5kl3_A_1.meme	DONE
TFS_sp_O14771_ZN213_HUMAN:316:426_6e94_A_1.meme	DONE
TFS_sp_O75362_ZN217_HUMAN:125:239_5ei9_E_1.meme	DONE
TFS_sp_Q9NZV7_ZIM2_HUMAN:328:527_5v3j_E_1.meme	DONE
TFS_sp_Q14588_ZN234_HUMAN:465:618_2i13_A_1.meme	DONE
TFS_tr_Q05BZ1_Q05BZ1_HUMAN:112:181_7lbx_B_1.meme	FAIL
TFS_sp_Q9Y4A8_NF2L3_HUMAN:534:638_7x5e_B_1.meme	FAIL
DIMER_tr_B4DZP9_B4DZP9_HUMAN:48:69_1d66_B_1.meme	DONE
TFS_sp_Q8N7G0_PO5F2_HUMAN:124:267_8g8e_X_1.meme	DONE
TFS_sp_Q9UL58_ZN215_HUMAN:464:514_5yj3_C_1.meme	DONE
TFS_tr_A0A0A0MQR4_A0A0A0MQR4_HUMAN:198:271_7m5w_A_1.meme	DONE
TFS_sp_Q3ZCX4_ZN568_HUMAN:275:553_5wjq_D_1.meme	DONE
TFS_sp_Q13398_ZN211_HUMAN:257:555_7w1m_H_1.meme	DONE
TFS_sp_O60869_EDF1_HUMAN:76:121_3u3w_B_1.meme	DONE
TFS_sp_P0CJ78_ZN865_HUMAN:794:1042_5v3j_E_1.meme	DONE
TFS_sp_Q9UL36_ZN236_HUMAN:654:763_5egb_A_1.meme	DONE
TFS_sp_Q6V9R5_ZN562_HUMAN:181:226_4is1_D_1.meme	DONE
TFS_tr_B4DLB0_B4DLB0_HUMAN:146:227_1j47_A_1.meme	DONE
TFS_sp_P36508_ZNF76_HUMAN:162:370_5v3m_C_1.meme	DONE
TFS_tr_F5H433_F5H433_HUMAN:372:428_7n5u_A_1.meme	DONE
TFS_sp_A6NFD8_HELT_HUMAN:15:69_1an4_B_1.meme	DONE
TFS_sp_Q14588_ZN234_HUMAN:229:507_5wjq_D_1.meme	DONE
TFS_sp_Q96IT1_ZN496_HUMAN:521:575_2kmk_A_1.meme	DONE
TFS_sp_Q9Y2P0_ZN835_HUMAN:193:469_5v3j_E_1.meme	DONE
TFS_sp_Q9NZV7_ZIM2_HUMAN:467:516_3uk3_D_1.meme	DONE
TFS_sp_Q16600_ZN239_HUMAN:176:453_5wjq_D_1.meme	DONE
TFS_sp_Q6ZNH5_ZN497_HUMAN:115:268_2i13_A_1.meme	DONE
TFS_sp_Q96LU7_MRFL_HUMAN:727:752_7q3o_K_1.meme	DONE
TFS_sp_Q9UKS7_IKZF2_HUMAN:114:215_5egb_A_1.meme	DONE
TFS_tr_B4DT98_B4DT98_HUMAN:86:139_1f2i_H_1.meme	DONE
TFS_tr_Q8IYZ2_Q8IYZ2_HUMAN:153:367_5v3j_E_1.meme	DONE
TFS_tr_E7EW59_E7EW59_HUMAN:237:288_4is1_D_1.meme	DONE
TFS_sp_Q8NAF0_ZN579_HUMAN:268:466_5v3j_E_1.meme	DONE
TFS_sp_Q6ZSZ6_TSH1_HUMAN:242:437_5v3m_C_1.meme	DONE
TFS_sp_Q96SQ7_ATOH8_HUMAN:231:285_2ypa_A_1.meme	DONE
TFS_tr_Q6ZMW8_Q6ZMW8_HUMAN:93:146_6a8r_B_1.meme	DONE
TFS_sp_Q9HB31_SEBOX_HUMAN:20:80_1fjl_A_1.meme	FAIL
TFS_sp_Q7Z398_ZN550_HUMAN:312:422_5ei9_E_1.meme	DONE
DIMER_tr_A4D2L0_A4D2L0_HUMAN:12:52_2nny_B_1.meme	DONE
TFS_tr_A0A6Q8PH34_A0A6Q8PH34_HUMAN:176:250_1a1j_A_1.meme	DONE
DIMER_tr_A0JP08_A0JP08_HUMAN:658:695_1au7_B_1.meme	DONE
DIMER_sp_A0A1W2PPF3_DUXB_HUMAN:106:155_5z2t_D_1.meme	DONE
DIMER_sp_Q9H4I2_ZHX3_HUMAN:772:816_6a8r_B_1.meme	DONE
TFS_sp_Q8IYA7_MKX_HUMAN:72:132_5zjs_B_1.meme	DONE
TFS_sp_Q9Y2H8_ZN510_HUMAN:402:676_5wjq_D_1.meme	DONE
TFS_sp_Q68DY9_ZN772_HUMAN:251:489_7w1m_H_1.meme	DONE
DIMER_sp_O75398_DEAF1_HUMAN:504:540_4tnt_B_1.meme	DONE
TFS_tr_Q8N9U5_Q8N9U5_HUMAN:36:261_5wjq_D_1.meme	DONE
TFS_sp_P0C6A0_ZGLP1_HUMAN:205:240_4gat_A_1.meme	DONE
TFS_tr_C9JLX5_C9JLX5_HUMAN:275:346_5ei9_E_1.meme	DONE
TFS_sp_P51504_ZNF80_HUMAN:241:268_5v3j_E_1.meme	DONE
TFS_sp_Q8N7G0_PO5F2_HUMAN:123:267_1hf0_B_1.meme	DONE
DIMER_tr_Q7KYZ0_Q7KYZ0_HUMAN:39:111_5e6c_A_1.meme	DONE
TFS_sp_Q68DE3_USF3_HUMAN:20:72_4atk_B_1.meme	DONE
TFS_tr_M0QXD6_M0QXD6_HUMAN:84:96_5iyb_S_1.meme	DONE
TFS_sp_Q8TAF7_ZN461_HUMAN:178:267_5ei9_E_1.meme	DONE
TFS_sp_Q9H2S9_IKZF4_HUMAN:160:268_5wjq_D_1.meme	DONE
TFS_tr_E7EVZ1_E7EVZ1_HUMAN:2580:2636_5hod_A_1.meme	DONE
TFS_tr_Q9UHQ8_Q9UHQ8_HUMAN:254:346_4eot_B_1.meme	DONE
DIMER_tr_Q7KYZ0_Q7KYZ0_HUMAN:39:97_4aa6_B_1.meme	DONE
DIMER_sp_Q9Y603_ETV7_HUMAN:209:305_3mfk_B_1.meme	DONE
TFS_sp_O43167_ZBT24_HUMAN:374:516_6ml7_A_1.meme	DONE
TFS_tr_Q6ZN29_Q6ZN29_HUMAN:621:677_3a01_B_1.meme	FAIL
TFS_sp_A6NP11_ZN716_HUMAN:295:403_5eh2_F_1.meme	DONE
TFS_tr_A0A8V8TM49_A0A8V8TM49_HUMAN:20:74_2lkx_A_1.meme	DONE
DIMER_sp_O60393_NOBOX_HUMAN:350:361_3hdd_A_1.meme	DONE
TFS_sp_Q9Y467_SALL2_HUMAN:372:423_8cuc_F_1.meme	DONE
TFS_sp_Q9UIF9_BAZ2A_HUMAN:556:601_6cnp_A_1.meme	DONE
TFS_sp_Q5EBL2_ZN628_HUMAN:240:314_5v3m_C_1.meme	DONE
TFS_sp_A6NFI3_ZN316_HUMAN:688:937_5v3j_E_1.meme	DONE
TFS_sp_Q9BS34_ZN670_HUMAN:102:387_5v3m_C_1.meme	DONE
DIMER_sp_Q9Y603_ETV7_HUMAN:226:304_5e8i_G_1.meme	DONE
TFS_sp_Q9H116_GZF1_HUMAN:425:569_2i13_A_1.meme	DONE
TFS_tr_Q53F65_Q53F65_HUMAN:224:312_4mhg_A_1.meme	DONE
TFS_tr_Q59FT3_Q59FT3_HUMAN:513:589_2o4a_A_1.meme	DONE
TFS_tr_J3KTI4_J3KTI4_HUMAN:476:563_5t00_A_1.meme	DONE
TFS_sp_Q5SVQ8_ZBT41_HUMAN:574:625_5yj3_C_1.meme	DONE
DIMER_sp_Q8N1L9_BATF2_HUMAN:19:67_1dh3_C_1.meme	DONE
TFS_sp_Q96SZ4_ZSC10_HUMAN:520:780_5wjq_D_1.meme	DONE
TFS_sp_O43309_ZSC12_HUMAN:329:603_5v3j_E_1.meme	DONE
DIMER_tr_B4DL45_B4DL45_HUMAN:185:237_1hlo_A_1.meme	DONE
TFS_sp_P13984_T2FB_HUMAN:2:238_7nvu_R_1.meme	DONE
TFS_tr_Q8N9U5_Q8N9U5_HUMAN:3:55_1jk2_A_1.meme	DONE
TFS_sp_B2RXF5_ZBT42_HUMAN:360:410_1f2i_G_1.meme	DONE
TFS_tr_A4D178_A4D178_HUMAN:536:601_1skn_P_1.meme	DONE
TFS_tr_I3L135_I3L135_HUMAN:186:249_7m5w_A_1.meme	DONE
DIMER_sp_Q03014_HHEX_HUMAN:140:206_4uus_A_1.meme	DONE
TFS_sp_Q92618_ZN516_HUMAN:36:84_4is1_C_1.meme	DONE
TFS_sp_Q5SXM1_ZN678_HUMAN:88:176_5v3m_C_1.meme	DONE
TFS_tr_A0A3B3ITS6_A0A3B3ITS6_HUMAN:496:525_2mf8_A_1.meme	DONE
TFS_tr_A0A804HJ42_A0A804HJ42_HUMAN:423:575_2i13_A_1.meme	DONE
TFS_sp_Q8TE85_GRHL3_HUMAN:229:464_5mpf_A_1.meme	DONE
TFS_sp_Q9H9D4_ZN408_HUMAN:353:629_5v3m_C_1.meme	DONE
DIMER_tr_A8K3H7_A8K3H7_HUMAN:210:265_1jnm_A_1.meme	DONE
TFS_sp_Q92670_ZN75C_HUMAN:281:426_5wjq_D_1.meme	DONE
TFS_sp_Q9NZV7_ZIM2_HUMAN:330:378_5yj3_C_1.meme	DONE
TFS_tr_A0A8V8TM49_A0A8V8TM49_HUMAN:20:78_3cmy_A_1.meme	DONE
TFS_tr_Q96SV5_Q96SV5_HUMAN:457:510_4gzn_C_1.meme	DONE
TFS_tr_I3L2J0_I3L2J0_HUMAN:1107:1178_6ht5_D_1.meme	DONE
TFS_sp_O43167_ZBT24_HUMAN:409:484_1a1g_A_1.meme	DONE
TFS_tr_E9PMU6_E9PMU6_HUMAN:233:509_5v3m_C_1.meme	DONE
TFS_sp_Q15776_ZKSC8_HUMAN:320:356_1ubd_C_1.meme	DONE
TFS_tr_B4DFD9_B4DFD9_HUMAN:371:421_6e94_A_1.meme	DONE
TFS_tr_B7Z851_B7Z851_HUMAN:161:311_5v3m_C_1.meme	DONE
TFS_sp_Q8NAF0_ZN579_HUMAN:43:94_4m9v_C_1.meme	DONE
TFS_sp_Q99676_ZN184_HUMAN:247:357_5ei9_E_1.meme	DONE
TFS_sp_Q7RTU5_ASCL5_HUMAN:163:210_7z5k_B_1.meme	FAIL
TFS_tr_A0A0C4DGB4_A0A0C4DGB4_HUMAN:215:381_5und_A_1.meme	DONE
DIMER_tr_E9PJ73_E9PJ73_HUMAN:19:66_1dh3_C_1.meme	DONE
TFS_tr_I7HIK6_I7HIK6_HUMAN:178:218_5v3j_E_1.meme	DONE
TFS_tr_A8K962_A8K962_HUMAN:196:374_7lbx_B_1.meme	DONE
TFS_sp_Q6P9A1_ZN530_HUMAN:266:565_7w1m_H_1.meme	DONE
TFS_tr_E7ESP8_E7ESP8_HUMAN:241:292_5k5l_F_1.meme	DONE
TFS_tr_Q6ZN29_Q6ZN29_HUMAN:297:350_6a8r_B_1.meme	DONE
TFS_sp_Q5T619_ZN648_HUMAN:445:554_5egb_A_1.meme	DONE
TFS_sp_Q15776_ZKSC8_HUMAN:317:358_5v3m_C_1.meme	DONE
TFS_sp_Q8WYA1_BMAL2_HUMAN:109:161_4atk_B_1.meme	DONE
TFS_tr_A0A3B3ISW5_A0A3B3ISW5_HUMAN:903:981_2mf8_A_1.meme	DONE
TFS_sp_A0A1W2PPK0_CPHL2_HUMAN:26:78_2lkx_A_1.meme	DONE
TFS_sp_Q96NL3_ZN599_HUMAN:533:586_1f2i_G_1.meme	DONE
TFS_sp_Q96BV0_ZN775_HUMAN:444:524_5egb_A_1.meme	DONE
TFS_tr_Q9NS42_Q9NS42_HUMAN:515:625_5ei9_E_1.meme	DONE
TFS_sp_Q13129_RLF_HUMAN:719:825_2jpa_A_1.meme	DONE
TFS_tr_I3L1J3_I3L1J3_HUMAN:478:516_5v3m_C_1.meme	DONE
TFS_sp_Q5JNZ3_ZN311_HUMAN:608:631_5egb_A_1.meme	DONE
TFS_tr_Q53F47_Q53F47_HUMAN:10:93_7cvo_B_1.meme	DONE
TFS_tr_Q8N9U5_Q8N9U5_HUMAN:3:55_1a1g_A_1.meme	DONE
TFS_sp_Q9H116_GZF1_HUMAN:344:604_5wjq_D_1.meme	DONE
TFS_sp_Q8TD17_ZN398_HUMAN:340:587_5wjq_D_1.meme	DONE
TFS_sp_Q03014_HHEX_HUMAN:141:207_6es2_K_1.meme	DONE
TFS_sp_Q16587_ZNF74_HUMAN:397:550_2i13_A_1.meme	DONE
TFS_sp_Q9C0D4_Z518B_HUMAN:164:214_4is1_D_1.meme	DONE
TFS_tr_A4D2L0_A4D2L0_HUMAN:12:55_1dux_F_1.meme	DONE
DIMER_tr_A0A090N8E5_A0A090N8E5_HUMAN:350:361_1hdd_D_1.meme	DONE
TFS_sp_Q9HB31_SEBOX_HUMAN:20:73_3cmy_A_1.meme	DONE
TFS_sp_Q9NRE2_TSH2_HUMAN:926:950_6e93_A_1.meme	DONE
TFS_sp_Q96IT1_ZN496_HUMAN:399:575_5v3j_E_1.meme	DONE
TFS_sp_Q9NSJ1_Z355P_HUMAN:260:316_4m9v_C_1.meme	DONE
DIMER_sp_Q6ZNG2_DBX2_HUMAN:189:240_5zjt_A_1.meme	DONE
TFS_sp_Q86XF7_ZN575_HUMAN:172:235_2kmk_A_1.meme	DONE
TFS_sp_Q14584_ZN266_HUMAN:71:139_5egb_A_1.meme	DONE
TFS_sp_O43309_ZSC12_HUMAN:329:603_5v3m_C_1.meme	DONE
TFS_sp_Q86UD4_ZN329_HUMAN:284:394_5ei9_E_1.meme	DONE
TFS_sp_Q96K83_ZN521_HUMAN:117:224_5ei9_E_1.meme	DONE
TFS_tr_E5RGS9_E5RGS9_HUMAN:13:47_6y35_C_1.meme	DONE
TFS_sp_Q8WW38_FOG2_HUMAN:298:386_1a1g_A_1.meme	DONE
TFS_sp_Q6N043_Z280D_HUMAN:359:499_6ml5_A_1.meme	DONE
TFS_tr_Q9NZ00_Q9NZ00_HUMAN:3:85_4x9j_A_1.meme	DONE
TFS_sp_P52743_ZN137_HUMAN:26:178_2i13_A_1.meme	DONE
TFS_sp_Q16600_ZN239_HUMAN:184:453_5v3m_C_1.meme	DONE
TFS_tr_A0A1X7SC99_A0A1X7SC99_HUMAN:280:329_4m9v_C_1.meme	DONE
TFS_tr_E7EW59_E7EW59_HUMAN:495:544_3uk3_D_1.meme	DONE
TFS_sp_Q92750_TAF4B_HUMAN:619:862_7egd_D_1.meme	DONE
TFS_tr_A0A087WVA2_A0A087WVA2_HUMAN:325:597_5wjq_D_1.meme	DONE
TFS_tr_B7ZBM3_B7ZBM3_HUMAN:454:535_2a07_F_1.meme	DONE
TFS_tr_Q59FS2_Q59FS2_HUMAN:268:369_2jp9_A_1.meme	DONE
TFS_sp_Q6ECI4_ZN470_HUMAN:424:700_5v3j_E_1.meme	DONE
TFS_sp_A6NM28_ZFP92_HUMAN:161:314_2i13_A_1.meme	DONE
TFS_sp_Q8NAF0_ZN579_HUMAN:385:434_5yj3_C_1.meme	DONE
TFS_tr_Q6ZN29_Q6ZN29_HUMAN:624:677_3hdd_A_1.meme	DONE
TFS_tr_A0A0B5IYB7_A0A0B5IYB7_HUMAN:5:99_6ako_C_1.meme	DONE
TFS_sp_P0CB48_UBFL6_HUMAN:230:313_3tq6_A_1.meme	DONE
TFS_sp_Q96K75_ZN514_HUMAN:257:366_2jpa_A_1.meme	DONE
TFS_tr_Q9H6G9_Q9H6G9_HUMAN:48:73_5e6b_A_1.meme	DONE
TFS_sp_P17021_ZNF17_HUMAN:358:656_7w1m_H_1.meme	DONE
TFS_sp_Q9P1Z0_ZBTB4_HUMAN:297:392_6df5_A_1.meme	DONE
TFS_sp_P0CJ78_ZN865_HUMAN:226:274_3uk3_C_1.meme	DONE
TFS_tr_B2RCW4_B2RCW4_HUMAN:504:612_5eh2_F_1.meme	DONE
TFS_tr_A0A3B3IRX0_A0A3B3IRX0_HUMAN:856:885_2jx1_A_1.meme	DONE
TFS_tr_H0YKC7_H0YKC7_HUMAN:85:128_5ego_A_1.meme	DONE
TFS_sp_Q7RTU4_BHA09_HUMAN:66:122_6od5_B_1.meme	DONE
TFS_sp_Q5JNZ3_ZN311_HUMAN:330:606_5v3j_E_1.meme	DONE
TFS_sp_B2RXF5_ZBT42_HUMAN:336:414_8e3d_A_1.meme	DONE
TFS_sp_P06400_RB_HUMAN:60:105_8iue_V_1.meme	DONE
TFS_sp_P29084_T2EB_HUMAN:75:239_5iy7_R_1.meme	DONE
TFS_sp_Q68CJ9_CR3L3_HUMAN:245:285_1dh3_C_1.meme	DONE
TFS_sp_Q6P9A1_ZN530_HUMAN:292:570_5wjq_D_1.meme	DONE
DIMER_sp_A6NFD8_HELT_HUMAN:4:67_1mdy_A_1.meme	DONE
TFS_tr_Q6IBK5_Q6IBK5_HUMAN:5:180_5iy6_S_1.meme	DONE
TFS_tr_A0A8Q3WKH9_A0A8Q3WKH9_HUMAN:1:48_5eh2_F_1.meme	DONE
TFS_tr_B4E2P7_B4E2P7_HUMAN:200:353_2i13_A_1.meme	DONE
TFS_sp_Q6N043_Z280D_HUMAN:355:469_5ei9_E_1.meme	DONE
TFS_tr_K7ER43_K7ER43_HUMAN:102:230_5wjq_D_1.meme	DONE
TFS_sp_Q9Y603_ETV7_HUMAN:226:306_3jtg_A_1.meme	DONE
TFS_sp_A0A1B0GWH4_HSFX3_HUMAN:83:182_5d5x_B_1.meme	DONE
TFS_sp_P12980_LYL1_HUMAN:151:208_6od5_B_1.meme	DONE
TFS_sp_Q8WW38_FOG2_HUMAN:337:385_5yj3_C_1.meme	DONE
TFS_tr_B7ZAW1_B7ZAW1_HUMAN:166:254_4x9j_A_1.meme	DONE
TFS_tr_B7ZLF3_B7ZLF3_HUMAN:164:188_6e94_A_1.meme	DONE
TFS_tr_B3KUN2_B3KUN2_HUMAN:375:479_6e94_A_1.meme	DONE
TFS_tr_B4DRP8_B4DRP8_HUMAN:223:497_5v3m_C_1.meme	DONE
TFS_tr_Q8N9U5_Q8N9U5_HUMAN:9:261_5v3j_E_1.meme	DONE
TFS_sp_Q6ZRF7_ZN818_HUMAN:65:111_5yj3_C_1.meme	DONE
TFS_sp_Q96BR9_ZBT8A_HUMAN:283:372_7n5s_A_1.meme	DONE
TFS_sp_Q86UE3_ZN546_HUMAN:718:827_5ei9_E_1.meme	DONE
TFS_tr_K7EIE6_K7EIE6_HUMAN:180:225_4is1_D_1.meme	DONE
TFS_sp_A6NK53_ZN233_HUMAN:395:661_5wjq_D_1.meme	DONE
TFS_tr_B4DLB0_B4DLB0_HUMAN:11:115_6hb4_A_1.meme	DONE
TFS_sp_O15090_ZN536_HUMAN:132:180_3uk3_C_1.meme	DONE
TFS_sp_Q8WYA1_BMAL2_HUMAN:109:472_8osk_N_1.meme	DONE
TFS_sp_Q5JNZ3_ZN311_HUMAN:608:631_2i13_A_1.meme	DONE
TFS_tr_B4DZP9_B4DZP9_HUMAN:144:189_4is1_D_1.meme	DONE
DIMER_tr_Q7KYZ0_Q7KYZ0_HUMAN:39:97_1hcq_A_1.meme	DONE
TFS_sp_Q01826_SATB1_HUMAN:372:440_2d5v_A_1.meme	DONE
TFS_tr_A0A0D9SEJ8_A0A0D9SEJ8_HUMAN:344:478_6ml6_A_1.meme	DONE
TFS_sp_Q13398_ZN211_HUMAN:303:447_2i13_A_1.meme	DONE
TFS_tr_A8K124_A8K124_HUMAN:347:484_5v3j_E_1.meme	DONE
TFS_sp_Q7Z340_ZN551_HUMAN:362:638_5v3j_E_1.meme	DONE
TFS_tr_A0A3B3IRT9_A0A3B3IRT9_HUMAN:882:960_2mf8_A_1.meme	DONE
TFS_sp_P17030_ZNF25_HUMAN:174:449_5v3m_C_1.meme	DONE
TFS_sp_P62380_TBPL1_HUMAN:13:183_7zwc_O_1.meme	DONE
TFS_sp_Q9UJW7_ZN229_HUMAN:237:329_5egb_A_1.meme	DONE
DIMER_tr_Q9UHQ8_Q9UHQ8_HUMAN:288:343_5t01_B_1.meme	DONE
DIMER_tr_A0A1B0GW50_A0A1B0GW50_HUMAN:659:696_1hf0_B_1.meme	DONE
TFS_sp_Q9Y2P7_ZN256_HUMAN:87:191_5egb_A_1.meme	DONE
DIMER_tr_E7EUW9_E7EUW9_HUMAN:688:725_1au7_B_1.meme	DONE
TFS_tr_B4DHL1_B4DHL1_HUMAN:422:562_6ml5_A_1.meme	DONE
TFS_tr_B4DRP8_B4DRP8_HUMAN:247:522_5wjq_D_1.meme	DONE
TFS_tr_H0Y5R1_H0Y5R1_HUMAN:60:424_7xi4_A_1.meme	FAIL
TFS_sp_Q96BR9_ZBT8A_HUMAN:287:345_1a1j_A_1.meme	DONE
TFS_tr_Q86WM2_Q86WM2_HUMAN:10:163_2i13_A_1.meme	DONE
TFS_tr_A4D2L0_A4D2L0_HUMAN:12:56_1k6o_A_1.meme	DONE
TFS_tr_E5RH41_E5RH41_HUMAN:75:198_5iy9_R_1.meme	DONE
TFS_sp_O75376_NCOR1_HUMAN:623:672_1msf_C_1.meme	DONE
DIMER_tr_H0YKC7_H0YKC7_HUMAN:85:128_6fqp_A_1.meme	DONE
TFS_tr_B4DSV2_B4DSV2_HUMAN:373:423_6e94_A_1.meme	DONE
TFS_sp_P0C7X2_ZN688_HUMAN:183:233_5yj3_C_1.meme	DONE
DIMER_sp_Q96SQ7_ATOH8_HUMAN:231:285_2ypa_A_1.meme	DONE
TFS_sp_Q5SXM2_SNPC4_HUMAN:262:340_1h88_C_1.meme	DONE
TFS_sp_P0CG24_ZN883_HUMAN:291:373_1a1i_A_1.meme	DONE
DIMER_sp_Q7RTU5_ASCL5_HUMAN:188:208_1am9_B_1.meme	DONE
TFS_tr_Q9H740_Q9H740_HUMAN:146:275_2i13_A_1.meme	DONE
TFS_tr_B4DZR3_B4DZR3_HUMAN:29:117_1a1i_A_1.meme	DONE
TFS_sp_Q92966_SNPC3_HUMAN:28:411_7zwc_b_1.meme	FAIL
TFS_tr_Q32MA5_Q32MA5_HUMAN:298:386_1zaa_C_1.meme	DONE
TFS_sp_Q5SVQ8_ZBT41_HUMAN:517:652_2i13_A_1.meme	DONE
TFS_tr_A0A087WZQ2_A0A087WZQ2_HUMAN:531:640_5ei9_E_1.meme	DONE
TFS_tr_A0A3F2YPB8_A0A3F2YPB8_HUMAN:307:605_7w1m_H_1.meme	DONE
TFS_tr_Q7Z3R2_Q7Z3R2_HUMAN:113:171_5ei9_E_1.meme	DONE
DIMER_sp_Q8IVH2_FOXP4_HUMAN:466:547_3qrf_G_1.meme	DONE
TFS_tr_A0A140VK21_A0A140VK21_HUMAN:99:164_5d5v_D_1.meme	DONE
TFS_sp_Q969J2_ZKSC4_HUMAN:345:454_5egb_A_1.meme	DONE
TFS_sp_P36508_ZNF76_HUMAN:223:368_6wmi_A_1.meme	DONE
TFS_tr_A0A3B3IRX0_A0A3B3IRX0_HUMAN:709:783_2mf8_A_1.meme	DONE
TFS_tr_O95276_O95276_HUMAN:33:114_1g2f_C_1.meme	DONE
TFS_tr_O00164_O00164_HUMAN:251:311_6cim_N_1.meme	DONE
TFS_sp_Q7Z4V0_ZN438_HUMAN:509:558_3uk3_C_1.meme	DONE
TFS_sp_Q96SZ4_ZSC10_HUMAN:344:508_5v3j_E_1.meme	DONE
TFS_sp_P10075_GLI4_HUMAN:179:373_5wjq_D_1.meme	DONE
TFS_sp_Q9H609_ZN576_HUMAN:71:93_5egb_A_1.meme	DONE
TFS_sp_Q6ZT77_ZN826_HUMAN:99:175_5wjq_D_1.meme	DONE
TFS_tr_A0A6Q8PH34_A0A6Q8PH34_HUMAN:176:250_1a1f_A_1.meme	DONE
TFS_tr_H0YKC7_H0YKC7_HUMAN:72:132_5zjs_B_1.meme	DONE
DIMER_tr_A4D178_A4D178_HUMAN:583:638_5t01_B_1.meme	DONE
TFS_sp_Q12789_TF3C1_HUMAN:1:716_8clj_A_1.meme	DONE
TFS_sp_Q16587_ZNF74_HUMAN:248:546_7w1m_H_1.meme	DONE
TFS_sp_Q8WYA1_BMAL2_HUMAN:104:472_8osl_N_1.meme	DONE
TFS_tr_A0A087WT67_A0A087WT67_HUMAN:479:632_2i13_A_1.meme	DONE
TFS_tr_M0R186_M0R186_HUMAN:47:185_5v3j_E_1.meme	DONE
TFS_sp_P35269_T2FA_HUMAN:6:180_5iya_S_1.meme	DONE
DIMER_tr_A0A8V8TMK4_A0A8V8TMK4_HUMAN:23:80_2r5y_A_1.meme	DONE
TFS_tr_E7EVZ1_E7EVZ1_HUMAN:2199:2260_2lkx_A_1.meme	DONE
TFS_sp_Q96I27_ZN625_HUMAN:143:287_2i13_A_1.meme	DONE
TFS_tr_E5RGS9_E5RGS9_HUMAN:13:47_6y36_C_1.meme	DONE
TFS_tr_E7ET52_E7ET52_HUMAN:166:254_1a1h_A_1.meme	DONE
TFS_sp_Q8WY36_BBX_HUMAN:79:151_1gt0_D_1.meme	DONE
TFS_tr_A0A8Q3WKH9_A0A8Q3WKH9_HUMAN:3:44_3uk3_C_1.meme	DONE
TFS_tr_Q13582_Q13582_HUMAN:1:73_5keb_A_1.meme	DONE
TFS_sp_Q63HK5_TSH3_HUMAN:207:407_5v3m_C_1.meme	DONE
TFS_sp_Q99676_ZN184_HUMAN:331:609_5wjq_D_1.meme	DONE
TFS_sp_Q9NW07_ZN358_HUMAN:261:370_5egb_A_1.meme	DONE
TFS_tr_A0A087WVA2_A0A087WVA2_HUMAN:329:597_5v3j_E_1.meme	DONE
TFS_tr_M0R186_M0R186_HUMAN:47:105_5v3m_C_1.meme	DONE
TFS_sp_Q6ZNC4_ZN704_HUMAN:198:220_6e93_A_1.meme	DONE
TFS_sp_Q8IUM7_NPAS4_HUMAN:5:294_4zpk_B_1.meme	FAIL
TFS_sp_Q16666_IF16_HUMAN:199:393_5z7d_A_1.meme	DONE
TFS_tr_B4DLH3_B4DLH3_HUMAN:166:254_1jk2_A_1.meme	DONE
TFS_sp_O14628_ZN195_HUMAN:353:629_5v3m_C_1.meme	DONE
TFS_sp_Q96PN7_TREF1_HUMAN:1086:1112_1g2d_C_1.meme	DONE
TFS_sp_Q6ZSZ6_TSH1_HUMAN:970:995_4m9v_C_1.meme	DONE
TFS_sp_Q96JG9_ZN469_HUMAN:3338:3440_6ml2_A_1.meme	DONE
TFS_sp_Q6N043_Z280D_HUMAN:359:499_6ml7_A_1.meme	DONE
TFS_sp_Q5MCW4_ZN569_HUMAN:297:573_5v3m_C_1.meme	DONE
TFS_sp_Q9H7X3_ZN696_HUMAN:178:288_5egb_A_1.meme	DONE
TFS_sp_Q5T0B9_ZN362_HUMAN:225:394_5v3j_E_1.meme	DONE
TFS_sp_P36508_ZNF76_HUMAN:163:279_6b0q_D_1.meme	DONE
TFS_sp_P0CJ78_ZN865_HUMAN:221:279_5egb_A_1.meme	DONE
TFS_sp_A0A1W2PPF3_DUXB_HUMAN:17:155_5zfz_A_1.meme	DONE
TFS_sp_O60315_ZEB2_HUMAN:213:332_5kkq_A_1.meme	DONE
TFS_sp_Q86UD4_ZN329_HUMAN:203:478_5v3j_E_1.meme	DONE
TFS_sp_Q9Y5A6_ZSC21_HUMAN:273:467_5wjq_D_1.meme	DONE
DIMER_sp_Q6XD76_ASCL4_HUMAN:78:131_2ypa_A_1.meme	DONE
TFS_tr_Q8N9U5_Q8N9U5_HUMAN:3:55_1a1j_A_1.meme	DONE
TFS_tr_B3KNY8_B3KNY8_HUMAN:146:256_5ei9_E_1.meme	DONE
TFS_sp_Q96I27_ZN625_HUMAN:68:292_5v3m_C_1.meme	DONE
TFS_sp_Q8IZ20_ZN683_HUMAN:321:451_6ml3_A_1.meme	DONE
TFS_tr_B9EH69_B9EH69_HUMAN:145:222_5keb_A_1.meme	DONE
TFS_sp_O94842_TOX4_HUMAN:221:293_3nm9_D_1.meme	DONE
TFS_sp_P29084_T2EB_HUMAN:75:239_5iyd_R_1.meme	DONE
TFS_tr_E9PMM2_E9PMM2_HUMAN:84:149_6hc3_A_1.meme	DONE
TFS_sp_P17025_ZN182_HUMAN:261:537_5v3j_E_1.meme	DONE
TFS_tr_B4DJ39_B4DJ39_HUMAN:149:221_3nm9_D_1.meme	DONE
TFS_tr_Q53QP1_Q53QP1_HUMAN:279:326_5k5h_A_1.meme	DONE
TFS_tr_A0A8Q3WKH9_A0A8Q3WKH9_HUMAN:1:48_2i13_A_1.meme	DONE
TFS_sp_O43711_TLX3_HUMAN:166:220_3rkq_B_1.meme	DONE
TFS_sp_Q5SXM2_SNPC4_HUMAN:149:513_8iuh_4_1.meme	DONE
TFS_sp_Q9UL36_ZN236_HUMAN:482:763_5v3m_C_1.meme	DONE
TFS_sp_A8MZ59_LEUTX_HUMAN:9:67_2lkx_A_1.meme	DONE
TFS_sp_Q96EG3_ZN837_HUMAN:268:525_5v3m_C_1.meme	DONE
TFS_sp_Q92570_NR4A3_HUMAN:292:375_6l6q_B_1.meme	DONE
TFS_sp_Q8TD17_ZN398_HUMAN:454:562_5eh2_F_1.meme	DONE
TFS_tr_H3BUJ7_H3BUJ7_HUMAN:488:596_5ei9_E_1.meme	DONE
DIMER_tr_B0QYW7_B0QYW7_HUMAN:1:37_1hcq_B_1.meme	DONE
TFS_sp_Q8NAP3_ZBT38_HUMAN:448:542_2lt7_A_1.meme	DONE
TFS_tr_B4DS73_B4DS73_HUMAN:223:272_4is1_C_1.meme	DONE
DIMER_sp_O60281_ZN292_HUMAN:2028:2079_4ldx_A_1.meme	DONE
TFS_sp_Q9UNN4_TF2AY_HUMAN:411:478_7nvs_U_1.meme	DONE
TFS_tr_E9PJ73_E9PJ73_HUMAN:19:66_1dh3_C_1.meme	DONE
TFS_sp_Q9NRE2_TSH2_HUMAN:211:238_5v3m_C_1.meme	DONE
TFS_sp_P81133_SIM1_HUMAN:2:346_4zpk_B_1.meme	DONE
TFS_tr_C9J461_C9J461_HUMAN:105:147_4yo2_A_1.meme	DONE
TFS_sp_Q92610_ZN592_HUMAN:712:819_6ml7_A_1.meme	DONE
TFS_sp_Q96PN7_TREF1_HUMAN:1086:1111_1p47_A_1.meme	DONE
TFS_sp_Q15329_E2F5_HUMAN:88:117_1cf7_B_1.meme	DONE
TFS_tr_Q8N9U5_Q8N9U5_HUMAN:3:55_1jk1_A_1.meme	DONE
TFS_sp_Q8ND82_Z280C_HUMAN:355:494_5t0u_A_1.meme	DONE
TFS_sp_Q9Y483_MTF2_HUMAN:45:358_5xfr_B_1.meme	DONE
DIMER_sp_Q8N1L9_BATF2_HUMAN:21:70_1nwq_C_1.meme	DONE
TFS_sp_O75362_ZN217_HUMAN:125:239_5egb_A_1.meme	DONE
TFS_sp_Q8IZ20_ZN683_HUMAN:318:451_6ml7_A_1.meme	DONE
TFS_sp_A6NP11_ZN716_HUMAN:293:403_5ei9_E_1.meme	DONE
TFS_tr_Q9UHQ8_Q9UHQ8_HUMAN:288:325_1a02_J_1.meme	DONE
TFS_tr_E9PQX9_E9PQX9_HUMAN:1:67_6r2v_C_1.meme	DONE
TFS_sp_Q92670_ZN75C_HUMAN:281:426_5v3j_E_1.meme	DONE
TFS_tr_H0YKC7_H0YKC7_HUMAN:74:132_2r5z_B_1.meme	DONE
TFS_sp_Q3SY56_SP6_HUMAN:254:336_2wbu_A_1.meme	DONE
TFS_sp_Q9HAH1_ZN556_HUMAN:143:405_5wjq_D_1.meme	DONE
TFS_tr_A0A0C4DGB4_A0A0C4DGB4_HUMAN:155:381_5wjq_D_1.meme	DONE
TFS_tr_A0A1B0GV02_A0A1B0GV02_HUMAN:280:357_5yef_J_1.meme	DONE
TFS_tr_Q8IYZ2_Q8IYZ2_HUMAN:442:495_5t0u_A_1.meme	DONE
TFS_sp_Q8NAP8_ZBT8B_HUMAN:342:407_7n5t_A_1.meme	DONE
TFS_tr_A0A494C1K3_A0A494C1K3_HUMAN:20:152_1hlv_A_1.meme	DONE
DIMER_tr_A0A804HIS1_A0A804HIS1_HUMAN:262:310_3cbb_A_1.meme	DONE
TFS_tr_C9JZA0_C9JZA0_HUMAN:79:151_4y60_C_1.meme	DONE
DIMER_tr_A4D2L0_A4D2L0_HUMAN:12:50_3mfk_B_1.meme	DONE
DIMER_tr_A0A090N8E5_A0A090N8E5_HUMAN:347:363_5hod_A_1.meme	DONE
TFS_tr_Q658N3_Q658N3_HUMAN:8:93_4awl_B_1.meme	DONE
TFS_sp_O60281_ZN292_HUMAN:1900:1931_5ke6_A_1.meme	DONE
TFS_sp_O60393_NOBOX_HUMAN:273:318_3a01_B_1.meme	DONE
TFS_sp_O60315_ZEB2_HUMAN:999:1050_1f2i_G_1.meme	DONE
TFS_tr_C9K0D1_C9K0D1_HUMAN:79:151_6ht5_D_1.meme	DONE
TFS_tr_Q7Z3R2_Q7Z3R2_HUMAN:115:167_5wjq_D_1.meme	DONE
TFS_tr_A0A1B0GV02_A0A1B0GV02_HUMAN:1024:1098_1jk1_A_1.meme	DONE
TFS_tr_H0YKC7_H0YKC7_HUMAN:72:132_5zjq_B_1.meme	DONE
TFS_sp_Q6IQ32_ADNP2_HUMAN:71:97_3uk3_D_1.meme	DONE
TFS_tr_E5RH41_E5RH41_HUMAN:75:198_5iy6_R_1.meme	DONE
TFS_tr_C9J872_C9J872_HUMAN:105:148_4yo2_A_1.meme	DONE
DIMER_sp_Q17RH7_TPRXL_HUMAN:24:74_5z2t_D_1.meme	DONE
TFS_sp_Q9NSD4_ZN275_HUMAN:98:156_5ei9_E_1.meme	DONE
DIMER_sp_Q6ZNG2_DBX2_HUMAN:190:244_4qtr_A_1.meme	DONE
TFS_tr_C9JNU3_C9JNU3_HUMAN:79:142_6t7b_K_1.meme	DONE
TFS_sp_P49910_ZN165_HUMAN:297:478_5wjq_D_1.meme	DONE
TFS_tr_Q7Z3R2_Q7Z3R2_HUMAN:115:167_5v3j_E_1.meme	DONE
TFS_sp_Q9H609_ZN576_HUMAN:45:93_4r2s_A_1.meme	DONE
TFS_sp_Q5SXM1_ZN678_HUMAN:92:176_5wjq_D_1.meme	DONE
TFS_sp_Q14584_ZN266_HUMAN:305:458_2i13_A_1.meme	DONE
TFS_tr_K7ER43_K7ER43_HUMAN:102:230_5v3j_E_1.meme	DONE
TFS_sp_Q8IZM8_ZN654_HUMAN:546:596_1jk1_A_1.meme	DONE
TFS_tr_C9K0D1_C9K0D1_HUMAN:79:151_1gt0_D_1.meme	DONE
TFS_tr_Q7Z3R2_Q7Z3R2_HUMAN:173:451_5wjq_D_1.meme	DONE
TFS_sp_P17021_ZNF17_HUMAN:141:175_2i13_A_1.meme	DONE
DIMER_sp_Q8IYA7_MKX_HUMAN:85:128_6fqq_D_1.meme	DONE
TFS_sp_Q9UNY5_ZN232_HUMAN:285:437_5v3m_C_1.meme	DONE
TFS_sp_Q9NYT6_ZN226_HUMAN:670:777_5eh2_F_1.meme	DONE
TFS_tr_Q13582_Q13582_HUMAN:1:65_5eh2_F_1.meme	DONE
TFS_sp_Q3SXZ3_ZN718_HUMAN:336:446_5ei9_E_1.meme	DONE
TFS_sp_Q9BUY5_ZN426_HUMAN:279:554_5v3m_C_1.meme	DONE
TFS_sp_Q5TEC3_ZN697_HUMAN:186:211_5ei9_E_1.meme	DONE
TFS_sp_Q9H2P0_ADNP_HUMAN:76:100_6df5_A_1.meme	DONE
TFS_sp_P17021_ZNF17_HUMAN:111:175_5v3j_E_1.meme	DONE
DIMER_sp_A0A1W2PPM1_CPHXL_HUMAN:26:82_5zjq_B_1.meme	DONE
TFS_tr_Q9NZ00_Q9NZ00_HUMAN:31:141_5egb_A_1.meme	DONE
TFS_sp_P06400_RB_HUMAN:60:105_4roc_A_1.meme	DONE
TFS_sp_A6NK53_ZN233_HUMAN:372:420_4is1_C_1.meme	DONE
TFS_sp_Q9Y5B6_PAXB1_HUMAN:504:528_8ow0_b_1.meme	FAIL
TFS_sp_Q68DE3_USF3_HUMAN:17:72_4ati_B_1.meme	DONE
TFS_sp_Q5SXM2_SNPC4_HUMAN:257:324_2kdz_A_1.meme	DONE
TFS_tr_I3L1J3_I3L1J3_HUMAN:477:513_1ubd_C_1.meme	DONE
TFS_tr_C9JYU6_C9JYU6_HUMAN:79:151_4y60_C_1.meme	DONE
TFS_sp_Q8NEP9_ZN555_HUMAN:293:446_2i13_A_1.meme	DONE
TFS_tr_A8KAK2_A8KAK2_HUMAN:117:224_5ei9_E_1.meme	DONE
TFS_sp_Q8IZC7_ZN101_HUMAN:140:416_5v3j_E_1.meme	DONE
TFS_sp_P62380_TBPL1_HUMAN:13:183_7egj_P_1.meme	DONE
TFS_sp_Q8NEP9_ZN555_HUMAN:119:168_2i13_A_1.meme	DONE
TFS_sp_P51504_ZNF80_HUMAN:49:271_5v3j_E_1.meme	DONE
TFS_sp_P51522_ZNF83_HUMAN:146:424_5wjq_D_1.meme	DONE
TFS_sp_Q16587_ZNF74_HUMAN:357:467_5ei9_E_1.meme	DONE
DIMER_sp_P12525_MYCP1_HUMAN:276:324_1hlo_B_1.meme	DONE
TFS_sp_Q96ND8_ZN583_HUMAN:265:375_5ei9_E_1.meme	DONE
DIMER_tr_A0A8V8TMK4_A0A8V8TMK4_HUMAN:24:78_4uus_A_1.meme	DONE
TFS_sp_B2RXF5_ZBT42_HUMAN:336:414_7n5t_A_1.meme	DONE
TFS_tr_A0A7I2PK40_A0A7I2PK40_HUMAN:30:163_8osk_N_1.meme	DONE
TFS_tr_B4DLH3_B4DLH3_HUMAN:166:254_1zaa_C_1.meme	DONE
TFS_tr_F8VXY9_F8VXY9_HUMAN:204:325_5eyb_A_1.meme	DONE
TFS_sp_O75475_PSIP1_HUMAN:1:91_8pc5_K_1.meme	DONE
DIMER_sp_O60519_CRBL2_HUMAN:27:73_5zko_C_1.meme	DONE
TFS_tr_E9PKP7_E9PKP7_HUMAN:112:181_3tq6_A_1.meme	DONE
TFS_sp_O43711_TLX3_HUMAN:166:230_1ahd_P_1.meme	DONE
TFS_sp_Q6ZMY9_ZN517_HUMAN:367:474_5eh2_F_1.meme	DONE
DIMER_sp_O75398_DEAF1_HUMAN:501:540_5cc0_B_1.meme	DONE
TFS_sp_Q8IVH2_FOXP4_HUMAN:466:547_3qrf_G_1.meme	DONE
TFS_tr_Q96SV5_Q96SV5_HUMAN:457:510_4m9v_C_1.meme	DONE
TFS_sp_P41218_MNDA_HUMAN:206:395_5z7d_B_1.meme	DONE
TFS_sp_Q8TF47_ZFP90_HUMAN:490:631_2i13_A_1.meme	DONE
TFS_tr_B4DL45_B4DL45_HUMAN:185:237_1hlo_A_1.meme	DONE
TFS_tr_E7ET52_E7ET52_HUMAN:166:254_4x9j_A_1.meme	DONE
TFS_tr_Q9NZ00_Q9NZ00_HUMAN:1:141_5v3j_E_1.meme	DONE
TFS_sp_P36508_ZNF76_HUMAN:163:279_2prt_A_1.meme	DONE
TFS_tr_B4DRP8_B4DRP8_HUMAN:331:441_5ei9_E_1.meme	DONE
TFS_sp_P81133_SIM1_HUMAN:2:333_4zpr_B_1.meme	DONE
DIMER_tr_B7ZBM3_B7ZBM3_HUMAN:454:535_3qrf_G_1.meme	DONE
TFS_tr_F8VXY9_F8VXY9_HUMAN:226:290_3osf_A_1.meme	DONE
DIMER_tr_A0A090N8E5_A0A090N8E5_HUMAN:350:361_1fjl_A_1.meme	DONE
TFS_sp_Q5TEC3_ZN697_HUMAN:362:515_2i13_A_1.meme	DONE
TFS_tr_A0A0A0MQR4_A0A0A0MQR4_HUMAN:199:267_2lef_A_1.meme	DONE
TFS_sp_Q9H116_GZF1_HUMAN:318:597_5v3m_C_1.meme	DONE
TFS_tr_A0A087WZQ2_A0A087WZQ2_HUMAN:337:613_5v3m_C_1.meme	DONE
TFS_sp_Q8N1G0_ZN687_HUMAN:707:887_8ssr_A_1.meme	DONE
TFS_tr_A0A804HJ42_A0A804HJ42_HUMAN:299:575_5wjq_D_1.meme	DONE
TFS_sp_Q9NZV7_ZIM2_HUMAN:467:516_4is1_D_1.meme	DONE
TFS_tr_A5HJR3_A5HJR3_HUMAN:249:359_5egb_A_1.meme	DONE
TFS_tr_Q7Z3R2_Q7Z3R2_HUMAN:115:167_5v3m_C_1.meme	DONE
TFS_tr_A0A8V8TPF3_A0A8V8TPF3_HUMAN:245:326_6lff_A_1.meme	DONE
TFS_sp_O60281_ZN292_HUMAN:723:832_5eh2_F_1.meme	DONE
DIMER_tr_Q7KYZ0_Q7KYZ0_HUMAN:38:97_4oln_A_1.meme	DONE
DIMER_tr_Q53F65_Q53F65_HUMAN:226:308_1dux_F_1.meme	DONE
TFS_sp_P58317_ZN121_HUMAN:119:390_5v3j_E_1.meme	DONE
TFS_tr_Q6NVX3_Q6NVX3_HUMAN:91:152_2ypa_A_1.meme	DONE
TFS_sp_Q9Y2P7_ZN256_HUMAN:75:199_5wjq_D_1.meme	DONE
TFS_tr_Q8IYZ2_Q8IYZ2_HUMAN:442:495_5t00_A_1.meme	DONE
TFS_sp_Q96ND8_ZN583_HUMAN:213:510_7w1m_H_1.meme	DONE
TFS_sp_Q14587_ZN268_HUMAN:498:774_5wjq_D_1.meme	DONE
TFS_tr_Q8IYZ2_Q8IYZ2_HUMAN:153:367_5wjq_D_1.meme	DONE
TFS_tr_E9PNC7_E9PNC7_HUMAN:10:55_1jfi_A_1.meme	DONE
TFS_sp_O14862_AIM2_HUMAN:131:339_5z7d_B_1.meme	DONE
TFS_tr_Q6ZNC6_Q6ZNC6_HUMAN:27:137_6e94_A_1.meme	DONE
TFS_tr_A0A0D9SEJ8_A0A0D9SEJ8_HUMAN:345:454_6ml3_A_1.meme	DONE
DIMER_sp_O43711_TLX3_HUMAN:166:220_3rkq_B_1.meme	DONE
TFS_sp_Q7Z4V0_ZN438_HUMAN:508:557_1a1i_A_1.meme	DONE
TFS_tr_B7Z851_B7Z851_HUMAN:161:311_5wjq_D_1.meme	DONE
TFS_tr_A0A090N8E5_A0A090N8E5_HUMAN:273:318_3a01_B_1.meme	DONE
TFS_sp_A0A1W2PPK0_CPHL2_HUMAN:30:78_2r5z_B_1.meme	DONE
TFS_sp_Q969J2_ZKSC4_HUMAN:345:454_5ei9_E_1.meme	DONE
TFS_sp_Q86UP3_ZFHX4_HUMAN:2182:2238_3a01_B_1.meme	DONE
TFS_sp_P24278_ZBT25_HUMAN:347:383_5yj3_D_1.meme	DONE
TFS_tr_A0A1X7SC99_A0A1X7SC99_HUMAN:280:329_4gzn_C_1.meme	DONE
TFS_sp_Q9H5J0_ZBTB3_HUMAN:474:529_5yeh_A_1.meme	DONE
TFS_sp_Q7Z340_ZN551_HUMAN:256:329_1a1g_A_1.meme	DONE
TFS_sp_Q8N9Z0_ZN610_HUMAN:204:453_5v3j_E_1.meme	DONE
TFS_tr_A0A7I2PK40_A0A7I2PK40_HUMAN:31:273_5nj8_A_1.meme	DONE
TFS_sp_Q8N1W2_ZN710_HUMAN:322:596_5v3j_E_1.meme	DONE
TFS_sp_Q9NSJ1_Z355P_HUMAN:261:314_1f2i_H_1.meme	DONE
TFS_sp_Q9BX82_ZN471_HUMAN:468:621_2i13_A_1.meme	DONE
TFS_sp_Q8TF47_ZFP90_HUMAN:279:576_5wjq_D_1.meme	DONE
TFS_sp_P49910_ZN165_HUMAN:287:478_5v3m_C_1.meme	DONE
TFS_sp_O15062_ZBTB5_HUMAN:606:662_1f2i_G_1.meme	DONE
TFS_sp_Q15776_ZKSC8_HUMAN:322:572_5v3m_C_1.meme	DONE
TFS_sp_Q2M218_ZN630_HUMAN:173:289_5v3j_E_1.meme	DONE
TFS_sp_O60393_NOBOX_HUMAN:350:363_3lnq_A_1.meme	DONE
TFS_sp_P52736_ZN133_HUMAN:297:573_5v3m_C_1.meme	DONE
TFS_tr_A0A3B3ITS6_A0A3B3ITS6_HUMAN:394:472_2mf8_A_1.meme	DONE
TFS_sp_Q8TAF7_ZN461_HUMAN:174:269_5wjq_D_1.meme	DONE
TFS_tr_B4DJ39_B4DJ39_HUMAN:149:221_3nm9_M_1.meme	DONE
TFS_sp_Q9P243_ZFAT_HUMAN:409:478_1a1i_A_1.meme	DONE
TFS_sp_Q86UD4_ZN329_HUMAN:240:393_2i13_A_1.meme	DONE
TFS_sp_Q7RTV3_ZN367_HUMAN:169:219_4is1_C_1.meme	DONE
TFS_tr_E5RHS3_E5RHS3_HUMAN:365:393_2jx1_A_1.meme	DONE
DIMER_sp_O60393_NOBOX_HUMAN:350:361_1fjl_A_1.meme	DONE
TFS_sp_P0DV77_TPRX2_HUMAN:24:84_7q4n_K_1.meme	DONE
TFS_tr_A0A0S2Z4K5_A0A0S2Z4K5_HUMAN:107:170_1hlz_B_1.meme	DONE
TFS_tr_Q59FT3_Q59FT3_HUMAN:389:471_2o4a_A_1.meme	DONE
TFS_tr_Q9NPQ0_Q9NPQ0_HUMAN:46:67_5k5i_A_1.meme	DONE
TFS_tr_A0A3B3ISI4_A0A3B3ISI4_HUMAN:225:255_2jx1_A_1.meme	DONE
TFS_sp_Q8N7M2_ZN283_HUMAN:456:566_5ei9_E_1.meme	DONE
DIMER_sp_Q8IVH2_FOXP4_HUMAN:467:546_4wk8_G_1.meme	DONE
TFS_tr_A0A0S2Z4K5_A0A0S2Z4K5_HUMAN:108:170_3dzu_D_1.meme	DONE
TFS_sp_Q96N77_ZN641_HUMAN:374:422_4is1_C_1.meme	DONE
TFS_sp_Q8WY36_BBX_HUMAN:79:151_4y60_C_1.meme	DONE
TFS_sp_Q14584_ZN266_HUMAN:116:206_5v3m_C_1.meme	DONE
TFS_tr_B4DLH3_B4DLH3_HUMAN:166:254_1a1g_A_1.meme	DONE
TFS_tr_H3BSL4_H3BSL4_HUMAN:194:269_5k5l_G_1.meme	DONE
TFS_sp_Q8WW38_FOG2_HUMAN:298:386_1jk1_A_1.meme	DONE
DIMER_tr_O43245_O43245_HUMAN:303:368_6bse_A_1.meme	DONE
DIMER_tr_Q7KYZ0_Q7KYZ0_HUMAN:40:111_3g9j_B_1.meme	DONE
TFS_sp_Q6ZMY9_ZN517_HUMAN:172:447_5wjq_D_1.meme	DONE
TFS_tr_B4E2P7_B4E2P7_HUMAN:108:357_5v3j_E_1.meme	DONE
TFS_sp_Q9UIF9_BAZ2A_HUMAN:556:601_6c1u_B_1.meme	DONE
DIMER_sp_Q92570_NR4A3_HUMAN:292:365_1r0o_A_1.meme	DONE
DIMER_sp_Q6ZNG2_DBX2_HUMAN:190:247_1b72_A_1.meme	DONE
TFS_sp_Q494X3_ZN404_HUMAN:269:545_5wjq_D_1.meme	DONE
TFS_tr_A8K251_A8K251_HUMAN:503:612_6ml7_A_1.meme	DONE
TFS_sp_O60393_NOBOX_HUMAN:272:318_3cmy_A_1.meme	DONE
TFS_sp_Q8N587_ZN561_HUMAN:362:472_5ei9_E_1.meme	DONE
TFS_sp_Q96IT1_ZN496_HUMAN:522:575_5v3j_E_1.meme	DONE
TFS_sp_P0CJ78_ZN865_HUMAN:829:982_2i13_A_1.meme	DONE
TFS_tr_Q9H7U2_Q9H7U2_HUMAN:3:46_5wjq_D_1.meme	DONE
TFS_sp_Q8IX07_FOG1_HUMAN:297:342_4is1_D_1.meme	DONE
TFS_sp_O75362_ZN217_HUMAN:130:179_5yj3_C_1.meme	DONE
TFS_sp_Q6ZNG2_DBX2_HUMAN:190:247_5lux_K_1.meme	DONE
DIMER_sp_Q6V9R5_ZN562_HUMAN:85:106_1d66_B_1.meme	DONE
TFS_sp_Q9UBD0_HSFX1_HUMAN:99:164_7dcu_C_1.meme	DONE
TFS_sp_Q9BRR0_ZKSC3_HUMAN:301:448_2i13_A_1.meme	DONE
DIMER_tr_B3KPQ9_B3KPQ9_HUMAN:616:667_1jgg_B_1.meme	DONE
TFS_sp_Q13129_RLF_HUMAN:719:825_6b0r_D_1.meme	DONE
TFS_tr_H0Y5R1_H0Y5R1_HUMAN:64:113_4ati_A_1.meme	DONE
TFS_sp_Q96C28_ZN707_HUMAN:191:338_2i13_A_1.meme	DONE
TFS_tr_F5H433_F5H433_HUMAN:370:421_8cuc_F_1.meme	DONE
TFS_tr_A0A3B3IS61_A0A3B3IS61_HUMAN:1003:1032_2mf8_A_1.meme	DONE
TFS_sp_Q9UKS7_IKZF2_HUMAN:469:518_5kkq_A_1.meme	DONE
TFS_tr_A0A140VK21_A0A140VK21_HUMAN:99:164_7dcu_B_1.meme	DONE
TFS_sp_Q96IT1_ZN496_HUMAN:401:575_5wjq_D_1.meme	DONE
DIMER_tr_D2CFI5_D2CFI5_HUMAN:66:119_4qtr_A_1.meme	DONE
TFS_sp_P10075_GLI4_HUMAN:236:346_5ei9_E_1.meme	DONE
TFS_sp_P17480_UBF1_HUMAN:405:470_1hrz_A_1.meme	DONE
DIMER_sp_Q8N7U7_TPRX1_HUMAN:4:19_6dfy_D_1.meme	DONE
TFS_tr_A0A090N8E5_A0A090N8E5_HUMAN:272:318_3cmy_A_1.meme	DONE
TFS_sp_Q9HB31_SEBOX_HUMAN:17:73_2lkx_A_1.meme	DONE
TFS_tr_E7EW59_E7EW59_HUMAN:495:544_4is1_D_1.meme	DONE
TFS_tr_I3L1J3_I3L1J3_HUMAN:478:500_5yj3_D_1.meme	DONE
DIMER_sp_Q03014_HHEX_HUMAN:141:198_1b72_A_1.meme	DONE
TFS_tr_Q8N9U5_Q8N9U5_HUMAN:3:55_1a1h_A_1.meme	DONE
TFS_sp_Q9BS34_ZN670_HUMAN:81:99_2i13_A_1.meme	DONE
TFS_sp_Q96SK3_ZN607_HUMAN:374:527_2i13_A_1.meme	DONE
TFS_sp_Q96IQ9_ZN414_HUMAN:111:195_5ke6_A_1.meme	DONE
TFS_tr_B4DED3_B4DED3_HUMAN:495:518_1f2i_H_1.meme	DONE
TFS_sp_Q9HCE3_ZN532_HUMAN:1264:1286_3uk3_C_1.meme	DONE
TFS_sp_Q08AG5_ZN844_HUMAN:197:306_6e94_A_1.meme	DONE
TFS_sp_Q9GZX5_ZN350_HUMAN:243:396_2i13_A_1.meme	DONE
TFS_sp_Q9NSD4_ZN275_HUMAN:98:156_5egb_A_1.meme	DONE
TFS_tr_M0R2M4_M0R2M4_HUMAN:278:554_5v3m_C_1.meme	DONE
TFS_tr_D2CFI5_D2CFI5_HUMAN:61:120_1fjl_A_1.meme	FAIL
TFS_sp_Q96C28_ZN707_HUMAN:176:366_5wjq_D_1.meme	DONE
TFS_sp_Q9BR84_ZN559_HUMAN:177:201_4is1_D_1.meme	DONE
TFS_sp_Q6ZSB9_ZBT49_HUMAN:432:585_2i13_A_1.meme	DONE
TFS_sp_Q9UL58_ZN215_HUMAN:369:513_5v3m_C_1.meme	DONE
TFS_sp_Q6ZNA1_ZN836_HUMAN:283:436_2i13_A_1.meme	DONE
TFS_sp_P0CJ78_ZN865_HUMAN:226:277_5yj3_C_1.meme	DONE
TFS_tr_A0A3B3ISP2_A0A3B3ISP2_HUMAN:734:764_2jx1_A_1.meme	DONE
TFS_sp_Q86UE3_ZN546_HUMAN:674:827_2i13_A_1.meme	DONE
TFS_sp_Q86UD4_ZN329_HUMAN:107:199_5wjq_D_1.meme	DONE
TFS_sp_Q9UIF9_BAZ2A_HUMAN:544:649_7mwh_B_1.meme	DONE
TFS_tr_H0Y5R1_H0Y5R1_HUMAN:60:239_5v0l_A_1.meme	DONE
TFS_tr_B4DS73_B4DS73_HUMAN:225:386_1tf6_A_1.meme	DONE
TFS_tr_Q59FT3_Q59FT3_HUMAN:596:697_6e8c_A_1.meme	DONE
TFS_sp_Q14919_NC2A_HUMAN:10:75_1jfi_A_1.meme	DONE
TFS_tr_C9J0J4_C9J0J4_HUMAN:68:105_2gzk_A_1.meme	DONE
TFS_tr_A8K124_A8K124_HUMAN:346:486_6ml2_A_1.meme	DONE
TFS_sp_Q15776_ZKSC8_HUMAN:431:541_5ei9_E_1.meme	DONE
TFS_sp_Q92610_ZN592_HUMAN:579:639_6e93_A_1.meme	DONE
TFS_sp_Q6V9R5_ZN562_HUMAN:202:255_1f2i_H_1.meme	DONE
TFS_sp_P17024_ZNF20_HUMAN:168:221_4gzn_C_1.meme	DONE
TFS_tr_C9JZA0_C9JZA0_HUMAN:79:151_1o4x_B_1.meme	DONE
TFS_sp_P10075_GLI4_HUMAN:174:207_5wjq_D_1.meme	DONE
TFS_tr_Q6AHZ7_Q6AHZ7_HUMAN:1:716_8clj_A_1.meme	DONE
TFS_sp_Q9H707_ZN552_HUMAN:88:192_5ei9_E_1.meme	DONE
TFS_sp_P12980_LYL1_HUMAN:151:205_7z5k_B_1.meme	DONE
DIMER_tr_A0A1X7SC99_A0A1X7SC99_HUMAN:344:374_3coq_B_1.meme	DONE
TFS_sp_Q8N7G0_PO5F2_HUMAN:124:267_7u0g_K_1.meme	DONE
TFS_sp_Q7RTU7_SCX_HUMAN:76:131_2ql2_B_1.meme	DONE
TFS_sp_O95625_ZBT11_HUMAN:653:932_5v3j_E_1.meme	DONE
TFS_tr_Q8N9U5_Q8N9U5_HUMAN:9:261_5v3m_C_1.meme	DONE
TFS_sp_Q9HCE3_ZN532_HUMAN:1025:1075_5ei9_E_1.meme	DONE
DIMER_sp_A0A1W2PPK0_CPHL2_HUMAN:28:79_1hdd_D_1.meme	DONE
TFS_sp_Q9Y222_DMTF1_HUMAN:306:344_1msf_C_1.meme	DONE
TFS_sp_Q86UP3_ZFHX4_HUMAN:2886:2941_3lnq_A_1.meme	DONE
TFS_sp_Q9NUA8_ZBT40_HUMAN:947:1028_4x9j_A_1.meme	DONE
TFS_tr_B4DT98_B4DT98_HUMAN:86:139_1f2i_G_1.meme	DONE
TFS_sp_P51508_ZNF81_HUMAN:467:577_5ei9_E_1.meme	DONE
TFS_sp_Q8IX07_FOG1_HUMAN:297:366_6e94_A_1.meme	DONE
TFS_sp_Q6ZSB9_ZBT49_HUMAN:395:502_5eh2_F_1.meme	DONE
TFS_tr_Q13582_Q13582_HUMAN:1:66_5wjq_D_1.meme	DONE
DIMER_sp_Q96NK8_NDF6_HUMAN:95:150_2ypb_A_1.meme	DONE
TFS_tr_A0JP08_A0JP08_HUMAN:998:1072_1a1j_A_1.meme	DONE
TFS_sp_Q9H5J0_ZBTB3_HUMAN:474:529_5k5i_A_1.meme	DONE
DIMER_sp_Q92570_NR4A3_HUMAN:292:365_2han_A_1.meme	DONE
TFS_tr_B3KXP2_B3KXP2_HUMAN:254:336_5ke6_A_1.meme	DONE
TFS_tr_M0R2M9_M0R2M9_HUMAN:89:140_2ypb_A_1.meme	DONE
TFS_sp_Q6ZNH5_ZN497_HUMAN:161:437_5v3j_E_1.meme	DONE
TFS_tr_C9JI46_C9JI46_HUMAN:12:42_4ldx_B_1.meme	DONE
TFS_sp_O43309_ZSC12_HUMAN:423:575_2i13_A_1.meme	DONE
TFS_sp_Q68EA5_ZNF57_HUMAN:249:359_5egb_A_1.meme	DONE
TFS_sp_Q96BR9_ZBT8A_HUMAN:283:333_4is1_C_1.meme	DONE
TFS_sp_Q8TAF7_ZN461_HUMAN:174:269_5v3m_C_1.meme	DONE
TFS_sp_Q4V348_Z658B_HUMAN:148:247_5ei9_E_1.meme	DONE
TFS_sp_Q92670_ZN75C_HUMAN:291:401_6e93_A_1.meme	DONE
TFS_sp_Q7RTV3_ZN367_HUMAN:168:246_2i13_A_1.meme	DONE
TFS_sp_Q96BV0_ZN775_HUMAN:444:524_5eh2_F_1.meme	DONE
TFS_sp_O95125_ZN202_HUMAN:398:644_5wjq_D_1.meme	DONE
TFS_sp_P0CJ78_ZN865_HUMAN:224:274_6e94_A_1.meme	DONE
DIMER_sp_Q9HB31_SEBOX_HUMAN:20:70_3rkq_B_1.meme	DONE
TFS_sp_P0CJ78_ZN865_HUMAN:226:274_4is1_C_1.meme	DONE
TFS_sp_Q8IUM7_NPAS4_HUMAN:4:333_7xi4_B_1.meme	FAIL
TFS_sp_Q9BS31_ZN649_HUMAN:259:369_5ei9_E_1.meme	DONE
TFS_tr_B4DZP9_B4DZP9_HUMAN:277:386_5ei9_E_1.meme	DONE
DIMER_tr_A0A2R8YEW3_A0A2R8YEW3_HUMAN:350:361_1hdd_D_1.meme	DONE
TFS_tr_A0A8V8TMK4_A0A8V8TMK4_HUMAN:19:78_1fjl_A_1.meme	FAIL
TFS_sp_Q9Y2H8_ZN510_HUMAN:402:511_5egb_A_1.meme	DONE
TFS_sp_Q6ZSZ6_TSH1_HUMAN:246:437_5wjq_D_1.meme	DONE
TFS_tr_Q658N3_Q658N3_HUMAN:5:92_6r2v_B_1.meme	DONE
TFS_sp_Q8N1L9_BATF2_HUMAN:25:71_1t2k_D_1.meme	DONE
TFS_sp_Q6IQ32_ADNP2_HUMAN:71:96_3uk3_C_1.meme	DONE
TFS_tr_A0A3B3ITL3_A0A3B3ITL3_HUMAN:179:205_2jx1_A_1.meme	DONE
TFS_tr_A0A3B3ISW5_A0A3B3ISW5_HUMAN:902:932_2jx1_A_1.meme	DONE
TFS_sp_Q3SXZ3_ZN718_HUMAN:196:474_5wjq_D_1.meme	DONE
TFS_sp_Q5SXM1_ZN678_HUMAN:97:176_2kmk_A_1.meme	DONE
TFS_tr_A0A1B0GV02_A0A1B0GV02_HUMAN:1024:1098_1a1j_A_1.meme	DONE
TFS_tr_A0A8V8TPF3_A0A8V8TPF3_HUMAN:244:326_2o49_A_1.meme	DONE
TFS_tr_B4DNQ1_B4DNQ1_HUMAN:46:115_7lbx_B_1.meme	DONE
DIMER_sp_Q5TGS1_HES3_HUMAN:1:52_4h10_A_1.meme	DONE
DIMER_tr_C9JLX5_C9JLX5_HUMAN:298:319_4iqr_B_1.meme	DONE
TFS_sp_P17023_ZNF19_HUMAN:160:436_5v3m_C_1.meme	DONE
TFS_tr_B7Z6D4_B7Z6D4_HUMAN:692:877_8sst_A_1.meme	DONE
TFS_tr_B4DT98_B4DT98_HUMAN:12:38_1g2d_C_1.meme	DONE
TFS_tr_H3BUJ7_H3BUJ7_HUMAN:435:593_5v3m_C_1.meme	DONE
DIMER_tr_A8K4K5_A8K4K5_HUMAN:77:128_4j19_A_1.meme	DONE
TFS_sp_Q7RTV3_ZN367_HUMAN:169:219_3uk3_C_1.meme	DONE
TFS_tr_A0A3B3IS77_A0A3B3IS77_HUMAN:734:764_2jx1_A_1.meme	DONE
TFS_tr_Q9H7U2_Q9H7U2_HUMAN:2:45_5eh2_F_1.meme	DONE
TFS_sp_Q7RTU4_BHA09_HUMAN:59:122_2ypa_B_1.meme	DONE
TFS_sp_A0A1W2PPM1_CPHXL_HUMAN:32:83_1du0_B_1.meme	DONE
TFS_tr_B4DHL1_B4DHL1_HUMAN:418:532_5ei9_E_1.meme	DONE
TFS_tr_Q60F94_Q60F94_HUMAN:280:329_4m9v_C_1.meme	DONE
TFS_sp_Q6ECI4_ZN470_HUMAN:392:421_1g2d_C_1.meme	DONE
TFS_tr_H0YFS7_H0YFS7_HUMAN:489:574_6e94_A_1.meme	DONE
TFS_sp_Q8IZC7_ZN101_HUMAN:140:416_5v3m_C_1.meme	DONE
TFS_sp_O14628_ZN195_HUMAN:241:346_5ei9_E_1.meme	DONE
TFS_sp_Q14582_MAD4_HUMAN:53:105_4h10_A_1.meme	DONE
TFS_sp_P0C7X2_ZN688_HUMAN:179:233_5ei9_E_1.meme	DONE
TFS_sp_Q9HC78_ZBT20_HUMAN:574:684_2jpa_A_1.meme	DONE
TFS_tr_B3KPQ9_B3KPQ9_HUMAN:616:667_1jgg_B_1.meme	FAIL
TFS_tr_Q96SV5_Q96SV5_HUMAN:148:424_5v3m_C_1.meme	DONE
TFS_sp_Q9HD90_NDF4_HUMAN:88:143_2ypb_A_1.meme	DONE
TFS_sp_O60519_CRBL2_HUMAN:27:73_5zko_C_1.meme	DONE
TFS_tr_Q8IYZ2_Q8IYZ2_HUMAN:152:259_5ei9_E_1.meme	DONE
TFS_tr_B4DED3_B4DED3_HUMAN:433:518_6e94_A_1.meme	DONE
DIMER_tr_Q6ZN29_Q6ZN29_HUMAN:624:677_3hdd_A_1.meme	DONE
TFS_tr_E9PMU6_E9PMU6_HUMAN:140:228_5eh2_F_1.meme	DONE
TFS_sp_Q96C00_ZBTB9_HUMAN:388:447_1p47_B_1.meme	DONE
TFS_sp_O75123_ZN623_HUMAN:85:147_5v3j_E_1.meme	DONE
TFS_sp_Q96NX9_DACH2_HUMAN:502:561_7x5e_B_1.meme	DONE
TFS_sp_A6NM28_ZFP92_HUMAN:149:370_5v3m_C_1.meme	DONE
TFS_tr_Q658N3_Q658N3_HUMAN:10:93_7cvo_B_1.meme	DONE
TFS_sp_Q96N77_ZN641_HUMAN:262:422_5wjq_D_1.meme	DONE
TFS_sp_Q7L945_ZN627_HUMAN:136:414_5wjq_D_1.meme	DONE
TFS_tr_B3KXP2_B3KXP2_HUMAN:254:336_4m9e_A_1.meme	DONE
TFS_tr_B4DMG0_B4DMG0_HUMAN:176:425_5v3m_C_1.meme	DONE
TFS_tr_Q59FS2_Q59FS2_HUMAN:401:677_5v3j_E_1.meme	DONE
TFS_sp_Q8IVH2_FOXP4_HUMAN:466:547_2a07_J_1.meme	DONE
TFS_sp_P17030_ZNF25_HUMAN:93:141_5ei9_E_1.meme	DONE
TFS_sp_Q8WW38_FOG2_HUMAN:298:386_1jk2_A_1.meme	DONE
TFS_tr_Q9UHQ8_Q9UHQ8_HUMAN:284:343_5vpf_B_1.meme	DONE
TFS_sp_Q6N043_Z280D_HUMAN:360:497_5v3j_E_1.meme	DONE
TFS_tr_A0A3B3IU66_A0A3B3IU66_HUMAN:28:60_2mf8_A_1.meme	DONE
TFS_sp_Q9Y6X8_ZHX2_HUMAN:537:582_1apl_D_1.meme	DONE
TFS_tr_A0A994J4N4_A0A994J4N4_HUMAN:112:181_7lbw_B_1.meme	DONE
TFS_tr_B3KUN2_B3KUN2_HUMAN:344:478_6ml7_A_1.meme	DONE
TFS_sp_Q9H9D4_ZN408_HUMAN:353:629_5wjq_D_1.meme	DONE
TFS_tr_E5KSX8_E5KSX8_HUMAN:43:237_3tmm_A_1.meme	DONE
TFS_sp_O43298_ZBT43_HUMAN:397:451_1f2i_G_1.meme	DONE
TFS_tr_Q05BZ1_Q05BZ1_HUMAN:112:181_6erp_C_1.meme	DONE
TFS_sp_Q15935_ZNF77_HUMAN:208:487_5wjq_D_1.meme	DONE
TFS_sp_Q9BRR0_ZKSC3_HUMAN:291:533_5v3j_E_1.meme	DONE
TFS_sp_Q68DY9_ZN772_HUMAN:257:290_5wjq_D_1.meme	DONE
TFS_tr_A0A3B3IRF0_A0A3B3IRF0_HUMAN:386:415_2jx1_A_1.meme	DONE
TFS_sp_Q7L945_ZN627_HUMAN:166:442_5v3j_E_1.meme	DONE
TFS_sp_Q9Y5A6_ZSC21_HUMAN:274:469_5v3j_E_1.meme	DONE
TFS_sp_Q96BR9_ZBT8A_HUMAN:283:372_8e3e_A_1.meme	DONE
TFS_tr_B7ZLF3_B7ZLF3_HUMAN:164:188_6e93_A_1.meme	DONE
TFS_tr_A0A3F2YPB8_A0A3F2YPB8_HUMAN:372:525_2i13_A_1.meme	DONE
TFS_sp_Q96BV0_ZN775_HUMAN:444:524_2i13_A_1.meme	DONE
TFS_tr_A0A090N8E5_A0A090N8E5_HUMAN:350:366_2me6_A_1.meme	DONE
DIMER_sp_Q96NK8_NDF6_HUMAN:95:151_1mdy_B_1.meme	DONE
TFS_sp_Q9H2P0_ADNP_HUMAN:439:473_6dfa_A_1.meme	DONE
TFS_sp_Q14103_HNRPD_HUMAN:191:225_8bhy_S_1.meme	DONE
TFS_tr_B4DGI1_B4DGI1_HUMAN:162:376_5v3m_C_1.meme	DONE
TFS_tr_Q6ZN29_Q6ZN29_HUMAN:297:353_5hod_A_1.meme	FAIL
TFS_sp_A9YTQ3_AHRR_HUMAN:39:277_5v0l_B_1.meme	FAIL
DIMER_sp_Q03014_HHEX_HUMAN:137:191_3rkq_B_1.meme	DONE
TFS_tr_H0YFS7_H0YFS7_HUMAN:233:282_3uk3_C_1.meme	DONE
TFS_sp_P17480_UBF1_HUMAN:408:469_4s2q_D_1.meme	DONE
TFS_sp_Q14582_MAD4_HUMAN:55:133_8ia3_B_1.meme	DONE
TFS_sp_Q92570_NR4A3_HUMAN:292:369_4cn2_D_1.meme	DONE
TFS_sp_Q8N1W2_ZN710_HUMAN:321:429_5egb_A_1.meme	DONE
TFS_sp_Q9Y462_ZN711_HUMAN:504:758_5v3m_C_1.meme	DONE
DIMER_sp_Q8N1L9_BATF2_HUMAN:23:71_1jnm_A_1.meme	DONE
TFS_sp_O15062_ZBTB5_HUMAN:609:662_5ei9_E_1.meme	DONE
TFS_sp_P52743_ZN137_HUMAN:74:179_5ei9_E_1.meme	DONE
TFS_sp_Q9H582_ZN644_HUMAN:438:564_2i13_A_1.meme	DONE
TFS_sp_A0A1W2PPK0_CPHL2_HUMAN:26:78_3a01_B_1.meme	DONE
TFS_sp_Q8N7G0_PO5F2_HUMAN:124:267_8g8b_X_1.meme	DONE
TFS_tr_A0A1B0GW50_A0A1B0GW50_HUMAN:213:264_5k5l_F_1.meme	DONE
TFS_sp_Q9H609_ZN576_HUMAN:105:165_6ml7_A_1.meme	DONE
TFS_tr_E7EVZ1_E7EVZ1_HUMAN:1513:1586_5und_A_1.meme	DONE
TFS_sp_Q9H116_GZF1_HUMAN:434:544_6e94_A_1.meme	DONE
TFS_sp_Q9UL36_ZN236_HUMAN:482:590_6e93_A_1.meme	DONE
TFS_tr_Q05BZ1_Q05BZ1_HUMAN:233:306_6erp_C_1.meme	DONE
TFS_tr_E9PQX9_E9PQX9_HUMAN:1:67_4awl_C_1.meme	DONE
TFS_tr_Q86WM2_Q86WM2_HUMAN:54:164_5ei9_E_1.meme	DONE
TFS_sp_Q9Y2D1_ATF5_HUMAN:210:265_2h7h_B_1.meme	DONE
TFS_sp_Q9NYT6_ZN226_HUMAN:696:781_1g2f_C_1.meme	DONE
TFS_sp_Q5EBM4_ZN542_HUMAN:100:169_2i13_A_1.meme	DONE
TFS_sp_Q5TGS1_HES3_HUMAN:1:52_4h10_A_1.meme	DONE
TFS_sp_Q76KX8_ZN534_HUMAN:338:614_5v3j_E_1.meme	DONE
TFS_sp_Q96NK8_NDF6_HUMAN:95:151_1mdy_B_1.meme	DONE
TFS_tr_A0A2R8YEW3_A0A2R8YEW3_HUMAN:276:318_3lnq_A_1.meme	DONE
TFS_sp_Q68DY9_ZN772_HUMAN:257:289_5v3j_E_1.meme	DONE
TFS_sp_P52736_ZN133_HUMAN:435:545_5ei9_E_1.meme	DONE
TFS_sp_Q7Z4V0_ZN438_HUMAN:504:578_7n5u_A_1.meme	DONE
TFS_sp_O60304_ZN500_HUMAN:324:432_5eh2_F_1.meme	DONE
TFS_tr_D2CFI5_D2CFI5_HUMAN:62:117_1fjl_B_1.meme	DONE
TFS_sp_Q96CS4_ZN689_HUMAN:176:452_5v3m_C_1.meme	DONE
TFS_tr_E7ESP8_E7ESP8_HUMAN:241:360_5t0u_A_1.meme	DONE
TFS_sp_Q7RTV3_ZN367_HUMAN:169:219_4is1_D_1.meme	DONE
TFS_sp_Q68DE3_USF3_HUMAN:20:103_8ia3_E_1.meme	DONE
TFS_tr_A0JP08_A0JP08_HUMAN:998:1072_1a1h_A_1.meme	DONE
TFS_tr_A8K962_A8K962_HUMAN:405:470_1hry_A_1.meme	DONE
TFS_sp_P0CB48_UBFL6_HUMAN:107:177_4nnu_B_1.meme	FAIL
TFS_sp_Q9HB31_SEBOX_HUMAN:23:73_5z2t_D_1.meme	DONE
TFS_sp_Q9UL36_ZN236_HUMAN:484:735_5wjq_D_1.meme	DONE
TFS_sp_O14628_ZN195_HUMAN:351:629_5wjq_D_1.meme	DONE
DIMER_tr_C9JI46_C9JI46_HUMAN:12:42_4ldx_B_1.meme	DONE
TFS_tr_B4DK65_B4DK65_HUMAN:235:286_8cuc_F_1.meme	DONE
TFS_sp_P36508_ZNF76_HUMAN:195:354_1tf6_A_1.meme	DONE
TFS_tr_A0A3F2YPB8_A0A3F2YPB8_HUMAN:138:206_5eh2_F_1.meme	DONE
TFS_sp_P81133_SIM1_HUMAN:2:141_5sy7_A_1.meme	DONE
TFS_sp_O95625_ZBT11_HUMAN:648:757_2jpa_A_1.meme	DONE
TFS_sp_Q92949_FOXJ1_HUMAN:121:214_2c6y_A_1.meme	FAIL
TFS_sp_Q9NYT6_ZN226_HUMAN:668:777_5egb_A_1.meme	DONE
TFS_sp_Q499Z4_ZN672_HUMAN:12:119_5ei9_E_1.meme	DONE
TFS_sp_B1APH4_ZN487_HUMAN:150:205_5wjq_D_1.meme	DONE
TFS_tr_Q9UHQ8_Q9UHQ8_HUMAN:241:306_1skn_P_1.meme	DONE
TFS_sp_Q6ZT77_ZN826_HUMAN:109:175_5eh2_F_1.meme	DONE
TFS_sp_Q8IZ20_ZN683_HUMAN:324:372_5yj3_C_1.meme	DONE
TFS_tr_Q53F65_Q53F65_HUMAN:220:312_8e67_A_1.meme	DONE
TFS_tr_Q6NVX3_Q6NVX3_HUMAN:97:152_2ql2_B_1.meme	DONE
TFS_tr_E7EW59_E7EW59_HUMAN:235:286_8a4i_I_1.meme	DONE
TFS_sp_Q3KP31_ZN791_HUMAN:98:183_1a1j_A_1.meme	DONE
TFS_sp_P17024_ZNF20_HUMAN:146:221_1a1g_A_1.meme	DONE
TFS_sp_Q9NW07_ZN358_HUMAN:160:313_2i13_A_1.meme	DONE
TFS_sp_Q8TD17_ZN398_HUMAN:450:561_2jpa_A_1.meme	DONE
TFS_sp_P52746_ZN142_HUMAN:1199:1374_5yef_J_1.meme	DONE
TFS_tr_I7HIK6_I7HIK6_HUMAN:192:218_2i13_A_1.meme	DONE
TFS_sp_Q14584_ZN266_HUMAN:267:542_5v3m_C_1.meme	DONE
TFS_sp_O15015_ZN646_HUMAN:463:514_1f2i_G_1.meme	DONE
TFS_sp_O75376_NCOR1_HUMAN:618:669_3osg_A_1.meme	DONE
TFS_tr_A0A3F2YPB8_A0A3F2YPB8_HUMAN:334:609_5v3j_E_1.meme	DONE
TFS_tr_O00164_O00164_HUMAN:249:311_6cij_N_1.meme	DONE
TFS_tr_E9PJ73_E9PJ73_HUMAN:25:70_1t2k_D_1.meme	DONE
TFS_sp_Q8N1G0_ZN687_HUMAN:673:881_7w1m_H_1.meme	DONE
TFS_tr_B4DLB0_B4DLB0_HUMAN:11:115_6erp_C_1.meme	DONE
TFS_tr_B7ZAW1_B7ZAW1_HUMAN:166:254_1a1h_A_1.meme	DONE
TFS_sp_Q68CJ9_CR3L3_HUMAN:245:285_5zko_A_1.meme	DONE
TFS_sp_Q99742_NPAS1_HUMAN:142:198_8osl_N_1.meme	DONE
TFS_sp_P52746_ZN142_HUMAN:1169:1309_5yef_A_1.meme	DONE
TFS_sp_P17017_ZNF14_HUMAN:241:385_2i13_A_1.meme	DONE
TFS_sp_Q8IX07_FOG1_HUMAN:241:367_6ml7_A_1.meme	DONE
TFS_sp_Q6ZNG2_DBX2_HUMAN:190:249_6es2_K_1.meme	DONE
TFS_sp_Q8TD17_ZN398_HUMAN:345:592_5v3j_E_1.meme	DONE
TFS_sp_Q96EG3_ZN837_HUMAN:266:322_1f2i_H_1.meme	DONE
DIMER_sp_Q86UP3_ZFHX4_HUMAN:2886:2941_3hdd_B_1.meme	DONE
TFS_sp_O94842_TOX4_HUMAN:221:293_3nm9_J_1.meme	DONE
TFS_tr_A0A0G2JS52_A0A0G2JS52_HUMAN:505:579_2mf8_A_1.meme	DONE
TFS_tr_C9JCC6_C9JCC6_HUMAN:13:87_4awl_C_1.meme	DONE
TFS_tr_Q6ZNB4_Q6ZNB4_HUMAN:85:115_7q94_B_1.meme	DONE
TFS_tr_C9J872_C9J872_HUMAN:108:146_1cf7_A_1.meme	DONE
TFS_sp_P0CB48_UBFL6_HUMAN:230:313_3tmm_A_1.meme	DONE
TFS_sp_Q13105_ZBT17_HUMAN:333:609_5v3j_E_1.meme	DONE
TFS_tr_Q7Z3R2_Q7Z3R2_HUMAN:353:506_2i13_A_1.meme	DONE
TFS_sp_Q9Y6X8_ZHX2_HUMAN:447:493_5zfz_A_1.meme	DONE
TFS_sp_Q5T0B9_ZN362_HUMAN:227:338_6e94_A_1.meme	DONE
TFS_sp_Q9P1Z0_ZBTB4_HUMAN:297:392_5vmv_A_1.meme	DONE
TFS_tr_K7EIE6_K7EIE6_HUMAN:180:253_1a1g_A_1.meme	DONE
TFS_sp_Q9UL36_ZN236_HUMAN:966:1243_7w1m_H_1.meme	DONE
TFS_sp_Q8WW38_FOG2_HUMAN:336:400_5t0u_A_1.meme	DONE
TFS_tr_A0A3B3IS77_A0A3B3IS77_HUMAN:900:961_5i50_B_1.meme	DONE
TFS_tr_Q59FS2_Q59FS2_HUMAN:288:369_4x9j_A_1.meme	DONE
TFS_tr_A8K251_A8K251_HUMAN:502:612_5ei9_E_1.meme	DONE
TFS_sp_Q6ZNC4_ZN704_HUMAN:380:412_7dta_A_1.meme	DONE
TFS_tr_B4DLB0_B4DLB0_HUMAN:11:115_6erq_C_1.meme	DONE
TFS_sp_Q9Y2P7_ZN256_HUMAN:489:598_5ei9_E_1.meme	DONE
DIMER_sp_O43711_TLX3_HUMAN:170:224_2r5y_A_1.meme	DONE
TFS_sp_Q99676_ZN184_HUMAN:305:581_5v3m_C_1.meme	DONE
TFS_sp_Q8N1G0_ZN687_HUMAN:1136:1158_5t00_A_1.meme	DONE
TFS_sp_Q9H116_GZF1_HUMAN:488:573_1g2d_C_1.meme	DONE
TFS_sp_Q5JUK2_SOLH1_HUMAN:58:101_5gnj_G_1.meme	DONE
DIMER_sp_Q8IVH2_FOXP4_HUMAN:466:547_2a07_F_1.meme	DONE
DIMER_tr_Q53F65_Q53F65_HUMAN:209:305_3ri4_D_1.meme	DONE
TFS_sp_Q99742_NPAS1_HUMAN:45:406_4zpr_B_1.meme	DONE
DIMER_tr_A0A2R8YEW3_A0A2R8YEW3_HUMAN:347:363_5hod_D_1.meme	DONE
TFS_sp_O95125_ZN202_HUMAN:397:644_5v3j_E_1.meme	DONE
TFS_sp_Q92570_NR4A3_HUMAN:292:375_6l6l_A_1.meme	DONE
TFS_sp_Q5EBL2_ZN628_HUMAN:45:198_2i13_A_1.meme	DONE
TFS_tr_B7ZAW1_B7ZAW1_HUMAN:166:254_4r2c_A_1.meme	DONE
TFS_sp_Q96MR9_ZN560_HUMAN:214:342_2i13_A_1.meme	DONE
TFS_tr_A0A3B3ITJ8_A0A3B3ITJ8_HUMAN:901:931_2jx1_A_1.meme	DONE
TFS_tr_Q9NZ00_Q9NZ00_HUMAN:1:141_5v3m_C_1.meme	DONE
TFS_sp_Q08AG5_ZN844_HUMAN:222:332_5egb_A_1.meme	DONE
DIMER_sp_Q9Y603_ETV7_HUMAN:226:308_1dux_F_1.meme	DONE
TFS_sp_Q9UBD0_HSFX1_HUMAN:99:164_5d5v_B_1.meme	DONE
TFS_tr_M0R0Z3_M0R0Z3_HUMAN:6:127_5iya_S_1.meme	DONE
DIMER_sp_Q8N7U7_TPRX1_HUMAN:9:22_5hod_D_1.meme	DONE
TFS_sp_Q9BUY5_ZN426_HUMAN:373:526_2i13_A_1.meme	DONE
DIMER_tr_E7EUW9_E7EUW9_HUMAN:688:725_5wc9_A_1.meme	DONE
TFS_sp_Q5T0B9_ZN362_HUMAN:225:394_5wjq_D_1.meme	DONE
TFS_sp_Q6ZT77_ZN826_HUMAN:99:170_5keb_A_1.meme	DONE
TFS_tr_Q9NS42_Q9NS42_HUMAN:199:361_5v3m_C_1.meme	DONE
TFS_sp_P52746_ZN142_HUMAN:1423:1656_5v3j_E_1.meme	DONE
DIMER_tr_A0A2R8YEW3_A0A2R8YEW3_HUMAN:350:361_1fjl_A_1.meme	DONE
TFS_tr_A0A3B3ISN3_A0A3B3ISN3_HUMAN:179:205_2jx1_A_1.meme	DONE
TFS_sp_O60315_ZEB2_HUMAN:999:1073_1a1i_A_1.meme	DONE
TFS_sp_Q6N043_Z280D_HUMAN:359:499_6ml4_A_1.meme	DONE
TFS_sp_O14771_ZN213_HUMAN:314:451_5v3j_E_1.meme	DONE
TFS_tr_B4DDB5_B4DDB5_HUMAN:66:81_5iya_S_1.meme	DONE
DIMER_sp_Q96SQ7_ATOH8_HUMAN:230:285_2ql2_B_1.meme	DONE
TFS_sp_Q4V348_Z658B_HUMAN:651:800_2i13_A_1.meme	DONE
TFS_sp_O14628_ZN195_HUMAN:223:346_5v3j_E_1.meme	DONE
TFS_sp_Q6ZT77_ZN826_HUMAN:99:175_2i13_A_1.meme	DONE
TFS_sp_Q7RTV3_ZN367_HUMAN:172:246_6b0o_A_1.meme	DONE
TFS_tr_M0R0R9_M0R0R9_HUMAN:81:240_5iy6_S_1.meme	DONE
TFS_sp_Q5JUK2_SOLH1_HUMAN:62:81_1nlw_A_1.meme	DONE
TFS_sp_O15015_ZN646_HUMAN:1050:1101_4m9v_C_1.meme	DONE
TFS_sp_Q9HCC6_HES4_HUMAN:35:98_4atk_B_1.meme	FAIL
TFS_sp_Q9UL68_MYT1L_HUMAN:928:973_6wmi_A_1.meme	DONE
TFS_sp_Q01538_MYT1_HUMAN:439:467_2jx1_A_1.meme	DONE
TFS_sp_Q9BX82_ZN471_HUMAN:206:256_4m9v_C_1.meme	DONE
DIMER_tr_B0QYW7_B0QYW7_HUMAN:4:38_1r4i_B_1.meme	DONE
TFS_sp_Q96NL3_ZN599_HUMAN:532:585_4m9v_C_1.meme	DONE
DIMER_tr_Q53F65_Q53F65_HUMAN:226:304_5e8i_G_1.meme	DONE
TFS_sp_Q8IZM8_ZN654_HUMAN:546:596_1a1i_A_1.meme	DONE
TFS_sp_Q5SXM1_ZN678_HUMAN:122:175_4m9v_C_1.meme	DONE
TFS_sp_Q3KP31_ZN791_HUMAN:98:183_1jk1_A_1.meme	DONE
TFS_sp_Q68EA5_ZNF57_HUMAN:242:386_2i13_A_1.meme	DONE
TFS_tr_A0A087WZQ2_A0A087WZQ2_HUMAN:375:528_2i13_A_1.meme	DONE
TFS_sp_Q8ND82_Z280C_HUMAN:385:494_5kkq_A_1.meme	DONE
TFS_tr_B4DNQ1_B4DNQ1_HUMAN:46:115_6hc3_A_1.meme	DONE
TFS_tr_Q05BZ1_Q05BZ1_HUMAN:112:181_4nnu_B_1.meme	FAIL
TFS_sp_Q8N895_ZN366_HUMAN:279:387_5ei9_E_1.meme	DONE
TFS_sp_Q9P0T4_ZN581_HUMAN:85:193_2i13_A_1.meme	DONE
TFS_tr_C9JZA0_C9JZA0_HUMAN:81:150_7m5w_A_1.meme	DONE
TFS_tr_H3BUJ7_H3BUJ7_HUMAN:434:597_8sst_A_1.meme	DONE
TFS_sp_Q96I27_ZN625_HUMAN:32:65_5v3j_E_1.meme	DONE
TFS_sp_Q9Y6Q3_ZFP37_HUMAN:470:623_2i13_A_1.meme	DONE
TFS_sp_Q14190_SIM2_HUMAN:2:332_8osl_N_1.meme	FAIL
TFS_tr_A8K5P3_A8K5P3_HUMAN:245:523_5wjq_D_1.meme	DONE
TFS_tr_C9JCC6_C9JCC6_HUMAN:13:86_4wzs_A_1.meme	DONE
TFS_tr_A8K6U2_A8K6U2_HUMAN:79:151_4y60_C_1.meme	DONE
TFS_tr_O00164_O00164_HUMAN:250:311_4s2q_D_1.meme	DONE
TFS_tr_O95276_O95276_HUMAN:33:114_4r2c_A_1.meme	DONE
TFS_tr_M0R0Z3_M0R0Z3_HUMAN:5:127_6o9l_S_1.meme	DONE
TFS_sp_Q3ZCX4_ZN568_HUMAN:249:525_5v3j_E_1.meme	DONE
TFS_sp_A6NFI3_ZN316_HUMAN:688:937_5v3m_C_1.meme	DONE
TFS_sp_Q17RH7_TPRXL_HUMAN:20:80_2lkx_A_1.meme	DONE
TFS_sp_Q96MR9_ZN560_HUMAN:287:342_5v3j_E_1.meme	DONE
TFS_sp_P06400_RB_HUMAN:60:105_5n9g_A_1.meme	DONE
TFS_sp_Q68DY9_ZN772_HUMAN:257:289_5v3m_C_1.meme	DONE
TFS_tr_O95276_O95276_HUMAN:37:125_6ml2_A_1.meme	DONE
TFS_sp_P49910_ZN165_HUMAN:287:478_5v3j_E_1.meme	DONE
TFS_sp_Q4V348_Z658B_HUMAN:16:246_5v3m_C_1.meme	DONE
DIMER_tr_E7EUW9_E7EUW9_HUMAN:688:725_1hf0_B_1.meme	DONE
TFS_tr_Q6GMQ3_Q6GMQ3_HUMAN:753:788_6df9_A_1.meme	DONE
TFS_tr_A5HJR3_A5HJR3_HUMAN:249:359_5ei9_E_1.meme	DONE
TFS_tr_A0A3B3ISB6_A0A3B3ISB6_HUMAN:335:361_2jx1_A_1.meme	DONE
TFS_tr_A0A8Q3WKH9_A0A8Q3WKH9_HUMAN:1:48_5egb_A_1.meme	DONE
TFS_tr_H7BYN3_H7BYN3_HUMAN:33:100_6ht5_D_1.meme	DONE
TFS_tr_E9PMU6_E9PMU6_HUMAN:134:228_5v3j_E_1.meme	DONE
TFS_sp_Q9BSK1_ZN577_HUMAN:195:348_2i13_A_1.meme	DONE
TFS_sp_Q9BS31_ZN649_HUMAN:271:424_2i13_A_1.meme	DONE
TFS_sp_P12524_MYCL_HUMAN:279:331_1hlo_A_1.meme	DONE
TFS_sp_Q96C00_ZBTB9_HUMAN:407:456_4gzn_C_1.meme	DONE
TFS_tr_B0QYW7_B0QYW7_HUMAN:1:36_4aa6_A_1.meme	DONE
TFS_tr_Q9H7U2_Q9H7U2_HUMAN:2:45_5ei9_E_1.meme	DONE
TFS_tr_B7ZAW1_B7ZAW1_HUMAN:166:254_1a1g_A_1.meme	DONE
TFS_tr_E9PLT2_E9PLT2_HUMAN:2:56_6cik_N_1.meme	DONE
TFS_tr_M0R186_M0R186_HUMAN:48:185_2i13_A_1.meme	DONE
TFS_sp_Q9HD90_NDF4_HUMAN:88:143_1mdy_B_1.meme	DONE
TFS_tr_A4D178_A4D178_HUMAN:583:620_1s9k_E_1.meme	DONE
DIMER_tr_B4E2P7_B4E2P7_HUMAN:16:37_1d66_B_1.meme	DONE
TFS_sp_Q9NR11_ZN302_HUMAN:289:442_2i13_A_1.meme	DONE
TFS_tr_Q6LES8_Q6LES8_HUMAN:44:236_7lbw_A_1.meme	FAIL
TFS_tr_E9PLT2_E9PLT2_HUMAN:2:51_6oem_H_1.meme	DONE
TFS_sp_Q8IX07_FOG1_HUMAN:297:342_3uk3_D_1.meme	DONE
TFS_tr_Q9H7U2_Q9H7U2_HUMAN:7:260_5wjq_D_1.meme	DONE
TFS_tr_B3KX41_B3KX41_HUMAN:40:64_2kdz_A_1.meme	DONE
TFS_tr_H0Y5R1_H0Y5R1_HUMAN:60:424_8osk_N_1.meme	FAIL
TFS_sp_Q9H7X3_ZN696_HUMAN:180:288_5eh2_F_1.meme	DONE
TFS_sp_A6NFD8_HELT_HUMAN:14:65_1a0a_A_1.meme	DONE
TFS_sp_Q14103_HNRPD_HUMAN:191:225_6zhe_A_1.meme	DONE
TFS_tr_Q6NVX3_Q6NVX3_HUMAN:90:152_2ypb_A_1.meme	DONE
TFS_sp_P17021_ZNF17_HUMAN:245:521_5v3j_E_1.meme	DONE
TFS_sp_Q8N1G0_ZN687_HUMAN:673:810_2i13_A_1.meme	DONE
TFS_tr_H7BYN3_H7BYN3_HUMAN:25:183_6hc3_A_1.meme	DONE
TFS_sp_O60281_ZN292_HUMAN:1900:1931_5keb_A_1.meme	DONE
TFS_sp_Q6ZMY9_ZN517_HUMAN:367:477_6e94_A_1.meme	DONE
TFS_tr_C9K0D1_C9K0D1_HUMAN:81:150_6jrp_A_1.meme	DONE
DIMER_sp_A6NFD8_HELT_HUMAN:9:68_4h10_A_1.meme	DONE
TFS_sp_P17480_UBF1_HUMAN:407:469_6cij_N_1.meme	DONE
TFS_tr_F5H433_F5H433_HUMAN:370:421_8a4i_I_1.meme	DONE
TFS_sp_Q6ZSZ6_TSH1_HUMAN:970:994_6e94_A_1.meme	DONE
TFS_tr_A0A494C0I1_A0A494C0I1_HUMAN:20:152_1hlv_A_1.meme	DONE
TFS_sp_P10075_GLI4_HUMAN:174:207_5v3j_E_1.meme	DONE
TFS_tr_A0A3B3ITE4_A0A3B3ITE4_HUMAN:236:514_5wjq_D_1.meme	DONE
TFS_tr_E7ESP8_E7ESP8_HUMAN:241:360_5yef_A_1.meme	DONE
TFS_sp_Q13105_ZBT17_HUMAN:306:580_5wjq_D_1.meme	DONE
TFS_sp_Q4V348_Z658B_HUMAN:359:637_5wjq_D_1.meme	DONE
TFS_tr_E5KSU5_E5KSU5_HUMAN:44:237_3tq6_A_1.meme	DONE
TFS_tr_A0A3B3IS14_A0A3B3IS14_HUMAN:1003:1032_2mf8_A_1.meme	DONE
DIMER_tr_A0A0B5IYB7_A0A0B5IYB7_HUMAN:5:71_4wk8_G_1.meme	DONE
TFS_tr_Q05BZ1_Q05BZ1_HUMAN:233:306_6erq_C_1.meme	DONE
TFS_sp_Q86YH2_Z280B_HUMAN:345:480_5v3m_C_1.meme	DONE
TFS_sp_A6NFD8_HELT_HUMAN:14:62_8osl_P_1.meme	DONE
TFS_sp_Q08AG5_ZN844_HUMAN:137:371_5v3j_E_1.meme	DONE
TFS_tr_C9J8D0_C9J8D0_HUMAN:79:151_4y60_C_1.meme	DONE
TFS_tr_A0A8V8TM49_A0A8V8TM49_HUMAN:20:75_1fjl_B_1.meme	DONE
TFS_tr_B4DFD9_B4DFD9_HUMAN:371:421_5yj3_C_1.meme	DONE
TFS_sp_Q9BSK1_ZN577_HUMAN:131:379_5v3j_E_1.meme	DONE
TFS_sp_Q8IZM8_ZN654_HUMAN:546:596_1a1k_A_1.meme	DONE
TFS_tr_B2RCW4_B2RCW4_HUMAN:503:612_2i13_A_1.meme	DONE
TFS_sp_Q9NSD4_ZN275_HUMAN:103:151_4is1_C_1.meme	DONE
TFS_sp_Q9H116_GZF1_HUMAN:488:573_1g2f_C_1.meme	DONE
TFS_sp_P0CJ78_ZN865_HUMAN:221:279_5ei9_E_1.meme	DONE
TFS_sp_Q9H609_ZN576_HUMAN:105:165_5ei9_E_1.meme	DONE
TFS_tr_B3KUN2_B3KUN2_HUMAN:344:478_6ml5_A_1.meme	DONE
TFS_sp_Q86YH2_Z280B_HUMAN:345:480_5wjq_D_1.meme	DONE
TFS_sp_A0A1W2PPK0_CPHL2_HUMAN:28:79_2hdd_B_1.meme	DONE
TFS_sp_P10075_GLI4_HUMAN:171:207_2i13_A_1.meme	DONE
TFS_tr_Q53F65_Q53F65_HUMAN:226:306_3jtg_A_1.meme	DONE
DIMER_sp_Q7RTU4_BHA09_HUMAN:59:122_2ypb_B_1.meme	DONE
DIMER_sp_Q7Z5D8_NANGN_HUMAN:120:165_4uus_A_1.meme	DONE
TFS_sp_Q14584_ZN266_HUMAN:72:138_5wjq_D_1.meme	DONE
TFS_sp_Q96ME7_ZN512_HUMAN:439:466_6df5_A_1.meme	DONE
TFS_sp_Q9C0D4_Z518B_HUMAN:137:213_8ssq_A_1.meme	DONE
TFS_sp_Q6ZSZ6_TSH1_HUMAN:970:995_4gzn_C_1.meme	DONE
TFS_sp_P35269_T2FA_HUMAN:13:168_5fmf_U_1.meme	DONE
TFS_tr_E9PMU6_E9PMU6_HUMAN:299:452_2i13_A_1.meme	DONE
TFS_tr_A0A1X7SC99_A0A1X7SC99_HUMAN:213:332_8sss_A_1.meme	DONE
TFS_sp_Q9BSK1_ZN577_HUMAN:135:193_5egb_A_1.meme	DONE
TFS_tr_B0QYW7_B0QYW7_HUMAN:1:37_1hcq_B_1.meme	DONE
TFS_tr_K7ER43_K7ER43_HUMAN:110:231_2i13_A_1.meme	DONE
TFS_tr_Q53F65_Q53F65_HUMAN:222:312_8e66_A_1.meme	DONE
TFS_sp_Q96MA1_DMRTB_HUMAN:4:65_4yj0_C_1.meme	DONE
TFS_sp_O75362_ZN217_HUMAN:470:523_4is1_D_1.meme	DONE
TFS_tr_E7EVZ1_E7EVZ1_HUMAN:1560:1588_6ki6_A_1.meme	DONE
TFS_sp_Q9Y222_DMTF1_HUMAN:226:344_1h88_C_1.meme	DONE
TFS_sp_O15015_ZN646_HUMAN:1533:1783_5v3j_E_1.meme	DONE
TFS_sp_Q8NAF0_ZN579_HUMAN:384:463_2kmk_A_1.meme	DONE
TFS_tr_Q60F95_Q60F95_HUMAN:213:332_8sss_A_1.meme	DONE
TFS_sp_O75123_ZN623_HUMAN:85:147_5wjq_D_1.meme	DONE
TFS_tr_A0A3F2YPB8_A0A3F2YPB8_HUMAN:417:526_5ei9_E_1.meme	DONE
TFS_sp_Q5SXM1_ZN678_HUMAN:102:175_1a1g_A_1.meme	DONE
TFS_tr_C8CJL6_C8CJL6_HUMAN:1:61_1lo1_A_1.meme	DONE
TFS_tr_H0Y5R1_H0Y5R1_HUMAN:60:424_8osl_N_1.meme	FAIL
TFS_tr_A8KAK2_A8KAK2_HUMAN:118:332_5wjq_D_1.meme	DONE
TFS_tr_E5RGS9_E5RGS9_HUMAN:13:47_4g92_C_1.meme	DONE
TFS_sp_O60869_EDF1_HUMAN:76:121_3u3w_A_1.meme	DONE
TFS_sp_Q13398_ZN211_HUMAN:112:280_5wjq_D_1.meme	DONE
TFS_sp_Q5EBM4_ZN542_HUMAN:99:169_5ei9_E_1.meme	DONE
TFS_sp_Q9BRR0_ZKSC3_HUMAN:291:338_5wjq_D_1.meme	DONE
TFS_tr_Q9H7U2_Q9H7U2_HUMAN:2:257_5v3m_C_1.meme	DONE
TFS_tr_Q8N9U5_Q8N9U5_HUMAN:36:145_5ei9_E_1.meme	DONE
TFS_tr_R4GMY9_R4GMY9_HUMAN:338:409_2mf8_A_1.meme	DONE
TFS_tr_Q6ZMW8_Q6ZMW8_HUMAN:415:475_5hod_A_1.meme	DONE
DIMER_sp_O15353_FOXN1_HUMAN:271:362_6ncm_B_1.meme	DONE
TFS_sp_P17027_ZNF23_HUMAN:335:611_5v3m_C_1.meme	DONE
TFS_sp_Q92570_NR4A3_HUMAN:451:606_5uan_A_1.meme	DONE
TFS_sp_O60281_ZN292_HUMAN:2256:2284_1tf6_A_1.meme	DONE
DIMER_sp_Q9HD90_NDF4_HUMAN:88:143_2ypb_A_1.meme	DONE
TFS_tr_Q32MA5_Q32MA5_HUMAN:337:385_5yj3_C_1.meme	DONE
TFS_tr_B4DLB0_B4DLB0_HUMAN:146:291_2gzk_A_1.meme	DONE
TFS_tr_A0A1B0GV02_A0A1B0GV02_HUMAN:280:357_5und_A_1.meme	DONE
DIMER_sp_Q9HB31_SEBOX_HUMAN:20:73_6a8r_B_1.meme	DONE
TFS_tr_F5H433_F5H433_HUMAN:690:713_1f2i_G_1.meme	DONE
TFS_sp_O95625_ZBT11_HUMAN:653:932_5v3m_C_1.meme	DONE
TFS_sp_O43298_ZBT43_HUMAN:377:428_5yj3_C_1.meme	DONE
TFS_tr_Q60F94_Q60F94_HUMAN:213:332_5yef_A_1.meme	DONE
TFS_sp_O14628_ZN195_HUMAN:223:346_2i13_A_1.meme	DONE
TFS_tr_Q6ZNC6_Q6ZNC6_HUMAN:25:134_5ei9_E_1.meme	DONE
TFS_sp_Q6AHZ1_Z518A_HUMAN:178:281_7eyi_G_1.meme	DONE
TFS_sp_O43298_ZBT43_HUMAN:352:447_7n5t_A_1.meme	DONE
TFS_sp_P0DV77_TPRX2_HUMAN:24:78_1b8i_A_1.meme	DONE
TFS_sp_Q9HCE3_ZN532_HUMAN:1029:1114_1tf3_A_1.meme	DONE
TFS_sp_Q17RH7_TPRXL_HUMAN:24:74_5z2t_D_1.meme	DONE
DIMER_sp_Q7RTU5_ASCL5_HUMAN:161:212_2ypb_A_1.meme	DONE
TFS_tr_A0A2R8YDQ8_A0A2R8YDQ8_HUMAN:43:66_6e93_A_1.meme	DONE
TFS_sp_Q68CJ9_CR3L3_HUMAN:244:303_5t01_B_1.meme	DONE
TFS_sp_Q92610_ZN592_HUMAN:579:639_5egb_A_1.meme	DONE
TFS_tr_H0YKC7_H0YKC7_HUMAN:72:132_5zjt_B_1.meme	DONE
TFS_sp_A6NK53_ZN233_HUMAN:372:422_4is1_D_1.meme	DONE
TFS_sp_Q9H707_ZN552_HUMAN:105:248_2i13_A_1.meme	DONE
TFS_tr_A0A3F2YPB8_A0A3F2YPB8_HUMAN:304:582_5wjq_D_1.meme	DONE
TFS_sp_Q68DE3_USF3_HUMAN:17:73_1an4_B_1.meme	DONE
TFS_sp_Q8IZC7_ZN101_HUMAN:279:389_5ei9_E_1.meme	DONE
TFS_sp_Q01826_SATB1_HUMAN:646:701_1hdd_D_1.meme	DONE
TFS_tr_Q59FS2_Q59FS2_HUMAN:264:370_5egb_A_1.meme	DONE
TFS_sp_A6NK53_ZN233_HUMAN:372:422_3uk3_D_1.meme	DONE
TFS_tr_C9JYU6_C9JYU6_HUMAN:81:150_7m5w_A_1.meme	DONE
TFS_sp_Q9H7X3_ZN696_HUMAN:237:346_6e93_A_1.meme	DONE
TFS_tr_Q60F94_Q60F94_HUMAN:280:329_4gzn_C_1.meme	DONE
TFS_sp_Q13398_ZN211_HUMAN:284:559_5v3j_E_1.meme	DONE
DIMER_sp_P12980_LYL1_HUMAN:148:209_2ypa_A_1.meme	DONE
TFS_tr_Q32MA5_Q32MA5_HUMAN:336:400_5t0u_A_1.meme	DONE
TFS_sp_Q9NQ33_ASCL3_HUMAN:97:149_2ql2_B_1.meme	DONE
TFS_sp_Q9Y2D1_ATF5_HUMAN:210:265_5t01_B_1.meme	DONE
DIMER_sp_Q8IYA7_MKX_HUMAN:85:128_4xrm_A_1.meme	DONE
TFS_sp_Q96MR9_ZN560_HUMAN:525:678_2i13_A_1.meme	DONE
TFS_sp_Q9NSD4_ZN275_HUMAN:179:427_5wjq_D_1.meme	DONE
TFS_tr_E9PMU6_E9PMU6_HUMAN:134:228_5wjq_D_1.meme	DONE
TFS_tr_A0A3B3IS14_A0A3B3IS14_HUMAN:1003:1032_2jx1_A_1.meme	DONE
TFS_sp_Q9Y4A8_NF2L3_HUMAN:536:601_1skn_P_1.meme	DONE
TFS_tr_B4DZR3_B4DZR3_HUMAN:65:125_8ffz_A_1.meme	DONE
TFS_tr_B4DFD9_B4DFD9_HUMAN:371:421_6e93_A_1.meme	DONE
TFS_tr_C9K0D1_C9K0D1_HUMAN:81:150_7m5w_A_1.meme	DONE
TFS_tr_A0A3B3ISN1_A0A3B3ISN1_HUMAN:505:531_2jx1_A_1.meme	DONE
DIMER_sp_Q8IYA7_MKX_HUMAN:85:128_6fqp_A_1.meme	DONE
TFS_tr_C8CJL6_C8CJL6_HUMAN:1:59_1hcq_B_1.meme	DONE
TFS_sp_Q8N8C0_ZN781_HUMAN:30:133_5ei9_E_1.meme	DONE
TFS_tr_A0A3B3ISB6_A0A3B3ISB6_HUMAN:336:407_2mf8_A_1.meme	DONE
TFS_tr_M0R2M4_M0R2M4_HUMAN:316:469_2i13_A_1.meme	DONE
TFS_sp_Q9HCE3_ZN532_HUMAN:755:891_2i13_A_1.meme	DONE
TFS_sp_A0A1W2PPF3_DUXB_HUMAN:17:155_5zfw_A_1.meme	DONE
TFS_sp_Q96SQ7_ATOH8_HUMAN:231:285_2ypb_A_1.meme	DONE
TFS_sp_Q9UID6_ZN639_HUMAN:235:283_3uk3_C_1.meme	DONE
TFS_sp_Q13105_ZBT17_HUMAN:307:604_7w1m_H_1.meme	DONE
DIMER_tr_M0R2M9_M0R2M9_HUMAN:116:136_1am9_B_1.meme	DONE
TFS_tr_O00164_O00164_HUMAN:250:312_6edb_B_1.meme	DONE
TFS_sp_Q03014_HHEX_HUMAN:138:194_4xic_A_1.meme	DONE
TFS_sp_Q8NB15_ZN511_HUMAN:144:169_1tf3_A_1.meme	DONE
TFS_sp_B1APH4_ZN487_HUMAN:141:205_2i13_A_1.meme	DONE
DIMER_tr_D2CFI5_D2CFI5_HUMAN:61:120_1fjl_A_1.meme	DONE
TFS_tr_B4DS48_B4DS48_HUMAN:902:932_2jx1_A_1.meme	DONE
TFS_sp_Q8IZC7_ZN101_HUMAN:310:416_5eh2_F_1.meme	DONE
TFS_sp_Q8N9Z0_ZN610_HUMAN:204:453_5v3m_C_1.meme	DONE
TFS_sp_Q9UL68_MYT1L_HUMAN:506:577_2mf8_A_1.meme	DONE
TFS_sp_Q9UPW6_SATB2_HUMAN:359:441_2o49_A_1.meme	DONE
TFS_sp_Q5EBM4_ZN542_HUMAN:100:170_5v3j_E_1.meme	DONE
TFS_sp_P0DV77_TPRX2_HUMAN:20:74_2lkx_A_1.meme	DONE
TFS_tr_H7BYN3_H7BYN3_HUMAN:26:183_6hb4_A_1.meme	DONE
TFS_tr_B4DZP9_B4DZP9_HUMAN:140:389_5v3j_E_1.meme	DONE
TFS_sp_Q6ZRF7_ZN818_HUMAN:66:112_5wjq_D_1.meme	DONE
TFS_tr_I3L2J0_I3L2J0_HUMAN:1107:1185_1gt0_D_1.meme	DONE
TFS_sp_Q68DE3_USF3_HUMAN:20:103_8ia3_A_1.meme	DONE
TFS_sp_Q16666_IF16_HUMAN:572:766_3rnu_D_1.meme	DONE
DIMER_sp_Q6ZNG2_DBX2_HUMAN:189:247_5zjq_A_1.meme	DONE
TFS_sp_Q8WW38_FOG2_HUMAN:298:386_1zaa_C_1.meme	DONE
TFS_tr_Q7KYZ0_Q7KYZ0_HUMAN:39:111_5e6c_A_1.meme	DONE
TFS_sp_Q5SXM1_ZN678_HUMAN:181:479_7w1m_H_1.meme	DONE
TFS_sp_Q9Y603_ETV7_HUMAN:226:308_1dux_F_1.meme	DONE
TFS_tr_B4DK65_B4DK65_HUMAN:495:544_3uk3_C_1.meme	DONE
TFS_tr_D6RAX4_D6RAX4_HUMAN:14:31_7et6_D_1.meme	DONE
DIMER_sp_Q17RH7_TPRXL_HUMAN:21:74_6a8r_B_1.meme	DONE
TFS_sp_Q499Z4_ZN672_HUMAN:208:361_2i13_A_1.meme	DONE
DIMER_sp_Q68CJ9_CR3L3_HUMAN:245:285_5zko_C_1.meme	DONE
TFS_sp_Q96CS4_ZN689_HUMAN:176:452_5v3j_E_1.meme	DONE
TFS_tr_B7ZLF3_B7ZLF3_HUMAN:36:146_5eh2_F_1.meme	DONE
TFS_sp_Q9NSJ1_Z355P_HUMAN:71:333_5v3m_C_1.meme	DONE
TFS_tr_E9PMM2_E9PMM2_HUMAN:85:147_4y60_C_1.meme	DONE
TFS_tr_C9JIZ2_C9JIZ2_HUMAN:79:149_1gt0_D_1.meme	DONE
TFS_sp_A6NP11_ZN716_HUMAN:213:487_5v3m_C_1.meme	DONE
TFS_sp_Q9H2S9_IKZF4_HUMAN:161:267_5egb_A_1.meme	DONE
TFS_tr_E7EUW9_E7EUW9_HUMAN:242:361_5yef_J_1.meme	DONE
TFS_sp_P12980_LYL1_HUMAN:148:209_2ypa_A_1.meme	DONE
TFS_sp_Q92670_ZN75C_HUMAN:282:426_2i13_A_1.meme	DONE
DIMER_sp_A0A1W2PPK0_CPHL2_HUMAN:28:79_2hot_A_1.meme	DONE
TFS_tr_A0JP08_A0JP08_HUMAN:279:328_4m9v_C_1.meme	DONE
TFS_tr_B4DHL1_B4DHL1_HUMAN:423:560_5wjq_D_1.meme	DONE
TFS_sp_Q8TF47_ZFP90_HUMAN:522:632_5ei9_E_1.meme	DONE
TFS_tr_B4DJ39_B4DJ39_HUMAN:135:219_2gzk_A_1.meme	DONE
TFS_sp_B2RXF5_ZBT42_HUMAN:336:386_5yj3_C_1.meme	DONE
TFS_sp_Q7LFL8_CXXC5_HUMAN:261:285_3qmh_A_1.meme	DONE
TFS_sp_A0A1B0GWH4_HSFX3_HUMAN:82:148_7dcu_C_1.meme	DONE
TFS_sp_Q7Z340_ZN551_HUMAN:484:637_2i13_A_1.meme	DONE
TFS_sp_A6NFD8_HELT_HUMAN:15:69_1an4_A_1.meme	DONE
TFS_tr_E9PNC7_E9PNC7_HUMAN:13:53_4awl_C_1.meme	DONE
TFS_sp_Q9P243_ZFAT_HUMAN:409:478_1a1k_A_1.meme	DONE
TFS_sp_Q9Y6Q3_ZFP37_HUMAN:348:624_5v3m_C_1.meme	DONE
TFS_sp_Q8N8C0_ZN781_HUMAN:19:132_5wjq_D_1.meme	DONE
TFS_sp_P0CJ78_ZN865_HUMAN:792:1039_5wjq_D_1.meme	DONE
TFS_tr_Q6LES8_Q6LES8_HUMAN:43:237_3tmm_A_1.meme	DONE
TFS_sp_Q96NL3_ZN599_HUMAN:252:530_5wjq_D_1.meme	DONE
TFS_sp_Q6ZSZ6_TSH1_HUMAN:242:437_5v3j_E_1.meme	DONE
TFS_tr_B4DNQ1_B4DNQ1_HUMAN:46:106_5jh0_D_1.meme	DONE
TFS_tr_A0A0J9YWD6_A0A0J9YWD6_HUMAN:100:148_4iqr_A_1.meme	DONE
TFS_sp_Q8IXK0_PHC2_HUMAN:195:231_6ryi_B_1.meme	DONE
TFS_tr_Q9UHQ8_Q9UHQ8_HUMAN:240:343_7x5e_B_1.meme	DONE
TFS_sp_Q08AN1_ZN616_HUMAN:462:740_5wjq_D_1.meme	DONE
DIMER_sp_Q9HB31_SEBOX_HUMAN:20:80_1fjl_A_1.meme	DONE
TFS_sp_O43309_ZSC12_HUMAN:299:575_5wjq_D_1.meme	DONE
TFS_sp_Q9HD90_NDF4_HUMAN:87:145_2ql2_B_1.meme	DONE
TFS_sp_Q92750_TAF4B_HUMAN:631:862_7egd_d_1.meme	DONE
TFS_tr_Q5T7U1_Q5T7U1_HUMAN:8:60_7w1m_E_1.meme	DONE
TFS_tr_J3KTI4_J3KTI4_HUMAN:474:609_2i13_A_1.meme	DONE
TFS_tr_Q59FT3_Q59FT3_HUMAN:389:471_2o49_A_1.meme	DONE
TFS_tr_Q8IYZ2_Q8IYZ2_HUMAN:439:476_6ki6_A_1.meme	DONE
TFS_sp_Q9P243_ZFAT_HUMAN:743:793_4is1_C_1.meme	DONE
TFS_sp_Q9H2P0_ADNP_HUMAN:76:100_4f6m_A_1.meme	DONE
DIMER_tr_K7EIE6_K7EIE6_HUMAN:85:106_3coq_B_1.meme	DONE
TFS_sp_Q8NAP3_ZBT38_HUMAN:1009:1120_6e93_A_1.meme	DONE
TFS_sp_Q6AHZ1_Z518A_HUMAN:207:281_7txc_E_1.meme	DONE
TFS_sp_Q7RTU4_BHA09_HUMAN:60:121_2ypa_A_1.meme	DONE
TFS_sp_Q68DY9_ZN772_HUMAN:251:290_2i13_A_1.meme	DONE
TFS_sp_P06400_RB_HUMAN:60:105_4rod_A_1.meme	DONE
DIMER_sp_Q8IUM7_NPAS4_HUMAN:10:46_4h10_A_1.meme	DONE
TFS_sp_A6NK53_ZN233_HUMAN:268:420_2i13_A_1.meme	DONE
TFS_sp_Q9Y467_SALL2_HUMAN:374:430_7n5u_A_1.meme	DONE
TFS_tr_A5HJR3_A5HJR3_HUMAN:249:527_5wjq_D_1.meme	DONE
DIMER_sp_A8MZ59_LEUTX_HUMAN:9:64_2hdd_B_1.meme	DONE
TFS_sp_O75362_ZN217_HUMAN:128:205_1llm_C_1.meme	DONE
TFS_tr_B7ZLF3_B7ZLF3_HUMAN:164:188_2i13_A_1.meme	DONE
TFS_sp_P35269_T2FA_HUMAN:5:180_5iy6_S_1.meme	DONE
TFS_tr_B7ZAW1_B7ZAW1_HUMAN:166:254_1jk2_A_1.meme	DONE
TFS_sp_Q9HCE3_ZN532_HUMAN:1024:1111_5yel_B_1.meme	DONE
TFS_tr_A5HJR3_A5HJR3_HUMAN:224:499_5v3m_C_1.meme	DONE
TFS_sp_P17017_ZNF14_HUMAN:221:249_2i13_A_1.meme	DONE
TFS_sp_Q8N587_ZN561_HUMAN:364:472_5eh2_F_1.meme	DONE
DIMER_sp_Q9Y603_ETV7_HUMAN:209:305_3ri4_D_1.meme	DONE
TFS_tr_Q86WM2_Q86WM2_HUMAN:1:219_5wjq_D_1.meme	DONE
TFS_sp_Q15776_ZKSC8_HUMAN:317:358_5wjq_D_1.meme	DONE
TFS_sp_A0A1W2PPM1_CPHXL_HUMAN:30:83_1fjl_B_1.meme	DONE
TFS_sp_Q96RK0_CIC_HUMAN:1107:1178_6ht5_D_1.meme	DONE
TFS_tr_Q7Z3R2_Q7Z3R2_HUMAN:315:591_5v3j_E_1.meme	DONE
TFS_sp_Q9H5V7_IKZF5_HUMAN:366:413_3uk3_C_1.meme	DONE
TFS_tr_B4DMG0_B4DMG0_HUMAN:176:425_5v3j_E_1.meme	DONE
TFS_sp_Q7LFL8_CXXC5_HUMAN:259:302_6asd_C_1.meme	DONE
TFS_sp_Q9BR84_ZN559_HUMAN:208:488_5wjq_D_1.meme	DONE
TFS_sp_Q15935_ZNF77_HUMAN:267:542_5v3m_C_1.meme	DONE
TFS_sp_Q86XU0_ZN677_HUMAN:260:537_5wjq_D_1.meme	DONE
TFS_sp_Q96SZ4_ZSC10_HUMAN:478:516_5v3m_C_1.meme	DONE
TFS_tr_B4DSV2_B4DSV2_HUMAN:374:423_3uk3_C_1.meme	DONE
TFS_sp_Q9BW11_MAD3_HUMAN:62:173_7d8t_B_1.meme	DONE
TFS_sp_Q9Y2D1_ATF5_HUMAN:213:265_1fos_F_1.meme	DONE
TFS_sp_Q14584_ZN266_HUMAN:116:206_5egb_A_1.meme	DONE
TFS_sp_Q92618_ZN516_HUMAN:241:298_1f2i_G_1.meme	DONE
TFS_tr_Q96SV5_Q96SV5_HUMAN:146:424_5wjq_D_1.meme	DONE
TFS_sp_Q9HAH1_ZN556_HUMAN:147:408_5v3m_C_1.meme	DONE
TFS_tr_C9JA69_C9JA69_HUMAN:79:151_1gt0_D_1.meme	DONE
TFS_sp_Q8TF47_ZFP90_HUMAN:522:632_5egb_A_1.meme	DONE
TFS_tr_B2RCW4_B2RCW4_HUMAN:501:611_2jpa_A_1.meme	DONE
TFS_tr_A0A140VK21_A0A140VK21_HUMAN:99:164_5d8l_D_1.meme	DONE
TFS_tr_A0A3B3IRX5_A0A3B3IRX5_HUMAN:1003:1032_2jx1_A_1.meme	DONE
TFS_tr_B4DSV2_B4DSV2_HUMAN:372:423_8cuc_F_1.meme	DONE
TFS_sp_Q86UD4_ZN329_HUMAN:107:199_5v3m_C_1.meme	DONE
TFS_sp_Q13398_ZN211_HUMAN:140:228_5ei9_E_1.meme	DONE
TFS_tr_E9PLT2_E9PLT2_HUMAN:2:51_6oen_H_1.meme	DONE
TFS_sp_Q9NYT6_ZN226_HUMAN:676:777_2jp9_A_1.meme	DONE
TFS_tr_J3KTI4_J3KTI4_HUMAN:414:623_5v3j_E_1.meme	DONE
TFS_tr_H7C2N6_H7C2N6_HUMAN:183:223_5zko_C_1.meme	DONE
TFS_tr_A4D178_A4D178_HUMAN:549:641_4eot_A_1.meme	DONE
TFS_tr_A0A3B3ITL3_A0A3B3ITL3_HUMAN:577:655_2mf8_A_1.meme	DONE
TFS_tr_H0YFS7_H0YFS7_HUMAN:233:289_8e3e_A_1.meme	DONE
TFS_sp_Q8TBC5_ZSC18_HUMAN:412:469_5yj3_C_1.meme	DONE
TFS_sp_Q13105_ZBT17_HUMAN:483:635_2i13_A_1.meme	DONE
TFS_sp_Q8N3X6_LCORL_HUMAN:96:126_6ycq_A_1.meme	DONE
TFS_sp_A0A1W2PPM1_CPHXL_HUMAN:32:83_2hdd_B_1.meme	DONE
TFS_sp_Q7Z4V0_ZN438_HUMAN:509:568_6ml3_A_1.meme	DONE
TFS_sp_Q4V348_Z658B_HUMAN:333:609_5v3j_E_1.meme	DONE
TFS_tr_A0A3B3ISN3_A0A3B3ISN3_HUMAN:180:251_2mf8_A_1.meme	DONE
TFS_sp_Q8TBC5_ZSC18_HUMAN:412:469_5yj3_D_1.meme	DONE
TFS_sp_Q9NX65_ZSC32_HUMAN:518:628_5egb_A_1.meme	DONE
TFS_tr_B7ZLF3_B7ZLF3_HUMAN:34:188_5v3m_C_1.meme	DONE
TFS_tr_H0YLA6_H0YLA6_HUMAN:360:497_5v3m_C_1.meme	DONE
TFS_sp_Q9BX82_ZN471_HUMAN:211:284_1a1g_A_1.meme	DONE
TFS_sp_Q96SQ7_ATOH8_HUMAN:231:282_6od3_B_1.meme	DONE
TFS_sp_Q9H2S9_IKZF4_HUMAN:164:237_5keb_A_1.meme	DONE
TFS_tr_B4DS73_B4DS73_HUMAN:220:474_5v3j_E_1.meme	DONE
TFS_tr_B4DT98_B4DT98_HUMAN:65:110_4is1_D_1.meme	DONE
TFS_sp_Q9H2S9_IKZF4_HUMAN:161:267_5eh2_F_1.meme	DONE
TFS_sp_Q9H2S9_IKZF4_HUMAN:161:267_5ei9_E_1.meme	DONE
TFS_sp_Q86UP3_ZFHX4_HUMAN:2180:2241_2lkx_A_1.meme	DONE
TFS_tr_A0A0S2Z4K5_A0A0S2Z4K5_HUMAN:107:178_1a6y_B_1.meme	DONE
TFS_sp_Q5JNZ3_ZN311_HUMAN:608:631_5ei9_E_1.meme	DONE
TFS_tr_Q6AHZ7_Q6AHZ7_HUMAN:1:716_8cli_A_1.meme	DONE
TFS_sp_Q96NK8_NDF6_HUMAN:95:151_6od5_B_1.meme	DONE
TFS_sp_O75132_ZBED4_HUMAN:859:903_7psx_A_1.meme	DONE
TFS_sp_O95625_ZBT11_HUMAN:648:757_5egb_A_1.meme	DONE
TFS_sp_Q96BV0_ZN775_HUMAN:107:217_2i13_A_1.meme	DONE
TFS_sp_P36508_ZNF76_HUMAN:163:279_6b0o_A_1.meme	DONE
TFS_sp_P31629_ZEP2_HUMAN:1799:1847_4m9v_C_1.meme	DONE
TFS_tr_A0A8V8TMK4_A0A8V8TMK4_HUMAN:20:85_1ahd_P_1.meme	DONE
DIMER_tr_A0A090N8E5_A0A090N8E5_HUMAN:350:361_3hdd_A_1.meme	DONE
TFS_sp_Q5T619_ZN648_HUMAN:279:554_5v3j_E_1.meme	DONE
TFS_sp_P0CJ78_ZN865_HUMAN:226:274_4is1_D_1.meme	DONE
TFS_tr_I3L2J0_I3L2J0_HUMAN:1108:1181_6jrp_A_1.meme	DONE
TFS_sp_Q03014_HHEX_HUMAN:137:194_1ahd_P_1.meme	DONE
TFS_sp_Q9NR83_S2A4R_HUMAN:207:222_8cuc_F_1.meme	DONE
TFS_tr_E7EUW9_E7EUW9_HUMAN:242:361_5yef_A_1.meme	DONE
TFS_sp_Q6V9R5_ZN562_HUMAN:181:254_1a1g_A_1.meme	DONE
TFS_sp_Q8IZC7_ZN101_HUMAN:279:389_5egb_A_1.meme	DONE
TFS_sp_Q9P1Z0_ZBTB4_HUMAN:297:392_6dfc_A_1.meme	DONE
TFS_tr_B4DSV2_B4DSV2_HUMAN:373:423_6e93_A_1.meme	DONE
TFS_tr_B4DNQ1_B4DNQ1_HUMAN:46:106_5jgh_D_1.meme	DONE
TFS_sp_Q9NZV7_ZIM2_HUMAN:467:516_4is1_C_1.meme	DONE
TFS_sp_Q14584_ZN266_HUMAN:240:538_7w1m_H_1.meme	DONE
TFS_sp_P0CB47_UBFL1_HUMAN:100:194_3tmm_A_1.meme	DONE
TFS_sp_Q9P243_ZFAT_HUMAN:743:793_4is1_D_1.meme	DONE
TFS_sp_Q17RH7_TPRXL_HUMAN:21:77_1ig7_A_1.meme	DONE
TFS_sp_Q96MR9_ZN560_HUMAN:287:342_5wjq_D_1.meme	DONE
TFS_sp_Q3KP31_ZN791_HUMAN:98:183_1a1i_A_1.meme	DONE
TFS_tr_B2RCW4_B2RCW4_HUMAN:503:612_6ml5_A_1.meme	DONE
DIMER_tr_Q6ZMW8_Q6ZMW8_HUMAN:417:472_2hdd_B_1.meme	DONE
TFS_tr_I7HIK6_I7HIK6_HUMAN:277:553_5v3j_E_1.meme	DONE
TFS_sp_P10075_GLI4_HUMAN:228:373_2i13_A_1.meme	DONE
TFS_sp_Q9H707_ZN552_HUMAN:212:402_5v3j_E_1.meme	DONE
TFS_sp_Q9UIF9_BAZ2A_HUMAN:556:601_6c2f_A_1.meme	DONE
DIMER_tr_A0A8I5KUQ1_A0A8I5KUQ1_HUMAN:60:91_4qtr_A_1.meme	DONE
TFS_sp_O43298_ZBT43_HUMAN:352:447_8e3d_A_1.meme	DONE
TFS_sp_Q969J2_ZKSC4_HUMAN:374:454_1a1g_A_1.meme	DONE
TFS_sp_Q14587_ZN268_HUMAN:555:830_5v3m_C_1.meme	DONE
TFS_sp_O60393_NOBOX_HUMAN:272:318_1fjl_A_1.meme	DONE
TFS_tr_A0A0S2Z4K5_A0A0S2Z4K5_HUMAN:171:260_3dzu_D_1.meme	DONE
TFS_sp_Q9UJW7_ZN229_HUMAN:257:331_5v3j_E_1.meme	DONE
TFS_tr_E7EUW9_E7EUW9_HUMAN:242:293_5k5l_F_1.meme	DONE
TFS_sp_Q8IXK0_PHC2_HUMAN:195:231_6ryd_B_1.meme	DONE
TFS_tr_B4DZP9_B4DZP9_HUMAN:144:189_5yj3_C_1.meme	DONE
TFS_tr_A0A087WT67_A0A087WT67_HUMAN:439:549_5ei9_E_1.meme	DONE
TFS_tr_B4DXY2_B4DXY2_HUMAN:83:95_5iyb_S_1.meme	DONE
DIMER_tr_A4D2L0_A4D2L0_HUMAN:12:55_1dux_F_1.meme	DONE
TFS_tr_B4DT98_B4DT98_HUMAN:61:310_5v3j_E_1.meme	DONE
DIMER_sp_Q96SQ7_ATOH8_HUMAN:231:285_1mdy_B_1.meme	DONE
TFS_sp_Q5T619_ZN648_HUMAN:447:554_5eh2_F_1.meme	DONE
TFS_sp_Q6AHZ1_Z518A_HUMAN:235:280_8gn3_A_1.meme	DONE
TFS_sp_Q96I27_ZN625_HUMAN:36:60_3uk3_D_1.meme	DONE
TFS_tr_B2RCW4_B2RCW4_HUMAN:503:612_6ml4_A_1.meme	DONE
TFS_sp_A0A1W2PPF3_DUXB_HUMAN:103:159_3a01_B_1.meme	DONE
TFS_sp_Q5SXM1_ZN678_HUMAN:208:484_5v3m_C_1.meme	DONE
TFS_sp_Q4V348_Z658B_HUMAN:16:246_5wjq_D_1.meme	DONE
TFS_tr_I7HIK6_I7HIK6_HUMAN:191:217_2kmk_A_1.meme	DONE
TFS_sp_P12525_MYCP1_HUMAN:276:352_1nlw_B_1.meme	DONE
TFS_tr_A0A024R3C6_A0A024R3C6_HUMAN:405:656_5v3m_C_1.meme	DONE
TFS_tr_Q05BZ1_Q05BZ1_HUMAN:233:306_4nod_A_1.meme	DONE
DIMER_tr_Q9UHQ8_Q9UHQ8_HUMAN:254:346_4eot_B_1.meme	DONE
TFS_tr_A0A8V8TM49_A0A8V8TM49_HUMAN:24:78_1b8i_A_1.meme	DONE
TFS_sp_Q5JNZ3_ZN311_HUMAN:608:632_2kmk_A_1.meme	DONE
TFS_sp_O15062_ZBTB5_HUMAN:611:661_4gzn_C_1.meme	DONE
TFS_tr_J3QLN9_J3QLN9_HUMAN:185:249_3osf_A_1.meme	DONE
DIMER_tr_H0Y5R1_H0Y5R1_HUMAN:55:115_1mdy_B_1.meme	DONE
TFS_sp_O75541_ZN821_HUMAN:123:192_6e94_A_1.meme	DONE
TFS_sp_Q86UP3_ZFHX4_HUMAN:2186:2238_4rbo_A_1.meme	DONE
TFS_sp_Q9UBD0_HSFX1_HUMAN:99:164_5d8l_D_1.meme	DONE
TFS_tr_Q60F94_Q60F94_HUMAN:213:332_5kkq_A_1.meme	DONE
TFS_tr_E7EUW9_E7EUW9_HUMAN:242:361_5kkq_A_1.meme	DONE
TFS_sp_Q9H8Y1_VRTN_HUMAN:503:542_6w8w_A_1.meme	DONE
DIMER_tr_A0A1B0GW50_A0A1B0GW50_HUMAN:659:696_1au7_B_1.meme	DONE
TFS_tr_H0YL38_H0YL38_HUMAN:347:484_5wjq_D_1.meme	DONE
TFS_sp_Q9NR83_S2A4R_HUMAN:205:227_6e93_A_1.meme	DONE
TFS_sp_Q86UD4_ZN329_HUMAN:203:478_5v3m_C_1.meme	DONE
TFS_sp_Q86XF7_ZN575_HUMAN:62:235_5yef_G_1.meme	DONE
TFS_tr_A8K5P3_A8K5P3_HUMAN:303:579_5v3j_E_1.meme	DONE
TFS_tr_A0A0B5IYB7_A0A0B5IYB7_HUMAN:5:100_2hdc_A_1.meme	DONE
TFS_sp_P36508_ZNF76_HUMAN:176:339_2i13_A_1.meme	DONE
TFS_tr_E7EPA0_E7EPA0_HUMAN:306:344_1msf_C_1.meme	DONE
TFS_tr_Q9BQR2_Q9BQR2_HUMAN:112:158_7lbx_B_1.meme	FAIL
TFS_sp_Q8IYA7_MKX_HUMAN:85:128_4xrm_A_1.meme	FAIL
TFS_sp_Q96MR9_ZN560_HUMAN:375:651_5v3m_C_1.meme	DONE
TFS_sp_Q9HD90_NDF4_HUMAN:88:142_7z5k_B_1.meme	DONE
TFS_sp_P52746_ZN142_HUMAN:1169:1309_5yef_G_1.meme	DONE
TFS_tr_A0A0S2Z4K5_A0A0S2Z4K5_HUMAN:107:178_1hlz_B_1.meme	DONE
TFS_sp_Q8TBC5_ZSC18_HUMAN:411:466_4gzn_C_1.meme	DONE
TFS_sp_Q5EBL2_ZN628_HUMAN:240:314_5wjq_D_1.meme	DONE
DIMER_sp_O60315_ZEB2_HUMAN:344:374_3coq_B_1.meme	DONE
TFS_sp_Q14587_ZN268_HUMAN:253:496_5v3j_E_1.meme	DONE
TFS_tr_H0YFS7_H0YFS7_HUMAN:551:574_1f2i_H_1.meme	DONE
DIMER_sp_Q8N1L9_BATF2_HUMAN:19:67_5zko_C_1.meme	DONE
TFS_sp_Q9P0T4_ZN581_HUMAN:87:167_1a1g_A_1.meme	DONE
TFS_tr_A0A8Q3WKH9_A0A8Q3WKH9_HUMAN:1:44_5yj3_C_1.meme	DONE
TFS_sp_Q14587_ZN268_HUMAN:237:284_2i13_A_1.meme	DONE
TFS_sp_Q8N1W2_ZN710_HUMAN:322:596_5v3m_C_1.meme	DONE
TFS_sp_Q9BR84_ZN559_HUMAN:176:201_2i13_A_1.meme	DONE
TFS_sp_O95625_ZBT11_HUMAN:648:757_5ei9_E_1.meme	DONE
TFS_sp_P17480_UBF1_HUMAN:405:486_1j47_A_1.meme	DONE
TFS_sp_Q92618_ZN516_HUMAN:36:84_3uk3_C_1.meme	DONE
TFS_sp_P13984_T2FB_HUMAN:2:238_5iya_T_1.meme	DONE
TFS_sp_Q9ULJ3_ZBT21_HUMAN:909:962_6e93_A_1.meme	DONE
TFS_tr_B4DLB0_B4DLB0_HUMAN:150:210_6cim_N_1.meme	DONE
TFS_sp_Q96C28_ZN707_HUMAN:231:338_5eh2_F_1.meme	DONE
TFS_tr_A0A6Q8PH34_A0A6Q8PH34_HUMAN:181:255_5keb_A_1.meme	DONE
TFS_sp_Q4V348_Z658B_HUMAN:177:224_5yj3_C_1.meme	DONE
TFS_sp_Q8N1G0_ZN687_HUMAN:707:887_8ssq_A_1.meme	DONE
TFS_tr_E7ET52_E7ET52_HUMAN:166:254_1a1g_A_1.meme	DONE
TFS_tr_A0A3B3IRT9_A0A3B3IRT9_HUMAN:907:952_6wmi_A_1.meme	DONE
TFS_sp_Q9H8N7_ZN395_HUMAN:481:513_7dta_A_1.meme	DONE
TFS_sp_O43298_ZBT43_HUMAN:397:451_1f2i_H_1.meme	DONE
TFS_tr_A0A0G2JS52_A0A0G2JS52_HUMAN:654:681_2jx1_A_1.meme	DONE
TFS_sp_Q9NSJ1_Z355P_HUMAN:81:234_2i13_A_1.meme	DONE
TFS_sp_P58317_ZN121_HUMAN:113:390_5wjq_D_1.meme	DONE
TFS_sp_Q8N1L9_BATF2_HUMAN:19:67_5zko_C_1.meme	DONE
TFS_tr_B3KUN2_B3KUN2_HUMAN:345:480_5wjq_D_1.meme	DONE
TFS_sp_Q13398_ZN211_HUMAN:105:225_5v3m_C_1.meme	DONE
TFS_tr_C9J0J4_C9J0J4_HUMAN:81:105_6cij_N_1.meme	DONE
TFS_tr_Q13582_Q13582_HUMAN:1:65_5ei9_E_1.meme	DONE
TFS_tr_M0QXD6_M0QXD6_HUMAN:1:82_6o9l_S_1.meme	DONE
TFS_tr_A0A8V8TMK4_A0A8V8TMK4_HUMAN:20:75_1fjl_B_1.meme	DONE
TFS_sp_Q15935_ZNF77_HUMAN:293:403_5ei9_E_1.meme	DONE
TFS_tr_A8K962_A8K962_HUMAN:110:266_2gzk_A_1.meme	DONE
TFS_sp_O14628_ZN195_HUMAN:223:346_5v3m_C_1.meme	DONE
DIMER_sp_Q9Y4A8_NF2L3_HUMAN:583:636_1jnm_B_1.meme	DONE
TFS_sp_Q8NAF0_ZN579_HUMAN:376:463_5ei9_E_1.meme	DONE
TFS_tr_K7EIE6_K7EIE6_HUMAN:180:225_5yj3_C_1.meme	DONE
TFS_tr_C8CJL6_C8CJL6_HUMAN:1:58_4aa6_B_1.meme	DONE
TFS_tr_A0A2R8YDQ8_A0A2R8YDQ8_HUMAN:28:61_7ysf_A_1.meme	DONE
TFS_tr_A0A3B3IS77_A0A3B3IS77_HUMAN:760:805_6wmi_A_1.meme	DONE
TFS_tr_C9JE62_C9JE62_HUMAN:79:95_4y60_C_1.meme	DONE
TFS_sp_Q15776_ZKSC8_HUMAN:309:358_2i13_A_1.meme	DONE
TFS_sp_Q8IUM7_NPAS4_HUMAN:3:197_7xhv_B_1.meme	FAIL
TFS_sp_Q14190_SIM2_HUMAN:2:141_5sy7_A_1.meme	DONE
TFS_sp_Q8IUM7_NPAS4_HUMAN:77:135_5sy7_B_1.meme	DONE
DIMER_tr_A4D2L0_A4D2L0_HUMAN:12:50_3ri4_D_1.meme	DONE
TFS_sp_O75376_NCOR1_HUMAN:626:681_6vyp_L_1.meme	DONE
TFS_sp_Q14587_ZN268_HUMAN:385:495_5ei9_E_1.meme	DONE
TFS_sp_Q96I27_ZN625_HUMAN:65:288_5wjq_D_1.meme	DONE
TFS_tr_B4DJ39_B4DJ39_HUMAN:142:213_6cij_N_1.meme	DONE
TFS_tr_B4DHL1_B4DHL1_HUMAN:422:562_6ml7_A_1.meme	DONE
DIMER_sp_Q96SQ7_ATOH8_HUMAN:231:285_2ypb_A_1.meme	DONE
TFS_sp_Q01826_SATB1_HUMAN:370:452_2o4a_A_1.meme	DONE
TFS_sp_O60315_ZEB2_HUMAN:213:332_5t00_A_1.meme	DONE
TFS_sp_O15353_FOXN1_HUMAN:270:350_6akp_C_1.meme	DONE
TFS_tr_A8K6U2_A8K6U2_HUMAN:79:151_6ht5_D_1.meme	DONE
TFS_tr_O00164_O00164_HUMAN:247:312_1hrz_A_1.meme	DONE
TFS_sp_Q9HCE3_ZN532_HUMAN:1264:1286_3uk3_D_1.meme	DONE
TFS_sp_Q6P1L6_ZN343_HUMAN:296:572_5v3j_E_1.meme	DONE
TFS_tr_B4DZP9_B4DZP9_HUMAN:232:385_2i13_A_1.meme	DONE
TFS_sp_Q4V348_Z658B_HUMAN:333:609_5v3m_C_1.meme	DONE
DIMER_tr_O43245_O43245_HUMAN:303:368_6bsf_A_1.meme	DONE
DIMER_tr_A8K3H7_A8K3H7_HUMAN:210:265_2h7h_B_1.meme	DONE
TFS_tr_A0A090N8E5_A0A090N8E5_HUMAN:272:318_1fjl_A_1.meme	DONE
DIMER_sp_Q9NUA8_ZBT40_HUMAN:723:787_3cbb_B_1.meme	DONE
TFS_tr_M0R2M4_M0R2M4_HUMAN:276:554_5wjq_D_1.meme	DONE
TFS_sp_Q86XF7_ZN575_HUMAN:172:235_2i13_A_1.meme	DONE
TFS_sp_Q499Z4_ZN672_HUMAN:224:334_5ei9_E_1.meme	DONE
TFS_tr_B9EH69_B9EH69_HUMAN:333:609_5v3m_C_1.meme	DONE
TFS_tr_D2CFI5_D2CFI5_HUMAN:66:119_4qtr_A_1.meme	DONE
TFS_tr_B0QYW7_B0QYW7_HUMAN:3:39_8ifo_A_1.meme	DONE
TFS_tr_A0A8Q3WKH9_A0A8Q3WKH9_HUMAN:3:44_3uk3_D_1.meme	DONE
TFS_tr_E9PB28_E9PB28_HUMAN:67:124_4atk_B_1.meme	DONE
TFS_sp_Q8N587_ZN561_HUMAN:318:471_2i13_A_1.meme	DONE
TFS_tr_Q9NS42_Q9NS42_HUMAN:431:540_2jpa_A_1.meme	DONE
TFS_tr_Q9NS42_Q9NS42_HUMAN:471:624_2i13_A_1.meme	DONE
TFS_tr_B4DZR3_B4DZR3_HUMAN:67:131_8sss_A_1.meme	DONE
DIMER_sp_Q9Y4A8_NF2L3_HUMAN:583:637_2h7h_B_1.meme	DONE
TFS_sp_Q6ECI4_ZN470_HUMAN:424:700_5v3m_C_1.meme	DONE
TFS_sp_A0A1B0GWH4_HSFX3_HUMAN:83:182_5d5x_E_1.meme	DONE
TFS_sp_Q16600_ZN239_HUMAN:316:426_5ei9_E_1.meme	DONE
TFS_sp_Q9H116_GZF1_HUMAN:318:597_5v3j_E_1.meme	DONE
TFS_tr_B4DED3_B4DED3_HUMAN:177:226_4is1_C_1.meme	DONE
TFS_sp_Q96I27_ZN625_HUMAN:36:60_4is1_D_1.meme	DONE
DIMER_sp_Q9HB31_SEBOX_HUMAN:23:73_6dfy_C_1.meme	DONE
TFS_tr_B7ZBM3_B7ZBM3_HUMAN:457:535_2a07_G_1.meme	DONE
TFS_sp_Q9UIF9_BAZ2A_HUMAN:544:649_7mwh_A_1.meme	DONE
TFS_sp_Q14587_ZN268_HUMAN:555:830_5v3j_E_1.meme	DONE
TFS_sp_Q9H116_GZF1_HUMAN:409:514_5ei9_E_1.meme	DONE
TFS_sp_Q92610_ZN592_HUMAN:799:1048_7w1m_H_1.meme	DONE
TFS_sp_Q8IVH2_FOXP4_HUMAN:466:547_2a07_K_1.meme	DONE
TFS_sp_Q9HC78_ZBT20_HUMAN:576:685_2i13_A_1.meme	DONE
TFS_sp_A6NP11_ZN716_HUMAN:212:482_7w1m_H_1.meme	DONE
TFS_sp_O14771_ZN213_HUMAN:314:424_5ei9_E_1.meme	DONE
TFS_tr_B4DLB0_B4DLB0_HUMAN:149:210_4euw_A_1.meme	DONE
TFS_tr_C9JLX5_C9JLX5_HUMAN:275:363_5v3m_C_1.meme	DONE
TFS_sp_Q9HAH1_ZN556_HUMAN:147:408_5v3j_E_1.meme	DONE
TFS_tr_A8K962_A8K962_HUMAN:407:469_6cij_N_1.meme	DONE
TFS_sp_Q7RTU0_TCF24_HUMAN:56:110_2ypa_A_1.meme	DONE
TFS_sp_Q92750_TAF4B_HUMAN:652:789_6mzm_D_1.meme	DONE
TFS_tr_E7EVZ1_E7EVZ1_HUMAN:2905:2960_3lnq_A_1.meme	DONE
TFS_tr_C9JZA0_C9JZA0_HUMAN:79:151_6ht5_D_1.meme	DONE
TFS_tr_A0A6Q8PH34_A0A6Q8PH34_HUMAN:176:227_1f2i_H_1.meme	DONE
TFS_tr_E7EUW9_E7EUW9_HUMAN:242:361_5t00_A_1.meme	DONE
TFS_tr_B4DZP9_B4DZP9_HUMAN:126:386_5wjq_D_1.meme	DONE
TFS_sp_Q15776_ZKSC8_HUMAN:322:572_5v3j_E_1.meme	DONE
TFS_sp_Q9BRR0_ZKSC3_HUMAN:339:449_5ei9_E_1.meme	DONE
TFS_sp_Q96MR9_ZN560_HUMAN:375:651_5v3j_E_1.meme	DONE
TFS_tr_A0A8V8TM49_A0A8V8TM49_HUMAN:20:85_1ahd_P_1.meme	DONE
TFS_sp_Q9HAH1_ZN556_HUMAN:171:313_6ml7_A_1.meme	DONE
TFS_tr_H3BUJ7_H3BUJ7_HUMAN:444:596_2i13_A_1.meme	DONE
TFS_sp_Q6ECI4_ZN470_HUMAN:422:700_5wjq_D_1.meme	DONE
TFS_tr_B3KNY8_B3KNY8_HUMAN:270:423_2i13_A_1.meme	DONE
TFS_sp_Q9UKS7_IKZF2_HUMAN:113:215_2i13_A_1.meme	DONE
TFS_tr_B4DGI1_B4DGI1_HUMAN:163:279_2jpa_A_1.meme	DONE
TFS_sp_P0CG24_ZN883_HUMAN:12:288_5v3m_C_1.meme	DONE
TFS_sp_Q9H5J0_ZBTB3_HUMAN:474:529_5yeg_A_1.meme	DONE
TFS_sp_Q9Y5A6_ZSC21_HUMAN:314:466_2i13_A_1.meme	DONE
TFS_sp_Q8N7M2_ZN283_HUMAN:288:566_5wjq_D_1.meme	DONE
TFS_sp_B1APH4_ZN487_HUMAN:150:205_5v3m_C_1.meme	DONE
TFS_tr_Q53QP1_Q53QP1_HUMAN:2:27_4is1_C_1.meme	DONE
TFS_sp_Q9UJW7_ZN229_HUMAN:237:329_5ei9_E_1.meme	DONE
TFS_tr_H3BSL4_H3BSL4_HUMAN:194:422_7w1m_H_1.meme	DONE
TFS_tr_C9J872_C9J872_HUMAN:68:150_1cf7_B_1.meme	DONE
TFS_tr_A0A8V8TM49_A0A8V8TM49_HUMAN:24:77_4qtr_A_1.meme	DONE
TFS_sp_A0A1B0GWH4_HSFX3_HUMAN:82:182_5d8l_B_1.meme	DONE
DIMER_sp_O15353_FOXN1_HUMAN:271:338_4wk8_G_1.meme	DONE
TFS_sp_Q96N77_ZN641_HUMAN:262:422_5v3m_C_1.meme	DONE
TFS_sp_Q8IXF0_NPAS3_HUMAN:154:410_8osl_N_1.meme	FAIL
TFS_tr_B2RCW4_B2RCW4_HUMAN:503:612_6ml6_A_1.meme	DONE
TFS_sp_O14628_ZN195_HUMAN:223:346_5wjq_D_1.meme	DONE
TFS_tr_A0A0D9SEJ8_A0A0D9SEJ8_HUMAN:345:480_5v3j_E_1.meme	DONE
TFS_sp_Q5MCW4_ZN569_HUMAN:604:684_1a1h_A_1.meme	DONE
TFS_sp_Q96BV0_ZN775_HUMAN:109:388_5v3m_C_1.meme	DONE
TFS_tr_A0A994J4N4_A0A994J4N4_HUMAN:233:337_6hb4_A_1.meme	DONE
TFS_sp_A8MZ59_LEUTX_HUMAN:9:65_3a01_B_1.meme	DONE
TFS_sp_Q8IZM8_ZN654_HUMAN:788:839_1jk1_A_1.meme	DONE
TFS_tr_M0QXD6_M0QXD6_HUMAN:84:96_5iy6_S_1.meme	DONE
TFS_sp_Q86UE3_ZN546_HUMAN:385:683_7w1m_H_1.meme	DONE
TFS_tr_A0A0C4DGB4_A0A0C4DGB4_HUMAN:155:381_5v3j_E_1.meme	DONE
TFS_sp_O75376_NCOR1_HUMAN:626:681_6vyp_N_1.meme	DONE
TFS_sp_Q6XD76_ASCL4_HUMAN:78:131_2ypb_A_1.meme	DONE
TFS_sp_P52736_ZN133_HUMAN:297:573_5v3j_E_1.meme	DONE
TFS_tr_A8KAK2_A8KAK2_HUMAN:283:339_5yj3_C_1.meme	DONE
TFS_sp_P81133_SIM1_HUMAN:2:141_4zpk_A_1.meme	DONE
DIMER_tr_A0A8V8TM49_A0A8V8TM49_HUMAN:24:78_1b8i_A_1.meme	DONE
DIMER_tr_C8CJL6_C8CJL6_HUMAN:1:60_1r4i_B_1.meme	DONE
TFS_sp_O60393_NOBOX_HUMAN:276:318_3lnq_A_1.meme	DONE
TFS_tr_E9PKP7_E9PKP7_HUMAN:112:181_7lbx_B_1.meme	FAIL
TFS_tr_I3L1J3_I3L1J3_HUMAN:559:712_2i13_A_1.meme	DONE
TFS_sp_P51504_ZNF80_HUMAN:241:271_5wjq_D_1.meme	DONE
TFS_sp_Q9UID6_ZN639_HUMAN:235:482_5v3m_C_1.meme	DONE
TFS_tr_Q60F94_Q60F94_HUMAN:213:332_5yef_B_1.meme	DONE
TFS_sp_Q7Z398_ZN550_HUMAN:314:422_5eh2_F_1.meme	DONE
TFS_sp_Q92670_ZN75C_HUMAN:291:399_5eh2_F_1.meme	DONE
TFS_tr_O95276_O95276_HUMAN:37:125_6ml3_A_1.meme	DONE
TFS_tr_B4DMG0_B4DMG0_HUMAN:180:225_4is1_D_1.meme	DONE
TFS_sp_Q9BR84_ZN559_HUMAN:176:200_5ei9_E_1.meme	DONE
TFS_sp_Q2M218_ZN630_HUMAN:456:566_5ei9_E_1.meme	DONE
TFS_tr_Q7KYZ0_Q7KYZ0_HUMAN:38:97_4oln_A_1.meme	DONE
TFS_sp_Q9NX65_ZSC32_HUMAN:518:683_5wjq_D_1.meme	DONE
TFS_sp_Q7RTV3_ZN367_HUMAN:169:219_3uk3_D_1.meme	DONE
TFS_tr_A0A804HJ42_A0A804HJ42_HUMAN:302:599_7w1m_H_1.meme	DONE
TFS_sp_Q15697_ZN174_HUMAN:305:404_5ei9_E_1.meme	DONE
TFS_tr_A0A3B3IUE2_A0A3B3IUE2_HUMAN:835:864_2mf8_A_1.meme	DONE
TFS_sp_Q8IYA7_MKX_HUMAN:72:132_5zjq_B_1.meme	DONE
TFS_sp_A0A1W2PPF3_DUXB_HUMAN:17:73_5hod_A_1.meme	DONE
TFS_sp_Q6N043_Z280D_HUMAN:359:499_6ml6_A_1.meme	DONE
TFS_sp_Q9UI36_DACH1_HUMAN:652:727_7x5e_B_1.meme	DONE
TFS_tr_C9JLX5_C9JLX5_HUMAN:392:635_5wjq_D_1.meme	DONE
TFS_sp_Q7Z340_ZN551_HUMAN:363:661_7w1m_H_1.meme	DONE
TFS_tr_Q6ZN29_Q6ZN29_HUMAN:622:677_3lnq_A_1.meme	DONE
DIMER_tr_A0JP08_A0JP08_HUMAN:658:695_1hf0_B_1.meme	DONE
TFS_sp_P17027_ZNF23_HUMAN:335:611_5v3j_E_1.meme	DONE
TFS_tr_C0LLI8_C0LLI8_HUMAN:1:19_1hcq_B_1.meme	DONE
TFS_sp_Q14190_SIM2_HUMAN:7:135_5nj8_A_1.meme	DONE
TFS_sp_Q8N1G0_ZN687_HUMAN:1136:1158_5kkq_A_1.meme	DONE
TFS_sp_Q96IT1_ZN496_HUMAN:522:575_6e94_A_1.meme	DONE
TFS_sp_Q9P2J8_ZN624_HUMAN:291:438_2i13_A_1.meme	DONE
TFS_sp_Q9H7X3_ZN696_HUMAN:125:371_5wjq_D_1.meme	DONE
TFS_sp_O75475_PSIP1_HUMAN:3:91_5xsk_A_1.meme	DONE
DIMER_sp_A8MZ59_LEUTX_HUMAN:7:66_1fjl_A_1.meme	DONE
TFS_tr_H0YLA6_H0YLA6_HUMAN:359:499_6ml2_A_1.meme	DONE
TFS_sp_Q7RTU4_BHA09_HUMAN:59:122_2ypb_B_1.meme	DONE
TFS_sp_P17480_UBF1_HUMAN:408:470_6edb_B_1.meme	DONE
TFS_sp_O43298_ZBT43_HUMAN:352:447_7n5s_A_1.meme	DONE
TFS_sp_P17017_ZNF14_HUMAN:250:526_5v3j_E_1.meme	DONE
TFS_sp_O43167_ZBT24_HUMAN:321:431_6e93_A_1.meme	DONE
TFS_sp_Q9Y603_ETV7_HUMAN:224:312_4mhg_A_1.meme	DONE
TFS_sp_B2RXF5_ZBT42_HUMAN:339:413_1tf3_A_1.meme	DONE
TFS_sp_Q6XD76_ASCL4_HUMAN:80:128_1mdy_B_1.meme	DONE
TFS_tr_B4DXY2_B4DXY2_HUMAN:83:95_5iy6_S_1.meme	DONE
TFS_tr_B7ZBM3_B7ZBM3_HUMAN:454:535_2as5_F_1.meme	DONE
TFS_tr_B7Z6D4_B7Z6D4_HUMAN:764:878_5t0u_A_1.meme	DONE
TFS_sp_P51504_ZNF80_HUMAN:58:211_2i13_A_1.meme	DONE
TFS_sp_Q8N7G0_PO5F2_HUMAN:124:267_8g8g_X_1.meme	DONE
TFS_tr_A0A2R8YEW3_A0A2R8YEW3_HUMAN:350:364_2lkx_A_1.meme	DONE
TFS_sp_Q5SVQ8_ZBT41_HUMAN:517:626_5ei9_E_1.meme	DONE
TFS_sp_Q76KX8_ZN534_HUMAN:646:674_5eh2_F_1.meme	DONE
TFS_sp_Q6P1L6_ZN343_HUMAN:490:599_5ei9_E_1.meme	DONE
TFS_sp_P17021_ZNF17_HUMAN:111:175_5wjq_D_1.meme	DONE
TFS_tr_H0Y5R1_H0Y5R1_HUMAN:60:305_5nj8_B_1.meme	DONE
TFS_tr_B4DFD9_B4DFD9_HUMAN:370:421_8a4i_I_1.meme	DONE
TFS_sp_Q9UNY5_ZN232_HUMAN:285:442_5wjq_D_1.meme	DONE
TFS_sp_Q8TBC5_ZSC18_HUMAN:411:469_5eh2_F_1.meme	DONE
TFS_tr_A0A3B3IUE2_A0A3B3IUE2_HUMAN:732:762_2jx1_A_1.meme	DONE
DIMER_sp_O60393_NOBOX_HUMAN:350:361_1hdd_D_1.meme	DONE
TFS_sp_Q9BSK1_ZN577_HUMAN:131:194_5v3m_C_1.meme	DONE
TFS_tr_C9JR56_C9JR56_HUMAN:300:382_2o49_A_1.meme	DONE
TFS_tr_H0YAV4_H0YAV4_HUMAN:15:63_3dfx_B_1.meme	DONE
TFS_tr_H0YLA6_H0YLA6_HUMAN:359:499_6ml4_A_1.meme	DONE
TFS_tr_Q9NS42_Q9NS42_HUMAN:265:361_5ei9_E_1.meme	DONE
TFS_sp_Q6P1L6_ZN343_HUMAN:322:599_5wjq_D_1.meme	DONE
TFS_sp_O75123_ZN623_HUMAN:194:341_2i13_A_1.meme	DONE
TFS_tr_H7C2N6_H7C2N6_HUMAN:9:38_2jp9_A_1.meme	DONE
DIMER_sp_Q8N7U7_TPRX1_HUMAN:3:23_1fjl_A_1.meme	DONE
TFS_tr_C9J8D0_C9J8D0_HUMAN:81:150_7m5w_A_1.meme	DONE
TFS_tr_B9EH69_B9EH69_HUMAN:169:222_4gzn_C_1.meme	DONE
TFS_tr_E9PLT2_E9PLT2_HUMAN:3:137_2gzk_A_1.meme	DONE
TFS_sp_Q9NW07_ZN358_HUMAN:261:370_5ei9_E_1.meme	DONE
TFS_sp_Q7RTU7_SCX_HUMAN:76:131_1mdy_A_1.meme	DONE
TFS_sp_Q5MCW4_ZN569_HUMAN:603:684_4r2a_A_1.meme	DONE
TFS_sp_Q8NAP8_ZBT8B_HUMAN:342:393_3uk3_D_1.meme	DONE
TFS_sp_Q9NSD4_ZN275_HUMAN:179:427_5v3j_E_1.meme	DONE
TFS_tr_E9PQX9_E9PQX9_HUMAN:1:67_7cvq_A_1.meme	DONE
TFS_sp_Q9BW11_MAD3_HUMAN:53:139_1nkp_A_1.meme	DONE
TFS_sp_Q9NUA8_ZBT40_HUMAN:947:1028_4r2d_A_1.meme	DONE
TFS_sp_Q96C00_ZBTB9_HUMAN:407:456_4m9v_C_1.meme	DONE
TFS_tr_A0A1B0GV02_A0A1B0GV02_HUMAN:1024:1098_1a1k_A_1.meme	DONE
TFS_tr_H7BYN3_H7BYN3_HUMAN:26:183_3tq6_A_1.meme	DONE
TFS_sp_Q2TB10_ZN800_HUMAN:620:640_5eh2_F_1.meme	DONE
TFS_sp_Q68DY9_ZN772_HUMAN:331:484_2i13_A_1.meme	DONE
TFS_tr_A8K3H7_A8K3H7_HUMAN:210:265_1jnm_A_1.meme	DONE
DIMER_tr_Q6ZMW8_Q6ZMW8_HUMAN:418:473_1hdd_D_1.meme	DONE
TFS_tr_B3KNY8_B3KNY8_HUMAN:457:510_4gzn_C_1.meme	DONE
TFS_tr_M0R0R9_M0R0R9_HUMAN:84:228_5fmf_U_1.meme	DONE
TFS_tr_O00164_O00164_HUMAN:247:392_2gzk_A_1.meme	DONE
TFS_tr_A8K6U2_A8K6U2_HUMAN:79:151_1gt0_D_1.meme	DONE
TFS_tr_M0R0Z3_M0R0Z3_HUMAN:5:127_5iy6_S_1.meme	DONE
TFS_tr_B3KUN2_B3KUN2_HUMAN:345:480_5v3j_E_1.meme	DONE
TFS_tr_B4DZP9_B4DZP9_HUMAN:165:218_1f2i_H_1.meme	DONE
TFS_sp_O75475_PSIP1_HUMAN:1:91_8pep_L_1.meme	DONE
TFS_tr_J3KTI4_J3KTI4_HUMAN:416:607_7w1m_H_1.meme	DONE
TFS_tr_O43245_O43245_HUMAN:302:358_1lo1_A_1.meme	DONE
TFS_tr_A0A804HJ42_A0A804HJ42_HUMAN:329:603_5v3m_C_1.meme	DONE
TFS_sp_P51504_ZNF80_HUMAN:241:268_5v3m_C_1.meme	DONE
TFS_tr_K7EIE6_K7EIE6_HUMAN:313:422_5ei9_E_1.meme	DONE
DIMER_tr_A0A0S2Z4K5_A0A0S2Z4K5_HUMAN:111:170_1ga5_B_1.meme	DONE
TFS_sp_Q9Y4A8_NF2L3_HUMAN:549:641_2wty_B_1.meme	DONE
TFS_sp_A6NK53_ZN233_HUMAN:399:661_5v3j_E_1.meme	DONE
TFS_tr_E7EPA0_E7EPA0_HUMAN:226:344_1h88_C_1.meme	DONE
TFS_tr_A0A0C4DGB4_A0A0C4DGB4_HUMAN:271:381_5egb_A_1.meme	DONE
TFS_tr_A0A8V8TMK4_A0A8V8TMK4_HUMAN:24:78_1b8i_A_1.meme	DONE
TFS_sp_Q8N7G0_PO5F2_HUMAN:123:267_1o4x_A_1.meme	DONE
TFS_tr_B4DJ39_B4DJ39_HUMAN:149:221_3nm9_P_1.meme	DONE
TFS_sp_Q6ZRF7_ZN818_HUMAN:66:114_5egb_A_1.meme	DONE
TFS_sp_Q92570_NR4A3_HUMAN:290:375_6lc1_J_1.meme	DONE
TFS_tr_B4DMG0_B4DMG0_HUMAN:162:422_5wjq_D_1.meme	DONE
TFS_sp_O75132_ZBED4_HUMAN:859:903_5no6_A_1.meme	DONE
DIMER_sp_Q86UP3_ZFHX4_HUMAN:2533:2617_3l1p_B_1.meme	DONE
TFS_sp_Q13105_ZBT17_HUMAN:333:609_5v3m_C_1.meme	DONE
TFS_tr_O00164_O00164_HUMAN:250:311_4euw_A_1.meme	DONE
DIMER_sp_Q5TGS1_HES3_HUMAN:39:73_1a6y_A_1.meme	DONE
TFS_sp_Q8IZM8_ZN654_HUMAN:788:839_1a1h_A_1.meme	DONE
TFS_tr_Q9UHQ8_Q9UHQ8_HUMAN:254:346_2wty_B_1.meme	DONE
TFS_sp_Q969J2_ZKSC4_HUMAN:325:426_2jp9_A_1.meme	DONE
TFS_tr_A0A087WT67_A0A087WT67_HUMAN:355:633_5wjq_D_1.meme	DONE
TFS_tr_B4DT98_B4DT98_HUMAN:65:138_1a1g_A_1.meme	DONE
TFS_sp_Q9UNN4_TF2AY_HUMAN:411:478_5iya_N_1.meme	DONE
TFS_tr_Q53F65_Q53F65_HUMAN:226:308_1dux_F_1.meme	DONE
TFS_sp_Q9Y2P0_ZN835_HUMAN:163:441_5wjq_D_1.meme	DONE
TFS_tr_A0A0J9YX80_A0A0J9YX80_HUMAN:86:134_4iqr_B_1.meme	DONE
TFS_tr_I3L1J3_I3L1J3_HUMAN:520:774_5v3j_E_1.meme	DONE
TFS_tr_A0A3B3ITE4_A0A3B3ITE4_HUMAN:416:569_2i13_A_1.meme	DONE
TFS_sp_A8MZ59_LEUTX_HUMAN:9:65_2me6_A_1.meme	DONE
TFS_sp_Q6ZT77_ZN826_HUMAN:99:175_5v3j_E_1.meme	DONE
TFS_tr_H3BSL4_H3BSL4_HUMAN:216:268_4gzn_C_1.meme	DONE
TFS_sp_Q499Z4_ZN672_HUMAN:13:119_5eh2_F_1.meme	DONE
TFS_sp_Q03014_HHEX_HUMAN:144:194_9ant_A_1.meme	DONE
DIMER_sp_P12980_LYL1_HUMAN:150:207_2ql2_B_1.meme	DONE
DIMER_sp_O60393_NOBOX_HUMAN:347:363_5hod_D_1.meme	DONE
TFS_sp_Q9NQ33_ASCL3_HUMAN:99:149_2ypb_A_1.meme	DONE
TFS_sp_Q92966_SNPC3_HUMAN:21:411_8iue_3_1.meme	DONE
TFS_tr_Q53F65_Q53F65_HUMAN:226:305_2stw_A_1.meme	DONE
TFS_sp_Q4V348_Z658B_HUMAN:145:222_5keb_A_1.meme	DONE
TFS_sp_P0DV77_TPRX2_HUMAN:20:85_1ahd_P_1.meme	DONE
DIMER_sp_Q92570_NR4A3_HUMAN:292:365_4cn3_B_1.meme	DONE
DIMER_sp_Q9H2P0_ADNP_HUMAN:771:810_1hdd_D_1.meme	DONE
TFS_tr_A8K962_A8K962_HUMAN:408:470_6edb_B_1.meme	DONE
TFS_sp_Q5SXM1_ZN678_HUMAN:246:399_2i13_A_1.meme	DONE
TFS_tr_H0Y5R1_H0Y5R1_HUMAN:60:422_5sy7_A_1.meme	DONE
TFS_sp_O15090_ZN536_HUMAN:132:180_4is1_D_1.meme	DONE
TFS_sp_Q96SZ4_ZSC10_HUMAN:344:454_2i13_A_1.meme	DONE
TFS_sp_Q9P0T4_ZN581_HUMAN:87:167_1a1f_A_1.meme	DONE
DIMER_tr_A4D178_A4D178_HUMAN:583:637_2h7h_B_1.meme	DONE
TFS_sp_Q6N043_Z280D_HUMAN:360:498_5t0u_A_1.meme	DONE
TFS_tr_Q9UHQ8_Q9UHQ8_HUMAN:288:343_1fos_F_1.meme	DONE
TFS_sp_Q6AHZ1_Z518A_HUMAN:141:289_8sss_A_1.meme	DONE
TFS_tr_D6RAX4_D6RAX4_HUMAN:14:31_7et6_A_1.meme	DONE
TFS_tr_Q60F95_Q60F95_HUMAN:213:332_5t00_A_1.meme	DONE
TFS_sp_Q8N1W2_ZN710_HUMAN:321:429_5ei9_E_1.meme	DONE
TFS_sp_Q01538_MYT1_HUMAN:797:871_2mf8_A_1.meme	DONE
TFS_sp_O15015_ZN646_HUMAN:463:514_1f2i_H_1.meme	DONE
TFS_tr_A0A8I5KVB5_A0A8I5KVB5_HUMAN:20:152_1hlv_A_1.meme	DONE
TFS_sp_Q15697_ZN174_HUMAN:322:404_4r2r_A_1.meme	DONE
TFS_tr_B7Z6D4_B7Z6D4_HUMAN:795:907_6e94_A_1.meme	DONE
TFS_sp_A6NP11_ZN716_HUMAN:293:403_5egb_A_1.meme	DONE
TFS_tr_B4DFD9_B4DFD9_HUMAN:372:428_8e3e_A_1.meme	DONE
TFS_sp_Q9ULJ3_ZBT21_HUMAN:909:962_6e94_A_1.meme	DONE
DIMER_sp_Q68CJ9_CR3L3_HUMAN:245:285_1dh3_C_1.meme	DONE
TFS_sp_O60393_NOBOX_HUMAN:350:368_1ahd_P_1.meme	DONE
TFS_tr_Q59FS2_Q59FS2_HUMAN:399:677_5wjq_D_1.meme	DONE
TFS_sp_Q5T619_ZN648_HUMAN:344:498_2i13_A_1.meme	DONE
TFS_tr_J3KTI4_J3KTI4_HUMAN:476:563_5k5h_A_1.meme	DONE
TFS_tr_C9JLX5_C9JLX5_HUMAN:366:635_5v3j_E_1.meme	DONE
TFS_tr_B7Z851_B7Z851_HUMAN:161:310_6ml4_A_1.meme	DONE
TFS_tr_E9PMM2_E9PMM2_HUMAN:84:149_7lbw_A_1.meme	DONE
TFS_tr_B4DED3_B4DED3_HUMAN:177:233_8e3e_A_1.meme	DONE
TFS_sp_Q9Y2P7_ZN256_HUMAN:75:199_5v3m_C_1.meme	DONE
TFS_sp_Q8NEP9_ZN555_HUMAN:171:447_5v3m_C_1.meme	DONE
TFS_tr_B3KX41_B3KX41_HUMAN:40:76_1h8a_C_1.meme	DONE
TFS_sp_Q9UID6_ZN639_HUMAN:235:283_4is1_C_1.meme	DONE
TFS_sp_Q9P1Z0_ZBTB4_HUMAN:765:792_5yef_J_1.meme	DONE
TFS_sp_Q8NAF0_ZN579_HUMAN:43:94_4gzn_C_1.meme	DONE
TFS_tr_Q9H7U2_Q9H7U2_HUMAN:1:258_7w1m_H_1.meme	DONE
TFS_sp_Q6ZMY9_ZN517_HUMAN:181:470_7w1m_H_1.meme	DONE
TFS_sp_Q96EG3_ZN837_HUMAN:267:321_4m9v_C_1.meme	DONE
TFS_sp_Q92570_NR4A3_HUMAN:451:606_3dzu_A_1.meme	DONE
TFS_sp_Q2TB10_ZN800_HUMAN:618:658_5v3m_C_1.meme	DONE
TFS_sp_P52743_ZN137_HUMAN:23:206_5v3j_E_1.meme	DONE
TFS_sp_Q14188_TFDP2_HUMAN:166:208_4yo2_A_1.meme	DONE
TFS_tr_H7C4Q8_H7C4Q8_HUMAN:222:248_7c9o_C_1.meme	DONE
TFS_sp_Q8ND82_Z280C_HUMAN:355:492_5v3m_C_1.meme	DONE
TFS_sp_Q13398_ZN211_HUMAN:284:559_5v3m_C_1.meme	DONE
TFS_tr_H7C2N6_H7C2N6_HUMAN:12:38_6b0o_A_1.meme	DONE
TFS_tr_H0YFS7_H0YFS7_HUMAN:231:282_8cuc_F_1.meme	DONE
TFS_sp_Q6ZNC4_ZN704_HUMAN:198:220_6e94_A_1.meme	DONE
TFS_sp_Q9NX65_ZSC32_HUMAN:530:683_2i13_A_1.meme	DONE
TFS_tr_A0A3B3IRX5_A0A3B3IRX5_HUMAN:900:930_2jx1_A_1.meme	DONE
TFS_sp_Q96SZ4_ZSC10_HUMAN:520:774_5v3j_E_1.meme	DONE
TFS_sp_Q9UPW6_SATB2_HUMAN:363:429_2d5v_A_1.meme	DONE
TFS_tr_A0A087WVA2_A0A087WVA2_HUMAN:449:596_2i13_A_1.meme	DONE
TFS_sp_Q5MCW4_ZN569_HUMAN:251:404_2i13_A_1.meme	DONE
TFS_sp_Q9H609_ZN576_HUMAN:71:93_5eh2_F_1.meme	DONE
TFS_tr_C9JE62_C9JE62_HUMAN:81:97_6jrp_A_1.meme	DONE
TFS_sp_Q96ME7_ZN512_HUMAN:439:466_5vmv_A_1.meme	DONE
TFS_tr_B5MCP8_B5MCP8_HUMAN:122:151_3dfx_B_1.meme	DONE
TFS_tr_Q7KYZ0_Q7KYZ0_HUMAN:38:94_1lo1_A_1.meme	DONE
TFS_sp_Q96N77_ZN641_HUMAN:273:422_2i13_A_1.meme	DONE
TFS_sp_Q9UNN4_TF2AY_HUMAN:411:478_7nvt_U_1.meme	DONE
TFS_sp_O60519_CRBL2_HUMAN:27:73_5zko_A_1.meme	DONE
TFS_tr_A8K251_A8K251_HUMAN:501:611_2jpa_A_1.meme	DONE
TFS_sp_Q9NUA8_ZBT40_HUMAN:950:1028_2kmk_A_1.meme	DONE
TFS_sp_Q9ULJ3_ZBT21_HUMAN:911:959_8cuc_F_1.meme	DONE
TFS_sp_Q9Y2P0_ZN835_HUMAN:195:492_7w1m_H_1.meme	DONE
TFS_tr_C9J0J4_C9J0J4_HUMAN:81:113_6jrp_A_1.meme	DONE
TFS_tr_B7Z6D4_B7Z6D4_HUMAN:795:907_6e93_A_1.meme	DONE
TFS_sp_O14862_AIM2_HUMAN:156:341_3rnu_B_1.meme	DONE
TFS_sp_Q9Y603_ETV7_HUMAN:226:305_2stt_A_1.meme	DONE
TFS_tr_A0A3B3IRM3_A0A3B3IRM3_HUMAN:901:979_2mf8_A_1.meme	DONE
TFS_sp_O75362_ZN217_HUMAN:470:521_6u9q_A_1.meme	DONE
TFS_tr_A0A0S2Z4K5_A0A0S2Z4K5_HUMAN:171:260_3dzy_D_1.meme	DONE
TFS_sp_O15090_ZN536_HUMAN:132:180_4is1_C_1.meme	DONE
TFS_sp_O75123_ZN623_HUMAN:148:258_5ei9_E_1.meme	DONE
TFS_tr_C8CJL6_C8CJL6_HUMAN:1:60_1r4i_B_1.meme	DONE
DIMER_sp_Q68DE3_USF3_HUMAN:20:73_1nkp_B_1.meme	DONE
TFS_tr_A0A7I2PK40_A0A7I2PK40_HUMAN:28:171_5sy7_B_1.meme	DONE
TFS_sp_Q9NX65_ZSC32_HUMAN:476:683_5v3j_E_1.meme	DONE
TFS_sp_Q96RK0_CIC_HUMAN:1108:1176_2lef_A_1.meme	DONE
TFS_sp_Q5JNZ3_ZN311_HUMAN:608:631_5eh2_F_1.meme	DONE
TFS_sp_P0DV77_TPRX2_HUMAN:24:77_4qtr_A_1.meme	DONE
TFS_tr_A8K5P3_A8K5P3_HUMAN:397:550_2i13_A_1.meme	DONE
DIMER_sp_Q68CJ9_CR3L3_HUMAN:244:303_5t01_B_1.meme	DONE
TFS_tr_Q59FT3_Q59FT3_HUMAN:513:589_2o49_A_1.meme	DONE
TFS_tr_B7ZLF3_B7ZLF3_HUMAN:155:188_5v3m_C_1.meme	DONE
TFS_sp_Q9NSJ1_Z355P_HUMAN:71:333_5v3j_E_1.meme	DONE
TFS_tr_B4DLB0_B4DLB0_HUMAN:148:210_6cij_N_1.meme	DONE
TFS_sp_P17017_ZNF14_HUMAN:250:526_5v3m_C_1.meme	DONE
TFS_tr_M0R2M4_M0R2M4_HUMAN:278:554_5v3j_E_1.meme	DONE
TFS_tr_Q658N3_Q658N3_HUMAN:9:143_1jfi_B_1.meme	DONE
TFS_sp_Q86V15_CASZ1_HUMAN:1454:1486_5yj3_C_1.meme	DONE
TFS_sp_Q68EA5_ZNF57_HUMAN:171:466_7w1m_H_1.meme	DONE
TFS_sp_A0A1B0GWH4_HSFX3_HUMAN:82:148_5d8l_D_1.meme	DONE
TFS_sp_Q9P0T4_ZN581_HUMAN:87:193_5eh2_F_1.meme	DONE
DIMER_tr_H7C2N6_H7C2N6_HUMAN:190:238_1jnm_A_1.meme	DONE
TFS_sp_Q15776_ZKSC8_HUMAN:359:512_2i13_A_1.meme	DONE
TFS_sp_O75362_ZN217_HUMAN:471:522_4is1_C_1.meme	DONE
TFS_sp_Q9P1Z0_ZBTB4_HUMAN:726:750_5t0u_A_1.meme	DONE
TFS_tr_C9JSH4_C9JSH4_HUMAN:79:151_4y60_C_1.meme	DONE
TFS_tr_Q05BZ1_Q05BZ1_HUMAN:233:306_4nnu_B_1.meme	DONE
TFS_tr_C9JR56_C9JR56_HUMAN:424:500_2o49_A_1.meme	DONE
TFS_tr_A0A3B3ISN3_A0A3B3ISN3_HUMAN:576:606_2jx1_A_1.meme	DONE
TFS_sp_P17030_ZNF25_HUMAN:183:336_2i13_A_1.meme	DONE
TFS_sp_Q4V348_Z658B_HUMAN:165:222_4m9v_C_1.meme	DONE
TFS_tr_Q32MA5_Q32MA5_HUMAN:298:386_1jk2_A_1.meme	DONE
DIMER_sp_O75398_DEAF1_HUMAN:501:540_4oor_A_1.meme	DONE
TFS_tr_C9JNU3_C9JNU3_HUMAN:81:144_6jrp_A_1.meme	DONE
DIMER_tr_Q9UHQ8_Q9UHQ8_HUMAN:288:342_2h7h_B_1.meme	DONE
TFS_tr_A5HJR3_A5HJR3_HUMAN:242:386_2i13_A_1.meme	DONE
TFS_tr_B4E2P7_B4E2P7_HUMAN:245:354_5egb_A_1.meme	DONE
TFS_sp_Q96BR9_ZBT8A_HUMAN:282:343_2i13_A_1.meme	DONE
TFS_sp_Q96K83_ZN521_HUMAN:118:332_5wjq_D_1.meme	DONE
TFS_tr_Q96SV5_Q96SV5_HUMAN:270:423_2i13_A_1.meme	DONE
TFS_tr_A0A0G2JS52_A0A0G2JS52_HUMAN:549:579_2jx1_A_1.meme	DONE
DIMER_sp_A8MZ59_LEUTX_HUMAN:9:65_5hod_A_1.meme	DONE
TFS_sp_Q9NR11_ZN302_HUMAN:280:387_5eh2_F_1.meme	DONE
TFS_sp_P12524_MYCL_HUMAN:282:363_1nkp_B_1.meme	DONE
TFS_tr_E5RGS9_E5RGS9_HUMAN:13:47_7aw7_C_1.meme	DONE
TFS_sp_Q9BUY5_ZN426_HUMAN:277:387_5ei9_E_1.meme	DONE
TFS_sp_Q92949_FOXJ1_HUMAN:121:214_7cby_C_1.meme	DONE
TFS_sp_Q9HCE3_ZN532_HUMAN:755:960_8ssu_A_1.meme	DONE
TFS_sp_Q9UJW7_ZN229_HUMAN:517:791_5v3m_C_1.meme	DONE
DIMER_sp_Q92949_FOXJ1_HUMAN:120:186_2a07_K_1.meme	DONE
TFS_sp_Q96IT1_ZN496_HUMAN:388:485_5ei9_E_1.meme	DONE
TFS_sp_Q9H5J0_ZBTB3_HUMAN:474:523_4is1_C_1.meme	DONE
TFS_sp_Q6P9A1_ZN530_HUMAN:267:542_5v3j_E_1.meme	DONE
TFS_tr_A0A1B0GW50_A0A1B0GW50_HUMAN:999:1073_1a1k_A_1.meme	DONE
TFS_sp_Q9UNN4_TF2AY_HUMAN:411:478_5iy7_N_1.meme	DONE
TFS_sp_O75475_PSIP1_HUMAN:1:91_8pc6_L_1.meme	DONE
TFS_sp_Q9HB31_SEBOX_HUMAN:20:74_1fjl_B_1.meme	DONE
DIMER_tr_C8CJL6_C8CJL6_HUMAN:1:60_4ond_A_1.meme	DONE
TFS_sp_Q96SZ4_ZSC10_HUMAN:344:508_5wjq_D_1.meme	DONE
TFS_sp_Q8NAP3_ZBT38_HUMAN:1009:1116_5eh2_F_1.meme	DONE
TFS_sp_P52746_ZN142_HUMAN:1439:1587_2i13_A_1.meme	DONE
TFS_sp_Q96BR9_ZBT8A_HUMAN:283:334_4is1_D_1.meme	DONE
TFS_tr_Q9H740_Q9H740_HUMAN:177:275_5eh2_F_1.meme	DONE
TFS_sp_Q96ME7_ZN512_HUMAN:439:466_6dfb_A_1.meme	DONE
DIMER_sp_A0A1W2PPK0_CPHL2_HUMAN:28:79_3hdd_A_1.meme	DONE
TFS_tr_B9EH69_B9EH69_HUMAN:165:222_4m9v_C_1.meme	DONE
TFS_tr_B4DDB5_B4DDB5_HUMAN:66:81_6o9l_S_1.meme	DONE
TFS_tr_B4DED3_B4DED3_HUMAN:175:226_8a4i_I_1.meme	DONE
TFS_sp_Q6AHZ1_Z518A_HUMAN:143:191_6ki6_A_1.meme	DONE
TFS_sp_P17023_ZNF19_HUMAN:170:323_2i13_A_1.meme	DONE
TFS_tr_Q9H7U2_Q9H7U2_HUMAN:2:46_2i13_A_1.meme	DONE
TFS_tr_H0YKC7_H0YKC7_HUMAN:85:128_6fqp_A_1.meme	DONE
TFS_sp_Q9UID6_ZN639_HUMAN:232:283_3uk3_D_1.meme	DONE
TFS_sp_Q9UL36_ZN236_HUMAN:197:308_5k5h_A_1.meme	DONE
TFS_tr_A4D178_A4D178_HUMAN:535:638_7x5g_B_1.meme	DONE
TFS_sp_A6NK53_ZN233_HUMAN:399:661_5v3m_C_1.meme	DONE
TFS_sp_Q9GZX5_ZN350_HUMAN:261:369_5eh2_F_1.meme	DONE
TFS_sp_Q96SZ4_ZSC10_HUMAN:477:513_1ubd_C_1.meme	DONE
TFS_sp_Q14919_NC2A_HUMAN:9:87_6r2v_C_1.meme	DONE
TFS_tr_Q7KYZ0_Q7KYZ0_HUMAN:39:97_1hcq_A_1.meme	DONE
TFS_sp_Q8N587_ZN561_HUMAN:228:485_5v3j_E_1.meme	DONE
TFS_sp_Q5SXM1_ZN678_HUMAN:102:175_5keb_A_1.meme	DONE
TFS_tr_I3L1J3_I3L1J3_HUMAN:478:500_5yj3_C_1.meme	DONE
TFS_tr_Q9NZ00_Q9NZ00_HUMAN:1:145_5wjq_D_1.meme	DONE
TFS_sp_Q14584_ZN266_HUMAN:71:152_2i13_A_1.meme	DONE
TFS_sp_Q7RTV3_ZN367_HUMAN:172:246_2jp9_A_1.meme	DONE
TFS_sp_Q9Y462_ZN711_HUMAN:504:758_5v3j_E_1.meme	DONE
TFS_sp_O60304_ZN500_HUMAN:318:459_5v3j_E_1.meme	DONE
TFS_tr_B7Z851_B7Z851_HUMAN:163:279_6b0p_D_1.meme	DONE
TFS_sp_O95125_ZN202_HUMAN:478:587_5egb_A_1.meme	DONE
TFS_sp_Q9UBD0_HSFX1_HUMAN:99:164_7dcu_A_1.meme	DONE
TFS_sp_Q00059_TFAM_HUMAN:44:240_6hb4_A_1.meme	DONE
TFS_tr_A0A024R3C6_A0A024R3C6_HUMAN:470:624_2i13_A_1.meme	DONE
TFS_sp_O14771_ZN213_HUMAN:314:451_5wjq_D_1.meme	DONE
TFS_sp_Q8TD17_ZN398_HUMAN:345:592_5v3m_C_1.meme	DONE
TFS_tr_C9JZA0_C9JZA0_HUMAN:81:150_6jrp_A_1.meme	DONE
TFS_sp_Q9UID6_ZN639_HUMAN:232:283_4is1_D_1.meme	DONE
TFS_sp_Q92670_ZN75C_HUMAN:289:399_5egb_A_1.meme	DONE
TFS_sp_Q9UBD0_HSFX1_HUMAN:99:164_5d5v_D_1.meme	DONE
TFS_sp_Q6NSZ9_ZSC25_HUMAN:346:541_5v3j_E_1.meme	DONE
TFS_sp_Q9HD90_NDF4_HUMAN:88:141_7z5i_B_1.meme	DONE
DIMER_tr_A0A3B3ITE4_A0A3B3ITE4_HUMAN:17:44_2ram_B_1.meme	DONE
TFS_tr_A0A3B3IRF0_A0A3B3IRF0_HUMAN:11:37_2jx1_A_1.meme	DONE
TFS_sp_Q6N043_Z280D_HUMAN:360:497_5v3m_C_1.meme	DONE
TFS_sp_Q499Z4_ZN672_HUMAN:127:418_5v3j_E_1.meme	DONE
TFS_tr_Q6ZNC6_Q6ZNC6_HUMAN:25:299_5wjq_D_1.meme	DONE
TFS_sp_Q01538_MYT1_HUMAN:841:871_2jx1_A_1.meme	DONE
TFS_tr_A8K5P3_A8K5P3_HUMAN:248:546_7w1m_H_1.meme	DONE
TFS_sp_Q6ZNA1_ZN836_HUMAN:217:493_5v3m_C_1.meme	DONE
TFS_sp_Q08AG5_ZN844_HUMAN:160:303_2i13_A_1.meme	DONE
TFS_tr_A0A2R8YDQ8_A0A2R8YDQ8_HUMAN:43:66_6e94_A_1.meme	DONE
TFS_sp_Q8TAF7_ZN461_HUMAN:176:267_2i13_A_1.meme	DONE
TFS_sp_Q6ZNG2_DBX2_HUMAN:190:249_7q4n_K_1.meme	DONE
TFS_sp_Q9P1Z0_ZBTB4_HUMAN:297:392_4f6m_A_1.meme	DONE
TFS_tr_H0YAV4_H0YAV4_HUMAN:15:63_3dfv_C_1.meme	DONE
TFS_tr_H0YL38_H0YL38_HUMAN:342:456_5ei9_E_1.meme	DONE
DIMER_sp_A0A1W2PPF3_DUXB_HUMAN:103:155_6a8r_B_1.meme	DONE
TFS_sp_Q8NAP8_ZBT8B_HUMAN:342:393_4is1_D_1.meme	DONE
DIMER_sp_Q6XD76_ASCL4_HUMAN:80:128_1mdy_B_1.meme	DONE
TFS_tr_B4DLB0_B4DLB0_HUMAN:146:211_1hry_A_1.meme	DONE
DIMER_tr_Q6ZMW8_Q6ZMW8_HUMAN:415:475_5hod_A_1.meme	DONE
TFS_sp_Q7Z4V0_ZN438_HUMAN:509:558_4is1_D_1.meme	DONE
TFS_sp_Q9BX82_ZN471_HUMAN:289:566_5v3m_C_1.meme	DONE
TFS_sp_O60281_ZN292_HUMAN:1946:1972_2gli_A_1.meme	DONE
TFS_tr_D6RCT5_D6RCT5_HUMAN:1:90_2l1g_A_1.meme	DONE
TFS_tr_B7ZBM3_B7ZBM3_HUMAN:454:535_2a07_J_1.meme	DONE
TFS_sp_Q3KP31_ZN791_HUMAN:98:183_1a1k_A_1.meme	DONE
TFS_sp_Q9BX82_ZN471_HUMAN:206:285_2kmk_A_1.meme	DONE
TFS_sp_Q9Y2P7_ZN256_HUMAN:267:565_7w1m_H_1.meme	DONE
DIMER_tr_A0A0B5IYB7_A0A0B5IYB7_HUMAN:5:83_6ncm_A_1.meme	DONE
TFS_sp_Q9HCE3_ZN532_HUMAN:1025:1075_5egb_A_1.meme	DONE
TFS_sp_Q5SXM2_SNPC4_HUMAN:144:502_7xur_A_1.meme	DONE
DIMER_tr_M0R2M9_M0R2M9_HUMAN:116:136_1am9_C_1.meme	DONE
DIMER_sp_Q8N7G0_PO5F2_HUMAN:123:267_1hf0_B_1.meme	DONE
TFS_tr_Q6ZMW8_Q6ZMW8_HUMAN:93:149_5hod_A_1.meme	DONE
TFS_tr_A0A3F2YPB8_A0A3F2YPB8_HUMAN:334:609_5v3m_C_1.meme	DONE
DIMER_tr_D2CFI5_D2CFI5_HUMAN:65:122_2r5y_A_1.meme	DONE
TFS_sp_Q7Z340_ZN551_HUMAN:388:666_5wjq_D_1.meme	DONE
TFS_tr_A0A087WVA2_A0A087WVA2_HUMAN:515:596_4r2c_A_1.meme	DONE
TFS_sp_Q9C0D4_Z518B_HUMAN:135:211_8e3e_A_1.meme	DONE
TFS_tr_B7Z851_B7Z851_HUMAN:161:310_6ml7_A_1.meme	DONE
TFS_sp_Q969J2_ZKSC4_HUMAN:306:541_5v3m_C_1.meme	DONE
TFS_tr_Q6P6D5_Q6P6D5_HUMAN:522:550_2jx1_A_1.meme	DONE
TFS_sp_Q9Y4A8_NF2L3_HUMAN:583:638_1fos_F_1.meme	DONE
TFS_tr_A0JP08_A0JP08_HUMAN:998:1072_1a1i_A_1.meme	DONE
TFS_sp_Q9P2Y4_ZN219_HUMAN:59:123_5yj3_C_1.meme	DONE
TFS_tr_A0A3B3IRT9_A0A3B3IRT9_HUMAN:860:879_2mf8_A_1.meme	DONE
TFS_sp_Q12870_TCF15_HUMAN:67:128_2ypa_A_1.meme	DONE
TFS_sp_Q86XU0_ZN677_HUMAN:263:537_5v3m_C_1.meme	DONE
TFS_sp_Q9UL58_ZN215_HUMAN:404:513_5egb_A_1.meme	DONE
TFS_sp_Q96BV0_ZN775_HUMAN:104:213_5ei9_E_1.meme	DONE
TFS_sp_O94842_TOX4_HUMAN:221:293_3nm9_M_1.meme	DONE
TFS_tr_A0A8V8TPF3_A0A8V8TPF3_HUMAN:368:444_2o49_A_1.meme	DONE
DIMER_tr_A0A1B0GV02_A0A1B0GV02_HUMAN:684:721_1hf0_B_1.meme	DONE
TFS_sp_Q08AN1_ZN616_HUMAN:502:655_2i13_A_1.meme	DONE
TFS_sp_Q8ND82_Z280C_HUMAN:354:492_6ml4_A_1.meme	DONE
TFS_sp_Q9NSJ1_Z355P_HUMAN:247:313_5keb_A_1.meme	DONE
TFS_sp_O60304_ZN500_HUMAN:322:432_5egb_A_1.meme	DONE
TFS_sp_Q7Z340_ZN551_HUMAN:251:358_5egb_A_1.meme	DONE
TFS_sp_Q7Z398_ZN550_HUMAN:312:422_5egb_A_1.meme	DONE
TFS_tr_B4DJ39_B4DJ39_HUMAN:135:211_1j5n_A_1.meme	DONE
TFS_sp_O60281_ZN292_HUMAN:720:832_5egb_A_1.meme	DONE
TFS_tr_A0A0B5IYB7_A0A0B5IYB7_HUMAN:5:101_6lbm_C_1.meme	DONE
TFS_sp_Q68EA5_ZNF57_HUMAN:249:359_5ei9_E_1.meme	DONE
TFS_sp_A6NFD8_HELT_HUMAN:14:65_4atk_B_1.meme	DONE
TFS_tr_H0YLA6_H0YLA6_HUMAN:360:497_5wjq_D_1.meme	DONE
TFS_tr_Q53F47_Q53F47_HUMAN:9:143_1jfi_B_1.meme	DONE
TFS_sp_Q8IVH2_FOXP4_HUMAN:469:547_2a07_H_1.meme	DONE
TFS_sp_P29084_T2EB_HUMAN:76:242_6o9l_R_1.meme	DONE
TFS_sp_P31629_ZEP2_HUMAN:177:239_5ei9_E_1.meme	DONE
TFS_sp_Q2M218_ZN630_HUMAN:316:593_5wjq_D_1.meme	DONE
TFS_sp_Q9Y2H8_ZN510_HUMAN:441:594_2i13_A_1.meme	DONE
DIMER_tr_C0LLI8_C0LLI8_HUMAN:1:20_1r4i_B_1.meme	DONE
TFS_sp_Q86YH2_Z280B_HUMAN:375:479_6e94_A_1.meme	DONE
TFS_tr_A8K3H7_A8K3H7_HUMAN:210:265_1t2k_C_1.meme	DONE
TFS_sp_Q9Y4A8_NF2L3_HUMAN:549:641_4eot_B_1.meme	FAIL
DIMER_tr_E7EVZ1_E7EVZ1_HUMAN:2200:2259_1fjl_A_1.meme	DONE
TFS_sp_O75376_NCOR1_HUMAN:627:669_3osf_A_1.meme	DONE
TFS_sp_O15062_ZBTB5_HUMAN:609:662_5eh2_F_1.meme	DONE
TFS_tr_H0YLA6_H0YLA6_HUMAN:355:469_5ei9_E_1.meme	DONE
TFS_tr_B3KXP2_B3KXP2_HUMAN:254:336_5kea_A_1.meme	DONE
TFS_sp_P17024_ZNF20_HUMAN:256:529_5v3j_E_1.meme	DONE
TFS_sp_Q7Z4V0_ZN438_HUMAN:508:578_8h9h_G_1.meme	DONE
TFS_sp_Q8TBC5_ZSC18_HUMAN:411:463_1f2i_G_1.meme	DONE
TFS_sp_P51508_ZNF81_HUMAN:451:604_2i13_A_1.meme	DONE
TFS_tr_C9K0D1_C9K0D1_HUMAN:79:151_1o4x_B_1.meme	DONE
TFS_tr_C9JLX5_C9JLX5_HUMAN:504:614_5ei9_E_1.meme	DONE
DIMER_tr_A0A2R8YEW3_A0A2R8YEW3_HUMAN:350:361_3hdd_A_1.meme	DONE
TFS_tr_A0A3B3IRX0_A0A3B3IRX0_HUMAN:777:810_6a57_A_1.meme	DONE
TFS_tr_A0A8I5KUQ1_A0A8I5KUQ1_HUMAN:229:464_5mpf_A_1.meme	DONE
TFS_sp_Q96EG3_ZN837_HUMAN:267:321_4gzn_C_1.meme	DONE
TFS_tr_C9JSH4_C9JSH4_HUMAN:81:150_7m5w_A_1.meme	DONE
TFS_sp_Q6N043_Z280D_HUMAN:359:499_6ml2_A_1.meme	DONE
TFS_sp_P17025_ZN182_HUMAN:261:537_5v3m_C_1.meme	DONE
TFS_tr_D2CFI5_D2CFI5_HUMAN:62:127_1ahd_P_1.meme	DONE
TFS_sp_Q8NAP3_ZBT38_HUMAN:448:542_5vmv_A_1.meme	DONE
TFS_tr_A4D2L0_A4D2L0_HUMAN:12:56_1hbx_G_1.meme	DONE
TFS_sp_Q9UL68_MYT1L_HUMAN:903:981_2mf8_A_1.meme	DONE
TFS_tr_Q7Z3R2_Q7Z3R2_HUMAN:315:591_5v3m_C_1.meme	DONE
TFS_sp_Q6AHZ1_Z518A_HUMAN:152:230_5t00_A_1.meme	DONE
DIMER_tr_A4D2L0_A4D2L0_HUMAN:12:50_5e8i_G_1.meme	DONE
TFS_tr_Q05BZ1_Q05BZ1_HUMAN:112:181_6hc3_A_1.meme	DONE
TFS_sp_A6NFI3_ZN316_HUMAN:688:717_5ei9_E_1.meme	DONE
DIMER_tr_E7EVZ1_E7EVZ1_HUMAN:2104:2160_5hod_A_1.meme	DONE
TFS_sp_O75362_ZN217_HUMAN:128:205_1llm_D_1.meme	DONE
TFS_tr_A0A8Q3WKH9_A0A8Q3WKH9_HUMAN:3:44_4is1_D_1.meme	DONE
TFS_tr_B4DDB5_B4DDB5_HUMAN:5:64_6o9l_S_1.meme	DONE
TFS_tr_A0A3B3IRX5_A0A3B3IRX5_HUMAN:901:979_2mf8_A_1.meme	DONE
DIMER_sp_O75398_DEAF1_HUMAN:501:540_4ov7_A_1.meme	DONE
TFS_tr_Q59FS2_Q59FS2_HUMAN:288:369_1p47_A_1.meme	DONE
TFS_tr_H0YFS7_H0YFS7_HUMAN:231:282_8a4i_I_1.meme	DONE
TFS_sp_Q9NQ33_ASCL3_HUMAN:99:149_2ypa_A_1.meme	DONE
TFS_tr_Q6ZMW8_Q6ZMW8_HUMAN:414:470_5zfy_A_1.meme	DONE
TFS_tr_E7ESP8_E7ESP8_HUMAN:308:357_4m9v_C_1.meme	DONE
TFS_tr_B3KUN2_B3KUN2_HUMAN:375:479_6e93_A_1.meme	DONE
TFS_tr_C9JIZ2_C9JIZ2_HUMAN:81:149_6jrp_A_1.meme	DONE
TFS_sp_Q86XU0_ZN677_HUMAN:272:425_2i13_A_1.meme	DONE
TFS_sp_Q8TBC5_ZSC18_HUMAN:411:469_5ei9_E_1.meme	DONE
TFS_sp_Q8IX07_FOG1_HUMAN:296:342_8a4i_I_1.meme	DONE
TFS_sp_P35269_T2FA_HUMAN:5:180_6o9l_S_1.meme	DONE
TFS_tr_B4DXY2_B4DXY2_HUMAN:83:95_5iya_S_1.meme	DONE
TFS_sp_O15015_ZN646_HUMAN:1533:1783_5wjq_D_1.meme	DONE
TFS_sp_Q9H707_ZN552_HUMAN:265:375_5ei9_E_1.meme	DONE
TFS_sp_A6NFD8_HELT_HUMAN:14:65_4atk_A_1.meme	DONE
TFS_tr_A0A7I2PK40_A0A7I2PK40_HUMAN:30:163_8osl_N_1.meme	DONE
TFS_sp_Q92618_ZN516_HUMAN:250:298_5yj3_C_1.meme	DONE
TFS_tr_A0JP08_A0JP08_HUMAN:998:1072_1a1g_A_1.meme	DONE
TFS_tr_M0R186_M0R186_HUMAN:48:102_2i13_A_1.meme	DONE
TFS_tr_E7EUW9_E7EUW9_HUMAN:242:361_5yef_B_1.meme	DONE
TFS_tr_J3QLN9_J3QLN9_HUMAN:185:303_1h88_C_1.meme	DONE
TFS_sp_Q2TB10_ZN800_HUMAN:620:640_5ei9_E_1.meme	DONE
TFS_tr_A0A3B3IS14_A0A3B3IS14_HUMAN:901:979_2mf8_A_1.meme	DONE
TFS_sp_O75475_PSIP1_HUMAN:1:91_8peo_K_1.meme	DONE
TFS_sp_P17025_ZN182_HUMAN:467:620_2i13_A_1.meme	DONE
TFS_tr_B4E2P7_B4E2P7_HUMAN:245:354_5ei9_E_1.meme	DONE
TFS_sp_Q96N77_ZN641_HUMAN:374:422_3uk3_D_1.meme	DONE
TFS_sp_Q99676_ZN184_HUMAN:305:581_5v3j_E_1.meme	DONE
TFS_tr_A0A3B3ISW5_A0A3B3ISW5_HUMAN:506:577_2mf8_A_1.meme	DONE
DIMER_tr_O43245_O43245_HUMAN:303:361_1hcq_B_1.meme	DONE
TFS_sp_O60284_ST18_HUMAN:721:795_2mf8_A_1.meme	DONE
TFS_sp_Q96IQ9_ZN414_HUMAN:111:195_5ke7_A_1.meme	DONE
TFS_sp_Q9P243_ZFAT_HUMAN:877:991_5t0u_A_1.meme	DONE
TFS_sp_Q9P2J8_ZN624_HUMAN:416:714_7w1m_H_1.meme	DONE
TFS_sp_Q8N895_ZN366_HUMAN:280:554_5v3j_E_1.meme	DONE
TFS_sp_Q6ZMY9_ZN517_HUMAN:365:474_5egb_A_1.meme	DONE
TFS_sp_Q9NUA8_ZBT40_HUMAN:947:1028_1p47_A_1.meme	DONE
TFS_tr_A8K3H7_A8K3H7_HUMAN:213:265_1fos_F_1.meme	DONE
TFS_tr_A0A6Q8PH34_A0A6Q8PH34_HUMAN:176:227_1f2i_G_1.meme	DONE
DIMER_tr_C8CJL6_C8CJL6_HUMAN:1:57_4oln_A_1.meme	DONE
TFS_sp_Q9BUY5_ZN426_HUMAN:279:554_5v3j_E_1.meme	DONE
TFS_tr_H0YL38_H0YL38_HUMAN:347:484_5v3j_E_1.meme	DONE
TFS_sp_Q9NSJ1_Z355P_HUMAN:247:313_1a1g_A_1.meme	DONE
TFS_tr_B4DZP9_B4DZP9_HUMAN:140:389_5v3m_C_1.meme	DONE
TFS_tr_A0A3B3ISN3_A0A3B3ISN3_HUMAN:742:803_5i50_B_1.meme	DONE
TFS_sp_P26651_TTP_HUMAN:17:41_2uzk_A_1.meme	DONE
TFS_sp_Q6P9A1_ZN530_HUMAN:444:597_2i13_A_1.meme	DONE
TFS_tr_H3BUJ7_H3BUJ7_HUMAN:435:593_5v3j_E_1.meme	DONE
TFS_sp_Q5EBL2_ZN628_HUMAN:358:644_5v3m_C_1.meme	DONE
DIMER_sp_Q17RH7_TPRXL_HUMAN:21:74_2hdd_B_1.meme	DONE
TFS_sp_Q15329_E2F5_HUMAN:49:115_1cf7_A_1.meme	DONE
TFS_tr_Q60F95_Q60F95_HUMAN:280:329_4m9v_C_1.meme	DONE
TFS_sp_P52746_ZN142_HUMAN:1423:1656_5v3m_C_1.meme	DONE
TFS_sp_Q494X3_ZN404_HUMAN:242:518_5v3m_C_1.meme	DONE
TFS_sp_Q9H4I2_ZHX3_HUMAN:502:550_1fjl_B_1.meme	DONE
TFS_sp_Q9UIF9_BAZ2A_HUMAN:544:649_7fhj_A_1.meme	DONE
TFS_sp_Q16587_ZNF74_HUMAN:245:523_5wjq_D_1.meme	DONE
TFS_tr_M0QXD6_M0QXD6_HUMAN:84:96_6o9l_S_1.meme	DONE
TFS_sp_Q9NW07_ZN358_HUMAN:150:399_5v3j_E_1.meme	DONE
TFS_sp_O75132_ZBED4_HUMAN:859:903_5edn_A_1.meme	DONE
TFS_sp_Q8NAP8_ZBT8B_HUMAN:340:407_7eyi_H_1.meme	DONE
TFS_sp_Q8N7G0_PO5F2_HUMAN:123:267_1e3o_C_1.meme	DONE
TFS_sp_Q6P9A1_ZN530_HUMAN:488:597_5ei9_E_1.meme	DONE
TFS_tr_B9EH69_B9EH69_HUMAN:333:609_5v3j_E_1.meme	DONE
TFS_sp_Q2M218_ZN630_HUMAN:384:537_2i13_A_1.meme	DONE
TFS_sp_Q9NX65_ZSC32_HUMAN:476:683_5v3m_C_1.meme	DONE
DIMER_tr_E9PB28_E9PB28_HUMAN:60:104_1hlo_A_1.meme	DONE
TFS_sp_Q68DY9_ZN772_HUMAN:260:489_5v3m_C_1.meme	DONE
TFS_sp_O14771_ZN213_HUMAN:314:451_5v3m_C_1.meme	DONE
TFS_sp_Q8N9Z0_ZN610_HUMAN:269:422_2i13_A_1.meme	DONE
TFS_sp_P0C6A0_ZGLP1_HUMAN:205:240_5gat_A_1.meme	DONE
TFS_tr_F5H433_F5H433_HUMAN:628:713_6e93_A_1.meme	DONE
TFS_sp_Q9H9D4_ZN408_HUMAN:353:629_5v3j_E_1.meme	DONE
TFS_sp_O75541_ZN821_HUMAN:108:194_2i13_A_1.meme	DONE
TFS_tr_B4DED3_B4DED3_HUMAN:177:228_4is1_D_1.meme	DONE
TFS_tr_O43245_O43245_HUMAN:303:368_6bsf_A_1.meme	FAIL
TFS_sp_Q96SK3_ZN607_HUMAN:179:331_2i13_A_1.meme	DONE
TFS_sp_P17027_ZNF23_HUMAN:277:387_5ei9_E_1.meme	DONE
TFS_sp_P52746_ZN142_HUMAN:1423:1643_7w1m_H_1.meme	DONE
TFS_tr_A4LBB6_A4LBB6_HUMAN:66:128_2ypb_A_1.meme	DONE
TFS_tr_I7HIK6_I7HIK6_HUMAN:178:218_5wjq_D_1.meme	DONE
TFS_sp_Q9UIF9_BAZ2A_HUMAN:543:650_7mwl_A_1.meme	DONE
TFS_tr_Q8IYZ2_Q8IYZ2_HUMAN:442:495_5k5h_A_1.meme	DONE
TFS_tr_A0A0G2JS52_A0A0G2JS52_HUMAN:598:681_2mf8_A_1.meme	DONE
TFS_tr_A0A804HJ42_A0A804HJ42_HUMAN:329:603_5v3j_E_1.meme	DONE
TFS_sp_Q9NZV7_ZIM2_HUMAN:337:488_2i13_A_1.meme	DONE
TFS_sp_Q8NAP8_ZBT8B_HUMAN:342:407_8e3d_A_1.meme	DONE
TFS_tr_B3KXP2_B3KXP2_HUMAN:254:336_2wbu_A_1.meme	DONE
TFS_tr_C9JLX5_C9JLX5_HUMAN:275:363_5v3j_E_1.meme	DONE
TFS_tr_B4DFD9_B4DFD9_HUMAN:372:421_3uk3_C_1.meme	DONE
TFS_sp_O75362_ZN217_HUMAN:125:238_2i13_A_1.meme	DONE
TFS_sp_O60304_ZN500_HUMAN:350:459_2jp9_A_1.meme	DONE
TFS_tr_E7ESP8_E7ESP8_HUMAN:308:357_4gzn_C_1.meme	DONE
TFS_tr_K7ER43_K7ER43_HUMAN:241:516_5v3m_C_1.meme	DONE
TFS_tr_Q9H6A7_Q9H6A7_HUMAN:127:152_7prv_A_1.meme	DONE
TFS_sp_P36508_ZNF76_HUMAN:161:365_5wjq_D_1.meme	DONE
DIMER_sp_Q7RTU4_BHA09_HUMAN:65:123_2ql2_B_1.meme	DONE
TFS_sp_Q8TAF7_ZN461_HUMAN:174:244_5wjq_D_1.meme	DONE
TFS_sp_Q8N7M2_ZN283_HUMAN:346:622_5v3j_E_1.meme	DONE
TFS_sp_Q9BR84_ZN559_HUMAN:268:535_5v3m_C_1.meme	DONE
TFS_sp_Q5SXM2_SNPC4_HUMAN:289:340_1h8a_C_1.meme	DONE
TFS_sp_P51522_ZNF83_HUMAN:270:423_2i13_A_1.meme	DONE
TFS_sp_Q96NL3_ZN599_HUMAN:533:586_1f2i_H_1.meme	DONE
TFS_sp_P13984_T2FB_HUMAN:2:238_7nvz_R_1.meme	DONE
DIMER_sp_Q9BW11_MAD3_HUMAN:59:136_1nlw_A_1.meme	DONE
TFS_sp_Q3SXZ3_ZN718_HUMAN:236:389_2i13_A_1.meme	DONE
TFS_sp_Q8IUM7_NPAS4_HUMAN:72:135_5v0l_B_1.meme	DONE
TFS_sp_Q9BRR0_ZKSC3_HUMAN:279:338_6e94_A_1.meme	DONE
TFS_sp_O15353_FOXN1_HUMAN:270:362_6el8_A_1.meme	DONE
TFS_sp_Q6NSZ9_ZSC25_HUMAN:347:383_5eh2_F_1.meme	DONE
TFS_tr_A8K3H7_A8K3H7_HUMAN:210:265_2h7h_B_1.meme	DONE
TFS_sp_Q86XF7_ZN575_HUMAN:175:235_5wjq_D_1.meme	DONE
TFS_tr_D2CFI5_D2CFI5_HUMAN:62:116_2lkx_A_1.meme	DONE
TFS_sp_P0C7X2_ZN688_HUMAN:179:233_5eh2_F_1.meme	DONE
TFS_sp_O75362_ZN217_HUMAN:128:238_5k5j_A_1.meme	DONE
TFS_sp_P51504_ZNF80_HUMAN:241:271_1g2d_C_1.meme	DONE
TFS_sp_Q2TB10_ZN800_HUMAN:488:543_2drp_A_1.meme	DONE
TFS_sp_Q3SY56_SP6_HUMAN:254:336_2wbs_A_1.meme	DONE
TFS_tr_Q7KYZ0_Q7KYZ0_HUMAN:39:97_4aa6_B_1.meme	DONE
TFS_sp_Q96C28_ZN707_HUMAN:232:311_2kmk_A_1.meme	DONE
DIMER_sp_Q8N7G0_PO5F2_HUMAN:123:267_5wc9_B_1.meme	DONE
TFS_sp_Q5MCW4_ZN569_HUMAN:297:573_5v3j_E_1.meme	DONE
TFS_sp_Q17RH7_TPRXL_HUMAN:20:74_3cmy_A_1.meme	DONE
TFS_sp_O75362_ZN217_HUMAN:471:522_3uk3_C_1.meme	DONE
TFS_sp_Q86UE3_ZN546_HUMAN:720:827_5eh2_F_1.meme	DONE
TFS_tr_Q59GP6_Q59GP6_HUMAN:895:930_5vmz_A_1.meme	DONE
TFS_tr_A0A9L9PX76_A0A9L9PX76_HUMAN:1:73_5iya_T_1.meme	DONE
TFS_sp_A0A1W2PPF3_DUXB_HUMAN:17:155_5z6z_A_1.meme	DONE
TFS_tr_I3L1J3_I3L1J3_HUMAN:344:454_5ei9_E_1.meme	DONE
TFS_sp_Q96RK0_CIC_HUMAN:1107:1185_1gt0_D_1.meme	DONE
TFS_sp_Q9H5J0_ZBTB3_HUMAN:474:523_4is1_D_1.meme	DONE
TFS_tr_B4DFD9_B4DFD9_HUMAN:370:421_8cuc_F_1.meme	DONE
TFS_sp_Q9NSD4_ZN275_HUMAN:103:166_5yj3_C_1.meme	DONE
TFS_tr_E7EVZ1_E7EVZ1_HUMAN:1513:1586_5yeh_A_1.meme	DONE
TFS_sp_Q15697_ZN174_HUMAN:316:404_5v3m_C_1.meme	DONE
TFS_sp_Q9BSK1_ZN577_HUMAN:131:379_5wjq_D_1.meme	DONE
TFS_sp_P62380_TBPL1_HUMAN:13:183_7zxe_O_1.meme	DONE
TFS_sp_Q8ND82_Z280C_HUMAN:355:492_5wjq_D_1.meme	DONE
TFS_sp_Q96NK8_NDF6_HUMAN:95:151_1mdy_A_1.meme	DONE
TFS_tr_E5RHS3_E5RHS3_HUMAN:368:439_2mf8_A_1.meme	DONE
TFS_sp_Q9HC78_ZBT20_HUMAN:576:685_6ml7_A_1.meme	DONE
TFS_sp_A6NFI3_ZN316_HUMAN:690:717_5wjq_D_1.meme	DONE
TFS_sp_Q9NW07_ZN358_HUMAN:151:399_7w1m_H_1.meme	DONE
TFS_tr_B4DMG0_B4DMG0_HUMAN:202:253_5yj3_C_1.meme	DONE
TFS_tr_B3KUN2_B3KUN2_HUMAN:345:480_5v3m_C_1.meme	DONE
DIMER_sp_Q9Y6X8_ZHX2_HUMAN:275:317_6a8r_B_1.meme	DONE
TFS_sp_Q86XF7_ZN575_HUMAN:61:235_8ssu_A_1.meme	DONE
TFS_tr_A0A024R3C6_A0A024R3C6_HUMAN:405:656_5v3j_E_1.meme	DONE
TFS_tr_B4DZP9_B4DZP9_HUMAN:165:218_1f2i_G_1.meme	DONE
TFS_sp_P81133_SIM1_HUMAN:2:141_5v0l_A_1.meme	DONE
TFS_tr_Q96SV5_Q96SV5_HUMAN:148:424_5v3j_E_1.meme	DONE
TFS_tr_A0A1B0GW50_A0A1B0GW50_HUMAN:999:1073_1a1i_A_1.meme	DONE
TFS_sp_Q6ZSB9_ZBT49_HUMAN:379:585_5v3j_E_1.meme	DONE
TFS_tr_A0A087WT67_A0A087WT67_HUMAN:361:628_7w1m_H_1.meme	DONE
TFS_tr_E9PKP7_E9PKP7_HUMAN:112:181_3tmm_A_1.meme	DONE
TFS_sp_P17030_ZNF25_HUMAN:93:141_5egb_A_1.meme	DONE
TFS_sp_Q16666_IF16_HUMAN:570:766_3rnu_B_1.meme	DONE
TFS_sp_Q9UL36_ZN236_HUMAN:482:590_6e94_A_1.meme	DONE
TFS_tr_E9PM59_E9PM59_HUMAN:149:207_8of0_B_1.meme	DONE
TFS_tr_Q53QP1_Q53QP1_HUMAN:2:27_3uk3_D_1.meme	DONE
TFS_sp_P0CJ78_ZN865_HUMAN:226:274_3uk3_D_1.meme	DONE
TFS_sp_P0CJ78_ZN865_HUMAN:222:274_2kmk_A_1.meme	DONE
TFS_tr_A0A8I5KUQ1_A0A8I5KUQ1_HUMAN:229:463_5mpf_B_1.meme	DONE
TFS_tr_C9JNU3_C9JNU3_HUMAN:81:144_7m5w_A_1.meme	DONE
TFS_tr_B4DJ39_B4DJ39_HUMAN:149:221_3nm9_J_1.meme	DONE
TFS_sp_Q9HC78_ZBT20_HUMAN:576:685_6ml5_A_1.meme	DONE
TFS_sp_Q7RTU0_TCF24_HUMAN:56:106_2ql2_B_1.meme	DONE
TFS_sp_Q96EG3_ZN837_HUMAN:372:525_2i13_A_1.meme	DONE
DIMER_tr_A0A3B3IRF0_A0A3B3IRF0_HUMAN:551:610_5i50_B_1.meme	DONE
TFS_sp_P51786_ZN157_HUMAN:243:353_5ei9_E_1.meme	DONE
TFS_sp_Q96MR9_ZN560_HUMAN:249:342_5eh2_F_1.meme	DONE
TFS_sp_Q5SVQ8_ZBT41_HUMAN:669:718_3uk3_C_1.meme	DONE
TFS_sp_A0A1W2PPF3_DUXB_HUMAN:106:160_3lnq_A_1.meme	DONE
TFS_tr_B9EH69_B9EH69_HUMAN:177:224_5yj3_C_1.meme	DONE
TFS_sp_Q96EG3_ZN837_HUMAN:266:322_1f2i_G_1.meme	DONE
TFS_tr_A0A2R8YEW3_A0A2R8YEW3_HUMAN:350:363_3lnq_A_1.meme	DONE
TFS_sp_Q9Y2P7_ZN256_HUMAN:87:191_5ei9_E_1.meme	DONE
DIMER_tr_O43245_O43245_HUMAN:303:361_4aa6_B_1.meme	DONE
TFS_sp_Q76KX8_ZN534_HUMAN:338:614_5v3m_C_1.meme	DONE
DIMER_sp_Q7RTU5_ASCL5_HUMAN:159:213_2ql2_B_1.meme	DONE
TFS_sp_O43167_ZBT24_HUMAN:321:431_6e94_A_1.meme	DONE
TFS_tr_B5MCP8_B5MCP8_HUMAN:119:154_5gat_A_1.meme	DONE
TFS_tr_B4E2P7_B4E2P7_HUMAN:246:356_6e94_A_1.meme	DONE
TFS_sp_Q9BRH9_ZN251_HUMAN:402:512_5ei9_E_1.meme	DONE
TFS_sp_Q9NR11_ZN302_HUMAN:199:471_5v3m_C_1.meme	DONE
TFS_tr_B4DT98_B4DT98_HUMAN:198:307_5ei9_E_1.meme	DONE
TFS_sp_P0CG24_ZN883_HUMAN:291:373_1a1h_A_1.meme	DONE
TFS_sp_Q92610_ZN592_HUMAN:712:819_6ml6_A_1.meme	DONE
TFS_sp_A0A1B0GWH4_HSFX3_HUMAN:82:182_7dcj_B_1.meme	DONE
TFS_sp_Q13129_RLF_HUMAN:719:825_2prt_A_1.meme	DONE
DIMER_sp_Q68CJ9_CR3L3_HUMAN:245:295_1jnm_B_1.meme	DONE
TFS_sp_P24278_ZBT25_HUMAN:238:391_8sss_A_1.meme	DONE
TFS_tr_A0A0D9SEJ8_A0A0D9SEJ8_HUMAN:345:480_5v3m_C_1.meme	DONE
TFS_sp_Q63HK5_TSH3_HUMAN:207:407_5v3j_E_1.meme	DONE
TFS_tr_B4DLB0_B4DLB0_HUMAN:11:115_3tq6_A_1.meme	DONE
TFS_sp_O60393_NOBOX_HUMAN:350:361_3a01_B_1.meme	DONE
TFS_sp_Q6ZMY9_ZN517_HUMAN:186:339_2i13_A_1.meme	DONE
TFS_tr_A0A3B3IS14_A0A3B3IS14_HUMAN:900:930_2jx1_A_1.meme	DONE
TFS_sp_Q86XU0_ZN677_HUMAN:372:482_5ei9_E_1.meme	DONE
TFS_sp_P52743_ZN137_HUMAN:125:206_4r2d_A_1.meme	DONE
TFS_sp_Q5SVQ8_ZBT41_HUMAN:490:742_5v3m_C_1.meme	DONE
TFS_sp_Q9Y467_SALL2_HUMAN:692:715_1f2i_G_1.meme	DONE
TFS_tr_A0A087WVA2_A0A087WVA2_HUMAN:496:597_5eh2_F_1.meme	DONE
TFS_sp_Q9P243_ZFAT_HUMAN:409:478_1a1j_A_1.meme	DONE
TFS_sp_Q8NAF0_ZN579_HUMAN:268:463_5wjq_D_1.meme	DONE
TFS_sp_Q92610_ZN592_HUMAN:712:819_6ml3_A_1.meme	DONE
TFS_sp_Q96IQ9_ZN414_HUMAN:111:195_2wbu_A_1.meme	DONE
DIMER_tr_C0LLI8_C0LLI8_HUMAN:1:17_4oln_B_1.meme	DONE
DIMER_sp_A0A1W2PPM1_CPHXL_HUMAN:26:82_5zjr_B_1.meme	DONE
TFS_sp_Q9H5V7_IKZF5_HUMAN:366:413_4is1_D_1.meme	DONE
TFS_tr_I7HIK6_I7HIK6_HUMAN:219:497_5wjq_D_1.meme	DONE
TFS_sp_P17017_ZNF14_HUMAN:220:249_5egb_A_1.meme	DONE
TFS_sp_Q7Z5D8_NANGN_HUMAN:120:160_5jlw_A_1.meme	DONE
TFS_tr_A8K124_A8K124_HUMAN:347:484_5wjq_D_1.meme	DONE
TFS_sp_Q8N9Z0_ZN610_HUMAN:231:341_6e94_A_1.meme	DONE
TFS_sp_Q14587_ZN268_HUMAN:761:914_2i13_A_1.meme	DONE
TFS_sp_P58317_ZN121_HUMAN:119:390_5v3m_C_1.meme	DONE
TFS_tr_M0R2M4_M0R2M4_HUMAN:444:554_5ei9_E_1.meme	DONE
TFS_sp_Q13398_ZN211_HUMAN:136:280_5v3j_E_1.meme	DONE
TFS_sp_P58317_ZN121_HUMAN:135:390_7w1m_H_1.meme	DONE
TFS_sp_Q9Y5B6_PAXB1_HUMAN:504:528_8ow0_f_1.meme	DONE
DIMER_sp_Q9Y4A8_NF2L3_HUMAN:549:641_4eot_B_1.meme	DONE
TFS_sp_Q96PN7_TREF1_HUMAN:1086:1112_6ml6_A_1.meme	DONE
TFS_tr_B4DT98_B4DT98_HUMAN:12:37_1ubd_C_1.meme	DONE
TFS_tr_A0A3B3IU83_A0A3B3IU83_HUMAN:335:361_2jx1_A_1.meme	DONE
TFS_tr_M0R186_M0R186_HUMAN:47:185_5wjq_D_1.meme	DONE
TFS_tr_B2RCW4_B2RCW4_HUMAN:502:612_5ei9_E_1.meme	DONE
TFS_sp_P12525_MYCP1_HUMAN:276:355_1nkp_B_1.meme	DONE
TFS_tr_A0A8V8TM49_A0A8V8TM49_HUMAN:24:84_7q4n_K_1.meme	DONE
TFS_sp_Q8N1W2_ZN710_HUMAN:407:566_5t0u_A_1.meme	DONE
DIMER_tr_B7ZBM3_B7ZBM3_HUMAN:454:535_2a07_F_1.meme	DONE
TFS_sp_Q9H5J0_ZBTB3_HUMAN:474:529_5k5j_A_1.meme	DONE
TFS_sp_Q00059_TFAM_HUMAN:44:236_7lbw_A_1.meme	DONE
DIMER_sp_A0A1W2PPM1_CPHXL_HUMAN:30:83_1fjl_B_1.meme	DONE
TFS_sp_P0CG24_ZN883_HUMAN:291:373_1a1k_A_1.meme	DONE
TFS_tr_A0A2R8YDQ8_A0A2R8YDQ8_HUMAN:43:68_8ffz_A_1.meme	DONE
TFS_sp_O75123_ZN623_HUMAN:181:454_5v3m_C_1.meme	DONE
TFS_sp_Q9Y5A6_ZSC21_HUMAN:359:469_6e94_A_1.meme	DONE
TFS_sp_Q9H9D4_ZN408_HUMAN:433:577_6ml7_A_1.meme	DONE
TFS_sp_Q5T0B9_ZN362_HUMAN:225:363_2i13_A_1.meme	DONE
TFS_sp_P81133_SIM1_HUMAN:2:347_5sy7_B_1.meme	DONE
TFS_sp_Q6XD76_ASCL4_HUMAN:80:128_1mdy_A_1.meme	DONE
TFS_sp_Q5TEC3_ZN697_HUMAN:186:211_5wjq_D_1.meme	DONE
TFS_tr_A0A804HIS1_A0A804HIS1_HUMAN:262:310_3cbb_A_1.meme	DONE
TFS_sp_Q14587_ZN268_HUMAN:285:438_2i13_A_1.meme	DONE
TFS_sp_Q9BS31_ZN649_HUMAN:175:453_5wjq_D_1.meme	DONE
TFS_sp_Q86UE3_ZN546_HUMAN:217:492_5v3m_C_1.meme	DONE
TFS_tr_A0A3B3IU66_A0A3B3IU66_HUMAN:696:731_2mf8_A_1.meme	DONE
TFS_sp_Q9UIF9_BAZ2A_HUMAN:544:649_7fhj_B_1.meme	DONE
TFS_sp_Q9Y5B6_PAXB1_HUMAN:504:528_4jjn_B_1.meme	DONE
TFS_tr_B4DLB0_B4DLB0_HUMAN:149:211_6edb_B_1.meme	DONE
TFS_tr_M0QXD6_M0QXD6_HUMAN:84:96_5iya_S_1.meme	DONE
TFS_sp_P17027_ZNF23_HUMAN:308:598_7w1m_H_1.meme	DONE
TFS_tr_B7Z6D4_B7Z6D4_HUMAN:796:875_2kmk_A_1.meme	DONE
TFS_tr_B4DDB5_B4DDB5_HUMAN:66:81_5iyb_S_1.meme	DONE
TFS_sp_Q8WY36_BBX_HUMAN:79:151_6ht5_D_1.meme	DONE
DIMER_tr_D2CFI5_D2CFI5_HUMAN:66:120_1b8i_A_1.meme	DONE
TFS_tr_B7Z851_B7Z851_HUMAN:163:279_6b0o_A_1.meme	DONE
TFS_sp_Q6ZNG2_DBX2_HUMAN:189:249_2me6_A_1.meme	DONE
TFS_sp_Q14582_MAD4_HUMAN:54:132_1nlw_A_1.meme	DONE
TFS_tr_A8K124_A8K124_HUMAN:347:484_5v3m_C_1.meme	DONE
TFS_sp_A0A1B0GWH4_HSFX3_HUMAN:82:148_7dcu_B_1.meme	DONE
TFS_sp_Q8IXF0_NPAS3_HUMAN:52:448_5sy7_B_1.meme	DONE
TFS_sp_Q9P0T4_ZN581_HUMAN:84:193_5egb_A_1.meme	DONE
TFS_sp_A6NM28_ZFP92_HUMAN:261:370_5ei9_E_1.meme	DONE
TFS_sp_O94842_TOX4_HUMAN:207:291_2gzk_A_1.meme	DONE
TFS_sp_Q8N587_ZN561_HUMAN:193:472_5wjq_D_1.meme	DONE
TFS_sp_P0CG24_ZN883_HUMAN:291:373_1jk2_A_1.meme	DONE
TFS_tr_B3KX41_B3KX41_HUMAN:40:76_1h88_C_1.meme	DONE
TFS_tr_E5KSU5_E5KSU5_HUMAN:43:237_3tmm_A_1.meme	DONE
TFS_sp_Q96ND8_ZN583_HUMAN:213:487_5v3j_E_1.meme	DONE
TFS_tr_C9JE62_C9JE62_HUMAN:79:95_6l6y_D_1.meme	DONE
TFS_sp_Q96JG9_ZN469_HUMAN:3339:3440_8sss_A_1.meme	DONE
TFS_tr_B4DGI1_B4DGI1_HUMAN:161:365_5wjq_D_1.meme	DONE
TFS_tr_A8K4K5_A8K4K5_HUMAN:77:128_4j19_A_1.meme	DONE
TFS_tr_C9J8D0_C9J8D0_HUMAN:81:150_6jrp_A_1.meme	DONE
TFS_tr_H3BUJ7_H3BUJ7_HUMAN:491:570_2kmk_A_1.meme	DONE
TFS_tr_A8K5P3_A8K5P3_HUMAN:303:579_5v3m_C_1.meme	DONE
TFS_sp_Q96K75_ZN514_HUMAN:151:398_5v3m_C_1.meme	DONE
TFS_tr_A0A3B3ISI4_A0A3B3ISI4_HUMAN:251:296_6wmi_A_1.meme	DONE
TFS_sp_Q3ZCX4_ZN568_HUMAN:249:525_5v3m_C_1.meme	DONE
TFS_sp_Q9BW11_MAD3_HUMAN:59:136_1nlw_A_1.meme	DONE
DIMER_sp_Q9HD90_NDF4_HUMAN:88:143_2ypa_A_1.meme	DONE
TFS_sp_Q9BRR0_ZKSC3_HUMAN:297:338_1ubd_C_1.meme	DONE
TFS_tr_B4DLB0_B4DLB0_HUMAN:146:211_1hrz_A_1.meme	DONE
TFS_sp_Q9H7X3_ZN696_HUMAN:124:374_5v3m_C_1.meme	DONE
TFS_sp_Q96BV0_ZN775_HUMAN:446:524_2kmk_A_1.meme	DONE
TFS_tr_Q9NZ00_Q9NZ00_HUMAN:4:140_2i13_A_1.meme	DONE
TFS_sp_P17024_ZNF20_HUMAN:320:473_2i13_A_1.meme	DONE
TFS_tr_Q60F94_Q60F94_HUMAN:213:332_5yef_J_1.meme	DONE
TFS_sp_Q96C28_ZN707_HUMAN:229:338_5egb_A_1.meme	DONE
TFS_sp_Q7RTU0_TCF24_HUMAN:56:107_2ypb_A_1.meme	DONE
TFS_tr_A0A1B0GV02_A0A1B0GV02_HUMAN:280:357_5yeh_A_1.meme	DONE
TFS_sp_A6NP11_ZN716_HUMAN:213:487_5v3j_E_1.meme	DONE
TFS_tr_B4DL45_B4DL45_HUMAN:188:269_1nkp_A_1.meme	DONE
TFS_tr_A0A0B5IYB7_A0A0B5IYB7_HUMAN:5:97_6o3t_A_1.meme	FAIL
TFS_tr_B3KXP2_B3KXP2_HUMAN:254:336_6vtx_A_1.meme	DONE
TFS_sp_Q8N8C0_ZN781_HUMAN:29:111_4r2r_A_1.meme	DONE
TFS_sp_Q8IUM7_NPAS4_HUMAN:3:333_7xi3_B_1.meme	DONE
TFS_sp_Q9P243_ZFAT_HUMAN:743:793_3uk3_D_1.meme	DONE
DIMER_sp_Q6XD76_ASCL4_HUMAN:105:125_1am9_B_1.meme	DONE
TFS_sp_Q9Y462_ZN711_HUMAN:476:698_8ssu_A_1.meme	DONE
TFS_sp_Q8NEP9_ZN555_HUMAN:171:447_5v3j_E_1.meme	DONE
TFS_tr_Q6LES8_Q6LES8_HUMAN:44:240_6hb4_A_1.meme	DONE
TFS_tr_A0A1X7SC99_A0A1X7SC99_HUMAN:213:264_5k5l_F_1.meme	DONE
TFS_sp_Q8WYA1_BMAL2_HUMAN:109:470_5sy7_A_1.meme	DONE
TFS_tr_A0JP08_A0JP08_HUMAN:212:263_5k5l_F_1.meme	DONE
TFS_sp_Q8IZM8_ZN654_HUMAN:546:596_1jk2_A_1.meme	DONE
TFS_sp_O14862_AIM2_HUMAN:156:338_8i6k_A_1.meme	DONE
TFS_sp_O60281_ZN292_HUMAN:720:832_5ei9_E_1.meme	DONE
TFS_sp_Q68DE3_USF3_HUMAN:17:73_1an4_A_1.meme	DONE
TFS_sp_A6NM28_ZFP92_HUMAN:149:379_5wjq_D_1.meme	DONE
TFS_tr_B7Z6D4_B7Z6D4_HUMAN:822:904_6ki6_A_1.meme	DONE
TFS_sp_Q9GZX5_ZN350_HUMAN:196:425_5v3m_C_1.meme	DONE
TFS_sp_Q494X3_ZN404_HUMAN:242:518_5v3j_E_1.meme	DONE
TFS_tr_H7C2N6_H7C2N6_HUMAN:9:38_2jpa_A_1.meme	DONE
TFS_sp_Q8TBC5_ZSC18_HUMAN:411:469_6e93_A_1.meme	DONE
TFS_sp_Q9NW07_ZN358_HUMAN:261:369_6b0r_D_1.meme	DONE
DIMER_sp_Q9Y4A8_NF2L3_HUMAN:549:641_2wty_B_1.meme	DONE
TFS_tr_A0A7I2PK40_A0A7I2PK40_HUMAN:28:171_4zpr_B_1.meme	DONE
TFS_tr_E9PNC7_E9PNC7_HUMAN:9:49_7cvq_A_1.meme	DONE
TFS_tr_D6RFK7_D6RFK7_HUMAN:12:48_2l1g_A_1.meme	DONE
TFS_sp_P0CJ78_ZN865_HUMAN:794:1042_5v3m_C_1.meme	DONE
TFS_sp_O60315_ZEB2_HUMAN:999:1073_1a1j_A_1.meme	DONE
TFS_sp_A0A1W2PPK0_CPHL2_HUMAN:26:79_1fjl_B_1.meme	DONE
TFS_sp_Q6ZNH5_ZN497_HUMAN:131:241_5ei9_E_1.meme	DONE
TFS_sp_Q6V9R5_ZN562_HUMAN:314:423_5ei9_E_1.meme	DONE
TFS_sp_P24278_ZBT25_HUMAN:238:391_8sst_A_1.meme	DONE
DIMER_sp_Q9NQ33_ASCL3_HUMAN:126:146_1am9_B_1.meme	DONE
DIMER_tr_B7ZBM3_B7ZBM3_HUMAN:455:517_6ncm_A_1.meme	DONE
TFS_sp_Q14188_TFDP2_HUMAN:181:206_1cf7_A_1.meme	DONE
TFS_tr_C9JLX5_C9JLX5_HUMAN:266:362_5wjq_D_1.meme	DONE
TFS_tr_Q9H740_Q9H740_HUMAN:196:275_5yel_B_1.meme	DONE
TFS_sp_Q9GZX5_ZN350_HUMAN:196:428_5wjq_D_1.meme	DONE
TFS_sp_Q9H5V7_IKZF5_HUMAN:83:161_5k5h_A_1.meme	DONE
TFS_sp_O14862_AIM2_HUMAN:156:341_3rnu_C_1.meme	DONE
TFS_sp_Q96K75_ZN514_HUMAN:241:394_2i13_A_1.meme	DONE
TFS_sp_P17480_UBF1_HUMAN:405:550_2gzk_A_1.meme	DONE
TFS_sp_Q9Y2P7_ZN256_HUMAN:236:514_5wjq_D_1.meme	DONE
TFS_tr_J3KTI4_J3KTI4_HUMAN:414:685_5wjq_D_1.meme	DONE
TFS_sp_Q8NAF0_ZN579_HUMAN:268:466_5v3m_C_1.meme	DONE
TFS_tr_B4DHL1_B4DHL1_HUMAN:422:562_6ml4_A_1.meme	DONE
TFS_sp_P51522_ZNF83_HUMAN:148:424_5v3j_E_1.meme	DONE
TFS_sp_Q12870_TCF15_HUMAN:73:128_2ql2_B_1.meme	DONE
TFS_tr_H0YL38_H0YL38_HUMAN:346:486_6ml7_A_1.meme	DONE
DIMER_tr_Q6ZMW8_Q6ZMW8_HUMAN:417:470_6a8r_B_1.meme	DONE
DIMER_tr_E9PJ73_E9PJ73_HUMAN:21:37_2c9l_Y_1.meme	DONE
TFS_sp_O60393_NOBOX_HUMAN:350:364_2lkx_A_1.meme	DONE
TFS_tr_B4DHL1_B4DHL1_HUMAN:422:562_6ml6_A_1.meme	DONE
TFS_sp_P52743_ZN137_HUMAN:105:206_2jp9_A_1.meme	DONE
TFS_tr_B4DL45_B4DL45_HUMAN:188:269_1nkp_B_1.meme	DONE
DIMER_sp_Q9NQ33_ASCL3_HUMAN:126:146_1am9_D_1.meme	DONE
TFS_sp_Q6XD76_ASCL4_HUMAN:76:128_2ql2_B_1.meme	DONE
TFS_sp_Q6NSZ9_ZSC25_HUMAN:334:382_2i13_A_1.meme	DONE
TFS_sp_Q8IZC7_ZN101_HUMAN:262:416_2i13_A_1.meme	DONE
TFS_sp_Q8N9Z0_ZN610_HUMAN:204:450_5wjq_D_1.meme	DONE
TFS_sp_O43167_ZBT24_HUMAN:303:456_2i13_A_1.meme	DONE
TFS_sp_Q68DE3_USF3_HUMAN:20:103_8ia3_B_1.meme	DONE
TFS_sp_Q5SVQ8_ZBT41_HUMAN:552:625_1a1g_A_1.meme	DONE
DIMER_sp_Q7RTU5_ASCL5_HUMAN:163:211_1mdy_A_1.meme	DONE
TFS_sp_Q2M218_ZN630_HUMAN:173:289_5v3m_C_1.meme	DONE
TFS_sp_Q14919_NC2A_HUMAN:9:87_7cvq_A_1.meme	DONE
TFS_sp_Q96IT1_ZN496_HUMAN:522:575_5wjq_D_1.meme	DONE
TFS_sp_Q96I27_ZN625_HUMAN:66:292_7w1m_H_1.meme	DONE
TFS_tr_Q53F47_Q53F47_HUMAN:13:132_4wzs_B_1.meme	DONE
TFS_sp_Q8N587_ZN561_HUMAN:228:485_5v3m_C_1.meme	DONE
TFS_sp_Q9Y5A6_ZSC21_HUMAN:357:467_5egb_A_1.meme	DONE
TFS_sp_Q8NAF0_ZN579_HUMAN:376:466_2i13_A_1.meme	DONE
DIMER_sp_Q01826_SATB1_HUMAN:646:701_1hdd_D_1.meme	DONE
TFS_sp_O14771_ZN213_HUMAN:314:424_5egb_A_1.meme	DONE
TFS_tr_B4DGI1_B4DGI1_HUMAN:163:279_6b0q_D_1.meme	DONE
TFS_tr_C9J461_C9J461_HUMAN:120:145_1cf7_A_1.meme	DONE
TFS_sp_Q9HCE3_ZN532_HUMAN:1057:1111_2drp_A_1.meme	DONE
TFS_sp_Q86XF7_ZN575_HUMAN:175:235_5v3m_C_1.meme	DONE
TFS_tr_Q60F95_Q60F95_HUMAN:213:332_5yef_J_1.meme	DONE
TFS_tr_A0A8V8TPF3_A0A8V8TPF3_HUMAN:368:444_2o4a_A_1.meme	DONE
TFS_tr_A0A994J4N4_A0A994J4N4_HUMAN:112:181_7lbx_A_1.meme	DONE
TFS_sp_Q96BV0_ZN775_HUMAN:444:524_5ei9_E_1.meme	DONE
TFS_tr_B4DGI1_B4DGI1_HUMAN:223:368_6wmi_A_1.meme	DONE
TFS_tr_C9JLX5_C9JLX5_HUMAN:275:346_5egb_A_1.meme	DONE
DIMER_sp_P0DV77_TPRX2_HUMAN:24:77_4qtr_A_1.meme	DONE
TFS_sp_Q5TEC3_ZN697_HUMAN:260:543_5v3m_C_1.meme	DONE
TFS_tr_B4DFD9_B4DFD9_HUMAN:372:421_4is1_C_1.meme	DONE
TFS_sp_Q6P9A1_ZN530_HUMAN:267:542_5v3m_C_1.meme	DONE
TFS_tr_E9PNC7_E9PNC7_HUMAN:9:49_6r2v_C_1.meme	DONE
TFS_tr_K7ER43_K7ER43_HUMAN:238:516_5wjq_D_1.meme	DONE
DIMER_sp_Q92570_NR4A3_HUMAN:292:369_4cn2_D_1.meme	DONE
TFS_tr_A4LBB6_A4LBB6_HUMAN:73:128_2ql2_B_1.meme	DONE
TFS_sp_Q17RH7_TPRXL_HUMAN:24:74_6dfy_C_1.meme	DONE
TFS_tr_A0A494C1N8_A0A494C1N8_HUMAN:20:152_1hlv_A_1.meme	DONE
TFS_tr_E7EW59_E7EW59_HUMAN:493:544_5yj3_C_1.meme	DONE
TFS_tr_J3QLN9_J3QLN9_HUMAN:185:249_3osg_A_1.meme	DONE
TFS_tr_F8VXY9_F8VXY9_HUMAN:226:290_3osg_A_1.meme	DONE
TFS_tr_Q6ZNC6_Q6ZNC6_HUMAN:27:299_5v3m_C_1.meme	DONE
TFS_sp_Q9Y467_SALL2_HUMAN:630:715_6e93_A_1.meme	DONE
DIMER_sp_P0DV77_TPRX2_HUMAN:24:78_4uus_A_1.meme	DONE
TFS_tr_A0A6Q8PH34_A0A6Q8PH34_HUMAN:176:250_1a1h_A_1.meme	DONE
DIMER_tr_Q9UHQ8_Q9UHQ8_HUMAN:288:341_1jnm_B_1.meme	DONE
DIMER_tr_M0R2M9_M0R2M9_HUMAN:91:139_1mdy_A_1.meme	DONE
TFS_sp_Q7RTV3_ZN367_HUMAN:172:246_5keb_A_1.meme	DONE
TFS_sp_Q15572_TAF1C_HUMAN:300:380_6r90_L_1.meme	DONE
TFS_sp_Q63HK5_TSH3_HUMAN:214:407_5wjq_D_1.meme	DONE
TFS_sp_Q5TEC3_ZN697_HUMAN:186:211_5egb_A_1.meme	DONE
TFS_sp_Q9H5V7_IKZF5_HUMAN:366:413_4is1_C_1.meme	DONE
TFS_tr_A0A2R8YEW3_A0A2R8YEW3_HUMAN:350:361_3a01_B_1.meme	DONE
TFS_sp_Q96SQ7_ATOH8_HUMAN:231:282_6od4_B_1.meme	DONE
TFS_sp_Q15935_ZNF77_HUMAN:277:430_2i13_A_1.meme	DONE
TFS_sp_Q9H582_ZN644_HUMAN:410:480_5egb_A_1.meme	DONE
TFS_sp_Q499Z4_ZN672_HUMAN:162:418_5wjq_D_1.meme	DONE
TFS_sp_Q9P2Y4_ZN219_HUMAN:498:550_3uk3_D_1.meme	DONE
TFS_sp_A8MZ59_LEUTX_HUMAN:9:66_3cmy_A_1.meme	DONE
TFS_sp_Q96C00_ZBTB9_HUMAN:388:447_1jk1_A_1.meme	DONE
TFS_sp_Q9H9D4_ZN408_HUMAN:493:601_5egb_A_1.meme	DONE
TFS_sp_Q499Z4_ZN672_HUMAN:127:418_5v3m_C_1.meme	DONE
TFS_tr_O95276_O95276_HUMAN:33:114_1p47_A_1.meme	DONE
TFS_sp_Q8WW38_FOG2_HUMAN:298:386_1aay_A_1.meme	DONE
TFS_tr_E5RH41_E5RH41_HUMAN:75:198_5iya_R_1.meme	DONE
TFS_tr_K7EIE6_K7EIE6_HUMAN:176:425_5v3m_C_1.meme	DONE
TFS_tr_C9K0D1_C9K0D1_HUMAN:79:151_4y60_C_1.meme	DONE
TFS_sp_Q96C28_ZN707_HUMAN:258:342_1g2f_C_1.meme	DONE
TFS_sp_Q12870_TCF15_HUMAN:66:128_2ypb_A_1.meme	DONE
TFS_sp_O75475_PSIP1_HUMAN:3:91_5xsk_B_1.meme	DONE
TFS_tr_B4DK65_B4DK65_HUMAN:493:544_5yj3_C_1.meme	DONE
TFS_tr_Q5T7U1_Q5T7U1_HUMAN:8:60_6wg3_E_1.meme	DONE
TFS_sp_O75362_ZN217_HUMAN:125:239_5wjq_D_1.meme	DONE
TFS_sp_Q13398_ZN211_HUMAN:112:222_2i13_A_1.meme	DONE
TFS_tr_I7HIK6_I7HIK6_HUMAN:277:553_5v3m_C_1.meme	DONE
TFS_tr_E7ET52_E7ET52_HUMAN:166:254_1jk2_A_1.meme	DONE
TFS_sp_Q96C00_ZBTB9_HUMAN:388:447_1aay_A_1.meme	DONE
TFS_sp_Q5TEC3_ZN697_HUMAN:186:211_5eh2_F_1.meme	DONE
TFS_tr_E9PMU6_E9PMU6_HUMAN:141:228_2i13_A_1.meme	DONE
TFS_sp_Q6ZSB9_ZBT49_HUMAN:476:585_5egb_A_1.meme	DONE
TFS_tr_B4DLB0_B4DLB0_HUMAN:149:210_4s2q_D_1.meme	DONE
TFS_sp_Q16666_IF16_HUMAN:199:393_5z7d_C_1.meme	DONE
TFS_tr_O95276_O95276_HUMAN:33:127_2i13_A_1.meme	DONE
TFS_sp_Q86UE3_ZN546_HUMAN:720:830_6e94_A_1.meme	DONE
TFS_sp_Q6AHZ1_Z518A_HUMAN:152:230_5kkq_A_1.meme	DONE
TFS_sp_Q7Z5D8_NANGN_HUMAN:120:160_1ahd_P_1.meme	DONE
TFS_sp_Q86UD4_ZN329_HUMAN:200:478_5wjq_D_1.meme	DONE
TFS_sp_Q9H5J0_ZBTB3_HUMAN:474:523_3uk3_D_1.meme	DONE
DIMER_tr_A0A3B3ISI4_A0A3B3ISI4_HUMAN:391:450_5i50_B_1.meme	DONE
TFS_tr_I3L1J3_I3L1J3_HUMAN:478:516_5v3j_E_1.meme	DONE
TFS_tr_A0A3B3ISN1_A0A3B3ISN1_HUMAN:506:577_2mf8_A_1.meme	DONE
TFS_sp_Q5EBL2_ZN628_HUMAN:358:644_5v3j_E_1.meme	DONE
TFS_tr_B4DZR3_B4DZR3_HUMAN:29:117_1a1k_A_1.meme	DONE
TFS_sp_Q14587_ZN268_HUMAN:237:495_5wjq_D_1.meme	DONE
TFS_sp_O60304_ZN500_HUMAN:322:432_5ei9_E_1.meme	DONE
TFS_sp_Q08AG5_ZN844_HUMAN:222:332_5ei9_E_1.meme	DONE
TFS_sp_Q96N77_ZN641_HUMAN:262:354_5ei9_E_1.meme	DONE
TFS_sp_Q6ZNH5_ZN497_HUMAN:218:492_7w1m_H_1.meme	DONE
TFS_sp_O94842_TOX4_HUMAN:214:285_6cij_N_1.meme	DONE
DIMER_tr_Q6ZN29_Q6ZN29_HUMAN:619:679_5hod_A_1.meme	DONE
TFS_sp_Q969J2_ZKSC4_HUMAN:347:454_5eh2_F_1.meme	DONE
DIMER_sp_Q7LFL8_CXXC5_HUMAN:277:299_4aa6_A_1.meme	DONE
TFS_sp_Q9P2Y4_ZN219_HUMAN:498:549_3uk3_C_1.meme	DONE
TFS_sp_Q9H609_ZN576_HUMAN:105:165_2i13_A_1.meme	DONE
TFS_tr_A8KAK2_A8KAK2_HUMAN:117:228_2i13_A_1.meme	DONE
TFS_tr_A0A1B0GW50_A0A1B0GW50_HUMAN:999:1073_1a1f_A_1.meme	DONE
TFS_sp_P52743_ZN137_HUMAN:23:206_5wjq_D_1.meme	DONE
TFS_sp_P17030_ZNF25_HUMAN:100:140_2i13_A_1.meme	DONE
TFS_tr_B9EH69_B9EH69_HUMAN:359:637_5wjq_D_1.meme	DONE
TFS_tr_C9J8D0_C9J8D0_HUMAN:79:151_1o4x_B_1.meme	DONE
TFS_sp_A6NFI3_ZN316_HUMAN:784:937_2i13_A_1.meme	DONE
TFS_sp_Q6ECI4_ZN470_HUMAN:462:615_2i13_A_1.meme	DONE
TFS_sp_A6NM28_ZFP92_HUMAN:263:370_5eh2_F_1.meme	DONE
TFS_tr_Q9H6G9_Q9H6G9_HUMAN:48:73_7prv_A_1.meme	DONE
TFS_sp_Q9H2S9_IKZF4_HUMAN:160:267_2i13_A_1.meme	DONE
DIMER_sp_Q92949_FOXJ1_HUMAN:120:186_3qrf_G_1.meme	DONE
TFS_tr_I3L1Q4_I3L1Q4_HUMAN:171:234_7m5w_A_1.meme	DONE
DIMER_sp_Q8N7U7_TPRX1_HUMAN:4:19_5z2t_C_1.meme	DONE
TFS_sp_Q96K75_ZN514_HUMAN:229:339_5ei9_E_1.meme	DONE
TFS_sp_P0CB48_UBFL6_HUMAN:107:177_3tmm_A_1.meme	DONE
TFS_sp_O75398_DEAF1_HUMAN:504:552_3cbb_A_1.meme	DONE
TFS_tr_B4DRP8_B4DRP8_HUMAN:331:441_5egb_A_1.meme	DONE
TFS_tr_C9JYU6_C9JYU6_HUMAN:81:150_6jrp_A_1.meme	DONE
TFS_sp_P0CB48_UBFL6_HUMAN:230:313_4nnu_B_1.meme	DONE
TFS_sp_Q03014_HHEX_HUMAN:128:198_3a01_A_1.meme	DONE
TFS_tr_Q9BQR2_Q9BQR2_HUMAN:112:158_6hc3_A_1.meme	DONE
TFS_sp_P17017_ZNF14_HUMAN:221:249_5v3m_C_1.meme	DONE
TFS_sp_Q3SY56_SP6_HUMAN:254:336_6vtx_A_1.meme	DONE
TFS_tr_A0A1B0GV02_A0A1B0GV02_HUMAN:1024:1098_1jk2_A_1.meme	DONE
TFS_sp_Q6ZMY9_ZN517_HUMAN:367:477_6e93_A_1.meme	DONE
DIMER_tr_A0A0S2Z4K5_A0A0S2Z4K5_HUMAN:107:170_1a6y_B_1.meme	DONE
TFS_sp_Q8N1L9_BATF2_HUMAN:19:67_1dh3_C_1.meme	DONE
TFS_tr_A0A8Q3WKH9_A0A8Q3WKH9_HUMAN:1:48_5ei9_E_1.meme	DONE
TFS_sp_Q96I27_ZN625_HUMAN:68:292_5v3j_E_1.meme	DONE
TFS_sp_Q8IZC7_ZN101_HUMAN:138:416_5wjq_D_1.meme	DONE
TFS_sp_Q9H5V7_IKZF5_HUMAN:74:161_5yef_A_1.meme	DONE
TFS_sp_Q2M218_ZN630_HUMAN:173:289_5wjq_D_1.meme	DONE
TFS_tr_E9PKP7_E9PKP7_HUMAN:233:337_6hb4_A_1.meme	DONE
TFS_sp_Q9UNN4_TF2AY_HUMAN:411:478_5iy9_N_1.meme	DONE
TFS_sp_O75123_ZN623_HUMAN:85:147_5v3m_C_1.meme	DONE
TFS_tr_A0A8V8TMK4_A0A8V8TMK4_HUMAN:24:77_4qtr_A_1.meme	DONE
TFS_tr_Q60F95_Q60F95_HUMAN:213:264_5k5l_F_1.meme	DONE
TFS_sp_Q12789_TF3C1_HUMAN:1:716_8cli_A_1.meme	DONE
TFS_sp_O75123_ZN623_HUMAN:204:482_5wjq_D_1.meme	DONE
TFS_tr_Q9H7U2_Q9H7U2_HUMAN:47:200_2i13_A_1.meme	DONE
TFS_sp_Q9Y462_ZN711_HUMAN:385:436_5yj3_C_1.meme	DONE
DIMER_tr_H0YKC7_H0YKC7_HUMAN:72:132_5zjr_B_1.meme	DONE
TFS_sp_P51508_ZNF81_HUMAN:387:661_5v3m_C_1.meme	DONE
TFS_sp_O15062_ZBTB5_HUMAN:594:661_2kmk_A_1.meme	DONE
TFS_sp_O60315_ZEB2_HUMAN:1004:1078_5keb_A_1.meme	DONE
TFS_sp_Q3KP31_ZN791_HUMAN:271:546_5v3j_E_1.meme	DONE
TFS_tr_B4E2P7_B4E2P7_HUMAN:94:354_5wjq_D_1.meme	DONE
TFS_sp_Q9UNN4_TF2AY_HUMAN:411:478_7nvu_U_1.meme	DONE
TFS_sp_Q14587_ZN268_HUMAN:239:284_5wjq_D_1.meme	DONE
TFS_sp_Q92618_ZN516_HUMAN:36:95_8ssq_A_1.meme	DONE
TFS_sp_Q96K75_ZN514_HUMAN:151:398_5v3j_E_1.meme	DONE
TFS_tr_A8KAK2_A8KAK2_HUMAN:118:332_5v3m_C_1.meme	DONE
TFS_sp_Q9NYT6_ZN226_HUMAN:668:777_5ei9_E_1.meme	DONE
TFS_sp_O75541_ZN821_HUMAN:134:192_5k5h_A_1.meme	DONE
TFS_sp_Q9C0D4_Z518B_HUMAN:164:214_3uk3_D_1.meme	DONE
TFS_sp_Q3SXZ3_ZN718_HUMAN:172:446_5v3j_E_1.meme	DONE
TFS_tr_Q59FS2_Q59FS2_HUMAN:401:677_5v3m_C_1.meme	DONE
TFS_tr_A0A3B3ITL3_A0A3B3ITL3_HUMAN:180:251_2mf8_A_1.meme	DONE
TFS_tr_E9PMU6_E9PMU6_HUMAN:134:228_5v3m_C_1.meme	DONE
TFS_tr_B3KUN2_B3KUN2_HUMAN:344:478_6ml6_A_1.meme	DONE
TFS_tr_A0A804HJ42_A0A804HJ42_HUMAN:466:575_5ei9_E_1.meme	DONE
TFS_sp_Q8N895_ZN366_HUMAN:279:387_5egb_A_1.meme	DONE
TFS_tr_E9PLT2_E9PLT2_HUMAN:2:56_6cij_N_1.meme	DONE
TFS_sp_Q86YH2_Z280B_HUMAN:344:478_6ml7_A_1.meme	DONE
TFS_sp_Q9Y2H8_ZN510_HUMAN:403:511_5eh2_F_1.meme	DONE
TFS_sp_P17024_ZNF20_HUMAN:168:221_4m9v_C_1.meme	DONE
TFS_sp_Q6ECI4_ZN470_HUMAN:392:421_5egb_A_1.meme	DONE
TFS_tr_A4D178_A4D178_HUMAN:583:638_1fos_F_1.meme	DONE
TFS_sp_Q86XF7_ZN575_HUMAN:61:199_2i13_A_1.meme	DONE
TFS_sp_O60315_ZEB2_HUMAN:213:332_5yef_B_1.meme	DONE
TFS_tr_A0A3B3IS61_A0A3B3IS61_HUMAN:901:979_2mf8_A_1.meme	DONE
TFS_tr_B9EH69_B9EH69_HUMAN:149:222_1a1g_A_1.meme	DONE
TFS_tr_H3BSL4_H3BSL4_HUMAN:197:268_1a1g_A_1.meme	DONE
TFS_sp_Q14190_SIM2_HUMAN:2:141_5v0l_A_1.meme	DONE
TFS_sp_Q9HC78_ZBT20_HUMAN:575:685_5ei9_E_1.meme	DONE
TFS_sp_P52736_ZN133_HUMAN:363:516_2i13_A_1.meme	DONE
TFS_sp_Q96SZ4_ZSC10_HUMAN:559:712_2i13_A_1.meme	DONE
TFS_tr_A0A3B3ITE4_A0A3B3ITE4_HUMAN:378:654_5v3j_E_1.meme	DONE
TFS_sp_Q9UL36_ZN236_HUMAN:482:763_5v3j_E_1.meme	DONE
TFS_sp_Q9C0D4_Z518B_HUMAN:164:213_4is1_C_1.meme	DONE
TFS_tr_A0A0D9SEJ8_A0A0D9SEJ8_HUMAN:344:478_6ml7_A_1.meme	DONE
TFS_tr_B4DS73_B4DS73_HUMAN:220:474_5v3m_C_1.meme	DONE
TFS_tr_A0A6Q8PH34_A0A6Q8PH34_HUMAN:176:250_1a1k_A_1.meme	DONE
DIMER_tr_H0YKC7_H0YKC7_HUMAN:72:132_5zjt_B_1.meme	DONE
TFS_sp_Q5SXM2_SNPC4_HUMAN:81:398_7zxe_c_1.meme	DONE
TFS_sp_Q9H9D4_ZN408_HUMAN:493:601_5ei9_E_1.meme	DONE
DIMER_tr_H0YKC7_H0YKC7_HUMAN:85:128_4xrm_A_1.meme	DONE
TFS_sp_A0A1W2PPF3_DUXB_HUMAN:17:155_6u82_A_1.meme	DONE
TFS_sp_Q8ND82_Z280C_HUMAN:354:492_6ml5_A_1.meme	DONE
DIMER_tr_A4D178_A4D178_HUMAN:583:636_1jnm_B_1.meme	DONE
TFS_sp_Q96C28_ZN707_HUMAN:229:338_5ei9_E_1.meme	DONE
TFS_sp_Q9Y2H8_ZN510_HUMAN:403:676_5v3j_E_1.meme	DONE
TFS_sp_A0A1B0GWH4_HSFX3_HUMAN:82:148_7dcu_A_1.meme	DONE
TFS_sp_Q9NUA8_ZBT40_HUMAN:738:784_5yj3_C_1.meme	DONE
DIMER_sp_A0A1W2PPF3_DUXB_HUMAN:106:155_6dfy_C_1.meme	DONE
TFS_tr_Q59FS2_Q59FS2_HUMAN:264:370_5eh2_F_1.meme	DONE
TFS_tr_B4DHL1_B4DHL1_HUMAN:423:560_5v3m_C_1.meme	DONE
TFS_sp_A0A1B0GWH4_HSFX3_HUMAN:82:182_5d5v_D_1.meme	DONE
TFS_tr_Q60F95_Q60F95_HUMAN:213:332_5kkq_A_1.meme	DONE
DIMER_sp_Q9Y4A8_NF2L3_HUMAN:583:638_5t01_B_1.meme	DONE
DIMER_sp_A6NFD8_HELT_HUMAN:15:63_1hlo_A_1.meme	DONE
DIMER_sp_Q7LFL8_CXXC5_HUMAN:270:296_1a6y_A_1.meme	DONE
TFS_tr_A0A090N8E5_A0A090N8E5_HUMAN:350:361_9ant_A_1.meme	DONE
DIMER_tr_Q9UHQ8_Q9UHQ8_HUMAN:254:346_2wty_B_1.meme	DONE
TFS_sp_Q96NK8_NDF6_HUMAN:95:149_7z5k_B_1.meme	DONE
TFS_tr_C9JR56_C9JR56_HUMAN:304:370_2d5v_A_1.meme	DONE
TFS_sp_Q9HCC6_HES4_HUMAN:33:93_1an4_A_1.meme	DONE
TFS_tr_C9JR56_C9JR56_HUMAN:507:608_6e8c_A_1.meme	DONE
DIMER_sp_Q9Y6X8_ZHX2_HUMAN:275:317_5z2t_D_1.meme	DONE
TFS_sp_Q5T619_ZN648_HUMAN:279:554_5v3m_C_1.meme	DONE
TFS_tr_A0A0S2Z4K5_A0A0S2Z4K5_HUMAN:171:260_3e00_D_1.meme	DONE
DIMER_sp_Q5TGS1_HES3_HUMAN:32:56_1am9_B_1.meme	DONE
TFS_tr_B4DSV2_B4DSV2_HUMAN:374:423_4is1_C_1.meme	DONE
TFS_sp_P17024_ZNF20_HUMAN:256:529_5v3m_C_1.meme	DONE
TFS_tr_B4DK65_B4DK65_HUMAN:235:286_8a4i_I_1.meme	DONE
TFS_sp_Q8N9Z0_ZN610_HUMAN:229:339_5ei9_E_1.meme	DONE
TFS_tr_O00164_O00164_HUMAN:247:328_1j46_A_1.meme	DONE
DIMER_sp_Q7RTU7_SCX_HUMAN:76:131_1mdy_B_1.meme	DONE
TFS_sp_Q96PN7_TREF1_HUMAN:1086:1112_1g2f_C_1.meme	DONE
TFS_tr_Q32MA5_Q32MA5_HUMAN:298:386_1a1h_A_1.meme	DONE
TFS_sp_Q14584_ZN266_HUMAN:71:139_5eh2_F_1.meme	DONE
TFS_tr_B4DZR3_B4DZR3_HUMAN:29:117_1a1g_A_1.meme	DONE
TFS_sp_Q14584_ZN266_HUMAN:116:206_5ei9_E_1.meme	DONE
TFS_tr_A0A3B3IS14_A0A3B3IS14_HUMAN:926:971_6wmi_A_1.meme	DONE
TFS_sp_Q96ME7_ZN512_HUMAN:439:466_6df9_A_1.meme	DONE
TFS_tr_A8K962_A8K962_HUMAN:405:486_1j47_A_1.meme	DONE
TFS_sp_O15353_FOXN1_HUMAN:271:362_6ncm_B_1.meme	DONE
TFS_sp_Q9P243_ZFAT_HUMAN:747:822_5keb_A_1.meme	DONE
TFS_sp_Q92618_ZN516_HUMAN:241:301_4m9v_C_1.meme	DONE
TFS_sp_Q7RTU5_ASCL5_HUMAN:159:213_2ql2_B_1.meme	DONE
TFS_sp_Q9UIF9_BAZ2A_HUMAN:1677:1724_5xfr_A_1.meme	DONE
TFS_sp_P24278_ZBT25_HUMAN:344:390_2kmk_A_1.meme	DONE
TFS_sp_Q9HCC6_HES4_HUMAN:35:98_7d8t_B_1.meme	FAIL
TFS_sp_Q9BR84_ZN559_HUMAN:176:200_5egb_A_1.meme	DONE
TFS_sp_Q7LFL8_CXXC5_HUMAN:258:304_2kkf_A_1.meme	DONE
TFS_tr_B4DS48_B4DS48_HUMAN:506:577_2mf8_A_1.meme	DONE
TFS_tr_B4E2P7_B4E2P7_HUMAN:108:357_5v3m_C_1.meme	DONE
TFS_sp_Q8TAF7_ZN461_HUMAN:366:519_2i13_A_1.meme	DONE
TFS_sp_Q7RTU5_ASCL5_HUMAN:163:211_1mdy_A_1.meme	DONE
TFS_tr_A4LBB6_A4LBB6_HUMAN:67:128_2ypa_A_1.meme	DONE
TFS_tr_Q6NVX3_Q6NVX3_HUMAN:97:148_7z5k_B_1.meme	DONE
TFS_sp_Q99676_ZN184_HUMAN:259:412_2i13_A_1.meme	DONE
TFS_tr_A0A3B3IRX0_A0A3B3IRX0_HUMAN:753:783_2jx1_A_1.meme	DONE
TFS_sp_Q96K83_ZN521_HUMAN:117:228_2i13_A_1.meme	DONE
TFS_tr_Q6IBK5_Q6IBK5_HUMAN:13:168_5fmf_U_1.meme	DONE
TFS_tr_Q13582_Q13582_HUMAN:1:65_2i13_A_1.meme	DONE
DIMER_sp_Q92949_FOXJ1_HUMAN:121:199_3g73_A_1.meme	DONE
TFS_sp_Q6NSZ9_ZSC25_HUMAN:346:383_5ei9_E_1.meme	DONE
TFS_sp_Q5SVQ8_ZBT41_HUMAN:490:742_5v3j_E_1.meme	DONE
TFS_sp_P17025_ZN182_HUMAN:287:565_5wjq_D_1.meme	DONE
TFS_sp_Q96NL3_ZN599_HUMAN:226:502_5v3j_E_1.meme	DONE
TFS_sp_Q14582_MAD4_HUMAN:55:111_1an4_B_1.meme	DONE
TFS_tr_E9PKP7_E9PKP7_HUMAN:233:337_3tq6_A_1.meme	DONE
TFS_sp_Q5SXM2_SNPC4_HUMAN:149:513_8iue_4_1.meme	DONE
TFS_sp_Q6NSZ9_ZSC25_HUMAN:400:509_5ei9_E_1.meme	DONE
TFS_tr_Q6ZNC6_Q6ZNC6_HUMAN:27:299_5v3j_E_1.meme	DONE
TFS_sp_Q9BR84_ZN559_HUMAN:268:535_5v3j_E_1.meme	DONE
TFS_tr_A0A994J5J9_A0A994J5J9_HUMAN:217:253_6ryl_C_1.meme	DONE
TFS_sp_P0DV77_TPRX2_HUMAN:19:78_1fjl_A_1.meme	FAIL
TFS_sp_Q9NUA8_ZBT40_HUMAN:806:1093_5wjq_D_1.meme	DONE
TFS_sp_Q9HC78_ZBT20_HUMAN:576:685_6ml4_A_1.meme	DONE
TFS_tr_A0A3B3IRM3_A0A3B3IRM3_HUMAN:1003:1032_2mf8_A_1.meme	DONE
TFS_sp_P62380_TBPL1_HUMAN:13:183_7edx_P_1.meme	DONE
TFS_sp_Q8WY36_BBX_HUMAN:81:150_7m5w_A_1.meme	DONE
TFS_sp_O15062_ZBTB5_HUMAN:606:662_1f2i_H_1.meme	DONE
TFS_sp_Q8IZ20_ZN683_HUMAN:322:448_5eh2_F_1.meme	DONE
TFS_sp_Q9UID6_ZN639_HUMAN:235:482_5v3j_E_1.meme	DONE
TFS_sp_Q2M218_ZN630_HUMAN:290:566_5v3m_C_1.meme	DONE
TFS_tr_A0A804HJ42_A0A804HJ42_HUMAN:466:575_5egb_A_1.meme	DONE
TFS_tr_Q9UHQ8_Q9UHQ8_HUMAN:240:343_7x5f_B_1.meme	DONE
TFS_sp_Q86V15_CASZ1_HUMAN:668:692_2wbs_A_1.meme	DONE
TFS_tr_Q6ZMW8_Q6ZMW8_HUMAN:418:473_3hdd_B_1.meme	DONE
TFS_tr_B3KPQ9_B3KPQ9_HUMAN:360:441_6lff_A_1.meme	DONE
TFS_tr_E9PNC7_E9PNC7_HUMAN:13:50_4wzs_A_1.meme	DONE
TFS_sp_Q9UJW7_ZN229_HUMAN:637:790_2i13_A_1.meme	DONE
TFS_sp_O95625_ZBT11_HUMAN:647:932_5wjq_D_1.meme	DONE
DIMER_tr_H0YKC7_H0YKC7_HUMAN:85:128_6fqq_D_1.meme	DONE
TFS_sp_Q9P1Z0_ZBTB4_HUMAN:765:792_5yef_A_1.meme	DONE
TFS_sp_Q13129_RLF_HUMAN:719:825_2jp9_A_1.meme	DONE
TFS_sp_Q6ZMY9_ZN517_HUMAN:204:474_5v3j_E_1.meme	DONE
TFS_sp_Q5T0B9_ZN362_HUMAN:232:335_2jp9_A_1.meme	DONE
TFS_tr_B4DT98_B4DT98_HUMAN:47:307_5wjq_D_1.meme	DONE
TFS_sp_Q6ZNG2_DBX2_HUMAN:190:247_1b72_A_1.meme	DONE
DIMER_tr_Q6ZN29_Q6ZN29_HUMAN:621:674_6a8r_B_1.meme	DONE
TFS_tr_Q9H6A7_Q9H6A7_HUMAN:127:152_5e6b_A_1.meme	DONE
TFS_sp_Q9UID6_ZN639_HUMAN:204:336_8sss_A_1.meme	DONE
TFS_sp_O95125_ZN202_HUMAN:490:643_2i13_A_1.meme	DONE
TFS_tr_E7EVZ1_E7EVZ1_HUMAN:2552:2636_3l1p_B_1.meme	DONE
TFS_sp_P0CG24_ZN883_HUMAN:291:373_1jk1_A_1.meme	DONE
TFS_tr_E5KSX8_E5KSX8_HUMAN:44:236_4nnu_A_1.meme	DONE
TFS_tr_B7Z851_B7Z851_HUMAN:176:311_2i13_A_1.meme	DONE
TFS_sp_Q96C28_ZN707_HUMAN:173:366_5v3j_E_1.meme	DONE
TFS_sp_P0CB47_UBFL1_HUMAN:100:194_4nnu_B_1.meme	DONE
TFS_sp_Q6ZSB9_ZBT49_HUMAN:379:585_5v3m_C_1.meme	DONE
TFS_tr_B4DJ39_B4DJ39_HUMAN:149:221_3nm9_G_1.meme	DONE
TFS_tr_Q13582_Q13582_HUMAN:1:65_5egb_A_1.meme	DONE
TFS_tr_I3L1J3_I3L1J3_HUMAN:520:774_5v3m_C_1.meme	DONE
TFS_tr_D2CFI5_D2CFI5_HUMAN:66:120_1b8i_A_1.meme	DONE
TFS_tr_B4DLB0_B4DLB0_HUMAN:11:115_3tmm_A_1.meme	DONE
TFS_sp_Q68DY9_ZN772_HUMAN:263:489_5wjq_D_1.meme	DONE
TFS_sp_P31629_ZEP2_HUMAN:177:239_5egb_A_1.meme	DONE
TFS_sp_Q9HAH1_ZN556_HUMAN:147:253_5ei9_E_1.meme	DONE
TFS_tr_B7Z851_B7Z851_HUMAN:163:279_6b0q_D_1.meme	DONE
TFS_sp_Q8IZ20_ZN683_HUMAN:318:451_6ml5_A_1.meme	DONE
TFS_sp_Q6ZNG2_DBX2_HUMAN:190:249_6es3_K_1.meme	DONE
TFS_sp_Q969J2_ZKSC4_HUMAN:286:537_5wjq_D_1.meme	DONE
TFS_sp_P62380_TBPL1_HUMAN:13:183_6f40_U_1.meme	DONE
TFS_sp_Q9UL58_ZN215_HUMAN:380:429_4is1_C_1.meme	DONE
TFS_tr_Q9H6G9_Q9H6G9_HUMAN:48:73_6x6d_A_1.meme	DONE
TFS_tr_H3BSL4_H3BSL4_HUMAN:191:269_5wjq_D_1.meme	DONE
TFS_sp_P78364_PHC1_HUMAN:800:835_6df9_A_1.meme	DONE
TFS_sp_Q9NR11_ZN302_HUMAN:333:443_5egb_A_1.meme	DONE
TFS_sp_Q68DY9_ZN772_HUMAN:348:457_5ei9_E_1.meme	DONE
TFS_tr_Q7KYZ0_Q7KYZ0_HUMAN:38:99_8ifo_A_1.meme	DONE
TFS_tr_J3KTI4_J3KTI4_HUMAN:476:563_5yeg_A_1.meme	DONE
DIMER_sp_Q8IVH2_FOXP4_HUMAN:467:529_6ncm_A_1.meme	DONE
DIMER_tr_A0A1B0GV02_A0A1B0GV02_HUMAN:684:721_5wc9_A_1.meme	DONE
TFS_sp_O60281_ZN292_HUMAN:2256:2284_1tf3_A_1.meme	DONE
TFS_sp_Q8ND82_Z280C_HUMAN:354:492_6ml6_A_1.meme	DONE
TFS_sp_Q92618_ZN516_HUMAN:36:95_7w1m_H_1.meme	DONE
TFS_sp_P51522_ZNF83_HUMAN:148:424_5v3m_C_1.meme	DONE
TFS_sp_Q5SXM1_ZN678_HUMAN:178:456_5wjq_D_1.meme	DONE
TFS_tr_Q6IBK5_Q6IBK5_HUMAN:5:180_6o9l_S_1.meme	DONE
TFS_tr_A0A994J5J9_A0A994J5J9_HUMAN:217:253_6ryi_B_1.meme	DONE
TFS_sp_Q9UBD0_HSFX1_HUMAN:99:164_5hdn_B_1.meme	DONE
TFS_tr_O00164_O00164_HUMAN:247:312_1hry_A_1.meme	DONE
TFS_sp_Q14188_TFDP2_HUMAN:129:210_1cf7_B_1.meme	DONE
TFS_tr_B7ZLF3_B7ZLF3_HUMAN:155:188_5v3j_E_1.meme	DONE
TFS_sp_Q9UBD0_HSFX1_HUMAN:99:164_5d8l_B_1.meme	DONE
TFS_sp_O75132_ZBED4_HUMAN:859:903_5ego_B_1.meme	DONE
TFS_tr_J3KQH6_J3KQH6_HUMAN:755:790_6df9_A_1.meme	DONE
TFS_sp_O14862_AIM2_HUMAN:154:338_5z7d_C_1.meme	DONE
TFS_sp_Q5JNZ3_ZN311_HUMAN:424:577_2i13_A_1.meme	DONE
TFS_sp_Q8WYA1_BMAL2_HUMAN:106:472_7xi3_A_1.meme	DONE
TFS_sp_P36508_ZNF76_HUMAN:162:370_5v3j_E_1.meme	DONE
TFS_sp_P51522_ZNF83_HUMAN:149:447_7w1m_H_1.meme	DONE
TFS_tr_M0R186_M0R186_HUMAN:47:105_5v3j_E_1.meme	DONE
TFS_sp_P52746_ZN142_HUMAN:1172:1304_5und_A_1.meme	DONE
TFS_sp_O15090_ZN536_HUMAN:132:180_3uk3_D_1.meme	DONE
TFS_sp_Q76KX8_ZN534_HUMAN:236:389_2i13_A_1.meme	DONE
TFS_sp_P0CG24_ZN883_HUMAN:12:288_5v3j_E_1.meme	DONE
TFS_tr_M0R186_M0R186_HUMAN:53:106_1g2f_C_1.meme	DONE
TFS_tr_C9JSH4_C9JSH4_HUMAN:79:151_1gt0_D_1.meme	DONE
TFS_sp_P41218_MNDA_HUMAN:206:393_4qgu_A_1.meme	DONE
TFS_sp_P0DV77_TPRX2_HUMAN:20:75_1fjl_B_1.meme	DONE
TFS_sp_Q9HC78_ZBT20_HUMAN:574:684_2jp9_A_1.meme	DONE
DIMER_tr_B4DMG0_B4DMG0_HUMAN:85:106_3coq_B_1.meme	DONE
TFS_tr_B4DLH3_B4DLH3_HUMAN:166:254_1jk1_A_1.meme	DONE
TFS_sp_Q9UL68_MYT1L_HUMAN:505:531_2jx1_A_1.meme	DONE
TFS_sp_Q96SK3_ZN607_HUMAN:222:332_5ei9_E_1.meme	DONE
TFS_sp_Q9HB31_SEBOX_HUMAN:23:73_6dfy_C_1.meme	DONE
TFS_sp_Q9NRE2_TSH2_HUMAN:211:238_5v3j_E_1.meme	DONE
TFS_tr_B4DSV2_B4DSV2_HUMAN:374:430_7n5u_A_1.meme	DONE
TFS_sp_Q6V9R5_ZN562_HUMAN:177:426_5v3j_E_1.meme	DONE
TFS_tr_I3L2J0_I3L2J0_HUMAN:1107:1180_7m5w_A_1.meme	DONE
TFS_sp_Q9ULJ3_ZBT21_HUMAN:1038:1065_5ei9_E_1.meme	DONE
TFS_sp_Q9NSD4_ZN275_HUMAN:280:427_2i13_A_1.meme	DONE
TFS_sp_Q9BRR0_ZKSC3_HUMAN:280:530_5wjq_D_1.meme	DONE
TFS_tr_B5MCP8_B5MCP8_HUMAN:119:154_4gat_A_1.meme	DONE
TFS_tr_A0A087WZQ2_A0A087WZQ2_HUMAN:337:613_5v3j_E_1.meme	DONE
TFS_tr_B4DS73_B4DS73_HUMAN:190:471_5wjq_D_1.meme	DONE
DIMER_tr_C0LLI8_C0LLI8_HUMAN:1:19_1hcq_B_1.meme	DONE
TFS_sp_Q7Z4V0_ZN438_HUMAN:507:557_5yj3_C_1.meme	DONE
TFS_sp_Q9Y4A8_NF2L3_HUMAN:583:620_1a02_J_1.meme	DONE
TFS_tr_A0A090N8E5_A0A090N8E5_HUMAN:350:364_2lkx_A_1.meme	DONE
DIMER_tr_A0A2R8YEW3_A0A2R8YEW3_HUMAN:350:361_4qtr_B_1.meme	DONE
TFS_sp_P17017_ZNF14_HUMAN:220:249_5ei9_E_1.meme	DONE
TFS_sp_Q9Y467_SALL2_HUMAN:630:715_6e94_A_1.meme	DONE
TFS_sp_P52736_ZN133_HUMAN:323:601_5wjq_D_1.meme	DONE
TFS_sp_Q99742_NPAS1_HUMAN:46:407_4zpk_B_1.meme	DONE
TFS_sp_Q8TBC5_ZSC18_HUMAN:411:469_2i13_A_1.meme	DONE
TFS_sp_Q6ZT77_ZN826_HUMAN:117:173_4m9v_C_1.meme	DONE
TFS_tr_M0R0R9_M0R0R9_HUMAN:81:240_6o9l_S_1.meme	DONE
TFS_tr_Q9BQR2_Q9BQR2_HUMAN:112:158_5jgh_A_1.meme	DONE
TFS_sp_O75362_ZN217_HUMAN:128:239_5eh2_F_1.meme	DONE
TFS_sp_Q8N7U7_TPRX1_HUMAN:2:25_2r5y_A_1.meme	DONE
TFS_sp_Q08AG5_ZN844_HUMAN:138:371_5wjq_D_1.meme	DONE
DIMER_sp_P12524_MYCL_HUMAN:282:363_1nkp_A_1.meme	DONE
TFS_tr_B4DLB0_B4DLB0_HUMAN:146:227_1j46_A_1.meme	DONE
TFS_sp_Q9H582_ZN644_HUMAN:446:473_4m9v_C_1.meme	DONE
TFS_sp_Q96K83_ZN521_HUMAN:283:339_5yj3_C_1.meme	DONE
TFS_sp_Q9Y2H8_ZN510_HUMAN:402:646_8ssr_A_1.meme	DONE
TFS_sp_Q96NL3_ZN599_HUMAN:226:502_5v3m_C_1.meme	DONE
TFS_tr_B4DGI1_B4DGI1_HUMAN:197:335_2gli_A_1.meme	DONE
TFS_sp_P17480_UBF1_HUMAN:407:469_5jh0_D_1.meme	DONE
TFS_tr_A0A3F2YPB8_A0A3F2YPB8_HUMAN:138:206_5ei9_E_1.meme	DONE
TFS_sp_Q8N7G0_PO5F2_HUMAN:118:267_3l1p_A_1.meme	DONE
TFS_sp_Q9NUA8_ZBT40_HUMAN:873:1028_2i13_A_1.meme	DONE
TFS_tr_A0A8V8TPF3_A0A8V8TPF3_HUMAN:248:314_2d5v_A_1.meme	DONE
TFS_tr_C9JLX5_C9JLX5_HUMAN:432:585_2i13_A_1.meme	DONE
TFS_sp_Q5EBL2_ZN628_HUMAN:290:314_5egb_A_1.meme	DONE
TFS_sp_Q86UP3_ZFHX4_HUMAN:2533:2617_3l1p_B_1.meme	DONE
TFS_sp_Q9BS34_ZN670_HUMAN:101:387_5wjq_D_1.meme	DONE
TFS_sp_O60315_ZEB2_HUMAN:213:332_5yef_J_1.meme	DONE
DIMER_tr_Q59FT3_Q59FT3_HUMAN:646:697_1jgg_B_1.meme	DONE
TFS_sp_O14628_ZN195_HUMAN:357:624_7w1m_H_1.meme	DONE
TFS_tr_B4DT98_B4DT98_HUMAN:61:310_5v3m_C_1.meme	DONE
TFS_tr_O95276_O95276_HUMAN:33:114_4r2d_A_1.meme	DONE
TFS_sp_Q96EG3_ZN837_HUMAN:273:321_5yj3_C_1.meme	DONE
TFS_sp_Q14588_ZN234_HUMAN:509:619_5ei9_E_1.meme	DONE
TFS_tr_A0A2R8YEW3_A0A2R8YEW3_HUMAN:350:368_1ahd_P_1.meme	DONE
TFS_sp_Q3ZCX4_ZN568_HUMAN:250:548_7w1m_H_1.meme	DONE
TFS_sp_P17027_ZNF23_HUMAN:373:526_2i13_A_1.meme	DONE
TFS_sp_P35269_T2FA_HUMAN:5:180_5iyb_S_1.meme	DONE
DIMER_sp_Q9Y2D1_ATF5_HUMAN:210:265_2h7h_B_1.meme	DONE
TFS_sp_Q8IX07_FOG1_HUMAN:296:342_8cuc_F_1.meme	DONE
TFS_sp_Q08AG5_ZN844_HUMAN:224:332_5eh2_F_1.meme	DONE
DIMER_sp_Q9Y2D1_ATF5_HUMAN:210:265_5t01_B_1.meme	DONE
TFS_sp_A6NFD8_HELT_HUMAN:9:68_4h10_A_1.meme	DONE
TFS_sp_Q96K83_ZN521_HUMAN:118:332_5v3m_C_1.meme	DONE
TFS_sp_P17023_ZNF19_HUMAN:160:436_5v3j_E_1.meme	DONE
TFS_sp_Q8WYA1_BMAL2_HUMAN:109:472_4zpk_A_1.meme	DONE
TFS_sp_Q9H2S9_IKZF4_HUMAN:189:237_4is1_C_1.meme	DONE
TFS_tr_E5RGS9_E5RGS9_HUMAN:19:48_4awl_C_1.meme	DONE
TFS_sp_Q7L945_ZN627_HUMAN:166:442_5v3m_C_1.meme	DONE
TFS_sp_Q9UL58_ZN215_HUMAN:369:512_2i13_A_1.meme	DONE
DIMER_sp_P0DV77_TPRX2_HUMAN:19:78_1fjl_A_1.meme	DONE
TFS_tr_Q53F47_Q53F47_HUMAN:8:93_4awl_B_1.meme	DONE
TFS_sp_Q8NB15_ZN511_HUMAN:73:169_8ffz_A_1.meme	DONE
TFS_tr_B4DGI1_B4DGI1_HUMAN:163:279_2jp9_A_1.meme	DONE
TFS_tr_E9PB28_E9PB28_HUMAN:60:88_1am9_D_1.meme	DONE
TFS_tr_Q05BZ1_Q05BZ1_HUMAN:233:306_6hb4_A_1.meme	DONE
TFS_tr_Q59FS2_Q59FS2_HUMAN:265:396_2i13_A_1.meme	DONE
TFS_sp_Q15697_ZN174_HUMAN:322:404_5kl5_A_1.meme	DONE
DIMER_tr_O43245_O43245_HUMAN:302:361_4oln_A_1.meme	DONE
TFS_sp_Q15572_TAF1C_HUMAN:300:380_6r8y_L_1.meme	DONE
DIMER_tr_Q6ZMW8_Q6ZMW8_HUMAN:418:473_3hdd_B_1.meme	DONE
TFS_tr_H0YLA6_H0YLA6_HUMAN:359:499_6ml6_A_1.meme	DONE
TFS_sp_Q8NB15_ZN511_HUMAN:81:169_1ubd_C_1.meme	DONE
TFS_tr_Q59FS2_Q59FS2_HUMAN:511:621_5ei9_E_1.meme	DONE
TFS_tr_A0A994J4N4_A0A994J4N4_HUMAN:233:337_6erq_C_1.meme	DONE
TFS_sp_Q8WY36_BBX_HUMAN:81:150_6jrp_A_1.meme	DONE
TFS_sp_Q9UIF9_BAZ2A_HUMAN:556:601_6cnq_A_1.meme	DONE
TFS_tr_Q53F65_Q53F65_HUMAN:209:305_2nny_B_1.meme	DONE
TFS_sp_Q9UI36_DACH1_HUMAN:652:727_7x5g_B_1.meme	DONE
TFS_sp_O75123_ZN623_HUMAN:79:145_5egb_A_1.meme	DONE
TFS_tr_B4DGI1_B4DGI1_HUMAN:163:279_6b0p_D_1.meme	DONE
TFS_sp_Q3ZCX4_ZN568_HUMAN:427:580_2i13_A_1.meme	DONE
TFS_sp_Q4V348_Z658B_HUMAN:16:246_5v3j_E_1.meme	DONE
TFS_tr_Q96SV5_Q96SV5_HUMAN:230:340_5ei9_E_1.meme	DONE
TFS_sp_Q86YH2_Z280B_HUMAN:375:479_6e93_A_1.meme	DONE
TFS_sp_Q92570_NR4A3_HUMAN:290:625_7wnh_A_1.meme	DONE
TFS_tr_A0A1X7SC99_A0A1X7SC99_HUMAN:213:332_5t0u_A_1.meme	DONE
TFS_sp_Q9H9D4_ZN408_HUMAN:446:601_2i13_A_1.meme	DONE
DIMER_sp_Q6V9R5_ZN562_HUMAN:85:106_3coq_B_1.meme	DONE
TFS_sp_Q92570_NR4A3_HUMAN:292:365_1r0o_A_1.meme	DONE
TFS_sp_Q13129_RLF_HUMAN:719:825_6b0o_A_1.meme	DONE
TFS_sp_Q7RTV3_ZN367_HUMAN:172:232_6wmi_A_1.meme	DONE
TFS_sp_P17480_UBF1_HUMAN:110:266_2gzk_A_1.meme	DONE
TFS_sp_Q9NX65_ZSC32_HUMAN:574:683_2jp9_A_1.meme	DONE
DIMER_sp_Q7RTU5_ASCL5_HUMAN:161:212_2ypa_A_1.meme	DONE
TFS_sp_Q9UL36_ZN236_HUMAN:480:731_8ssr_A_1.meme	DONE
TFS_sp_P17021_ZNF17_HUMAN:199:352_2i13_A_1.meme	DONE
TFS_sp_Q8TAF7_ZN461_HUMAN:183:244_5v3j_E_1.meme	DONE
TFS_tr_A0A3B3ITE4_A0A3B3ITE4_HUMAN:351:641_7w1m_H_1.meme	DONE
TFS_sp_Q9HD90_NDF4_HUMAN:88:143_1mdy_A_1.meme	DONE
TFS_tr_Q6NVX3_Q6NVX3_HUMAN:97:148_7z5i_B_1.meme	DONE
TFS_sp_P49910_ZN165_HUMAN:369:478_5ei9_E_1.meme	DONE
TFS_sp_Q14584_ZN266_HUMAN:82:206_2i13_A_1.meme	DONE
TFS_tr_A8K251_A8K251_HUMAN:502:612_5egb_A_1.meme	DONE
TFS_tr_D2CFI5_D2CFI5_HUMAN:62:120_3cmy_A_1.meme	DONE
TFS_sp_Q9GZX5_ZN350_HUMAN:259:369_5egb_A_1.meme	DONE
TFS_sp_Q8N7U7_TPRX1_HUMAN:2:22_1ig7_A_1.meme	DONE
TFS_sp_P0CB48_UBFL6_HUMAN:230:313_4nnu_A_1.meme	DONE
TFS_sp_Q8N1G0_ZN687_HUMAN:1136:1158_5t0u_A_1.meme	DONE
TFS_sp_Q16666_IF16_HUMAN:199:389_4qgu_A_1.meme	DONE
TFS_sp_Q7Z4V0_ZN438_HUMAN:509:558_4is1_C_1.meme	DONE
TFS_sp_Q9Y6X8_ZHX2_HUMAN:447:493_5zfw_A_1.meme	DONE
TFS_tr_A0A2R8YEW3_A0A2R8YEW3_HUMAN:272:318_3cmy_A_1.meme	DONE
TFS_tr_A0A3B3IUE2_A0A3B3IUE2_HUMAN:733:811_2mf8_A_1.meme	DONE
TFS_tr_K7EIE6_K7EIE6_HUMAN:176:425_5v3j_E_1.meme	DONE
TFS_sp_Q9HB31_SEBOX_HUMAN:21:73_3lnq_A_1.meme	DONE
TFS_sp_Q14584_ZN266_HUMAN:71:139_5ei9_E_1.meme	DONE
TFS_tr_Q9H6A7_Q9H6A7_HUMAN:127:152_6x6d_A_1.meme	DONE
TFS_sp_Q6P1L6_ZN343_HUMAN:334:487_2i13_A_1.meme	DONE
TFS_tr_A0A3B3IRX5_A0A3B3IRX5_HUMAN:1003:1032_2mf8_A_1.meme	DONE
TFS_sp_Q96K75_ZN514_HUMAN:229:339_5egb_A_1.meme	DONE
DIMER_sp_Q9Y2D1_ATF5_HUMAN:210:265_1jnm_A_1.meme	DONE
DIMER_sp_P12980_LYL1_HUMAN:148:209_2ypb_A_1.meme	DONE
TFS_tr_M0R2M9_M0R2M9_HUMAN:91:139_1mdy_A_1.meme	DONE
TFS_tr_C9JE62_C9JE62_HUMAN:68:95_2gzk_A_1.meme	DONE
TFS_sp_P29084_T2EB_HUMAN:75:239_5iy9_R_1.meme	DONE
TFS_sp_Q7L945_ZN627_HUMAN:232:385_2i13_A_1.meme	DONE
TFS_sp_P31629_ZEP2_HUMAN:189:239_6e93_A_1.meme	DONE
TFS_sp_Q9HB31_SEBOX_HUMAN:20:73_3a01_B_1.meme	FAIL
TFS_sp_Q9Y2P7_ZN256_HUMAN:444:597_2i13_A_1.meme	DONE
TFS_tr_H0YL38_H0YL38_HUMAN:346:486_6ml4_A_1.meme	DONE
TFS_sp_Q8N3X6_LCORL_HUMAN:96:126_4ldx_B_1.meme	DONE
TFS_sp_Q8IZM8_ZN654_HUMAN:788:839_1a1i_A_1.meme	DONE
TFS_tr_A0A024R3C6_A0A024R3C6_HUMAN:457:600_6ml7_A_1.meme	DONE
TFS_sp_Q9Y222_DMTF1_HUMAN:226:290_3osf_A_1.meme	DONE
TFS_tr_C9JA69_C9JA69_HUMAN:79:151_6ht5_D_1.meme	DONE
TFS_sp_Q9P2J8_ZN624_HUMAN:329:439_5ei9_E_1.meme	DONE
TFS_tr_Q6LES8_Q6LES8_HUMAN:44:237_3tq6_A_1.meme	DONE
DIMER_tr_B4E2P7_B4E2P7_HUMAN:16:37_3coq_B_1.meme	DONE
TFS_sp_Q9NSD4_ZN275_HUMAN:98:156_5eh2_F_1.meme	DONE
TFS_tr_E9PLT2_E9PLT2_HUMAN:2:56_6cim_N_1.meme	DONE
TFS_tr_E7EPA0_E7EPA0_HUMAN:204:325_5eyb_A_1.meme	DONE
TFS_tr_Q86WM2_Q86WM2_HUMAN:1:219_5v3m_C_1.meme	DONE
TFS_sp_Q9Y462_ZN711_HUMAN:385:436_3uk3_C_1.meme	DONE
TFS_tr_A0A087WZQ2_A0A087WZQ2_HUMAN:363:640_5wjq_D_1.meme	DONE
TFS_sp_Q9P2Y4_ZN219_HUMAN:498:550_4is1_D_1.meme	DONE
TFS_sp_P17017_ZNF14_HUMAN:276:554_5wjq_D_1.meme	DONE
TFS_sp_Q9H609_ZN576_HUMAN:105:165_5egb_A_1.meme	DONE
TFS_sp_Q15572_TAF1C_HUMAN:300:380_6r91_L_1.meme	DONE
TFS_sp_Q6ZRF7_ZN818_HUMAN:66:114_5eh2_F_1.meme	DONE
TFS_sp_Q9NSD4_ZN275_HUMAN:98:151_4gzn_C_1.meme	DONE
TFS_sp_Q7RTU5_ASCL5_HUMAN:161:212_2ypb_A_1.meme	FAIL
TFS_tr_Q9NS42_Q9NS42_HUMAN:381:643_5v3m_C_1.meme	DONE
DIMER_sp_Q63HK5_TSH3_HUMAN:438:524_4ldx_B_1.meme	DONE
TFS_tr_A0A2R8YEW3_A0A2R8YEW3_HUMAN:273:318_3a01_B_1.meme	DONE
TFS_tr_A0A8V8TPF3_A0A8V8TPF3_HUMAN:244:326_2o4a_A_1.meme	DONE
TFS_tr_M0R186_M0R186_HUMAN:47:185_5v3m_C_1.meme	DONE
TFS_sp_Q96SK3_ZN607_HUMAN:392:668_5v3j_E_1.meme	DONE
DIMER_sp_A0A1W2PPM1_CPHXL_HUMAN:32:83_3hdd_A_1.meme	DONE
TFS_sp_A9YTQ3_AHRR_HUMAN:32:175_5sy7_B_1.meme	DONE
TFS_tr_A0A6Q8PH34_A0A6Q8PH34_HUMAN:176:229_4m9v_C_1.meme	DONE
TFS_tr_A0A3B3IRT9_A0A3B3IRT9_HUMAN:881:911_2jx1_A_1.meme	DONE
TFS_tr_A0A1B0GV02_A0A1B0GV02_HUMAN:282:357_5yeg_A_1.meme	DONE
DIMER_tr_A0A3B3ISI4_A0A3B3ISI4_HUMAN:386:423_5t01_B_1.meme	DONE
TFS_tr_J3KTI4_J3KTI4_HUMAN:476:563_5kkq_A_1.meme	DONE
TFS_sp_Q96SQ7_ATOH8_HUMAN:230:285_2ql2_B_1.meme	DONE
TFS_tr_Q6ZMW8_Q6ZMW8_HUMAN:418:473_3lnq_A_1.meme	DONE
TFS_tr_J3KTI4_J3KTI4_HUMAN:414:623_5v3m_C_1.meme	DONE
TFS_tr_H0YLA6_H0YLA6_HUMAN:360:497_5v3j_E_1.meme	DONE
TFS_tr_B2RXH1_B2RXH1_HUMAN:800:835_5vmz_A_1.meme	DONE
TFS_sp_Q9BRH9_ZN251_HUMAN:236:512_5v3m_C_1.meme	DONE
TFS_sp_Q14584_ZN266_HUMAN:237:515_5wjq_D_1.meme	DONE
TFS_tr_F2Z371_F2Z371_HUMAN:1:90_2ko0_A_1.meme	DONE
TFS_sp_Q6ZSB9_ZBT49_HUMAN:393:585_5wjq_D_1.meme	DONE
TFS_sp_Q9H707_ZN552_HUMAN:75:248_5wjq_D_1.meme	DONE
TFS_sp_Q6AHZ1_Z518A_HUMAN:152:230_5yef_A_1.meme	DONE
TFS_sp_P24278_ZBT25_HUMAN:238:391_7w1m_H_1.meme	DONE
TFS_sp_A6NM28_ZFP92_HUMAN:261:370_5egb_A_1.meme	DONE
TFS_sp_Q9HAH1_ZN556_HUMAN:152:225_1a1g_A_1.meme	DONE
TFS_sp_Q8NEP9_ZN555_HUMAN:197:474_5wjq_D_1.meme	DONE
DIMER_sp_A9YTQ3_AHRR_HUMAN:34:79_4h10_A_1.meme	DONE
TFS_sp_Q5MCW4_ZN569_HUMAN:603:684_1g2f_C_1.meme	DONE
TFS_sp_Q8WYA1_BMAL2_HUMAN:104:472_7xi4_A_1.meme	DONE
TFS_sp_Q6ECI4_ZN470_HUMAN:392:421_5ei9_E_1.meme	DONE
TFS_tr_A0A1X7SC99_A0A1X7SC99_HUMAN:213:332_5kkq_A_1.meme	DONE
TFS_sp_Q6NSZ9_ZSC25_HUMAN:346:541_5v3m_C_1.meme	DONE
TFS_tr_K7ER43_K7ER43_HUMAN:241:516_5v3j_E_1.meme	DONE
TFS_sp_Q9UNY5_ZN232_HUMAN:330:437_5eh2_F_1.meme	DONE
TFS_tr_H3BSL4_H3BSL4_HUMAN:192:271_5ei9_E_1.meme	DONE
TFS_tr_H3BUJ7_H3BUJ7_HUMAN:516:595_1g2f_C_1.meme	DONE
DIMER_tr_A0A3B3ISN3_A0A3B3ISN3_HUMAN:742:803_5i50_B_1.meme	DONE
TFS_sp_Q8N7M2_ZN283_HUMAN:346:622_5v3m_C_1.meme	DONE
TFS_tr_B3KNY8_B3KNY8_HUMAN:122:396_5v3m_C_1.meme	DONE
TFS_tr_Q9NS42_Q9NS42_HUMAN:199:361_5wjq_D_1.meme	DONE
TFS_sp_Q92750_TAF4B_HUMAN:654:862_7edx_D_1.meme	DONE
TFS_tr_Q86WM2_Q86WM2_HUMAN:167:219_1f2i_G_1.meme	DONE
TFS_sp_Q8NAP3_ZBT38_HUMAN:448:542_5vmy_A_1.meme	DONE
TFS_sp_Q9BS31_ZN649_HUMAN:178:453_5v3j_E_1.meme	DONE
TFS_sp_Q8IXK0_PHC2_HUMAN:195:231_6ryl_B_1.meme	DONE
TFS_tr_Q59FT3_Q59FT3_HUMAN:390:471_6lff_A_1.meme	DONE
TFS_tr_E9PNC7_E9PNC7_HUMAN:11:53_4g92_C_1.meme	DONE
TFS_tr_D6RCT5_D6RCT5_HUMAN:1:90_2ko0_A_1.meme	DONE
TFS_sp_Q9UL58_ZN215_HUMAN:369:513_5v3j_E_1.meme	DONE
TFS_sp_P51522_ZNF83_HUMAN:459:507_5yj3_C_1.meme	DONE
TFS_sp_O43167_ZBT24_HUMAN:374:515_6ml5_A_1.meme	DONE
TFS_sp_A0A1W2PPF3_DUXB_HUMAN:17:72_5zjt_B_1.meme	DONE
TFS_tr_A0A3F2YPB8_A0A3F2YPB8_HUMAN:139:205_5wjq_D_1.meme	DONE
TFS_sp_Q6XD76_ASCL4_HUMAN:78:131_2ypa_A_1.meme	DONE
TFS_tr_A0A8V8TMK4_A0A8V8TMK4_HUMAN:21:77_1ig7_A_1.meme	DONE
TFS_tr_Q6N083_Q6N083_HUMAN:406:441_6df9_A_1.meme	DONE
TFS_sp_Q13105_ZBT17_HUMAN:473:580_5ei9_E_1.meme	DONE
TFS_sp_Q9UKS7_IKZF2_HUMAN:114:215_5eh2_F_1.meme	DONE
TFS_tr_A0A087WVA2_A0A087WVA2_HUMAN:515:596_4x9j_A_1.meme	DONE
TFS_tr_A0A6Q8PH34_A0A6Q8PH34_HUMAN:176:229_4gzn_C_1.meme	DONE
TFS_sp_Q96BR9_ZBT8A_HUMAN:277:331_1f2i_G_1.meme	DONE
TFS_sp_P17480_UBF1_HUMAN:196:374_6hc3_A_1.meme	DONE
DIMER_tr_A0A8V8TMK4_A0A8V8TMK4_HUMAN:24:78_1b8i_A_1.meme	DONE
TFS_sp_P0DV77_TPRX2_HUMAN:20:78_3cmy_A_1.meme	DONE
TFS_sp_Q9UL68_MYT1L_HUMAN:902:932_2jx1_A_1.meme	DONE
TFS_sp_Q6ZRF7_ZN818_HUMAN:66:114_2i13_A_1.meme	DONE
DIMER_tr_A0A8V8TM49_A0A8V8TM49_HUMAN:19:78_1fjl_A_1.meme	DONE
TFS_tr_B4DXY2_B4DXY2_HUMAN:1:81_6o9l_S_1.meme	DONE
TFS_sp_P51522_ZNF83_HUMAN:457:510_4gzn_C_1.meme	DONE
DIMER_tr_A4D178_A4D178_HUMAN:549:641_2wty_B_1.meme	DONE
TFS_sp_Q96EG3_ZN837_HUMAN:388:498_5ei9_E_1.meme	DONE
TFS_sp_A0A1W2PPK0_CPHL2_HUMAN:23:85_6e8c_A_1.meme	DONE
TFS_sp_Q92570_NR4A3_HUMAN:451:606_3dzy_A_1.meme	DONE
TFS_tr_A0A2R8YF72_A0A2R8YF72_HUMAN:923:953_2jx1_A_1.meme	DONE
DIMER_tr_B4DZP9_B4DZP9_HUMAN:48:69_3coq_B_1.meme	DONE
TFS_sp_A6NK53_ZN233_HUMAN:342:421_2kmk_A_1.meme	DONE
TFS_sp_O95625_ZBT11_HUMAN:648:757_2jp9_A_1.meme	DONE
TFS_tr_B4DMG0_B4DMG0_HUMAN:180:253_1a1g_A_1.meme	DONE
TFS_tr_E7EVZ1_E7EVZ1_HUMAN:1521:1587_2kmk_A_1.meme	DONE
TFS_sp_Q9Y603_ETV7_HUMAN:222:312_8e66_A_1.meme	DONE
TFS_sp_Q9Y2P7_ZN256_HUMAN:322:598_5v3m_C_1.meme	DONE
TFS_tr_B4DRP8_B4DRP8_HUMAN:223:497_5v3j_E_1.meme	DONE
TFS_tr_A4D178_A4D178_HUMAN:583:620_1a02_J_1.meme	DONE
TFS_tr_C9JYU6_C9JYU6_HUMAN:79:151_1o4x_B_1.meme	DONE
TFS_sp_Q14919_NC2A_HUMAN:13:86_4wzs_A_1.meme	DONE
TFS_sp_Q9NSD4_ZN275_HUMAN:169:429_7w1m_H_1.meme	DONE
TFS_sp_P13984_T2FB_HUMAN:2:238_7nvy_R_1.meme	DONE
TFS_sp_Q16587_ZNF74_HUMAN:303:579_5v3j_E_1.meme	DONE
DIMER_tr_Q6ZN29_Q6ZN29_HUMAN:624:677_2hdd_A_1.meme	DONE
TFS_sp_O60304_ZN500_HUMAN:318:459_5v3m_C_1.meme	DONE
TFS_sp_Q9NSD4_ZN275_HUMAN:179:427_5v3m_C_1.meme	DONE
TFS_tr_H0YAV4_H0YAV4_HUMAN:15:63_3dfv_D_1.meme	DONE
TFS_sp_Q9UL36_ZN236_HUMAN:654:763_5ei9_E_1.meme	DONE
TFS_tr_H3BSL4_H3BSL4_HUMAN:191:269_5v3j_E_1.meme	DONE
TFS_sp_Q2M218_ZN630_HUMAN:229:289_5eh2_F_1.meme	DONE
TFS_sp_Q9H707_ZN552_HUMAN:93:192_5eh2_F_1.meme	DONE
TFS_tr_A8K124_A8K124_HUMAN:342:456_5ei9_E_1.meme	DONE
TFS_sp_P52746_ZN142_HUMAN:1199:1374_5yef_B_1.meme	DONE
TFS_tr_Q6N083_Q6N083_HUMAN:406:441_5vmz_A_1.meme	DONE
DIMER_sp_Q9Y462_ZN711_HUMAN:395:417_1hcq_B_1.meme	DONE
DIMER_sp_Q5TGS1_HES3_HUMAN:32:56_1am9_D_1.meme	DONE
DIMER_sp_Q01826_SATB1_HUMAN:678:697_1jgg_B_1.meme	DONE
TFS_sp_Q68DY9_ZN772_HUMAN:260:489_5v3j_E_1.meme	DONE
TFS_sp_Q969J2_ZKSC4_HUMAN:307:454_2i13_A_1.meme	DONE
TFS_sp_Q9P243_ZFAT_HUMAN:404:479_2kmk_A_1.meme	DONE
TFS_sp_Q8IUM7_NPAS4_HUMAN:69:135_5nj8_A_1.meme	DONE
TFS_tr_O95276_O95276_HUMAN:37:125_6ml7_A_1.meme	DONE
TFS_tr_A0A1X7SC99_A0A1X7SC99_HUMAN:213:332_5yef_A_1.meme	DONE
DIMER_sp_Q96NK8_NDF6_HUMAN:95:151_2ql2_B_1.meme	DONE
TFS_tr_A8K251_A8K251_HUMAN:504:612_5eh2_F_1.meme	DONE
TFS_sp_Q86UP3_ZFHX4_HUMAN:2185:2238_3lnq_A_1.meme	DONE
TFS_sp_Q9NRE2_TSH2_HUMAN:926:950_6e94_A_1.meme	DONE
TFS_sp_Q86UD4_ZN329_HUMAN:107:195_2i13_A_1.meme	DONE
TFS_sp_Q8IUM7_NPAS4_HUMAN:5:294_4zpr_B_1.meme	FAIL
TFS_sp_P0CB48_UBFL6_HUMAN:107:177_6erq_C_1.meme	DONE
TFS_tr_A0A3B3ITS6_A0A3B3ITS6_HUMAN:393:423_2jx1_A_1.meme	DONE
TFS_sp_Q9UNY5_ZN232_HUMAN:328:437_5ei9_E_1.meme	DONE
TFS_tr_A0A087WVA2_A0A087WVA2_HUMAN:499:596_2jp9_A_1.meme	DONE
DIMER_tr_Q60F94_Q60F94_HUMAN:344:374_3coq_B_1.meme	DONE
TFS_tr_A0A0A0MQR4_A0A0A0MQR4_HUMAN:198:276_1gt0_D_1.meme	DONE
TFS_sp_P62380_TBPL1_HUMAN:13:183_7egd_P_1.meme	DONE
DIMER_sp_Q6IQ32_ADNP2_HUMAN:1048:1091_6fqq_D_1.meme	DONE
TFS_tr_A0A6Q8PH34_A0A6Q8PH34_HUMAN:176:250_1a1g_A_1.meme	DONE
DIMER_sp_Q7RTU4_BHA09_HUMAN:59:122_2ypa_B_1.meme	DONE
TFS_sp_Q96NK8_NDF6_HUMAN:95:151_2ql2_B_1.meme	DONE
TFS_tr_A0A3B3ISP2_A0A3B3ISP2_HUMAN:735:813_2mf8_A_1.meme	DONE
DIMER_tr_C8CJL6_C8CJL6_HUMAN:1:59_1hcq_B_1.meme	DONE
TFS_sp_Q9UJW7_ZN229_HUMAN:257:329_5eh2_F_1.meme	DONE
TFS_sp_Q8ND82_Z280C_HUMAN:355:494_8sss_A_1.meme	DONE
TFS_sp_Q5EBM4_ZN542_HUMAN:100:170_5wjq_D_1.meme	DONE
DIMER_tr_Q6ZN29_Q6ZN29_HUMAN:622:677_1hdd_D_1.meme	DONE
TFS_sp_Q9P243_ZFAT_HUMAN:409:478_1a1g_A_1.meme	DONE
TFS_sp_A8MZ59_LEUTX_HUMAN:10:67_3lnq_A_1.meme	DONE
TFS_sp_Q9NYT6_ZN226_HUMAN:362:638_5v3j_E_1.meme	DONE
TFS_sp_O60304_ZN500_HUMAN:350:459_2jpa_A_1.meme	DONE
TFS_sp_P0CB47_UBFL1_HUMAN:100:194_7lbx_A_1.meme	DONE
TFS_sp_P41218_MNDA_HUMAN:206:395_5z7d_C_1.meme	DONE
TFS_sp_P51504_ZNF80_HUMAN:47:156_5ei9_E_1.meme	DONE
TFS_sp_Q6IQ32_ADNP2_HUMAN:763:802_7w1m_H_1.meme	DONE
TFS_sp_Q8TF47_ZFP90_HUMAN:337:632_5v3m_C_1.meme	DONE
TFS_sp_Q9H116_GZF1_HUMAN:431:573_6ml7_A_1.meme	DONE
TFS_sp_Q96JG9_ZN469_HUMAN:3416:3442_5yj3_C_1.meme	DONE
TFS_sp_Q7Z4V0_ZN438_HUMAN:508:557_1a1k_A_1.meme	DONE
TFS_sp_Q96PN7_TREF1_HUMAN:1086:1111_4r2d_A_1.meme	DONE
TFS_sp_Q6ZMY9_ZN517_HUMAN:204:474_5v3m_C_1.meme	DONE
TFS_tr_H7C2N6_H7C2N6_HUMAN:182:233_2wt7_A_1.meme	DONE
TFS_sp_O15090_ZN536_HUMAN:751:802_3uk3_C_1.meme	DONE
TFS_tr_E9PNC7_E9PNC7_HUMAN:11:49_7c9o_C_1.meme	DONE
TFS_sp_Q96NL3_ZN599_HUMAN:532:585_4gzn_C_1.meme	DONE
DIMER_sp_Q7RTU4_BHA09_HUMAN:59:122_1mdy_A_1.meme	DONE
TFS_tr_B4DT98_B4DT98_HUMAN:11:38_2i13_A_1.meme	DONE
TFS_tr_Q32MA5_Q32MA5_HUMAN:298:386_1jk1_A_1.meme	DONE
TFS_sp_P12525_MYCP1_HUMAN:276:355_1nkp_A_1.meme	DONE
TFS_sp_A6NK53_ZN233_HUMAN:533:643_5ei9_E_1.meme	DONE
TFS_sp_Q8IVH2_FOXP4_HUMAN:466:547_2as5_F_1.meme	DONE
TFS_tr_A0A090N8E5_A0A090N8E5_HUMAN:272:318_2lkx_A_1.meme	DONE
TFS_sp_Q68CJ9_CR3L3_HUMAN:244:303_1t2k_C_1.meme	DONE
TFS_sp_Q5MCW4_ZN569_HUMAN:323:601_5wjq_D_1.meme	DONE
TFS_tr_H7C2N6_H7C2N6_HUMAN:12:38_2prt_A_1.meme	DONE
TFS_tr_B4DS73_B4DS73_HUMAN:223:272_4is1_D_1.meme	DONE
TFS_sp_Q8TAF7_ZN461_HUMAN:246:520_5v3j_E_1.meme	DONE
DIMER_sp_Q92570_NR4A3_HUMAN:292:365_6fbr_A_1.meme	DONE
TFS_sp_Q15572_TAF1C_HUMAN:300:380_6r92_L_1.meme	DONE
TFS_tr_Q8IYZ2_Q8IYZ2_HUMAN:442:495_5kkq_A_1.meme	DONE
TFS_tr_A8K3H7_A8K3H7_HUMAN:210:265_5t01_B_1.meme	DONE
TFS_sp_Q9Y6Q3_ZFP37_HUMAN:346:624_5wjq_D_1.meme	DONE
TFS_sp_O95625_ZBT11_HUMAN:651:757_5eh2_F_1.meme	DONE
TFS_sp_Q96ND8_ZN583_HUMAN:213:487_5v3m_C_1.meme	DONE
TFS_sp_Q86UP3_ZFHX4_HUMAN:2561:2617_5hod_A_1.meme	DONE
TFS_sp_Q6ZSZ6_TSH1_HUMAN:970:994_6e93_A_1.meme	DONE
TFS_sp_A0A1W2PPF3_DUXB_HUMAN:17:155_6u81_A_1.meme	DONE
TFS_sp_Q969J2_ZKSC4_HUMAN:306:541_5v3j_E_1.meme	DONE
TFS_tr_H7BYN3_H7BYN3_HUMAN:33:100_1gt0_D_1.meme	DONE
TFS_tr_B3KPQ9_B3KPQ9_HUMAN:363:429_2d5v_A_1.meme	DONE
TFS_tr_Q9H6G9_Q9H6G9_HUMAN:48:73_5cc1_A_1.meme	DONE
TFS_tr_Q6NVX3_Q6NVX3_HUMAN:98:148_4h10_A_1.meme	DONE
TFS_sp_O15015_ZN646_HUMAN:619:677_5yj3_C_1.meme	DONE
TFS_sp_P51504_ZNF80_HUMAN:241:271_2i13_A_1.meme	DONE
TFS_sp_Q6ZNH5_ZN497_HUMAN:161:437_5v3m_C_1.meme	DONE
TFS_sp_Q86UE3_ZN546_HUMAN:217:492_5v3j_E_1.meme	DONE
DIMER_sp_P12980_LYL1_HUMAN:151:208_1mdy_A_1.meme	DONE
DIMER_tr_C0LLI8_C0LLI8_HUMAN:1:18_4aa6_B_1.meme	DONE
TFS_sp_Q96IQ9_ZN414_HUMAN:143:196_1tf3_A_1.meme	DONE
TFS_sp_Q6ZMY9_ZN517_HUMAN:365:474_5ei9_E_1.meme	DONE
DIMER_tr_A0A8V8TM49_A0A8V8TM49_HUMAN:23:80_2r5y_A_1.meme	DONE
TFS_tr_B7ZAW1_B7ZAW1_HUMAN:205:253_5yj3_C_1.meme	DONE
DIMER_sp_Q9H2P0_ADNP_HUMAN:771:810_3l1p_A_1.meme	DONE
TFS_sp_Q9H4I2_ZHX3_HUMAN:621:665_3d1n_K_1.meme	DONE
TFS_tr_A8K124_A8K124_HUMAN:346:486_6ml4_A_1.meme	DONE
TFS_sp_Q96ND8_ZN583_HUMAN:221:374_2i13_A_1.meme	DONE
DIMER_sp_O43711_TLX3_HUMAN:170:227_1b72_A_1.meme	DONE
TFS_tr_A0A8V8TMK4_A0A8V8TMK4_HUMAN:21:77_4rdu_A_1.meme	DONE
TFS_sp_Q96SQ7_ATOH8_HUMAN:231:282_6od5_B_1.meme	DONE
TFS_sp_Q8IYA7_MKX_HUMAN:72:132_5zjt_B_1.meme	DONE
TFS_sp_Q5TEC3_ZN697_HUMAN:260:543_5v3j_E_1.meme	DONE
TFS_sp_P49910_ZN165_HUMAN:372:478_5eh2_F_1.meme	DONE
TFS_sp_Q9C0D4_Z518B_HUMAN:135:211_8e3d_A_1.meme	DONE
TFS_sp_Q9Y483_MTF2_HUMAN:44:357_5xfr_A_1.meme	DONE
TFS_sp_Q7LFL8_CXXC5_HUMAN:258:301_5w9s_C_1.meme	DONE
TFS_tr_B4DNQ1_B4DNQ1_HUMAN:46:115_6erp_C_1.meme	DONE
TFS_sp_Q86XF7_ZN575_HUMAN:52:235_5v3m_C_1.meme	DONE
TFS_sp_B2RXF5_ZBT42_HUMAN:336:411_2kmk_A_1.meme	DONE
DIMER_sp_Q03014_HHEX_HUMAN:144:191_5zjt_A_1.meme	DONE
DIMER_sp_Q8N7G0_PO5F2_HUMAN:211:267_1jgg_B_1.meme	DONE
TFS_tr_B7Z851_B7Z851_HUMAN:161:311_5v3j_E_1.meme	DONE
TFS_sp_A6NM28_ZFP92_HUMAN:149:315_5und_A_1.meme	DONE
TFS_sp_Q6ZT77_ZN826_HUMAN:99:170_1a1g_A_1.meme	DONE
TFS_sp_Q9HB31_SEBOX_HUMAN:20:73_6a8r_B_1.meme	DONE
TFS_tr_E7EW59_E7EW59_HUMAN:493:578_6e93_A_1.meme	DONE
TFS_sp_Q9UKS7_IKZF2_HUMAN:194:217_2kmk_A_1.meme	DONE
TFS_sp_P41218_MNDA_HUMAN:206:395_5z7d_A_1.meme	DONE
TFS_tr_A5HJR3_A5HJR3_HUMAN:224:499_5v3j_E_1.meme	DONE
TFS_sp_Q9NR11_ZN302_HUMAN:285:386_2jp9_A_1.meme	DONE
TFS_sp_Q9H7X3_ZN696_HUMAN:124:374_5v3j_E_1.meme	DONE
TFS_sp_Q9H2S9_IKZF4_HUMAN:160:271_5k5h_A_1.meme	DONE
TFS_sp_Q13398_ZN211_HUMAN:282:559_5wjq_D_1.meme	DONE
TFS_tr_H0YL38_H0YL38_HUMAN:347:485_5t0u_A_1.meme	DONE
DIMER_sp_Q9H2P0_ADNP_HUMAN:771:810_1du0_A_1.meme	DONE
TFS_tr_Q86WM2_Q86WM2_HUMAN:167:219_1f2i_H_1.meme	DONE
TFS_sp_Q9UNN4_TF2AY_HUMAN:411:478_5iyd_N_1.meme	DONE
DIMER_tr_A0A1B0GV02_A0A1B0GV02_HUMAN:684:721_1au7_B_1.meme	DONE
TFS_sp_P31629_ZEP2_HUMAN:189:239_6e94_A_1.meme	DONE
TFS_sp_Q9H5J0_ZBTB3_HUMAN:474:529_5und_A_1.meme	DONE
TFS_sp_P0CB47_UBFL1_HUMAN:98:167_3nm9_G_1.meme	DONE
TFS_sp_Q14103_HNRPD_HUMAN:191:225_7nfc_F_1.meme	DONE
TFS_sp_Q76KX8_ZN534_HUMAN:645:674_5ei9_E_1.meme	DONE
TFS_tr_A0A0A0MQR4_A0A0A0MQR4_HUMAN:199:272_6jrp_A_1.meme	DONE
TFS_sp_Q96K83_ZN521_HUMAN:118:332_5v3j_E_1.meme	DONE
TFS_tr_A4D178_A4D178_HUMAN:549:641_2wty_B_1.meme	DONE
TFS_sp_O75123_ZN623_HUMAN:79:145_5ei9_E_1.meme	DONE
TFS_sp_Q9Y6Q3_ZFP37_HUMAN:348:624_5v3j_E_1.meme	DONE
TFS_sp_Q8N8C0_ZN781_HUMAN:15:132_5v3m_C_1.meme	DONE
TFS_sp_Q68CJ9_CR3L3_HUMAN:248:303_1fos_F_1.meme	DONE
TFS_tr_C9JR56_C9JR56_HUMAN:301:382_6lff_A_1.meme	DONE
TFS_sp_Q5T619_ZN648_HUMAN:445:554_5ei9_E_1.meme	DONE
TFS_tr_R4GMY9_R4GMY9_HUMAN:337:363_2jx1_A_1.meme	DONE
TFS_sp_Q96JG9_ZN469_HUMAN:3339:3440_8sst_A_1.meme	DONE
TFS_sp_Q15697_ZN174_HUMAN:281:407_2i13_A_1.meme	DONE
TFS_tr_C9JSH4_C9JSH4_HUMAN:79:151_1o4x_B_1.meme	DONE
TFS_tr_E9PJ73_E9PJ73_HUMAN:23:45_1skn_P_1.meme	DONE
TFS_tr_A0A994J4N4_A0A994J4N4_HUMAN:233:337_3tq6_A_1.meme	DONE
TFS_tr_A0A0B5IYB7_A0A0B5IYB7_HUMAN:5:104_1vtn_C_1.meme	DONE
TFS_sp_Q9HCE3_ZN532_HUMAN:1264:1286_4is1_D_1.meme	DONE
TFS_tr_B4DLH3_B4DLH3_HUMAN:166:254_1a1l_A_1.meme	DONE
DIMER_sp_Q6NSZ9_ZSC25_HUMAN:382:419_4auw_A_1.meme	DONE
TFS_sp_Q9BRR0_ZKSC3_HUMAN:280:338_2i13_A_1.meme	DONE
TFS_tr_A0A3B3IRF0_A0A3B3IRF0_HUMAN:12:83_2mf8_A_1.meme	DONE
TFS_sp_Q9HC78_ZBT20_HUMAN:576:685_6ml6_A_1.meme	DONE
TFS_sp_Q8N7U7_TPRX1_HUMAN:2:23_1b8i_A_1.meme	DONE
TFS_sp_P51786_ZN157_HUMAN:163:437_5v3m_C_1.meme	DONE
DIMER_tr_Q7Z3R2_Q7Z3R2_HUMAN:21:46_4bhk_B_1.meme	DONE
TFS_sp_Q8IX07_FOG1_HUMAN:297:342_3uk3_C_1.meme	DONE
TFS_sp_O15090_ZN536_HUMAN:126:180_1f2i_H_1.meme	DONE
TFS_tr_H0YLA6_H0YLA6_HUMAN:359:499_6ml5_A_1.meme	DONE
TFS_tr_A0A024R3C6_A0A024R3C6_HUMAN:523:624_2jp9_A_1.meme	DONE
TFS_sp_Q9P2Y4_ZN219_HUMAN:498:549_4is1_C_1.meme	DONE
TFS_sp_Q8IYA7_MKX_HUMAN:85:128_6fqp_A_1.meme	FAIL
TFS_sp_Q96SK3_ZN607_HUMAN:224:332_5eh2_F_1.meme	DONE
TFS_sp_A6NFI3_ZN316_HUMAN:687:937_5wjq_D_1.meme	DONE
TFS_tr_B5MCP8_B5MCP8_HUMAN:119:154_6gat_A_1.meme	DONE
DIMER_sp_Q8IYA7_MKX_HUMAN:72:132_5zjr_B_1.meme	DONE
TFS_sp_Q03014_HHEX_HUMAN:140:206_4uus_A_1.meme	DONE
TFS_sp_Q9UNN4_TF2AY_HUMAN:411:478_6o9l_N_1.meme	DONE
TFS_sp_Q92966_SNPC3_HUMAN:28:411_7xur_B_1.meme	DONE
TFS_sp_P0CB47_UBFL1_HUMAN:100:194_6hc3_A_1.meme	DONE
TFS_sp_Q5TEC3_ZN697_HUMAN:258:543_5wjq_D_1.meme	DONE
TFS_tr_A8K251_A8K251_HUMAN:503:612_6ml4_A_1.meme	DONE
TFS_tr_A0A0S2Z4K5_A0A0S2Z4K5_HUMAN:107:170_3e00_D_1.meme	DONE
TFS_tr_B2RCW4_B2RCW4_HUMAN:502:612_5egb_A_1.meme	DONE
TFS_sp_O95125_ZN202_HUMAN:397:644_5v3m_C_1.meme	DONE
TFS_sp_P17480_UBF1_HUMAN:408:469_4euw_A_1.meme	DONE
TFS_tr_E5RH41_E5RH41_HUMAN:75:198_5iyd_R_1.meme	DONE
TFS_sp_Q9P2Y4_ZN219_HUMAN:494:548_6u9q_A_1.meme	DONE
TFS_tr_Q59FS2_Q59FS2_HUMAN:288:369_4r2d_A_1.meme	DONE
TFS_sp_Q96JG9_ZN469_HUMAN:3339:3440_7w1m_H_1.meme	DONE
TFS_tr_A0A140VK21_A0A140VK21_HUMAN:99:164_7dcu_A_1.meme	DONE
TFS_sp_Q9BX82_ZN471_HUMAN:185:284_2jp9_A_1.meme	DONE
TFS_tr_C9JIZ2_C9JIZ2_HUMAN:79:149_4y60_C_1.meme	DONE
TFS_tr_A0A7I2PK40_A0A7I2PK40_HUMAN:28:171_4zpk_B_1.meme	DONE
DIMER_sp_Q9NQ33_ASCL3_HUMAN:101:149_1mdy_B_1.meme	DONE
TFS_tr_A8K124_A8K124_HUMAN:346:486_6ml6_A_1.meme	DONE
DIMER_sp_Q92949_FOXJ1_HUMAN:121:211_6ncm_A_1.meme	DONE
TFS_tr_Q9BQR2_Q9BQR2_HUMAN:112:158_7lbx_A_1.meme	FAIL
TFS_sp_Q92670_ZN75C_HUMAN:291:401_6e94_A_1.meme	DONE
TFS_sp_Q9BRR0_ZKSC3_HUMAN:291:533_5v3m_C_1.meme	DONE
DIMER_sp_Q17RH7_TPRXL_HUMAN:19:78_1fjl_A_1.meme	DONE
TFS_sp_Q9Y222_DMTF1_HUMAN:226:290_3osg_A_1.meme	DONE
TFS_sp_Q92670_ZN75C_HUMAN:281:426_5v3m_C_1.meme	DONE
TFS_sp_Q68DE3_USF3_HUMAN:17:72_7d8t_B_1.meme	DONE
TFS_sp_P12980_LYL1_HUMAN:150:207_2ql2_B_1.meme	DONE
TFS_tr_B4DMG0_B4DMG0_HUMAN:313:422_5ei9_E_1.meme	DONE
TFS_tr_Q6LES8_Q6LES8_HUMAN:44:236_4nnu_A_1.meme	DONE
TFS_tr_Q6ZMW8_Q6ZMW8_HUMAN:417:473_3a01_B_1.meme	DONE
TFS_tr_F2Z371_F2Z371_HUMAN:1:90_2l1g_A_1.meme	DONE
TFS_sp_Q8N9Z0_ZN610_HUMAN:231:339_5eh2_F_1.meme	DONE
TFS_sp_Q9H5V7_IKZF5_HUMAN:74:161_5t00_A_1.meme	DONE
TFS_sp_P41218_MNDA_HUMAN:210:395_8i6k_A_1.meme	DONE
TFS_tr_O00164_O00164_HUMAN:247:328_1j47_A_1.meme	DONE
TFS_sp_Q9Y462_ZN711_HUMAN:385:436_4is1_D_1.meme	DONE
DIMER_sp_Q9H2P0_ADNP_HUMAN:771:810_2hdd_A_1.meme	DONE
TFS_sp_Q9H5V7_IKZF5_HUMAN:74:161_5kkq_A_1.meme	DONE
TFS_sp_Q9NSD4_ZN275_HUMAN:98:151_4m9v_C_1.meme	DONE
TFS_sp_Q5EBL2_ZN628_HUMAN:290:314_5eh2_F_1.meme	DONE
TFS_sp_Q6XD76_ASCL4_HUMAN:80:127_7z5k_B_1.meme	DONE
DIMER_sp_P26651_TTP_HUMAN:17:41_5dui_A_1.meme	DONE
TFS_sp_Q7RTV3_ZN367_HUMAN:172:246_2jpa_A_1.meme	DONE
TFS_sp_Q8N1W2_ZN710_HUMAN:444:595_2i13_A_1.meme	DONE
TFS_sp_Q14584_ZN266_HUMAN:267:542_5v3j_E_1.meme	DONE
DIMER_sp_Q8N3X6_LCORL_HUMAN:96:126_4ldx_B_1.meme	DONE
TFS_sp_O43298_ZBT43_HUMAN:352:447_8e3e_A_1.meme	DONE
TFS_tr_A0A8Q3WKH9_A0A8Q3WKH9_HUMAN:1:48_1a1h_A_1.meme	DONE
TFS_sp_Q9UNY5_ZN232_HUMAN:328:437_5egb_A_1.meme	DONE
TFS_tr_Q6NVX3_Q6NVX3_HUMAN:97:145_1nkp_A_1.meme	DONE
TFS_tr_Q9NS42_Q9NS42_HUMAN:244:370_2i13_A_1.meme	DONE
TFS_sp_Q8N7M2_ZN283_HUMAN:440:593_2i13_A_1.meme	DONE
TFS_sp_Q9H609_ZN576_HUMAN:71:93_5ei9_E_1.meme	DONE
TFS_sp_Q5JNZ3_ZN311_HUMAN:330:606_5v3m_C_1.meme	DONE
TFS_tr_B4DS73_B4DS73_HUMAN:192:353_5t0u_A_1.meme	DONE
TFS_sp_Q9H2P0_ADNP_HUMAN:76:100_4f6n_A_1.meme	DONE
TFS_tr_A0A3B3IS77_A0A3B3IS77_HUMAN:338:409_2mf8_A_1.meme	DONE
TFS_tr_D6REM3_D6REM3_HUMAN:1:90_2ko0_A_1.meme	DONE
TFS_sp_Q13398_ZN211_HUMAN:136:280_5v3m_C_1.meme	DONE
TFS_tr_B9EH69_B9EH69_HUMAN:278:576_7w1m_H_1.meme	DONE
TFS_sp_P13984_T2FB_HUMAN:2:238_5iyd_T_1.meme	DONE
TFS_sp_Q6ZT77_ZN826_HUMAN:118:171_1f2i_H_1.meme	DONE
TFS_sp_Q8TAF7_ZN461_HUMAN:246:520_5v3m_C_1.meme	DONE
TFS_sp_Q08AN1_ZN616_HUMAN:465:763_7w1m_H_1.meme	DONE
DIMER_tr_E7EVZ1_E7EVZ1_HUMAN:2204:2258_1hdd_D_1.meme	DONE
TFS_tr_A0A8Q3WKH9_A0A8Q3WKH9_HUMAN:3:44_4is1_C_1.meme	DONE
TFS_tr_K7ER43_K7ER43_HUMAN:102:230_5v3m_C_1.meme	DONE
TFS_tr_B3KNY8_B3KNY8_HUMAN:459:507_5yj3_C_1.meme	DONE
TFS_tr_B7Z851_B7Z851_HUMAN:163:279_2jpa_A_1.meme	DONE
TFS_sp_Q96SK3_ZN607_HUMAN:392:668_5v3m_C_1.meme	DONE
TFS_sp_O95125_ZN202_HUMAN:478:587_5ei9_E_1.meme	DONE
TFS_sp_Q9H7X3_ZN696_HUMAN:162:315_2i13_A_1.meme	DONE
TFS_sp_Q6ZNH5_ZN497_HUMAN:159:437_5wjq_D_1.meme	DONE
TFS_tr_A0A3F2YPB8_A0A3F2YPB8_HUMAN:138:206_5egb_A_1.meme	DONE
TFS_tr_Q9BQR2_Q9BQR2_HUMAN:112:158_5jh0_D_1.meme	DONE
TFS_tr_A0A3B3ISI4_A0A3B3ISI4_HUMAN:204:223_2mf8_A_1.meme	DONE
TFS_tr_B4DT98_B4DT98_HUMAN:11:37_4r2s_A_1.meme	DONE
TFS_sp_Q16666_IF16_HUMAN:199:393_5z7d_B_1.meme	DONE
DIMER_tr_A0A090N8E5_A0A090N8E5_HUMAN:350:361_4qtr_B_1.meme	DONE
TFS_tr_B4DHL1_B4DHL1_HUMAN:423:560_5v3j_E_1.meme	DONE
TFS_sp_P0C7X2_ZN688_HUMAN:179:233_2i13_A_1.meme	DONE
TFS_sp_O15015_ZN646_HUMAN:1201:1348_2i13_A_1.meme	DONE
TFS_sp_Q96NK8_NDF6_HUMAN:95:150_2ypa_A_1.meme	DONE
TFS_tr_E9PMU6_E9PMU6_HUMAN:233:509_5v3j_E_1.meme	DONE
TFS_sp_Q92618_ZN516_HUMAN:34:298_5v3m_C_1.meme	DONE
TFS_sp_Q68EA5_ZNF57_HUMAN:249:527_5wjq_D_1.meme	DONE
TFS_sp_Q9Y4A8_NF2L3_HUMAN:583:620_1s9k_E_1.meme	DONE
TFS_sp_P17021_ZNF17_HUMAN:141:188_2i13_A_1.meme	DONE
TFS_sp_P17025_ZN182_HUMAN:318:616_7w1m_H_1.meme	DONE
TFS_sp_Q9H116_GZF1_HUMAN:434:544_6e93_A_1.meme	DONE
TFS_tr_E9PLT2_E9PLT2_HUMAN:3:56_4euw_A_1.meme	DONE
TFS_tr_A0A1X7SC99_A0A1X7SC99_HUMAN:213:332_5t00_A_1.meme	DONE
TFS_tr_B3KX41_B3KX41_HUMAN:40:76_1mse_C_1.meme	DONE
TFS_sp_Q9ULJ3_ZBT21_HUMAN:1038:1065_5egb_A_1.meme	DONE
TFS_tr_Q6IBK5_Q6IBK5_HUMAN:6:180_5iya_S_1.meme	DONE
TFS_tr_E9PQX9_E9PQX9_HUMAN:1:66_4wzs_A_1.meme	DONE
TFS_tr_E9PQX9_E9PQX9_HUMAN:1:55_1jfi_A_1.meme	DONE
TFS_tr_Q9BQR2_Q9BQR2_HUMAN:112:158_5jh0_A_1.meme	DONE
TFS_sp_Q96N77_ZN641_HUMAN:374:422_4is1_D_1.meme	DONE
DIMER_tr_C8CJL6_C8CJL6_HUMAN:1:58_4aa6_B_1.meme	DONE
TFS_sp_Q5SXM2_SNPC4_HUMAN:81:398_7zwc_c_1.meme	DONE
TFS_sp_Q01538_MYT1_HUMAN:440:513_2mf8_A_1.meme	DONE
TFS_sp_Q8N8C0_ZN781_HUMAN:33:112_2kmk_A_1.meme	DONE
TFS_tr_B4DL45_B4DL45_HUMAN:185:237_1hlo_B_1.meme	DONE
TFS_sp_P51508_ZNF81_HUMAN:387:661_5v3j_E_1.meme	DONE
TFS_sp_Q5SXM1_ZN678_HUMAN:88:176_2i13_A_1.meme	DONE
TFS_tr_E5RH41_E5RH41_HUMAN:75:198_5iy7_R_1.meme	DONE
TFS_tr_B7ZLF3_B7ZLF3_HUMAN:34:146_5egb_A_1.meme	DONE
TFS_sp_Q9H4I2_ZHX3_HUMAN:622:666_1apl_C_1.meme	DONE
TFS_tr_A0A087WVA2_A0A087WVA2_HUMAN:329:597_5v3m_C_1.meme	DONE
TFS_tr_B4DZR3_B4DZR3_HUMAN:68:116_5yj3_C_1.meme	DONE
TFS_sp_A6NM28_ZFP92_HUMAN:149:370_5v3j_E_1.meme	DONE
DIMER_sp_P12524_MYCL_HUMAN:279:331_1hlo_B_1.meme	DONE
TFS_sp_Q14588_ZN234_HUMAN:343:619_5v3j_E_1.meme	DONE
TFS_sp_Q9UKS7_IKZF2_HUMAN:469:518_5t00_A_1.meme	DONE
TFS_sp_Q9NQ33_ASCL3_HUMAN:101:149_1mdy_B_1.meme	DONE
TFS_tr_A0A3B3ITJ8_A0A3B3ITJ8_HUMAN:902:980_2mf8_A_1.meme	DONE
TFS_sp_P51504_ZNF80_HUMAN:49:271_5v3m_C_1.meme	DONE
TFS_tr_A0A1B0GV02_A0A1B0GV02_HUMAN:280:357_5yef_B_1.meme	DONE
TFS_tr_A8K251_A8K251_HUMAN:501:611_2jp9_A_1.meme	DONE
TFS_sp_Q5MCW4_ZN569_HUMAN:603:684_4r2c_A_1.meme	DONE
TFS_sp_Q9UJW7_ZN229_HUMAN:486:763_5wjq_D_1.meme	DONE
TFS_sp_Q7RTU7_SCX_HUMAN:76:131_2ypa_A_1.meme	DONE
TFS_tr_A0A1B0GW50_A0A1B0GW50_HUMAN:999:1050_1f2i_G_1.meme	DONE
TFS_sp_Q6ECI4_ZN470_HUMAN:392:421_5eh2_F_1.meme	DONE
TFS_tr_E7ET52_E7ET52_HUMAN:205:253_5yj3_C_1.meme	DONE
DIMER_sp_P0DV77_TPRX2_HUMAN:24:78_1b8i_A_1.meme	DONE
TFS_sp_P17021_ZNF17_HUMAN:140:188_2kmk_A_1.meme	DONE
TFS_sp_O15015_ZN646_HUMAN:1674:1783_5ei9_E_1.meme	DONE
TFS_tr_A0A8V8TMK4_A0A8V8TMK4_HUMAN:20:78_3cmy_A_1.meme	DONE
TFS_sp_Q14584_ZN266_HUMAN:116:206_5v3j_E_1.meme	DONE
DIMER_sp_Q68CJ9_CR3L3_HUMAN:245:302_2h7h_B_1.meme	DONE
TFS_tr_A0A0C4DGB4_A0A0C4DGB4_HUMAN:273:381_5eh2_F_1.meme	DONE
DIMER_sp_Q9BW11_MAD3_HUMAN:53:139_1nkp_A_1.meme	DONE
TFS_tr_Q6GMQ3_Q6GMQ3_HUMAN:753:788_5vmz_A_1.meme	DONE
TFS_tr_B2RCW4_B2RCW4_HUMAN:503:612_6ml7_A_1.meme	DONE
TFS_tr_B4DHL1_B4DHL1_HUMAN:423:561_5t0u_A_1.meme	DONE
TFS_sp_Q76KX8_ZN534_HUMAN:645:674_2i13_A_1.meme	DONE
TFS_sp_Q96ME7_ZN512_HUMAN:439:466_6dfa_A_1.meme	DONE
TFS_tr_A8K124_A8K124_HUMAN:346:486_6ml7_A_1.meme	DONE
TFS_sp_P51504_ZNF80_HUMAN:47:271_5wjq_D_1.meme	DONE
TFS_sp_Q9C0D4_Z518B_HUMAN:164:213_3uk3_C_1.meme	DONE
TFS_tr_B4DSV2_B4DSV2_HUMAN:374:425_3uk3_D_1.meme	DONE
TFS_sp_O75541_ZN821_HUMAN:127:188_6ml3_A_1.meme	DONE
TFS_sp_Q86YH2_Z280B_HUMAN:345:480_5v3j_E_1.meme	DONE
TFS_sp_Q9H2S9_IKZF4_HUMAN:185:238_1f2i_G_1.meme	DONE
TFS_sp_Q8NAP3_ZBT38_HUMAN:1009:1119_6e94_A_1.meme	DONE
TFS_tr_A0A3B3IS77_A0A3B3IS77_HUMAN:735:813_2mf8_A_1.meme	DONE
TFS_sp_O95125_ZN202_HUMAN:536:644_5eh2_F_1.meme	DONE
TFS_tr_H0YKC7_H0YKC7_HUMAN:85:128_6fqq_D_1.meme	DONE
TFS_sp_B2RXF5_ZBT42_HUMAN:336:414_7n5s_A_1.meme	DONE
TFS_tr_I3L2J0_I3L2J0_HUMAN:1108:1176_2lef_A_1.meme	DONE
TFS_tr_Q53QP1_Q53QP1_HUMAN:277:326_7txc_E_1.meme	DONE
TFS_tr_A4D178_A4D178_HUMAN:535:638_7x5f_B_1.meme	DONE
TFS_sp_Q8NAP3_ZBT38_HUMAN:1008:1116_5ei9_E_1.meme	DONE
TFS_sp_Q3B8N5_PROX2_HUMAN:440:590_1xpx_A_1.meme	DONE
TFS_tr_Q9NS42_Q9NS42_HUMAN:199:361_5v3j_E_1.meme	DONE
TFS_tr_A8K124_A8K124_HUMAN:347:485_5t0u_A_1.meme	DONE
TFS_tr_I3L1J3_I3L1J3_HUMAN:520:780_5wjq_D_1.meme	DONE
TFS_sp_Q8IXK0_PHC2_HUMAN:195:231_6ryl_A_1.meme	DONE
DIMER_sp_Q8IVH2_FOXP4_HUMAN:466:547_2a07_K_1.meme	DONE
TFS_tr_B4DED3_B4DED3_HUMAN:177:226_3uk3_C_1.meme	DONE
TFS_sp_Q68EA5_ZNF57_HUMAN:224:499_5v3j_E_1.meme	DONE
TFS_sp_Q9UNN4_TF2AY_HUMAN:411:478_7nvz_U_1.meme	DONE
DIMER_sp_O15353_FOXN1_HUMAN:271:338_3qrf_G_1.meme	DONE
TFS_sp_Q7RTU7_SCX_HUMAN:76:131_2ypb_A_1.meme	DONE
TFS_tr_Q9NZ00_Q9NZ00_HUMAN:31:141_5ei9_E_1.meme	DONE
TFS_tr_J3QLN9_J3QLN9_HUMAN:265:303_1h8a_C_1.meme	DONE
TFS_tr_Q59FS2_Q59FS2_HUMAN:264:370_5ei9_E_1.meme	DONE
TFS_sp_Q96BV0_ZN775_HUMAN:107:216_6e94_A_1.meme	DONE
TFS_tr_A0A1B0GW50_A0A1B0GW50_HUMAN:999:1052_4gzn_C_1.meme	DONE
TFS_sp_Q9UNY5_ZN232_HUMAN:285:437_5v3j_E_1.meme	DONE
TFS_sp_Q7Z4V0_ZN438_HUMAN:509:558_3uk3_D_1.meme	DONE
TFS_tr_A0A994J4N4_A0A994J4N4_HUMAN:112:181_4nod_A_1.meme	DONE
DIMER_sp_Q8N7U7_TPRX1_HUMAN:2:22_2hdd_A_1.meme	DONE
TFS_tr_B7ZBM3_B7ZBM3_HUMAN:457:535_2a07_H_1.meme	DONE
TFS_sp_Q8WYA1_BMAL2_HUMAN:104:162_4h10_A_1.meme	DONE
TFS_tr_A0A994J4N4_A0A994J4N4_HUMAN:233:337_6erp_C_1.meme	DONE
TFS_sp_O60304_ZN500_HUMAN:318:459_2i13_A_1.meme	DONE
TFS_sp_Q9H4I2_ZHX3_HUMAN:621:665_3d1n_L_1.meme	DONE
TFS_sp_Q5TEC3_ZN697_HUMAN:186:211_2i13_A_1.meme	DONE
TFS_tr_B3KUN2_B3KUN2_HUMAN:345:454_6ml3_A_1.meme	DONE
TFS_sp_Q9UL58_ZN215_HUMAN:406:513_5eh2_F_1.meme	DONE
TFS_tr_Q59FS2_Q59FS2_HUMAN:288:369_4r2c_A_1.meme	DONE
TFS_tr_H0YL38_H0YL38_HUMAN:346:486_6ml5_A_1.meme	DONE
TFS_sp_Q6ZSB9_ZBT49_HUMAN:476:585_5ei9_E_1.meme	DONE
DIMER_sp_Q6XD76_ASCL4_HUMAN:78:131_2ypb_A_1.meme	DONE
DIMER_sp_P12980_LYL1_HUMAN:150:199_4h10_B_1.meme	DONE
TFS_tr_M0R186_M0R186_HUMAN:53:105_5wjq_D_1.meme	DONE
TFS_sp_Q15697_ZN174_HUMAN:323:404_5kl2_A_1.meme	DONE
TFS_sp_Q9P2J8_ZN624_HUMAN:276:355_2kmk_A_1.meme	DONE
DIMER_tr_A0A3B3ITE4_A0A3B3ITE4_HUMAN:17:44_1ram_B_1.meme	DONE
TFS_sp_Q01826_SATB1_HUMAN:494:570_2o4a_A_1.meme	DONE
DIMER_sp_Q86UP3_ZFHX4_HUMAN:2886:2941_1hdd_D_1.meme	DONE
TFS_sp_Q9NSJ1_Z355P_HUMAN:260:316_4gzn_C_1.meme	DONE
DIMER_tr_E7EVZ1_E7EVZ1_HUMAN:2204:2258_3hdd_A_1.meme	DONE
TFS_sp_P0CB47_UBFL1_HUMAN:100:194_4nod_A_1.meme	DONE
TFS_tr_Q60F94_Q60F94_HUMAN:213:332_5t0u_A_1.meme	DONE
TFS_sp_Q8N1L9_BATF2_HUMAN:21:70_1nwq_C_1.meme	DONE
TFS_sp_P17030_ZNF25_HUMAN:93:141_5eh2_F_1.meme	DONE
TFS_sp_Q9NUA8_ZBT40_HUMAN:806:1028_5v3m_C_1.meme	DONE
TFS_tr_Q60F94_Q60F94_HUMAN:213:264_5k5l_F_1.meme	DONE
TFS_sp_O60315_ZEB2_HUMAN:999:1073_1a1h_A_1.meme	DONE
DIMER_tr_A0A0S2Z4K5_A0A0S2Z4K5_HUMAN:111:170_1r0o_A_1.meme	DONE
TFS_sp_Q9Y2P7_ZN256_HUMAN:92:191_5eh2_F_1.meme	DONE
TFS_sp_Q96EG3_ZN837_HUMAN:268:525_5v3j_E_1.meme	DONE
TFS_sp_Q96IT1_ZN496_HUMAN:399:575_5v3m_C_1.meme	DONE
TFS_sp_Q96IQ9_ZN414_HUMAN:111:195_4m9e_A_1.meme	DONE
TFS_sp_Q2TB10_ZN800_HUMAN:484:538_1llm_C_1.meme	DONE
TFS_tr_B3KX41_B3KX41_HUMAN:40:76_1msf_C_1.meme	DONE
TFS_sp_P10075_GLI4_HUMAN:179:373_5v3m_C_1.meme	DONE
TFS_sp_Q8N7G0_PO5F2_HUMAN:123:267_1gt0_C_1.meme	DONE
TFS_sp_Q9GZX5_ZN350_HUMAN:317:427_6e93_A_1.meme	DONE
TFS_sp_Q08AG5_ZN844_HUMAN:137:371_5v3m_C_1.meme	DONE
TFS_sp_Q9Y467_SALL2_HUMAN:372:423_8a4i_I_1.meme	DONE
TFS_tr_Q9UHQ8_Q9UHQ8_HUMAN:240:343_7x5g_B_1.meme	DONE
TFS_sp_P10075_GLI4_HUMAN:174:207_5eh2_F_1.meme	DONE
TFS_tr_E7ESP8_E7ESP8_HUMAN:241:360_5t00_A_1.meme	DONE
DIMER_sp_Q9UPW6_SATB2_HUMAN:616:667_1jgg_B_1.meme	DONE
TFS_sp_Q8TAF7_ZN461_HUMAN:270:545_5wjq_D_1.meme	DONE
TFS_sp_Q96C28_ZN707_HUMAN:173:366_5v3m_C_1.meme	DONE
TFS_sp_Q9NR83_S2A4R_HUMAN:205:227_6e94_A_1.meme	DONE
TFS_tr_E9PB28_E9PB28_HUMAN:67:124_4ati_A_1.meme	DONE
TFS_sp_Q5MCW4_ZN569_HUMAN:603:684_4x9j_A_1.meme	DONE
TFS_sp_Q13129_RLF_HUMAN:581:601_2drp_A_1.meme	DONE
TFS_sp_Q9Y603_ETV7_HUMAN:226:305_2stw_A_1.meme	DONE
TFS_sp_O43711_TLX3_HUMAN:165:223_2me6_A_1.meme	DONE
TFS_tr_A0A1B0GW50_A0A1B0GW50_HUMAN:999:1073_1a1h_A_1.meme	DONE
TFS_sp_Q9UPW6_SATB2_HUMAN:616:667_1jgg_B_1.meme	FAIL
TFS_sp_Q9Y462_ZN711_HUMAN:474:755_5wjq_D_1.meme	DONE
TFS_tr_A0JP08_A0JP08_HUMAN:279:328_4gzn_C_1.meme	DONE
TFS_sp_Q8N587_ZN561_HUMAN:362:472_5egb_A_1.meme	DONE
TFS_tr_M0R2M9_M0R2M9_HUMAN:91:138_7z5k_B_1.meme	DONE
TFS_tr_Q53F47_Q53F47_HUMAN:8:93_4g92_B_1.meme	DONE
TFS_tr_A0A8V8TMK4_A0A8V8TMK4_HUMAN:20:74_2lkx_A_1.meme	DONE
TFS_sp_P0CB47_UBFL1_HUMAN:98:167_3nm9_J_1.meme	DONE
TFS_tr_B4DT98_B4DT98_HUMAN:12:38_1g2f_C_1.meme	DONE
TFS_sp_P36508_ZNF76_HUMAN:163:279_6b0p_D_1.meme	DONE
TFS_sp_Q63HK5_TSH3_HUMAN:1041:1068_6df9_A_1.meme	DONE
TFS_tr_B3KX41_B3KX41_HUMAN:40:76_1h89_C_1.meme	DONE
TFS_sp_Q7Z398_ZN550_HUMAN:268:421_2i13_A_1.meme	DONE
TFS_tr_C9JLX5_C9JLX5_HUMAN:366:635_5v3m_C_1.meme	DONE
TFS_sp_P17027_ZNF23_HUMAN:193:471_5wjq_D_1.meme	DONE
TFS_sp_Q9Y222_DMTF1_HUMAN:204:325_5eyb_A_1.meme	DONE
TFS_sp_Q6V9R5_ZN562_HUMAN:163:423_5wjq_D_1.meme	DONE
TFS_tr_E9PKP7_E9PKP7_HUMAN:233:337_6erp_C_1.meme	DONE
TFS_sp_Q9Y5B6_PAXB1_HUMAN:504:528_4kud_F_1.meme	DONE
TFS_tr_C9J461_C9J461_HUMAN:68:149_1cf7_B_1.meme	DONE
TFS_tr_C9JIZ2_C9JIZ2_HUMAN:81:149_7m5w_A_1.meme	DONE
TFS_sp_Q96JG9_ZN469_HUMAN:3416:3442_5yj3_D_1.meme	DONE
TFS_sp_Q5SVQ8_ZBT41_HUMAN:463:742_5wjq_D_1.meme	DONE
TFS_tr_Q60F94_Q60F94_HUMAN:213:332_5t00_A_1.meme	DONE
TFS_tr_B4DL45_B4DL45_HUMAN:188:237_1nlw_B_1.meme	DONE
TFS_sp_Q92610_ZN592_HUMAN:579:639_5ei9_E_1.meme	DONE
TFS_sp_Q15776_ZKSC8_HUMAN:317:569_5wjq_D_1.meme	DONE
TFS_sp_Q9HCE3_ZN532_HUMAN:1264:1286_4is1_C_1.meme	DONE
TFS_tr_I7HIK6_I7HIK6_HUMAN:178:218_5v3m_C_1.meme	DONE
TFS_sp_Q13398_ZN211_HUMAN:144:279_2i13_A_1.meme	DONE
TFS_tr_K7EIE6_K7EIE6_HUMAN:201:254_1f2i_H_1.meme	DONE
TFS_sp_Q96RK0_CIC_HUMAN:1108:1181_6jrp_A_1.meme	DONE
TFS_tr_A0A3B3ITS6_A0A3B3ITS6_HUMAN:419:464_6wmi_A_1.meme	DONE
TFS_tr_Q9NS42_Q9NS42_HUMAN:377:643_5wjq_D_1.meme	DONE
TFS_tr_B4DZP9_B4DZP9_HUMAN:144:217_1a1g_A_1.meme	DONE
TFS_sp_P17023_ZNF19_HUMAN:186:296_5ei9_E_1.meme	DONE
TFS_sp_O75376_NCOR1_HUMAN:623:672_1mse_C_1.meme	DONE
TFS_sp_Q14582_MAD4_HUMAN:55:133_8ia3_A_1.meme	DONE
DIMER_sp_Q6XD76_ASCL4_HUMAN:105:125_1am9_D_1.meme	DONE
TFS_sp_P17480_UBF1_HUMAN:405:470_1hry_A_1.meme	DONE
TFS_tr_H0YFS7_H0YFS7_HUMAN:233:284_4is1_D_1.meme	DONE
TFS_tr_E7ESP8_E7ESP8_HUMAN:241:360_5kkq_A_1.meme	DONE
TFS_sp_P24278_ZBT25_HUMAN:193:270_2i13_A_1.meme	DONE
TFS_tr_Q53F65_Q53F65_HUMAN:226:305_2stt_A_1.meme	DONE
DIMER_sp_A0A1W2PPK0_CPHL2_HUMAN:23:79_1fjl_A_1.meme	DONE
DIMER_tr_B0QYW7_B0QYW7_HUMAN:1:36_4aa6_A_1.meme	DONE
TFS_sp_Q96SZ4_ZSC10_HUMAN:520:774_5v3m_C_1.meme	DONE
TFS_sp_Q01826_SATB1_HUMAN:371:452_6lff_A_1.meme	DONE
TFS_tr_Q9NZ00_Q9NZ00_HUMAN:11:112_2jp9_A_1.meme	DONE
TFS_sp_Q9HAH1_ZN556_HUMAN:184:337_2i13_A_1.meme	DONE
DIMER_sp_Q9Y6X8_ZHX2_HUMAN:275:316_1du0_A_1.meme	DONE
TFS_sp_Q7Z5D8_NANGN_HUMAN:120:160_5jlx_A_1.meme	DONE
TFS_tr_A0A090N8E5_A0A090N8E5_HUMAN:276:318_3lnq_A_1.meme	DONE
TFS_tr_C9JNU3_C9JNU3_HUMAN:79:142_6ht5_D_1.meme	DONE
TFS_tr_H0YL38_H0YL38_HUMAN:346:486_6ml6_A_1.meme	DONE
TFS_sp_Q5T0B9_ZN362_HUMAN:253:363_5egb_A_1.meme	DONE
TFS_sp_A0A1W2PPM1_CPHXL_HUMAN:30:82_3a01_B_1.meme	DONE
TFS_tr_M0R2M9_M0R2M9_HUMAN:87:141_2ql2_B_1.meme	DONE
TFS_tr_B4DED3_B4DED3_HUMAN:175:226_8cuc_F_1.meme	DONE
DIMER_sp_A0A1W2PPF3_DUXB_HUMAN:17:73_5hod_A_1.meme	DONE
TFS_tr_J3QLN9_J3QLN9_HUMAN:163:284_5eyb_A_1.meme	DONE
TFS_sp_O94842_TOX4_HUMAN:207:283_1j5n_A_1.meme	DONE
TFS_tr_A0A0C4DGB4_A0A0C4DGB4_HUMAN:155:381_5v3m_C_1.meme	DONE
TFS_sp_Q9H7X3_ZN696_HUMAN:178:288_5ei9_E_1.meme	DONE
TFS_sp_Q8NAP3_ZBT38_HUMAN:448:542_5vmx_A_1.meme	DONE
TFS_sp_Q9BR84_ZN559_HUMAN:334:487_2i13_A_1.meme	DONE
TFS_sp_Q9NSJ1_Z355P_HUMAN:97:386_5wjq_D_1.meme	DONE
TFS_sp_Q5SXM1_ZN678_HUMAN:88:176_5v3j_E_1.meme	DONE
TFS_sp_O15353_FOXN1_HUMAN:271:362_6nce_A_1.meme	DONE
TFS_sp_Q17RH7_TPRXL_HUMAN:24:74_3lnq_A_1.meme	DONE
TFS_tr_A8K962_A8K962_HUMAN:196:374_6hc3_A_1.meme	DONE
TFS_tr_B3KUN2_B3KUN2_HUMAN:344:478_6ml4_A_1.meme	DONE
TFS_sp_Q8IXF0_NPAS3_HUMAN:52:434_4zpr_B_1.meme	DONE
TFS_sp_Q9NUA8_ZBT40_HUMAN:806:1028_5v3j_E_1.meme	DONE
TFS_sp_P31629_ZEP2_HUMAN:177:239_5eh2_F_1.meme	DONE
TFS_sp_Q17RH7_TPRXL_HUMAN:21:74_6a8r_B_1.meme	DONE
TFS_sp_Q96SZ4_ZSC10_HUMAN:478:516_5v3j_E_1.meme	DONE
TFS_sp_Q6AHZ1_Z518A_HUMAN:234:293_8ffz_A_1.meme	DONE
TFS_sp_Q9UJW7_ZN229_HUMAN:517:791_5v3j_E_1.meme	DONE
TFS_sp_Q96SZ4_ZSC10_HUMAN:478:500_5yj3_C_1.meme	DONE
TFS_tr_F8VXY9_F8VXY9_HUMAN:226:344_1h88_C_1.meme	DONE
TFS_tr_H3BSL4_H3BSL4_HUMAN:191:269_5v3m_C_1.meme	DONE
TFS_sp_Q92949_FOXJ1_HUMAN:121:214_6akp_C_1.meme	DONE
TFS_sp_Q9BX82_ZN471_HUMAN:289:566_5v3j_E_1.meme	DONE
TFS_sp_Q499Z4_ZN672_HUMAN:12:92_1a1g_A_1.meme	DONE
TFS_sp_Q9NYT6_ZN226_HUMAN:362:638_5v3m_C_1.meme	DONE
TFS_sp_Q9Y2P0_ZN835_HUMAN:315:468_2i13_A_1.meme	DONE
TFS_tr_A0A0C4DGB4_A0A0C4DGB4_HUMAN:271:381_5ei9_E_1.meme	DONE
TFS_sp_Q6V9R5_ZN562_HUMAN:181:226_5yj3_C_1.meme	DONE
TFS_sp_O15353_FOXN1_HUMAN:271:358_7vov_B_1.meme	DONE
TFS_tr_A0A2R8YEW3_A0A2R8YEW3_HUMAN:350:366_2me6_A_1.meme	DONE
TFS_sp_O95125_ZN202_HUMAN:535:643_2jpa_A_1.meme	DONE
TFS_tr_Q53QP1_Q53QP1_HUMAN:2:27_3uk3_C_1.meme	DONE
TFS_tr_B4DZR3_B4DZR3_HUMAN:67:131_5t0u_A_1.meme	DONE
TFS_sp_Q9NSD4_ZN275_HUMAN:98:160_2i13_A_1.meme	DONE
TFS_sp_Q8NAP8_ZBT8B_HUMAN:340:407_7eyi_G_1.meme	DONE
TFS_tr_B4DRP8_B4DRP8_HUMAN:343:496_2i13_A_1.meme	DONE
DIMER_sp_Q17RH7_TPRXL_HUMAN:24:74_6dfy_C_1.meme	DONE
TFS_sp_Q9UL58_ZN215_HUMAN:404:513_5ei9_E_1.meme	DONE
TFS_sp_Q96PN7_TREF1_HUMAN:1086:1111_6ml3_A_1.meme	DONE
DIMER_sp_Q8IYA7_MKX_HUMAN:72:132_5zjt_B_1.meme	DONE
TFS_sp_Q15572_TAF1C_HUMAN:300:380_4e54_B_1.meme	DONE
TFS_sp_Q9NR11_ZN302_HUMAN:199:471_5v3j_E_1.meme	DONE
TFS_sp_Q86UD4_ZN329_HUMAN:107:199_5v3j_E_1.meme	DONE
TFS_tr_Q9H740_Q9H740_HUMAN:196:272_6ml3_A_1.meme	DONE
TFS_sp_Q7L945_ZN627_HUMAN:220:330_5ei9_E_1.meme	DONE
TFS_tr_Q59FS2_Q59FS2_HUMAN:265:397_5wjq_D_1.meme	DONE
DIMER_sp_P0DV77_TPRX2_HUMAN:24:78_4cyc_A_1.meme	DONE
TFS_sp_P58317_ZN121_HUMAN:141:251_5ei9_E_1.meme	DONE
TFS_sp_Q17RH7_TPRXL_HUMAN:19:77_2me6_A_1.meme	DONE
DIMER_tr_A0A0S2Z4K5_A0A0S2Z4K5_HUMAN:107:170_1hlz_B_1.meme	DONE
TFS_tr_Q6ZNC6_Q6ZNC6_HUMAN:162:272_5ei9_E_1.meme	DONE
TFS_sp_O75362_ZN217_HUMAN:470:523_3uk3_D_1.meme	DONE
TFS_sp_Q5SVQ8_ZBT41_HUMAN:669:718_4is1_D_1.meme	DONE
TFS_sp_Q99742_NPAS1_HUMAN:46:420_5sy7_B_1.meme	DONE
TFS_tr_C9JIZ2_C9JIZ2_HUMAN:79:149_6ht5_D_1.meme	DONE
TFS_sp_Q9NYT6_ZN226_HUMAN:316:469_2i13_A_1.meme	DONE
TFS_tr_Q9NPQ0_Q9NPQ0_HUMAN:46:67_5k5l_E_1.meme	DONE
DIMER_sp_Q96NK8_NDF6_HUMAN:95:150_2ypa_A_1.meme	DONE
TFS_sp_Q9NRM2_ZN277_HUMAN:225:242_7txc_E_1.meme	DONE
TFS_sp_Q9NRE2_TSH2_HUMAN:211:238_5wjq_D_1.meme	DONE
TFS_sp_P0C7X2_ZN688_HUMAN:180:235_4gzn_C_1.meme	DONE
TFS_sp_O75132_ZBED4_HUMAN:859:903_5eg0_B_1.meme	DONE
DIMER_sp_P12525_MYCP1_HUMAN:276:355_1nkp_A_1.meme	DONE
TFS_tr_E5RGS9_E5RGS9_HUMAN:13:47_7aw9_C_1.meme	DONE
TFS_sp_Q5SXM1_ZN678_HUMAN:208:484_5v3j_E_1.meme	DONE
TFS_sp_Q13129_RLF_HUMAN:567:609_2i13_A_1.meme	DONE
TFS_sp_Q7Z398_ZN550_HUMAN:196:422_5v3m_C_1.meme	DONE
TFS_sp_Q96RK0_CIC_HUMAN:1107:1178_1o4x_B_1.meme	DONE
TFS_sp_Q7Z5D8_NANGN_HUMAN:120:160_4xid_A_1.meme	DONE
TFS_sp_Q8IX07_FOG1_HUMAN:241:367_6ml2_A_1.meme	DONE
TFS_sp_Q12870_TCF15_HUMAN:73:124_7z5k_B_1.meme	DONE
TFS_sp_Q9P1Z0_ZBTB4_HUMAN:765:792_5yef_B_1.meme	DONE
TFS_tr_A0A140VK21_A0A140VK21_HUMAN:99:164_7dcu_C_1.meme	DONE
TFS_sp_P12980_LYL1_HUMAN:151:208_1mdy_A_1.meme	DONE
TFS_sp_O75123_ZN623_HUMAN:181:454_5v3j_E_1.meme	DONE
TFS_tr_C9J8D0_C9J8D0_HUMAN:79:151_1gt0_D_1.meme	DONE
TFS_sp_Q9Y462_ZN711_HUMAN:385:436_3uk3_D_1.meme	DONE
TFS_tr_E7EW59_E7EW59_HUMAN:237:293_8e3e_A_1.meme	DONE
TFS_tr_B4DK65_B4DK65_HUMAN:495:544_4is1_D_1.meme	DONE
TFS_tr_A0A994J4N4_A0A994J4N4_HUMAN:112:181_6erq_C_1.meme	DONE
TFS_sp_Q8IX07_FOG1_HUMAN:297:342_4is1_C_1.meme	DONE
TFS_tr_B4DED3_B4DED3_HUMAN:495:518_1f2i_G_1.meme	DONE
DIMER_sp_Q7LFL8_CXXC5_HUMAN:270:296_1ga5_B_1.meme	DONE
TFS_sp_Q6ZMY9_ZN517_HUMAN:203:312_5ei9_E_1.meme	DONE
TFS_sp_Q9UI36_DACH1_HUMAN:652:727_7x5f_B_1.meme	DONE
TFS_sp_Q5T0B9_ZN362_HUMAN:254:363_5eh2_F_1.meme	DONE
TFS_tr_B0QYW7_B0QYW7_HUMAN:4:38_1r4i_B_1.meme	DONE
TFS_sp_Q92949_FOXJ1_HUMAN:121:214_6ako_C_1.meme	DONE
TFS_tr_E7EW59_E7EW59_HUMAN:495:544_4is1_C_1.meme	DONE
TFS_tr_B4DDB5_B4DDB5_HUMAN:66:81_5iy6_S_1.meme	DONE
TFS_tr_H0Y5R1_H0Y5R1_HUMAN:60:424_4zpr_A_1.meme	DONE
DIMER_tr_A0A8V8TMK4_A0A8V8TMK4_HUMAN:19:78_1fjl_A_1.meme	DONE
TFS_sp_Q96BV0_ZN775_HUMAN:104:213_5egb_A_1.meme	DONE
TFS_tr_A4LBB6_A4LBB6_HUMAN:73:121_1nkp_A_1.meme	DONE
TFS_sp_Q9H707_ZN552_HUMAN:88:192_5egb_A_1.meme	DONE
TFS_sp_Q9UKS7_IKZF2_HUMAN:471:518_5k5h_A_1.meme	DONE
TFS_sp_Q96BR9_ZBT8A_HUMAN:277:331_1f2i_H_1.meme	DONE
TFS_sp_Q6ZNA1_ZN836_HUMAN:217:493_5v3j_E_1.meme	DONE
TFS_sp_Q9H5V7_IKZF5_HUMAN:74:161_5t0u_A_1.meme	DONE
TFS_sp_O43711_TLX3_HUMAN:152:228_3a01_A_1.meme	DONE
TFS_tr_B2RCW4_B2RCW4_HUMAN:501:611_2jp9_A_1.meme	DONE
TFS_sp_Q499Z4_ZN672_HUMAN:12:119_5egb_A_1.meme	DONE
TFS_sp_Q6ZSB9_ZBT49_HUMAN:447:587_6ml7_A_1.meme	DONE
TFS_tr_A0A8V8TM49_A0A8V8TM49_HUMAN:22:80_2r5z_A_1.meme	DONE
TFS_sp_Q96NK8_NDF6_HUMAN:95:150_2ypb_A_1.meme	DONE
TFS_tr_H3BUJ7_H3BUJ7_HUMAN:488:596_5egb_A_1.meme	DONE
TFS_tr_E7EW59_E7EW59_HUMAN:493:578_6e94_A_1.meme	DONE
TFS_tr_I3L2J0_I3L2J0_HUMAN:1107:1178_1o4x_B_1.meme	DONE
DIMER_sp_O15353_FOXN1_HUMAN:271:338_2a07_F_1.meme	DONE
TFS_tr_F5H433_F5H433_HUMAN:628:713_6e94_A_1.meme	DONE
TFS_sp_Q5EBL2_ZN628_HUMAN:290:314_5ei9_E_1.meme	DONE
TFS_tr_A0A2R8YEW3_A0A2R8YEW3_HUMAN:272:318_2lkx_A_1.meme	DONE
TFS_sp_P0CG24_ZN883_HUMAN:28:175_2i13_A_1.meme	DONE
TFS_sp_Q86UE3_ZN546_HUMAN:383:660_5wjq_D_1.meme	DONE
TFS_sp_Q96BV0_ZN775_HUMAN:107:213_5eh2_F_1.meme	DONE
TFS_tr_A8K6U2_A8K6U2_HUMAN:81:150_7m5w_A_1.meme	DONE
TFS_sp_Q9BRH9_ZN251_HUMAN:234:512_5wjq_D_1.meme	DONE
TFS_sp_Q9BRH9_ZN251_HUMAN:209:507_7w1m_H_1.meme	DONE
TFS_tr_H7C2N6_H7C2N6_HUMAN:183:238_1t2k_D_1.meme	DONE
TFS_tr_C9JA69_C9JA69_HUMAN:79:151_1o4x_B_1.meme	DONE
TFS_sp_B2RXF5_ZBT42_HUMAN:336:414_8e3e_A_1.meme	DONE
TFS_sp_Q92949_FOXJ1_HUMAN:120:214_2hdc_A_1.meme	DONE
TFS_sp_Q8TF47_ZFP90_HUMAN:337:632_5v3j_E_1.meme	DONE
TFS_tr_H3BSL4_H3BSL4_HUMAN:192:271_5eh2_F_1.meme	DONE
TFS_sp_A0A1W2PPM1_CPHXL_HUMAN:34:82_2r5y_B_1.meme	DONE
TFS_sp_Q8N895_ZN366_HUMAN:280:554_5v3m_C_1.meme	DONE
TFS_sp_Q9NQ33_ASCL3_HUMAN:101:149_1mdy_A_1.meme	DONE
TFS_sp_Q7Z340_ZN551_HUMAN:251:358_5eh2_F_1.meme	DONE
TFS_tr_Q32MA5_Q32MA5_HUMAN:298:386_1a1g_A_1.meme	DONE
TFS_sp_Q86UP3_ZFHX4_HUMAN:2885:2941_3a01_B_1.meme	DONE
TFS_sp_Q14582_MAD4_HUMAN:55:133_8ia3_E_1.meme	DONE
TFS_sp_Q499Z4_ZN672_HUMAN:12:92_1a1f_A_1.meme	DONE
TFS_sp_Q96N77_ZN641_HUMAN:372:422_5yj3_C_1.meme	DONE
TFS_sp_Q8N7U7_TPRX1_HUMAN:2:23_4uus_A_1.meme	DONE
TFS_tr_Q6P6D5_Q6P6D5_HUMAN:499:550_2mf8_A_1.meme	DONE
TFS_sp_Q9UKS7_IKZF2_HUMAN:469:518_5yeh_A_1.meme	DONE
TFS_tr_B4DK65_B4DK65_HUMAN:237:293_8e3e_A_1.meme	DONE
TFS_sp_Q9BSK1_ZN577_HUMAN:131:379_5v3m_C_1.meme	DONE
TFS_tr_B3KPQ9_B3KPQ9_HUMAN:359:441_2o49_A_1.meme	DONE
TFS_sp_Q96SQ7_ATOH8_HUMAN:228:282_5i50_B_1.meme	DONE
TFS_tr_B4DMG0_B4DMG0_HUMAN:201:254_1f2i_H_1.meme	DONE
TFS_sp_Q9Y2P0_ZN835_HUMAN:359:469_5ei9_E_1.meme	DONE
TFS_sp_O15090_ZN536_HUMAN:751:803_4is1_D_1.meme	DONE
TFS_sp_Q86V15_CASZ1_HUMAN:1454:1486_5yj3_D_1.meme	DONE
TFS_sp_Q7Z398_ZN550_HUMAN:196:422_5v3j_E_1.meme	DONE
TFS_sp_Q3KP31_ZN791_HUMAN:98:183_1jk2_A_1.meme	DONE
TFS_sp_P17017_ZNF14_HUMAN:220:249_5eh2_F_1.meme	DONE
TFS_sp_Q96PN7_TREF1_HUMAN:1088:1108_6wmi_A_1.meme	DONE
TFS_sp_Q92570_NR4A3_HUMAN:290:378_1cit_A_1.meme	DONE
TFS_sp_Q8N1G0_ZN687_HUMAN:959:1028_5und_A_1.meme	DONE
TFS_sp_Q9UPW6_SATB2_HUMAN:360:441_6lff_A_1.meme	DONE
TFS_sp_Q9P2J8_ZN624_HUMAN:303:579_5v3j_E_1.meme	DONE
TFS_sp_O60315_ZEB2_HUMAN:999:1052_4m9v_C_1.meme	DONE
TFS_sp_P49910_ZN165_HUMAN:369:478_5egb_A_1.meme	DONE
TFS_sp_Q9NYT6_ZN226_HUMAN:388:666_5wjq_D_1.meme	DONE
TFS_tr_Q53QP1_Q53QP1_HUMAN:280:326_6ml7_A_1.meme	DONE
TFS_sp_P13984_T2FB_HUMAN:2:238_6o9l_T_1.meme	DONE
TFS_sp_Q9H609_ZN576_HUMAN:105:165_6ml3_A_1.meme	DONE
TFS_sp_Q8N8C0_ZN781_HUMAN:29:111_5kl5_A_1.meme	DONE
TFS_tr_E7EVZ1_E7EVZ1_HUMAN:1513:1586_5t0u_A_1.meme	DONE
TFS_tr_A0A2R8YDQ8_A0A2R8YDQ8_HUMAN:28:66_6b0r_D_1.meme	DONE
DIMER_sp_Q9HD90_NDF4_HUMAN:87:145_2ql2_B_1.meme	DONE
TFS_tr_Q53QP1_Q53QP1_HUMAN:277:326_5kkq_A_1.meme	DONE
TFS_sp_Q9NSD4_ZN275_HUMAN:103:151_3uk3_C_1.meme	DONE
TFS_sp_P06400_RB_HUMAN:60:105_8ity_V_1.meme	DONE
DIMER_tr_C9JR56_C9JR56_HUMAN:557:608_1jgg_B_1.meme	DONE
DIMER_tr_B4DL45_B4DL45_HUMAN:188:269_1nkp_A_1.meme	DONE
TFS_sp_Q8NAP3_ZBT38_HUMAN:1008:1116_5egb_A_1.meme	DONE
DIMER_sp_O43711_TLX3_HUMAN:170:220_4s0h_F_1.meme	DONE
TFS_tr_B4DMG0_B4DMG0_HUMAN:201:254_1f2i_G_1.meme	DONE
TFS_tr_K7EIE6_K7EIE6_HUMAN:162:422_5wjq_D_1.meme	DONE
TFS_sp_Q6ZSZ6_TSH1_HUMAN:965:994_5eh2_F_1.meme	DONE
TFS_tr_C9JZA0_C9JZA0_HUMAN:79:151_6t7b_K_1.meme	DONE
TFS_sp_O60315_ZEB2_HUMAN:999:1073_1a1k_A_1.meme	DONE
TFS_tr_A0JP08_A0JP08_HUMAN:998:1072_1a1k_A_1.meme	DONE
TFS_sp_Q5EBL2_ZN628_HUMAN:36:226_5wjq_D_1.meme	DONE
TFS_sp_Q4V348_Z658B_HUMAN:149:222_1a1g_A_1.meme	DONE
TFS_sp_Q96MR9_ZN560_HUMAN:287:342_5v3m_C_1.meme	DONE
TFS_tr_M0R0R9_M0R0R9_HUMAN:81:240_5iyb_S_1.meme	DONE
TFS_tr_A0A0A0MQR4_A0A0A0MQR4_HUMAN:198:269_1o4x_B_1.meme	DONE
TFS_sp_Q92610_ZN592_HUMAN:579:639_5eh2_F_1.meme	DONE
TFS_tr_A0A087WT67_A0A087WT67_HUMAN:357:633_5v3m_C_1.meme	DONE
TFS_sp_P12524_MYCL_HUMAN:279:331_1hlo_B_1.meme	DONE
TFS_tr_Q9H740_Q9H740_HUMAN:196:272_6ml7_A_1.meme	DONE
TFS_sp_P0CB47_UBFL1_HUMAN:98:167_1qrv_A_1.meme	DONE
TFS_sp_Q9P0T4_ZN581_HUMAN:89:197_7ysf_A_1.meme	DONE
DIMER_sp_Q9H4I2_ZHX3_HUMAN:772:816_6dfy_C_1.meme	DONE
TFS_tr_C9JYU6_C9JYU6_HUMAN:79:151_6ht5_D_1.meme	DONE
TFS_sp_Q9NR83_S2A4R_HUMAN:200:223_1ubd_C_1.meme	DONE
TFS_sp_Q8TBC5_ZSC18_HUMAN:411:469_5egb_A_1.meme	DONE
TFS_sp_O60315_ZEB2_HUMAN:999:1050_1f2i_H_1.meme	DONE
TFS_tr_A8K251_A8K251_HUMAN:503:612_6ml6_A_1.meme	DONE
TFS_sp_Q7RTU4_BHA09_HUMAN:59:122_1mdy_A_1.meme	DONE
DIMER_sp_Q8N7G0_PO5F2_HUMAN:118:267_3l1p_A_1.meme	DONE
DIMER_sp_Q68DE3_USF3_HUMAN:20:73_1hlo_A_1.meme	DONE
TFS_sp_Q9BRR0_ZKSC3_HUMAN:279:338_6e93_A_1.meme	DONE
TFS_tr_I3L1J3_I3L1J3_HUMAN:344:454_2i13_A_1.meme	DONE
TFS_sp_Q9Y6X8_ZHX2_HUMAN:429:493_6u82_A_1.meme	DONE
TFS_sp_Q9UNY5_ZN232_HUMAN:293:437_2i13_A_1.meme	DONE
TFS_tr_E7EUW9_E7EUW9_HUMAN:242:361_5t0u_A_1.meme	DONE
TFS_sp_P51508_ZNF81_HUMAN:327:605_5wjq_D_1.meme	DONE
TFS_sp_P12524_MYCL_HUMAN:282:331_1nlw_B_1.meme	DONE
TFS_tr_C9JR56_C9JR56_HUMAN:424:500_2o4a_A_1.meme	DONE
TFS_tr_Q9H7U2_Q9H7U2_HUMAN:2:257_5v3j_E_1.meme	DONE
TFS_sp_P12524_MYCL_HUMAN:282:363_1nkp_A_1.meme	DONE
TFS_tr_Q60F95_Q60F95_HUMAN:280:329_4gzn_C_1.meme	DONE
TFS_tr_Q60F95_Q60F95_HUMAN:213:332_5yef_A_1.meme	DONE
TFS_tr_E7EW59_E7EW59_HUMAN:237:286_4is1_C_1.meme	DONE
TFS_sp_Q8WYA1_BMAL2_HUMAN:104:287_5v0l_A_1.meme	DONE
DIMER_sp_O75398_DEAF1_HUMAN:504:552_3cbb_A_1.meme	DONE
TFS_sp_Q86XF7_ZN575_HUMAN:52:235_5wjq_D_1.meme	DONE
TFS_sp_P49910_ZN165_HUMAN:372:481_6e94_A_1.meme	DONE
TFS_tr_Q96SV5_Q96SV5_HUMAN:459:507_5yj3_C_1.meme	DONE
TFS_tr_B4DS73_B4DS73_HUMAN:223:272_3uk3_D_1.meme	DONE
TFS_sp_Q6AHZ1_Z518A_HUMAN:152:230_5yef_G_1.meme	DONE
TFS_sp_Q8TD17_ZN398_HUMAN:452:562_5ei9_E_1.meme	DONE
TFS_sp_Q8N1L9_BATF2_HUMAN:19:67_5zko_A_1.meme	DONE
TFS_sp_Q96SZ4_ZSC10_HUMAN:344:508_5v3m_C_1.meme	DONE
TFS_sp_Q9UID6_ZN639_HUMAN:204:482_5wjq_D_1.meme	DONE
TFS_sp_Q92618_ZN516_HUMAN:34:298_5v3j_E_1.meme	DONE
TFS_sp_Q14919_NC2A_HUMAN:13:87_4awl_C_1.meme	DONE
TFS_sp_Q86YH2_Z280B_HUMAN:344:478_6ml4_A_1.meme	DONE
TFS_sp_Q9BSK1_ZN577_HUMAN:131:194_5v3j_E_1.meme	DONE
TFS_tr_Q86WM2_Q86WM2_HUMAN:166:219_4m9v_C_1.meme	DONE
TFS_sp_Q9H4I2_ZHX3_HUMAN:626:666_1gt0_C_1.meme	DONE
TFS_sp_Q8TBC5_ZSC18_HUMAN:411:463_1f2i_H_1.meme	DONE
DIMER_tr_A0A0J9YX80_A0A0J9YX80_HUMAN:86:134_4iqr_B_1.meme	DONE
TFS_sp_Q8ND82_Z280C_HUMAN:355:492_5v3j_E_1.meme	DONE
TFS_sp_Q86YH2_Z280B_HUMAN:345:454_6ml3_A_1.meme	DONE
TFS_sp_O60393_NOBOX_HUMAN:272:318_2lkx_A_1.meme	DONE
TFS_tr_H3BUJ7_H3BUJ7_HUMAN:433:599_5wjq_D_1.meme	DONE
TFS_tr_O95276_O95276_HUMAN:33:114_4x9j_A_1.meme	DONE
TFS_sp_Q9BSK1_ZN577_HUMAN:131:194_2i13_A_1.meme	DONE
TFS_sp_O75541_ZN821_HUMAN:127:192_7ysf_A_1.meme	DONE
TFS_tr_A0A087WVA2_A0A087WVA2_HUMAN:515:596_4r2d_A_1.meme	DONE
TFS_sp_Q2M218_ZN630_HUMAN:290:566_5v3j_E_1.meme	DONE
TFS_sp_Q9GZX5_ZN350_HUMAN:259:369_5ei9_E_1.meme	DONE
TFS_sp_Q86UD4_ZN329_HUMAN:125:199_5eh2_F_1.meme	DONE
TFS_tr_A4D2L0_A4D2L0_HUMAN:12:56_1bc7_C_1.meme	DONE
TFS_sp_P0DV77_TPRX2_HUMAN:16:77_2me6_A_1.meme	DONE
DIMER_tr_E7EVZ1_E7EVZ1_HUMAN:2104:2153_2hdd_B_1.meme	DONE
TFS_tr_A0A3B3IS61_A0A3B3IS61_HUMAN:1003:1032_2jx1_A_1.meme	DONE
TFS_sp_Q8N7G0_PO5F2_HUMAN:125:269_2xsd_C_1.meme	DONE
TFS_sp_P17024_ZNF20_HUMAN:199:488_7w1m_H_1.meme	DONE
TFS_sp_Q9NX65_ZSC32_HUMAN:518:628_5ei9_E_1.meme	DONE
TFS_tr_C9J8D0_C9J8D0_HUMAN:79:151_6ht5_D_1.meme	DONE
TFS_tr_B3KXP2_B3KXP2_HUMAN:254:336_5ke7_A_1.meme	DONE
TFS_sp_Q9UNN4_TF2AY_HUMAN:411:478_7nvy_U_1.meme	DONE
TFS_sp_A0A1W2PPK0_CPHL2_HUMAN:23:79_1fjl_A_1.meme	DONE
TFS_sp_P17030_ZNF25_HUMAN:174:449_5v3j_E_1.meme	DONE
TFS_tr_I3L1J3_I3L1J3_HUMAN:344:508_5v3m_C_1.meme	DONE
TFS_sp_Q5T619_ZN648_HUMAN:274:554_5wjq_D_1.meme	DONE
TFS_tr_Q53QP1_Q53QP1_HUMAN:2:25_2kmk_A_1.meme	DONE
TFS_sp_Q5EBM4_ZN542_HUMAN:100:170_5v3m_C_1.meme	DONE
TFS_sp_P0C6A0_ZGLP1_HUMAN:208:237_3dfx_B_1.meme	DONE
TFS_sp_Q9P2J8_ZN624_HUMAN:329:439_5egb_A_1.meme	DONE
TFS_sp_Q6NSZ9_ZSC25_HUMAN:347:382_5wjq_D_1.meme	DONE
TFS_sp_Q6ZNG2_DBX2_HUMAN:190:242_7q3o_K_1.meme	DONE
TFS_tr_A0A140VK21_A0A140VK21_HUMAN:99:164_5d8l_B_1.meme	DONE
TFS_sp_Q96SK3_ZN607_HUMAN:196:306_6e94_A_1.meme	DONE
TFS_sp_A0A1W2PPF3_DUXB_HUMAN:17:72_5zjr_B_1.meme	DONE
TFS_sp_Q92570_NR4A3_HUMAN:451:606_4nqa_A_1.meme	DONE
TFS_sp_O15015_ZN646_HUMAN:1050:1101_4gzn_C_1.meme	DONE
TFS_sp_Q9Y6X8_ZHX2_HUMAN:447:493_5zfy_A_1.meme	DONE
TFS_sp_Q9BR84_ZN559_HUMAN:176:200_5eh2_F_1.meme	DONE
TFS_sp_P0C6A0_ZGLP1_HUMAN:205:240_6gat_A_1.meme	DONE
TFS_sp_Q9HD90_NDF4_HUMAN:88:143_2ypa_A_1.meme	DONE
TFS_tr_A0A3B3IRF0_A0A3B3IRF0_HUMAN:385:464_2mf8_A_1.meme	DONE
TFS_tr_B7Z851_B7Z851_HUMAN:163:279_2jp9_A_1.meme	DONE
TFS_sp_Q8IZM8_ZN654_HUMAN:546:595_7txc_E_1.meme	DONE
TFS_tr_A0A090N8E5_A0A090N8E5_HUMAN:350:361_3a01_B_1.meme	DONE
TFS_sp_Q6ZNA1_ZN836_HUMAN:242:521_5wjq_D_1.meme	DONE
TFS_tr_A0A3B3ISI4_A0A3B3ISI4_HUMAN:226:304_2mf8_A_1.meme	DONE
TFS_tr_C9JA69_C9JA69_HUMAN:81:150_6jrp_A_1.meme	DONE
TFS_sp_Q96N77_ZN641_HUMAN:374:422_3uk3_C_1.meme	DONE
TFS_sp_Q15697_ZN174_HUMAN:316:407_5wjq_D_1.meme	DONE
TFS_tr_C9JSH4_C9JSH4_HUMAN:79:151_6ht5_D_1.meme	DONE
TFS_sp_Q9NUA8_ZBT40_HUMAN:949:1122_5yef_B_1.meme	DONE
TFS_sp_Q9HCC6_HES4_HUMAN:42:92_4h10_A_1.meme	DONE
TFS_tr_A0A3B3IS61_A0A3B3IS61_HUMAN:926:971_6wmi_A_1.meme	DONE
TFS_tr_H0YAV4_H0YAV4_HUMAN:15:63_3dfx_A_1.meme	DONE
TFS_sp_P17021_ZNF17_HUMAN:111:175_5v3m_C_1.meme	DONE
TFS_sp_Q5EBM4_ZN542_HUMAN:100:148_5yj3_C_1.meme	DONE
TFS_sp_Q68DY9_ZN772_HUMAN:247:289_5ei9_E_1.meme	DONE
TFS_sp_Q96NL3_ZN599_HUMAN:536:585_4is1_D_1.meme	DONE
TFS_sp_Q9Y6Q3_ZFP37_HUMAN:321:619_7w1m_H_1.meme	DONE
TFS_sp_P51522_ZNF83_HUMAN:457:510_4m9v_C_1.meme	DONE
TFS_sp_O15062_ZBTB5_HUMAN:613:661_6e93_A_1.meme	DONE
TFS_tr_A0A2R8YDQ8_A0A2R8YDQ8_HUMAN:26:66_5wjq_D_1.meme	DONE
DIMER_sp_Q6ZNG2_DBX2_HUMAN:190:240_1jgg_B_1.meme	DONE
TFS_tr_Q6ZMW8_Q6ZMW8_HUMAN:65:149_8g8e_X_1.meme	DONE
TFS_sp_Q9H2S9_IKZF4_HUMAN:185:238_1f2i_H_1.meme	DONE
TFS_sp_O15015_ZN646_HUMAN:1533:1783_5v3m_C_1.meme	DONE
TFS_sp_P52743_ZN137_HUMAN:99:179_2kmk_A_1.meme	DONE
TFS_tr_A0A3B3IRX0_A0A3B3IRX0_HUMAN:803:885_2mf8_A_1.meme	DONE
TFS_sp_Q7Z398_ZN550_HUMAN:256:422_5und_A_1.meme	DONE
TFS_tr_B3KPQ9_B3KPQ9_HUMAN:359:441_2o4a_A_1.meme	DONE
TFS_tr_A0A3B3ITS6_A0A3B3ITS6_HUMAN:496:525_2jx1_A_1.meme	DONE
TFS_tr_K7EIE6_K7EIE6_HUMAN:268:421_2i13_A_1.meme	DONE
TFS_sp_Q3SY56_SP6_HUMAN:254:336_5kea_A_1.meme	DONE
TFS_sp_P0C7X2_ZN688_HUMAN:180:235_4m9v_C_1.meme	DONE
TFS_sp_Q9Y2H8_ZN510_HUMAN:403:676_5v3m_C_1.meme	DONE
TFS_sp_Q8NAF0_ZN579_HUMAN:389:463_5keb_A_1.meme	DONE
TFS_tr_Q60F95_Q60F95_HUMAN:213:332_5yef_B_1.meme	DONE
TFS_tr_H0YKC7_H0YKC7_HUMAN:85:128_4xrm_A_1.meme	DONE
DIMER_sp_A0A1W2PPK0_CPHL2_HUMAN:28:79_2hos_A_1.meme	DONE
TFS_tr_A0A0D9SEJ8_A0A0D9SEJ8_HUMAN:375:479_6e93_A_1.meme	DONE
TFS_sp_Q8IYA7_MKX_HUMAN:72:132_5zjr_B_1.meme	DONE
TFS_tr_B4DSV2_B4DSV2_HUMAN:372:423_8a4i_I_1.meme	DONE
TFS_sp_Q9P1Z0_ZBTB4_HUMAN:297:392_6df8_A_1.meme	DONE
DIMER_sp_Q9NR83_S2A4R_HUMAN:77:119_5zko_H_1.meme	DONE
TFS_tr_Q6ZNC6_Q6ZNC6_HUMAN:25:134_5egb_A_1.meme	DONE
TFS_tr_C9J0J4_C9J0J4_HUMAN:81:105_6cg0_N_1.meme	DONE
TFS_sp_Q76KX8_ZN534_HUMAN:364:642_5wjq_D_1.meme	DONE
TFS_sp_Q96BR9_ZBT8A_HUMAN:283:333_3uk3_C_1.meme	DONE
TFS_sp_Q96BV0_ZN775_HUMAN:109:388_5v3j_E_1.meme	DONE
TFS_tr_A0A3B3IU66_A0A3B3IU66_HUMAN:31:58_2jx1_A_1.meme	DONE
TFS_sp_Q9BS34_ZN670_HUMAN:206:359_2i13_A_1.meme	DONE
TFS_tr_C9JZA0_C9JZA0_HUMAN:79:151_1gt0_D_1.meme	DONE
TFS_sp_Q8IVH2_FOXP4_HUMAN:466:547_2a07_F_1.meme	DONE
TFS_tr_A0A0D9SEJ8_A0A0D9SEJ8_HUMAN:344:478_6ml5_A_1.meme	DONE
TFS_sp_Q96NK8_NDF6_HUMAN:95:151_6od3_B_1.meme	DONE
TFS_tr_A4LBB6_A4LBB6_HUMAN:73:124_7z5k_B_1.meme	DONE
TFS_sp_Q9NZV7_ZIM2_HUMAN:330:517_5wjq_D_1.meme	DONE
TFS_tr_A4LBB6_A4LBB6_HUMAN:73:124_7z5i_B_1.meme	DONE
TFS_tr_B4DLH3_B4DLH3_HUMAN:205:253_5yj3_C_1.meme	DONE
TFS_sp_O15062_ZBTB5_HUMAN:611:661_4m9v_C_1.meme	DONE
TFS_sp_Q96BR9_ZBT8A_HUMAN:283:372_7eyi_G_1.meme	DONE
TFS_sp_Q08AG5_ZN844_HUMAN:197:306_6e93_A_1.meme	DONE
TFS_sp_P52743_ZN137_HUMAN:23:206_5v3m_C_1.meme	DONE
TFS_sp_Q15697_ZN174_HUMAN:322:404_4r2q_A_1.meme	DONE
TFS_sp_Q96BR9_ZBT8A_HUMAN:283:372_7n5t_A_1.meme	DONE
TFS_tr_E7EW59_E7EW59_HUMAN:237:286_3uk3_C_1.meme	DONE
TFS_sp_Q7RTU4_BHA09_HUMAN:65:123_2ql2_B_1.meme	DONE
TFS_tr_A0A024R3C6_A0A024R3C6_HUMAN:518:624_5eh2_F_1.meme	DONE
TFS_sp_Q92966_SNPC3_HUMAN:21:411_8ity_3_1.meme	DONE
TFS_sp_O14771_ZN213_HUMAN:322:423_2jp9_A_1.meme	DONE
TFS_sp_Q8N1G0_ZN687_HUMAN:1136:1158_5yef_A_1.meme	DONE
TFS_sp_O43309_ZSC12_HUMAN:466:575_5ei9_E_1.meme	DONE
TFS_tr_A0A0D9SEJ8_A0A0D9SEJ8_HUMAN:375:479_6e94_A_1.meme	DONE
TFS_sp_A0A1W2PPM1_CPHXL_HUMAN:34:82_2r5z_B_1.meme	DONE
TFS_tr_I3L1J3_I3L1J3_HUMAN:344:508_5wjq_D_1.meme	DONE
DIMER_tr_E7ESP8_E7ESP8_HUMAN:372:402_3coq_B_1.meme	DONE
TFS_tr_B7Z6D4_B7Z6D4_HUMAN:692:877_8sss_A_1.meme	DONE
TFS_tr_B4DGI1_B4DGI1_HUMAN:162:376_5v3j_E_1.meme	DONE
TFS_sp_Q2TB10_ZN800_HUMAN:618:658_5v3j_E_1.meme	DONE
TFS_tr_E7EW59_E7EW59_HUMAN:235:286_8cuc_F_1.meme	DONE
TFS_sp_P13984_T2FB_HUMAN:2:238_7nvt_R_1.meme	DONE
TFS_tr_Q5T7U1_Q5T7U1_HUMAN:8:60_6wge_E_1.meme	DONE
TFS_tr_A0A1B0GW50_A0A1B0GW50_HUMAN:999:1073_1a1g_A_1.meme	DONE
TFS_tr_C0LLI8_C0LLI8_HUMAN:1:18_4aa6_A_1.meme	DONE
TFS_sp_Q96MR9_ZN560_HUMAN:401:678_5wjq_D_1.meme	DONE
TFS_sp_Q86XU0_ZN677_HUMAN:263:537_5v3j_E_1.meme	DONE
TFS_sp_A6NFI3_ZN316_HUMAN:688:717_2i13_A_1.meme	DONE
TFS_sp_Q9BSK1_ZN577_HUMAN:267:376_5ei9_E_1.meme	DONE
TFS_tr_C9JI46_C9JI46_HUMAN:12:42_6ycq_B_1.meme	DONE
TFS_sp_Q9BX82_ZN471_HUMAN:287:566_5wjq_D_1.meme	DONE
TFS_tr_Q60F94_Q60F94_HUMAN:213:332_8sss_A_1.meme	DONE
TFS_sp_Q8TD17_ZN398_HUMAN:452:562_5egb_A_1.meme	DONE
TFS_sp_Q8N1W2_ZN710_HUMAN:321:596_5wjq_D_1.meme	DONE
TFS_sp_Q96CS4_ZN689_HUMAN:258:368_5ei9_E_1.meme	DONE
TFS_tr_C9J0J4_C9J0J4_HUMAN:81:113_7m5w_A_1.meme	DONE
TFS_tr_Q59GP6_Q59GP6_HUMAN:895:930_6df9_A_1.meme	DONE
TFS_sp_Q15697_ZN174_HUMAN:326:404_2kmk_A_1.meme	DONE
TFS_tr_B7Z851_B7Z851_HUMAN:163:309_6wmi_A_1.meme	DONE
TFS_sp_Q9BX82_ZN471_HUMAN:211:284_5keb_A_1.meme	DONE
TFS_tr_J3KQH6_J3KQH6_HUMAN:755:790_5vmz_A_1.meme	DONE
TFS_sp_P17030_ZNF25_HUMAN:93:141_5wjq_D_1.meme	DONE
TFS_sp_Q9HCE3_ZN532_HUMAN:1265:1286_1g2f_C_1.meme	DONE
TFS_sp_Q8TAF7_ZN461_HUMAN:183:244_5v3m_C_1.meme	DONE
TFS_tr_Q9NZ00_Q9NZ00_HUMAN:33:141_5eh2_F_1.meme	DONE
TFS_tr_E7EW59_E7EW59_HUMAN:495:544_3uk3_C_1.meme	DONE
TFS_sp_Q9HAH1_ZN556_HUMAN:147:253_5eh2_F_1.meme	DONE
TFS_tr_B7ZLF3_B7ZLF3_HUMAN:34:146_5ei9_E_1.meme	DONE
TFS_tr_B4DK65_B4DK65_HUMAN:493:578_6e94_A_1.meme	DONE
TFS_sp_Q5JNZ3_ZN311_HUMAN:272:550_5wjq_D_1.meme	DONE
TFS_sp_P17021_ZNF17_HUMAN:383:661_5wjq_D_1.meme	DONE
TFS_sp_Q08AN1_ZN616_HUMAN:490:600_5ei9_E_1.meme	DONE
TFS_tr_A8K962_A8K962_HUMAN:405:470_1hrz_A_1.meme	DONE
TFS_sp_Q6IQ32_ADNP2_HUMAN:71:96_4is1_C_1.meme	DONE
DIMER_tr_H7C2N6_H7C2N6_HUMAN:190:230_2c9n_Y_1.meme	DONE
DIMER_tr_H7C2N6_H7C2N6_HUMAN:190:230_2c9l_Z_1.meme	DONE
TFS_tr_B3KNY8_B3KNY8_HUMAN:457:510_4m9v_C_1.meme	DONE
TFS_sp_Q9UJW7_ZN229_HUMAN:257:331_5v3m_C_1.meme	DONE
TFS_tr_A8K251_A8K251_HUMAN:503:612_2i13_A_1.meme	DONE
TFS_sp_Q92618_ZN516_HUMAN:36:95_8ssr_A_1.meme	DONE
TFS_tr_B3KXP2_B3KXP2_HUMAN:254:336_2wbs_A_1.meme	DONE
TFS_sp_Q9UBD0_HSFX1_HUMAN:99:164_7dcu_B_1.meme	DONE
TFS_tr_A0A087WT67_A0A087WT67_HUMAN:357:633_5v3j_E_1.meme	DONE
TFS_tr_C9JCC6_C9JCC6_HUMAN:9:87_7cvq_A_1.meme	DONE
TFS_sp_O75541_ZN821_HUMAN:123:192_6e93_A_1.meme	DONE
TFS_sp_Q9H707_ZN552_HUMAN:212:402_5v3m_C_1.meme	DONE
DIMER_sp_Q92949_FOXJ1_HUMAN:120:186_2a07_F_1.meme	DONE
TFS_sp_Q96C00_ZBTB9_HUMAN:388:447_1zaa_C_1.meme	DONE
DIMER_tr_M0R2M9_M0R2M9_HUMAN:87:141_2ql2_B_1.meme	DONE
DIMER_tr_A8K3H7_A8K3H7_HUMAN:210:265_5t01_B_1.meme	DONE
TFS_sp_Q8N7U7_TPRX1_HUMAN:2:23_4cyc_A_1.meme	DONE
TFS_sp_P13984_T2FB_HUMAN:2:238_5iy7_T_1.meme	DONE
TFS_sp_Q9C0D4_Z518B_HUMAN:135:211_7n5t_A_1.meme	DONE
TFS_sp_Q6ZNG2_DBX2_HUMAN:190:249_5lty_K_1.meme	DONE
TFS_tr_A0A0S2Z4K5_A0A0S2Z4K5_HUMAN:107:170_1a6y_B_1.meme	DONE
TFS_tr_A0A3B3IUE2_A0A3B3IUE2_HUMAN:758:803_6wmi_A_1.meme	DONE
TFS_sp_O95625_ZBT11_HUMAN:651:964_7w1m_H_1.meme	DONE
TFS_tr_B7ZAW1_B7ZAW1_HUMAN:166:254_1jk1_A_1.meme	DONE
TFS_sp_Q00059_TFAM_HUMAN:43:237_3tmm_A_1.meme	DONE
TFS_tr_B4DRP8_B4DRP8_HUMAN:333:441_5eh2_F_1.meme	DONE
TFS_sp_Q9H8Y1_VRTN_HUMAN:503:542_6w8v_A_1.meme	DONE
TFS_sp_Q7Z398_ZN550_HUMAN:196:422_5wjq_D_1.meme	DONE
TFS_sp_Q9H707_ZN552_HUMAN:204:402_5wjq_D_1.meme	DONE
DIMER_tr_H7C2N6_H7C2N6_HUMAN:183:223_5zko_C_1.meme	DONE
TFS_tr_A0A3B3IUE2_A0A3B3IUE2_HUMAN:835:864_2jx1_A_1.meme	DONE
TFS_sp_Q96K75_ZN514_HUMAN:180:398_5wjq_D_1.meme	DONE
DIMER_sp_Q9NQ33_ASCL3_HUMAN:97:149_2ql2_B_1.meme	DONE
TFS_sp_Q9H707_ZN552_HUMAN:250:402_2i13_A_1.meme	DONE
TFS_tr_H0Y5R1_H0Y5R1_HUMAN:57:424_7xi3_A_1.meme	DONE
TFS_tr_Q6AWA4_Q6AWA4_HUMAN:1:716_8clj_A_1.meme	DONE
TFS_sp_Q14587_ZN268_HUMAN:253:496_5v3m_C_1.meme	DONE
TFS_sp_Q8IYA7_MKX_HUMAN:85:128_5ego_A_1.meme	DONE
TFS_sp_O60315_ZEB2_HUMAN:213:332_5t0u_A_1.meme	DONE
DIMER_sp_Q03014_HHEX_HUMAN:141:191_4s0h_F_1.meme	DONE
TFS_sp_Q96I27_ZN625_HUMAN:32:65_5v3m_C_1.meme	DONE
TFS_sp_A6NFI3_ZN316_HUMAN:688:717_5eh2_F_1.meme	DONE
TFS_sp_P29084_T2EB_HUMAN:75:239_5iya_R_1.meme	DONE
TFS_sp_Q96I27_ZN625_HUMAN:32:65_5wjq_D_1.meme	DONE
TFS_tr_Q86WM2_Q86WM2_HUMAN:1:219_5v3j_E_1.meme	DONE
TFS_sp_Q9BUY5_ZN426_HUMAN:276:554_5wjq_D_1.meme	DONE
TFS_sp_O43167_ZBT24_HUMAN:374:516_6ml6_A_1.meme	DONE
TFS_tr_A4LBB6_A4LBB6_HUMAN:74:124_4h10_A_1.meme	DONE
DIMER_tr_A0A8V8TMK4_A0A8V8TMK4_HUMAN:24:77_4qtr_A_1.meme	DONE
TFS_sp_Q86V15_CASZ1_HUMAN:668:692_5ke7_A_1.meme	DONE
TFS_tr_A0A3B3IS77_A0A3B3IS77_HUMAN:337:363_2jx1_A_1.meme	DONE
TFS_sp_Q96PN7_TREF1_HUMAN:1086:1112_6ml7_A_1.meme	DONE
TFS_sp_P52746_ZN142_HUMAN:1420:1643_5wjq_D_1.meme	DONE
TFS_tr_Q6ZN29_Q6ZN29_HUMAN:269:353_8g8g_X_1.meme	DONE
TFS_sp_Q9BSK1_ZN577_HUMAN:135:193_5ei9_E_1.meme	DONE
DIMER_tr_A0A7I2PK40_A0A7I2PK40_HUMAN:30:75_4h10_A_1.meme	DONE
TFS_sp_P51786_ZN157_HUMAN:215:492_5wjq_D_1.meme	DONE
TFS_tr_A0A2R8YEW3_A0A2R8YEW3_HUMAN:272:318_1fjl_A_1.meme	DONE
DIMER_sp_Q8WYA1_BMAL2_HUMAN:104:162_4h10_A_1.meme	DONE
TFS_sp_Q7LFL8_CXXC5_HUMAN:258:300_4nw3_A_1.meme	DONE
TFS_tr_A0A3B3ISP2_A0A3B3ISP2_HUMAN:837:858_2mf8_A_1.meme	DONE
TFS_sp_Q15776_ZKSC8_HUMAN:320:358_2kmk_A_1.meme	DONE
TFS_sp_Q96CS4_ZN689_HUMAN:242:395_2i13_A_1.meme	DONE
TFS_tr_Q6ZNC6_Q6ZNC6_HUMAN:146:299_2i13_A_1.meme	DONE
TFS_sp_Q9UNY5_ZN232_HUMAN:330:440_6e93_A_1.meme	DONE
TFS_tr_E7ET52_E7ET52_HUMAN:166:254_1jk1_A_1.meme	DONE
TFS_sp_B2RXF5_ZBT42_HUMAN:360:410_1f2i_H_1.meme	DONE
TFS_sp_Q96IT1_ZN496_HUMAN:522:575_5v3m_C_1.meme	DONE
TFS_sp_Q8IXF0_NPAS3_HUMAN:51:447_4zpk_B_1.meme	DONE
TFS_sp_Q6V9R5_ZN562_HUMAN:202:255_1f2i_G_1.meme	DONE
TFS_tr_C9JYU6_C9JYU6_HUMAN:79:151_1gt0_D_1.meme	DONE
TFS_sp_Q14588_ZN234_HUMAN:343:619_5v3m_C_1.meme	DONE
TFS_sp_O75475_PSIP1_HUMAN:1:91_8cbq_K_1.meme	DONE
TFS_sp_Q494X3_ZN404_HUMAN:392:545_2i13_A_1.meme	DONE
TFS_tr_Q05BZ1_Q05BZ1_HUMAN:112:181_6erq_C_1.meme	DONE
TFS_sp_O75362_ZN217_HUMAN:128:238_5k5i_A_1.meme	DONE
TFS_tr_A0A0B5IYB7_A0A0B5IYB7_HUMAN:5:101_6akp_C_1.meme	DONE
TFS_sp_B1APH4_ZN487_HUMAN:150:205_5v3j_E_1.meme	DONE
TFS_sp_Q86YH2_Z280B_HUMAN:344:478_6ml5_A_1.meme	DONE
TFS_tr_B4DGI1_B4DGI1_HUMAN:176:339_2i13_A_1.meme	DONE
TFS_sp_P49910_ZN165_HUMAN:327:478_2i13_A_1.meme	DONE
TFS_sp_Q9H5V7_IKZF5_HUMAN:367:397_1a1g_A_1.meme	DONE
TFS_sp_Q8TAF7_ZN461_HUMAN:174:269_5v3j_E_1.meme	DONE
DIMER_sp_Q5TGS1_HES3_HUMAN:39:73_1ga5_B_1.meme	DONE
TFS_tr_A0A0C4DGB4_A0A0C4DGB4_HUMAN:227:380_2i13_A_1.meme	DONE
TFS_tr_B4DNQ1_B4DNQ1_HUMAN:46:115_7lbx_A_1.meme	DONE
TFS_tr_A0A0B5IYB7_A0A0B5IYB7_HUMAN:5:83_5x07_F_1.meme	DONE
TFS_sp_Q96BR9_ZBT8A_HUMAN:283:372_8e3d_A_1.meme	DONE
TFS_sp_Q68CJ9_CR3L3_HUMAN:245:285_5zko_C_1.meme	DONE
TFS_sp_Q6ECI4_ZN470_HUMAN:392:421_2i13_A_1.meme	DONE
TFS_sp_Q96MA1_DMRTB_HUMAN:4:65_4yj0_B_1.meme	DONE
TFS_sp_Q9Y5A6_ZSC21_HUMAN:359:467_5eh2_F_1.meme	DONE
DIMER_tr_A0A0B5IYB7_A0A0B5IYB7_HUMAN:5:71_2a07_F_1.meme	DONE
TFS_tr_Q86WM2_Q86WM2_HUMAN:170:219_4is1_D_1.meme	DONE
TFS_sp_Q9Y483_MTF2_HUMAN:48:352_5xfq_A_1.meme	DONE
TFS_tr_E7EUW9_E7EUW9_HUMAN:242:361_8sss_A_1.meme	DONE
TFS_tr_A0A1B0GW50_A0A1B0GW50_HUMAN:999:1052_4m9v_C_1.meme	DONE
TFS_tr_Q9NS42_Q9NS42_HUMAN:517:625_5eh2_F_1.meme	DONE
TFS_sp_Q14582_MAD4_HUMAN:55:105_5v0l_A_1.meme	DONE
TFS_sp_Q9P2J8_ZN624_HUMAN:303:579_5v3m_C_1.meme	DONE
TFS_tr_A0A2R8YDQ8_A0A2R8YDQ8_HUMAN:28:66_6blw_A_1.meme	DONE
TFS_tr_A0A140VK21_A0A140VK21_HUMAN:99:164_5hdn_B_1.meme	DONE
TFS_tr_B7ZBM3_B7ZBM3_HUMAN:454:535_3qrf_G_1.meme	DONE
TFS_sp_P0C7X2_ZN688_HUMAN:185:233_2kmk_A_1.meme	DONE
TFS_sp_Q15697_ZN174_HUMAN:316:404_5v3j_E_1.meme	DONE
TFS_sp_P0CB47_UBFL1_HUMAN:100:194_7lbx_B_1.meme	DONE
TFS_sp_Q494X3_ZN404_HUMAN:409:518_5ei9_E_1.meme	DONE
DIMER_tr_A0A0S2Z4K5_A0A0S2Z4K5_HUMAN:111:170_2han_A_1.meme	DONE
TFS_tr_Q59FT3_Q59FT3_HUMAN:646:697_1jgg_B_1.meme	DONE
TFS_sp_Q96IT1_ZN496_HUMAN:404:541_2i13_A_1.meme	DONE
TFS_tr_I7HIK6_I7HIK6_HUMAN:371:524_2i13_A_1.meme	DONE
TFS_sp_Q9NW07_ZN358_HUMAN:150:399_5v3m_C_1.meme	DONE
TFS_sp_O43711_TLX3_HUMAN:167:224_4xic_A_1.meme	DONE
TFS_sp_Q92750_TAF4B_HUMAN:619:862_7egj_D_1.meme	DONE
TFS_tr_B4DXY2_B4DXY2_HUMAN:83:95_6o9l_S_1.meme	DONE
TFS_sp_Q8IZ20_ZN683_HUMAN:322:448_5egb_A_1.meme	DONE
TFS_sp_Q9NR11_ZN302_HUMAN:333:443_5ei9_E_1.meme	DONE
TFS_tr_Q59FT3_Q59FT3_HUMAN:393:459_2d5v_A_1.meme	DONE
TFS_sp_Q6ZRF7_ZN818_HUMAN:66:114_5ei9_E_1.meme	DONE
TFS_sp_Q9H116_GZF1_HUMAN:433:541_2jpa_A_1.meme	DONE
DIMER_sp_Q8N1L9_BATF2_HUMAN:22:67_1ysa_D_1.meme	DONE
DIMER_tr_K7EIE6_K7EIE6_HUMAN:85:106_1d66_B_1.meme	DONE
TFS_sp_Q9NSJ1_Z355P_HUMAN:72:326_7w1m_H_1.meme	DONE
DIMER_sp_A0A1W2PPM1_CPHXL_HUMAN:27:82_1b72_B_1.meme	DONE
TFS_sp_Q76KX8_ZN534_HUMAN:645:674_5egb_A_1.meme	DONE
TFS_sp_O95625_ZBT11_HUMAN:775:932_2i13_A_1.meme	DONE
TFS_sp_Q9NZV7_ZIM2_HUMAN:467:516_3uk3_C_1.meme	DONE
TFS_sp_Q9UKS7_IKZF2_HUMAN:114:215_5ei9_E_1.meme	DONE
TFS_tr_A0A1B0GV02_A0A1B0GV02_HUMAN:1024:1098_1a1i_A_1.meme	DONE
DIMER_sp_O43711_TLX3_HUMAN:170:235_4uus_A_1.meme	DONE
DIMER_tr_B4DMG0_B4DMG0_HUMAN:85:106_1d66_B_1.meme	DONE
TFS_sp_O14771_ZN213_HUMAN:315:451_2i13_A_1.meme	DONE
TFS_sp_Q13398_ZN211_HUMAN:140:228_5eh2_F_1.meme	DONE
TFS_tr_B4DSV2_B4DSV2_HUMAN:373:423_5yj3_C_1.meme	DONE
TFS_sp_A8MZ59_LEUTX_HUMAN:9:65_5hod_A_1.meme	DONE
TFS_sp_Q9P2J8_ZN624_HUMAN:525:803_5wjq_D_1.meme	DONE
DIMER_sp_Q9HD90_NDF4_HUMAN:88:143_1mdy_B_1.meme	DONE
TFS_tr_Q8IYZ2_Q8IYZ2_HUMAN:153:367_5v3m_C_1.meme	DONE
DIMER_sp_Q9Y6X8_ZHX2_HUMAN:275:317_6dfy_C_1.meme	DONE
TFS_tr_A0A140VK21_A0A140VK21_HUMAN:99:164_5d5v_B_1.meme	DONE
TFS_tr_A0A024R3C6_A0A024R3C6_HUMAN:516:624_5egb_A_1.meme	DONE
TFS_sp_Q5TEC3_ZN697_HUMAN:261:541_7w1m_H_1.meme	DONE
TFS_sp_O15090_ZN536_HUMAN:753:801_6ki6_A_1.meme	DONE
TFS_sp_Q9P0T4_ZN581_HUMAN:84:193_5ei9_E_1.meme	DONE
TFS_tr_M0R2M4_M0R2M4_HUMAN:251:549_7w1m_H_1.meme	DONE
TFS_tr_M0R186_M0R186_HUMAN:80:185_5ei9_E_1.meme	DONE
TFS_sp_Q3SY56_SP6_HUMAN:254:336_4m9e_A_1.meme	DONE
TFS_sp_Q9H582_ZN644_HUMAN:410:480_5ei9_E_1.meme	DONE
TFS_tr_B4DNQ1_B4DNQ1_HUMAN:46:115_6erq_C_1.meme	DONE
TFS_sp_Q4V348_Z658B_HUMAN:90:247_2i13_A_1.meme	DONE
TFS_sp_O14628_ZN195_HUMAN:475:628_2i13_A_1.meme	DONE
TFS_sp_Q5SXM1_ZN678_HUMAN:88:176_5eh2_F_1.meme	DONE
TFS_sp_A6NFD8_HELT_HUMAN:15:65_4ati_A_1.meme	DONE
TFS_tr_B7ZLF3_B7ZLF3_HUMAN:35:188_2i13_A_1.meme	DONE
TFS_tr_H7BYN3_H7BYN3_HUMAN:25:183_3tmm_A_1.meme	DONE
TFS_sp_Q6NSZ9_ZSC25_HUMAN:384:535_2i13_A_1.meme	DONE
TFS_sp_A0A1W2PPK0_CPHL2_HUMAN:26:83_3lnq_A_1.meme	DONE
TFS_tr_A0A3B3IRM3_A0A3B3IRM3_HUMAN:1003:1032_2jx1_A_1.meme	DONE
TFS_tr_H7BYN3_H7BYN3_HUMAN:33:100_1o4x_B_1.meme	DONE
TFS_sp_Q8IZ20_ZN683_HUMAN:322:448_2i13_A_1.meme	DONE
TFS_sp_Q9BRH9_ZN251_HUMAN:330:483_2i13_A_1.meme	DONE
TFS_sp_Q9UKS7_IKZF2_HUMAN:113:216_5wjq_D_1.meme	DONE
TFS_sp_Q13398_ZN211_HUMAN:140:228_5egb_A_1.meme	DONE
TFS_tr_B4DSV2_B4DSV2_HUMAN:374:425_4is1_D_1.meme	DONE
TFS_tr_A8K5P3_A8K5P3_HUMAN:357:467_5ei9_E_1.meme	DONE
TFS_tr_A0A3F2YPB8_A0A3F2YPB8_HUMAN:138:219_2i13_A_1.meme	DONE
TFS_sp_Q9ULJ3_ZBT21_HUMAN:911:959_8a4i_I_1.meme	DONE
TFS_sp_O15090_ZN536_HUMAN:751:802_4is1_C_1.meme	DONE
TFS_sp_Q96SZ4_ZSC10_HUMAN:344:454_5ei9_E_1.meme	DONE
TFS_sp_Q7Z340_ZN551_HUMAN:279:358_2kmk_A_1.meme	DONE
TFS_sp_Q6ZNG2_DBX2_HUMAN:190:245_2h1k_A_1.meme	DONE
TFS_tr_B3KNY8_B3KNY8_HUMAN:149:447_7w1m_H_1.meme	DONE
TFS_tr_B4DS73_B4DS73_HUMAN:246:415_5und_A_1.meme	DONE
TFS_tr_A0A3B3IS61_A0A3B3IS61_HUMAN:900:930_2jx1_A_1.meme	DONE
TFS_tr_Q8IYZ2_Q8IYZ2_HUMAN:152:263_2i13_A_1.meme	DONE
TFS_tr_B4DK65_B4DK65_HUMAN:493:578_6e93_A_1.meme	DONE
TFS_sp_Q9Y4A8_NF2L3_HUMAN:535:638_7x5f_B_1.meme	FAIL
TFS_sp_Q6V9R5_ZN562_HUMAN:269:422_2i13_A_1.meme	DONE
TFS_sp_Q8N9Z0_ZN610_HUMAN:229:339_5egb_A_1.meme	DONE
TFS_tr_Q9H740_Q9H740_HUMAN:177:275_5egb_A_1.meme	DONE
TFS_tr_H0YL38_H0YL38_HUMAN:346:486_6ml2_A_1.meme	DONE
TFS_sp_Q96C00_ZBTB9_HUMAN:388:447_1jk2_A_1.meme	DONE
TFS_sp_P17021_ZNF17_HUMAN:245:521_5v3m_C_1.meme	DONE
TFS_tr_E9PQX9_E9PQX9_HUMAN:1:67_4g92_C_1.meme	DONE
TFS_tr_Q658N3_Q658N3_HUMAN:13:132_4wzs_B_1.meme	DONE
TFS_sp_A6NP11_ZN716_HUMAN:305:458_2i13_A_1.meme	DONE
TFS_sp_Q16600_ZN239_HUMAN:300:453_2i13_A_1.meme	DONE
TFS_tr_E5KSU5_E5KSU5_HUMAN:44:240_6hb4_A_1.meme	DONE
TFS_tr_B7Z6D4_B7Z6D4_HUMAN:772:846_1a1g_A_1.meme	DONE
TFS_sp_A6NK53_ZN233_HUMAN:489:642_2i13_A_1.meme	DONE
TFS_tr_C9JIZ2_C9JIZ2_HUMAN:79:149_1o4x_B_1.meme	DONE
DIMER_tr_A0A3B3ITE4_A0A3B3ITE4_HUMAN:17:44_5u01_B_1.meme	DONE
TFS_sp_P0C6A0_ZGLP1_HUMAN:205:240_7gat_A_1.meme	DONE
TFS_tr_H0YKC7_H0YKC7_HUMAN:85:128_6fqq_A_1.meme	DONE
TFS_sp_P24278_ZBT25_HUMAN:347:383_5yj3_C_1.meme	DONE
TFS_sp_Q9HAH1_ZN556_HUMAN:147:253_5egb_A_1.meme	DONE
TFS_sp_Q14103_HNRPD_HUMAN:191:225_6zhe_F_1.meme	DONE
TFS_sp_Q00059_TFAM_HUMAN:44:237_3tq6_A_1.meme	DONE
TFS_sp_Q5JNZ3_ZN311_HUMAN:248:545_7w1m_H_1.meme	DONE
DIMER_sp_A8MZ59_LEUTX_HUMAN:10:65_1hdd_D_1.meme	DONE
TFS_tr_F5H433_F5H433_HUMAN:690:713_1f2i_H_1.meme	DONE
TFS_sp_O75475_PSIP1_HUMAN:5:29_5vc8_A_1.meme	DONE
TFS_sp_Q92618_ZN516_HUMAN:36:84_4is1_D_1.meme	DONE
TFS_sp_Q96BV0_ZN775_HUMAN:104:388_5wjq_D_1.meme	DONE
TFS_sp_Q6P1L6_ZN343_HUMAN:296:572_5v3m_C_1.meme	DONE
TFS_tr_B9EH69_B9EH69_HUMAN:651:800_2i13_A_1.meme	DONE
TFS_tr_C9JSH4_C9JSH4_HUMAN:79:151_6t7b_K_1.meme	DONE
TFS_tr_B4DT98_B4DT98_HUMAN:153:306_2i13_A_1.meme	DONE
TFS_sp_Q96SK3_ZN607_HUMAN:222:332_5egb_A_1.meme	DONE
TFS_sp_Q5TGS1_HES3_HUMAN:2:47_8osl_O_1.meme	DONE
TFS_sp_Q9Y6Q3_ZFP37_HUMAN:458:568_5ei9_E_1.meme	DONE
TFS_tr_B4DS73_B4DS73_HUMAN:192:414_8ssu_A_1.meme	DONE
TFS_sp_Q8IZ20_ZN683_HUMAN:318:448_5wjq_D_1.meme	DONE
TFS_sp_Q9Y2H8_ZN510_HUMAN:402:511_5ei9_E_1.meme	DONE
TFS_sp_Q92670_ZN75C_HUMAN:289:399_5ei9_E_1.meme	DONE
TFS_sp_Q6ZNG2_DBX2_HUMAN:190:244_4qtr_A_1.meme	DONE
TFS_tr_Q9NPQ0_Q9NPQ0_HUMAN:46:67_5k5l_F_1.meme	DONE
TFS_sp_Q96SZ4_ZSC10_HUMAN:478:500_5yj3_D_1.meme	DONE
TFS_sp_Q96BR9_ZBT8A_HUMAN:287:345_1a1k_A_1.meme	DONE
TFS_sp_Q86UP3_ZFHX4_HUMAN:2180:2245_1puf_A_1.meme	DONE
TFS_tr_B7Z851_B7Z851_HUMAN:161:310_6ml6_A_1.meme	DONE
TFS_sp_Q14190_SIM2_HUMAN:2:141_4zpk_A_1.meme	DONE
DIMER_tr_C9JR56_C9JR56_HUMAN:557:612_1hdd_D_1.meme	DONE
TFS_sp_O43298_ZBT43_HUMAN:352:447_7eyi_G_1.meme	DONE
TFS_tr_B3KNY8_B3KNY8_HUMAN:122:396_5v3j_E_1.meme	DONE
TFS_tr_E7ET52_E7ET52_HUMAN:166:254_4r2c_A_1.meme	DONE
TFS_sp_Q9Y2P7_ZN256_HUMAN:322:598_5v3j_E_1.meme	DONE
TFS_sp_Q8N1G0_ZN687_HUMAN:1136:1158_5yef_G_1.meme	DONE
TFS_sp_P17025_ZN182_HUMAN:511:620_5ei9_E_1.meme	DONE
TFS_sp_Q92949_FOXJ1_HUMAN:121:213_2c6y_B_1.meme	DONE
TFS_sp_Q9H5V7_IKZF5_HUMAN:366:413_3uk3_D_1.meme	DONE
TFS_sp_Q92570_NR4A3_HUMAN:436:619_5uan_B_1.meme	DONE
TFS_tr_A4D2L0_A4D2L0_HUMAN:12:56_1bc8_C_1.meme	DONE
TFS_sp_Q8TE85_GRHL3_HUMAN:229:463_5mpf_B_1.meme	DONE
TFS_tr_M0R0Z3_M0R0Z3_HUMAN:13:100_5fmf_U_1.meme	DONE
TFS_tr_Q6P6D5_Q6P6D5_HUMAN:142:215_2mf8_A_1.meme	DONE
TFS_sp_Q96N77_ZN641_HUMAN:262:422_5v3j_E_1.meme	DONE
DIMER_tr_A0A8V8TM49_A0A8V8TM49_HUMAN:24:77_4qtr_A_1.meme	DONE
TFS_tr_K7EIE6_K7EIE6_HUMAN:201:254_1f2i_G_1.meme	DONE
TFS_tr_E7EVZ1_E7EVZ1_HUMAN:2904:2960_3a01_B_1.meme	DONE
TFS_tr_B5MCP8_B5MCP8_HUMAN:119:154_7gat_A_1.meme	DONE
TFS_sp_Q5SXM1_ZN678_HUMAN:122:175_4gzn_C_1.meme	DONE
TFS_sp_O14862_AIM2_HUMAN:156:341_3rnu_D_1.meme	DONE
TFS_tr_Q53QP1_Q53QP1_HUMAN:2:27_4is1_D_1.meme	DONE
DIMER_sp_Q7LFL8_CXXC5_HUMAN:270:296_1hlz_A_1.meme	DONE
TFS_tr_E9PLT2_E9PLT2_HUMAN:2:51_6oeo_N_1.meme	DONE
TFS_sp_Q7Z5D8_NANGN_HUMAN:120:160_4xic_A_1.meme	DONE
TFS_sp_O94842_TOX4_HUMAN:221:293_3nm9_G_1.meme	DONE
TFS_tr_E7EPA0_E7EPA0_HUMAN:226:290_3osf_A_1.meme	DONE
TFS_tr_O95276_O95276_HUMAN:37:125_6ml5_A_1.meme	DONE
TFS_tr_B4DLH3_B4DLH3_HUMAN:166:254_1aay_A_1.meme	DONE
TFS_tr_A0A3B3ITE4_A0A3B3ITE4_HUMAN:320:430_5ei9_E_1.meme	DONE
TFS_sp_Q86XF7_ZN575_HUMAN:52:235_5v3j_E_1.meme	DONE
TFS_sp_Q96NL3_ZN599_HUMAN:320:473_2i13_A_1.meme	DONE
TFS_sp_Q3SY56_SP6_HUMAN:254:336_5ke6_A_1.meme	DONE
TFS_tr_C9JCC6_C9JCC6_HUMAN:10:75_1jfi_A_1.meme	DONE
TFS_sp_Q3KP31_ZN791_HUMAN:129:407_5wjq_D_1.meme	DONE
TFS_sp_Q9ULJ3_ZBT21_HUMAN:909:959_7txc_E_1.meme	DONE
DIMER_sp_Q8WYA1_BMAL2_HUMAN:109:163_1mdy_B_1.meme	DONE
TFS_tr_K7ER43_K7ER43_HUMAN:110:208_5eh2_F_1.meme	DONE
TFS_tr_B4DT98_B4DT98_HUMAN:65:110_5yj3_C_1.meme	DONE
TFS_sp_Q2M218_ZN630_HUMAN:174:289_2i13_A_1.meme	DONE
TFS_sp_Q9H4I2_ZHX3_HUMAN:504:546_2lkx_A_1.meme	DONE
TFS_tr_D6RFK7_D6RFK7_HUMAN:12:48_2ko0_A_1.meme	DONE
TFS_tr_D6REM3_D6REM3_HUMAN:1:90_2l1g_A_1.meme	DONE
TFS_sp_A0A1W2PPK0_CPHL2_HUMAN:28:79_1du0_B_1.meme	DONE
TFS_sp_Q5EBL2_ZN628_HUMAN:36:224_8sss_A_1.meme	DONE
TFS_tr_A8K124_A8K124_HUMAN:346:486_6ml5_A_1.meme	DONE
DIMER_tr_B0QYW7_B0QYW7_HUMAN:2:39_2c7a_A_1.meme	DONE
TFS_tr_A8K6U2_A8K6U2_HUMAN:81:150_6jrp_A_1.meme	DONE
TFS_tr_I3L1J3_I3L1J3_HUMAN:344:508_5v3j_E_1.meme	DONE
TFS_tr_H0YL38_H0YL38_HUMAN:347:484_5v3m_C_1.meme	DONE
TFS_sp_Q08AN1_ZN616_HUMAN:437:712_5v3m_C_1.meme	DONE
TFS_sp_O60393_NOBOX_HUMAN:350:366_2me6_A_1.meme	DONE
TFS_sp_Q8IZ20_ZN683_HUMAN:322:448_5ei9_E_1.meme	DONE
TFS_sp_O43167_ZBT24_HUMAN:411:512_2jp9_A_1.meme	DONE
TFS_sp_Q03014_HHEX_HUMAN:144:194_2h1k_A_1.meme	DONE
TFS_sp_Q8N8C0_ZN781_HUMAN:20:127_2i13_A_1.meme	DONE
TFS_sp_P0CB48_UBFL6_HUMAN:230:313_4nod_A_1.meme	DONE
TFS_sp_Q9Y2D1_ATF5_HUMAN:210:265_1t2k_C_1.meme	DONE
TFS_tr_A0A0D9SEJ8_A0A0D9SEJ8_HUMAN:344:478_6ml4_A_1.meme	DONE
TFS_sp_Q8IZM8_ZN654_HUMAN:788:839_1jk2_A_1.meme	DONE
TFS_sp_Q9BS34_ZN670_HUMAN:102:387_5v3j_E_1.meme	DONE
TFS_sp_P51786_ZN157_HUMAN:163:437_5v3j_E_1.meme	DONE
TFS_sp_O60281_ZN292_HUMAN:724:832_5t0u_A_1.meme	DONE
TFS_sp_O15062_ZBTB5_HUMAN:609:662_5egb_A_1.meme	DONE
TFS_tr_F8VXY9_F8VXY9_HUMAN:306:344_1h8a_C_1.meme	DONE
TFS_sp_Q3ZCX4_ZN568_HUMAN:247:357_5ei9_E_1.meme	DONE
TFS_tr_H0Y5R1_H0Y5R1_HUMAN:61:113_4atk_B_1.meme	DONE
TFS_tr_A0A3B3IU83_A0A3B3IU83_HUMAN:336:407_2mf8_A_1.meme	DONE
TFS_sp_P0C7X2_ZN688_HUMAN:179:233_5egb_A_1.meme	DONE
TFS_sp_Q9NZV7_ZIM2_HUMAN:328:527_5v3m_C_1.meme	DONE
TFS_sp_Q08AN1_ZN616_HUMAN:437:712_5v3j_E_1.meme	DONE
TFS_sp_Q6NSZ9_ZSC25_HUMAN:346:383_5egb_A_1.meme	DONE
TFS_sp_P31629_ZEP2_HUMAN:1799:1847_4gzn_C_1.meme	DONE
TFS_tr_A0A994J5J9_A0A994J5J9_HUMAN:217:253_6ryl_A_1.meme	DONE
TFS_sp_Q9UPW6_SATB2_HUMAN:359:441_2o4a_A_1.meme	DONE
TFS_tr_B4DHL1_B4DHL1_HUMAN:422:562_6ml2_A_1.meme	DONE
TFS_sp_Q96RK0_CIC_HUMAN:1107:1180_7m5w_A_1.meme	DONE
TFS_sp_Q6NSZ9_ZSC25_HUMAN:346:541_5wjq_D_1.meme	DONE
TFS_tr_E9PKP7_E9PKP7_HUMAN:112:181_6erp_C_1.meme	DONE
TFS_sp_Q9NW07_ZN358_HUMAN:262:370_5eh2_F_1.meme	DONE
TFS_tr_B4DMG0_B4DMG0_HUMAN:268:421_2i13_A_1.meme	DONE
DIMER_tr_A0A0B5IYB7_A0A0B5IYB7_HUMAN:5:71_2a07_K_1.meme	DONE
TFS_tr_A0A994J4N4_A0A994J4N4_HUMAN:112:181_6erp_C_1.meme	DONE
TFS_sp_Q9BS31_ZN649_HUMAN:178:453_5v3m_C_1.meme	DONE
DIMER_sp_A0A1W2PPF3_DUXB_HUMAN:103:160_1fjl_A_1.meme	DONE
TFS_tr_C9J0J4_C9J0J4_HUMAN:79:113_4y60_C_1.meme	DONE
TFS_sp_Q6ZT77_ZN826_HUMAN:99:175_5v3m_C_1.meme	DONE
TFS_sp_Q96SK3_ZN607_HUMAN:362:639_5wjq_D_1.meme	DONE
DIMER_sp_Q9Y6X8_ZHX2_HUMAN:281:316_1jgg_B_1.meme	DONE
TFS_sp_O14628_ZN195_HUMAN:353:629_5v3j_E_1.meme	DONE
TFS_tr_Q53F47_Q53F47_HUMAN:5:92_6r2v_B_1.meme	DONE
TFS_sp_Q01826_SATB1_HUMAN:370:452_2o49_A_1.meme	DONE
TFS_sp_Q9P243_ZFAT_HUMAN:805:990_8sss_A_1.meme	DONE
TFS_sp_Q4V348_Z658B_HUMAN:169:222_4gzn_C_1.meme	DONE
TFS_sp_Q9Y462_ZN711_HUMAN:385:436_4is1_C_1.meme	DONE
TFS_sp_Q9P243_ZFAT_HUMAN:805:990_8sst_A_1.meme	DONE
TFS_tr_E5KSX8_E5KSX8_HUMAN:44:237_3tq6_A_1.meme	DONE
TFS_sp_O43167_ZBT24_HUMAN:376:515_6ml2_A_1.meme	DONE
TFS_sp_O43309_ZSC12_HUMAN:466:575_5egb_A_1.meme	DONE
TFS_tr_H0YFS7_H0YFS7_HUMAN:551:574_1f2i_G_1.meme	DONE
TFS_tr_Q9H740_Q9H740_HUMAN:177:275_5ei9_E_1.meme	DONE
TFS_sp_P0CG24_ZN883_HUMAN:12:288_5wjq_D_1.meme	DONE
TFS_sp_Q96CS4_ZN689_HUMAN:174:452_5wjq_D_1.meme	DONE
TFS_sp_P10075_GLI4_HUMAN:179:373_5v3j_E_1.meme	DONE
TFS_sp_Q9H2P0_ADNP_HUMAN:76:100_6v8u_A_1.meme	DONE
TFS_sp_P24278_ZBT25_HUMAN:238:391_5t0u_A_1.meme	DONE
TFS_sp_Q9BRH9_ZN251_HUMAN:236:512_5v3j_E_1.meme	DONE
TFS_sp_A0A1W2PPM1_CPHXL_HUMAN:30:82_3cmy_A_1.meme	DONE
DIMER_tr_Q53F65_Q53F65_HUMAN:209:305_3mfk_B_1.meme	DONE
TFS_tr_A0A0D9SEJ8_A0A0D9SEJ8_HUMAN:345:480_5wjq_D_1.meme	DONE
TFS_tr_A0A1B0GW50_A0A1B0GW50_HUMAN:999:1050_1f2i_H_1.meme	DONE
TFS_sp_Q16666_IF16_HUMAN:572:766_3rnu_C_1.meme	DONE
TFS_sp_Q9BS34_ZN670_HUMAN:250:360_5ei9_E_1.meme	DONE
TFS_sp_O75541_ZN821_HUMAN:149:187_2kmk_A_1.meme	DONE
TFS_sp_Q9Y467_SALL2_HUMAN:692:715_1f2i_H_1.meme	DONE
TFS_sp_P12980_LYL1_HUMAN:148:209_2ypb_A_1.meme	DONE
TFS_tr_A0A2R8YF72_A0A2R8YF72_HUMAN:879:953_2mf8_A_1.meme	DONE
TFS_sp_Q8IX07_FOG1_HUMAN:297:342_5yj3_C_1.meme	DONE
TFS_sp_Q9NR83_S2A4R_HUMAN:355:387_7dta_A_1.meme	DONE
TFS_tr_Q9NS42_Q9NS42_HUMAN:515:625_5egb_A_1.meme	DONE
TFS_sp_Q9Y5A6_ZSC21_HUMAN:274:469_5v3m_C_1.meme	DONE
TFS_sp_Q9NX65_ZSC32_HUMAN:574:683_2jpa_A_1.meme	DONE
TFS_sp_Q92949_FOXJ1_HUMAN:120:213_6o3t_A_1.meme	FAIL
TFS_tr_Q05BZ1_Q05BZ1_HUMAN:233:306_3tq6_A_1.meme	DONE
DIMER_tr_H0Y5R1_H0Y5R1_HUMAN:60:114_4h10_A_1.meme	DONE
DIMER_sp_Q86UP3_ZFHX4_HUMAN:2561:2617_5hod_A_1.meme	DONE
TFS_tr_C9JNU3_C9JNU3_HUMAN:79:142_1gt0_D_1.meme	DONE
DIMER_sp_A8MZ59_LEUTX_HUMAN:10:65_3hdd_B_1.meme	DONE
TFS_sp_Q8N895_ZN366_HUMAN:290:443_2i13_A_1.meme	DONE
TFS_tr_B4DK65_B4DK65_HUMAN:495:544_4is1_C_1.meme	DONE
TFS_tr_A0A090N8E5_A0A090N8E5_HUMAN:350:363_3lnq_A_1.meme	DONE
TFS_sp_P52743_ZN137_HUMAN:97:182_1g2f_C_1.meme	DONE
TFS_tr_C9JCC6_C9JCC6_HUMAN:9:87_6r2v_C_1.meme	DONE
TFS_sp_Q7Z340_ZN551_HUMAN:251:358_5ei9_E_1.meme	DONE
TFS_sp_Q86XU0_ZN677_HUMAN:255:533_7w1m_H_1.meme	DONE
TFS_sp_Q5T0B9_ZN362_HUMAN:225:394_5v3m_C_1.meme	DONE
TFS_sp_Q8ND82_Z280C_HUMAN:354:492_6ml7_A_1.meme	DONE
TFS_sp_Q3KP31_ZN791_HUMAN:271:546_5v3m_C_1.meme	DONE
TFS_sp_Q6ZNC4_ZN704_HUMAN:193:220_1ubd_C_1.meme	DONE
TFS_tr_Q9BQR2_Q9BQR2_HUMAN:112:158_7lbw_B_1.meme	FAIL
TFS_sp_Q9NQ33_ASCL3_HUMAN:101:148_7z5k_B_1.meme	DONE
TFS_sp_Q92618_ZN516_HUMAN:241:298_1f2i_H_1.meme	DONE
TFS_sp_A6NFI3_ZN316_HUMAN:688:717_5egb_A_1.meme	DONE
TFS_tr_A0A3B3ITE4_A0A3B3ITE4_HUMAN:378:654_5v3m_C_1.meme	DONE
TFS_tr_Q9H7U2_Q9H7U2_HUMAN:2:45_5egb_A_1.meme	DONE
TFS_sp_A0A1W2PPK0_CPHL2_HUMAN:26:78_3cmy_A_1.meme	DONE
TFS_sp_O60284_ST18_HUMAN:765:795_2jx1_A_1.meme	DONE
TFS_sp_P13984_T2FB_HUMAN:2:238_5iy9_T_1.meme	DONE
TFS_sp_Q86UE3_ZN546_HUMAN:718:827_5egb_A_1.meme	DONE
TFS_sp_Q7LFL8_CXXC5_HUMAN:258:303_5vc9_C_1.meme	DONE
TFS_tr_E9PB28_E9PB28_HUMAN:68:118_4h10_A_1.meme	DONE
TFS_sp_Q9Y603_ETV7_HUMAN:220:312_8e67_A_1.meme	DONE
TFS_sp_Q7Z340_ZN551_HUMAN:362:638_5v3m_C_1.meme	DONE
TFS_sp_O60315_ZEB2_HUMAN:999:1073_1a1g_A_1.meme	DONE
DIMER_sp_Q86UP3_ZFHX4_HUMAN:2561:2614_6a8r_B_1.meme	DONE
TFS_sp_P17023_ZNF19_HUMAN:157:436_5wjq_D_1.meme	DONE
TFS_sp_Q5SVQ8_ZBT41_HUMAN:669:718_4is1_C_1.meme	DONE
TFS_tr_A0A024R3C6_A0A024R3C6_HUMAN:516:624_5ei9_E_1.meme	DONE
TFS_tr_E5KSX8_E5KSX8_HUMAN:44:240_6hb4_A_1.meme	DONE
DIMER_tr_B0QYW7_B0QYW7_HUMAN:3:35_4oln_B_1.meme	DONE
TFS_sp_Q96MA1_DMRTB_HUMAN:7:65_4yj0_A_1.meme	DONE
TFS_sp_Q2TB10_ZN800_HUMAN:618:658_5wjq_D_1.meme	DONE
TFS_sp_Q9ULJ3_ZBT21_HUMAN:1038:1065_5eh2_F_1.meme	DONE
TFS_tr_C9JR56_C9JR56_HUMAN:557:608_1jgg_B_1.meme	DONE
TFS_sp_B1APH4_ZN487_HUMAN:158:200_2kmk_A_1.meme	DONE
TFS_tr_A0A994J5J9_A0A994J5J9_HUMAN:217:253_6ryd_B_1.meme	DONE
TFS_tr_B4DK65_B4DK65_HUMAN:495:544_3uk3_D_1.meme	DONE
TFS_sp_Q9H582_ZN644_HUMAN:410:480_5eh2_F_1.meme	DONE
TFS_sp_O60315_ZEB2_HUMAN:999:1052_4gzn_C_1.meme	DONE
TFS_tr_Q9NS42_Q9NS42_HUMAN:381:643_5v3j_E_1.meme	DONE
TFS_sp_A0A1W2PPM1_CPHXL_HUMAN:30:82_2lkx_A_1.meme	DONE
TFS_tr_Q86WM2_Q86WM2_HUMAN:166:219_4gzn_C_1.meme	DONE
TFS_tr_B4DNQ1_B4DNQ1_HUMAN:47:114_4y60_C_1.meme	DONE
DIMER_sp_Q7LFL8_CXXC5_HUMAN:277:299_1hcq_B_1.meme	DONE
TFS_sp_Q96CS4_ZN689_HUMAN:205:490_7w1m_H_1.meme	DONE
TFS_sp_Q68EA5_ZNF57_HUMAN:224:499_5v3m_C_1.meme	DONE
TFS_tr_Q9UHQ8_Q9UHQ8_HUMAN:288:325_1s9k_E_1.meme	DONE
TFS_sp_P10075_GLI4_HUMAN:174:207_5v3m_C_1.meme	DONE
DIMER_sp_Q9HB31_SEBOX_HUMAN:23:73_5z2t_D_1.meme	DONE
TFS_tr_H0YKC7_H0YKC7_HUMAN:72:132_5zjr_B_1.meme	DONE
TFS_sp_Q9UNY5_ZN232_HUMAN:308:409_2jp9_A_1.meme	DONE
TFS_sp_B2RXF5_ZBT42_HUMAN:339:410_1a1g_A_1.meme	DONE
TFS_tr_B4DS73_B4DS73_HUMAN:223:272_3uk3_C_1.meme	DONE
DIMER_sp_Q6NSZ9_ZSC25_HUMAN:382:419_2wty_B_1.meme	DONE
TFS_tr_C8CJL6_C8CJL6_HUMAN:1:61_8ifo_A_1.meme	DONE
TFS_tr_A0A3B3IRM3_A0A3B3IRM3_HUMAN:900:930_2jx1_A_1.meme	DONE
TFS_sp_Q9HC78_ZBT20_HUMAN:575:685_5egb_A_1.meme	DONE
TFS_sp_P17030_ZNF25_HUMAN:144:421_5wjq_D_1.meme	DONE
TFS_sp_Q8N8C0_ZN781_HUMAN:29:111_4r2q_A_1.meme	DONE
TFS_sp_Q5T0B9_ZN362_HUMAN:253:363_5ei9_E_1.meme	DONE
TFS_tr_O43245_O43245_HUMAN:302:363_8ifo_A_1.meme	FAIL
TFS_tr_O43245_O43245_HUMAN:303:361_1hcq_B_1.meme	FAIL
TFS_sp_Q8NAP3_ZBT38_HUMAN:448:542_6dfc_A_1.meme	DONE
TFS_tr_Q6ZN29_Q6ZN29_HUMAN:269:353_3l1p_B_1.meme	FAIL
TFS_sp_Q14190_SIM2_HUMAN:2:347_5sy7_B_1.meme	FAIL
TFS_sp_A9YTQ3_AHRR_HUMAN:34:167_8osk_N_1.meme	FAIL
TFS_sp_Q7RTU5_ASCL5_HUMAN:161:212_2ypa_A_1.meme	FAIL
TFS_sp_O94842_TOX4_HUMAN:221:293_3nm9_P_1.meme	FAIL
TFS_sp_Q16533_SNPC1_HUMAN:5:234_7zxe_a_1.meme	FAIL
TFS_tr_E9PB28_E9PB28_HUMAN:60:88_1am9_B_1.meme	FAIL
TFS_tr_E9PMM2_E9PMM2_HUMAN:84:149_4nnu_B_1.meme	FAIL
TFS_tr_H7BYN3_H7BYN3_HUMAN:26:183_7lbw_A_1.meme	FAIL
TFS_sp_Q7RTU5_ASCL5_HUMAN:163:209_7z5i_B_1.meme	FAIL
TFS_tr_E5KSX8_E5KSX8_HUMAN:44:236_7lbw_A_1.meme	FAIL
TFS_tr_A0A8V8TM49_A0A8V8TM49_HUMAN:19:78_1fjl_A_1.meme	FAIL
TFS_sp_Q9HCC6_HES4_HUMAN:41:98_4ati_A_1.meme	FAIL
TFS_sp_Q14190_SIM2_HUMAN:2:346_4zpk_B_1.meme	FAIL
TFS_tr_E9PMM2_E9PMM2_HUMAN:84:149_4nnu_A_1.meme	FAIL
TFS_sp_P17480_UBF1_HUMAN:196:374_7lbx_B_1.meme	FAIL
TFS_tr_E5KSU5_E5KSU5_HUMAN:44:236_7lbw_A_1.meme	FAIL
TFS_sp_Q9Y5B6_PAXB1_HUMAN:504:528_4kud_B_1.meme	FAIL
TFS_tr_E9PB28_E9PB28_HUMAN:60:88_1am9_A_1.meme	FAIL
TFS_sp_Q14190_SIM2_HUMAN:2:332_8osk_N_1.meme	FAIL
TFS_tr_E9PMM2_E9PMM2_HUMAN:84:149_7lbx_B_1.meme	FAIL
TFS_sp_P0CB48_UBFL6_HUMAN:107:177_7lbx_B_1.meme	FAIL
TFS_sp_Q92966_SNPC3_HUMAN:28:411_7zxe_b_1.meme	FAIL
TFS_sp_P17480_UBF1_HUMAN:196:374_7lbx_A_1.meme	FAIL
TFS_sp_A9YTQ3_AHRR_HUMAN:34:167_8osl_N_1.meme	FAIL
TFS_sp_Q00059_TFAM_HUMAN:44:236_4nnu_A_1.meme	FAIL
TFS_sp_Q8IYA7_MKX_HUMAN:85:128_6fqq_A_1.meme	FAIL
TFS_tr_E5KSU5_E5KSU5_HUMAN:44:236_4nnu_A_1.meme	FAIL
TFS_sp_Q8IYA7_MKX_HUMAN:85:128_6fqq_D_1.meme	FAIL
TFS_sp_Q14190_SIM2_HUMAN:2:335_4zpr_B_1.meme	FAIL
TFS_sp_A9YTQ3_AHRR_HUMAN:35:277_5nj8_A_1.meme	FAIL
TFS_tr_O43245_O43245_HUMAN:303:361_4aa6_B_1.meme	FAIL
TFS_sp_Q9Y4A8_NF2L3_HUMAN:535:638_7x5g_B_1.meme	FAIL
DIMER_sp_Q6P1L6_ZN343_HUMAN:351:402_1llm_D_1.meme	FAIL
DIMER_sp_Q9HCC6_HES4_HUMAN:41:98_4ati_A_1.meme	FAIL
DIMER_tr_H0Y5R1_H0Y5R1_HUMAN:60:424_7xi4_A_1.meme	FAIL
DIMER_tr_A0A6Q8PH34_A0A6Q8PH34_HUMAN:202:250_1llm_C_1.meme	DONE
DIMER_tr_B7Z7H3_B7Z7H3_HUMAN:219:270_1llm_D_1.meme	DONE
TFS_tr_D6RC96_D6RC96_HUMAN:395:437_6e94_A_1.meme	DONE
TFS_sp_Q9UBB5_MBD2_HUMAN:151:216_6ogj_A_1.meme	DONE
TFS_tr_Q3MN16_Q3MN16_HUMAN:7:39_2gli_A_1.meme	DONE
TFS_tr_A0A1C7CYX1_A0A1C7CYX1_HUMAN:1030:1060_7txc_E_1.meme	DONE
TFS_tr_Q7Z6U0_Q7Z6U0_HUMAN:13:91_5iy7_P_1.meme	DONE
TFS_sp_Q01954_BNC1_HUMAN:930:976_2drp_A_1.meme	DONE
TFS_sp_Q8NFD5_ARI1B_HUMAN:1149:1234_2oeh_A_1.meme	DONE
TFS_sp_Q9UIF8_BAZ2B_HUMAN:737:841_7mwh_B_1.meme	DONE
TFS_tr_H3BNI0_H3BNI0_HUMAN:144:254_5ei9_E_1.meme	DONE
TFS_tr_A0A8V8TMC2_A0A8V8TMC2_HUMAN:374:457_6ml7_A_1.meme	DONE
TFS_tr_C9JC15_C9JC15_HUMAN:80:149_2i13_A_1.meme	DONE
TFS_tr_Q53Z40_Q53Z40_HUMAN:369:478_5ei9_E_1.meme	DONE
DIMER_tr_H0YFS7_H0YFS7_HUMAN:233:278_1llm_D_1.meme	FAIL
DIMER_tr_C9JCJ0_C9JCJ0_HUMAN:82:121_1llm_D_1.meme	DONE
DIMER_tr_Q5T942_Q5T942_HUMAN:611:659_1llm_D_1.meme	DONE
DIMER_tr_A0A0C4DFN0_A0A0C4DFN0_HUMAN:303:340_2wty_A_1.meme	DONE
DIMER_tr_Q6RFS3_Q6RFS3_HUMAN:270:319_1llm_D_1.meme	DONE
DIMER_sp_O60393_NOBOX_HUMAN:272:318_1fjl_A_1.meme	DONE
DIMER_sp_Q9BRR0_ZKSC3_HUMAN:396:447_1llm_D_1.meme	DONE
DIMER_tr_Q6P514_Q6P514_HUMAN:52:80_1llm_D_1.meme	DONE
TFS_tr_H0YNS8_H0YNS8_HUMAN:94:156_6cij_N_1.meme	DONE
TFS_tr_Q53Z40_Q53Z40_HUMAN:327:478_2i13_A_1.meme	DONE
TFS_tr_Q59G30_Q59G30_HUMAN:288:441_2i13_A_1.meme	DONE
DIMER_sp_Q8WYA1_BMAL2_HUMAN:109:472_4zpk_A_1.meme	FAIL
TFS_tr_F8VPL6_F8VPL6_HUMAN:116:222_5ei9_E_1.meme	DONE
DIMER_tr_K7ER43_K7ER43_HUMAN:324:372_1llm_D_1.meme	DONE
TFS_tr_H0YN23_H0YN23_HUMAN:197:224_5v3j_E_1.meme	DONE
TFS_tr_B4DYU5_B4DYU5_HUMAN:239:396_2i13_A_1.meme	DONE
DIMER_tr_B3KVG5_B3KVG5_HUMAN:122:166_2hap_D_1.meme	DONE
TFS_tr_Q59GL0_Q59GL0_HUMAN:413:519_6b0r_D_1.meme	DONE
DIMER_tr_Q53Z40_Q53Z40_HUMAN:426:477_1llm_D_1.meme	DONE
DIMER_tr_A0A0C4DGR5_A0A0C4DGR5_HUMAN:358:421_1llm_D_1.meme	DONE
DIMER_tr_A8K124_A8K124_HUMAN:377:428_1llm_C_1.meme	DONE
TFS_tr_B4DS85_B4DS85_HUMAN:95:150_2ypa_A_1.meme	DONE
TFS_tr_A8K8Q0_A8K8Q0_HUMAN:621:665_3d1n_L_1.meme	DONE
TFS_sp_Q8NCP5_ZBT44_HUMAN:397:508_2i13_A_1.meme	DONE
TFS_tr_A0A0S2Z658_A0A0S2Z658_HUMAN:307:454_2i13_A_1.meme	DONE
TFS_tr_B4DFT8_B4DFT8_HUMAN:228:287_6ml3_A_1.meme	DONE
TFS_sp_Q9Y618_NCOR2_HUMAN:611:656_3osg_A_1.meme	DONE
TFS_tr_H0YB79_H0YB79_HUMAN:174:195_1g2f_C_1.meme	DONE
DIMER_sp_Q8N587_ZN561_HUMAN:419:470_1llm_C_1.meme	FAIL
TFS_tr_H0Y4T7_H0Y4T7_HUMAN:80:106_3osf_A_1.meme	DONE
TFS_tr_H9ZYJ3_H9ZYJ3_HUMAN:444:550_5ei9_E_1.meme	DONE
DIMER_tr_B4DS85_B4DS85_HUMAN:95:150_2ypb_A_1.meme	FAIL
DIMER_tr_A8K251_A8K251_HUMAN:531:579_1llm_D_1.meme	DONE
DIMER_sp_Q86TG7_PEG10_HUMAN:4:53_6mg3_B_1.meme	DONE
TFS_tr_A0A0S2Z4L6_A0A0S2Z4L6_HUMAN:314:451_5v3j_E_1.meme	DONE
TFS_tr_J3QQI2_J3QQI2_HUMAN:21:40_2i13_A_1.meme	DONE
TFS_tr_Q59HC5_Q59HC5_HUMAN:22:273_8ssr_A_1.meme	DONE
TFS_tr_C9K0F2_C9K0F2_HUMAN:372:482_5ei9_E_1.meme	DONE
TFS_tr_F8WEC7_F8WEC7_HUMAN:715:825_5ei9_E_1.meme	DONE
TFS_tr_A0A8J9GB59_A0A8J9GB59_HUMAN:316:401_2oeh_A_1.meme	DONE
TFS_tr_Q96F93_Q96F93_HUMAN:199:353_2i13_A_1.meme	DONE
TFS_tr_A0A494C069_A0A494C069_HUMAN:105:339_5v3m_C_1.meme	DONE
TFS_tr_A0A1C7CYX1_A0A1C7CYX1_HUMAN:1030:1064_1g2f_C_1.meme	DONE
TFS_tr_A0A0A0MTK1_A0A0A0MTK1_HUMAN:334:611_5wjq_D_1.meme	DONE
DIMER_tr_A0A8V8TM49_A0A8V8TM49_HUMAN:22:80_2r5z_A_1.meme	DONE
TFS_tr_Q7Z6U2_Q7Z6U2_HUMAN:13:161_8iuh_U_1.meme	DONE
DIMER_tr_A0A2R8YE36_A0A2R8YE36_HUMAN:127:178_1llm_C_1.meme	DONE
TFS_tr_Q9BY29_Q9BY29_HUMAN:108:406_7w1m_H_1.meme	DONE
TFS_tr_H0YB79_H0YB79_HUMAN:174:195_1a1g_A_1.meme	DONE
DIMER_tr_M0R2M9_M0R2M9_HUMAN:116:136_1am9_D_1.meme	FAIL
TFS_sp_Q86WZ6_ZN227_HUMAN:377:655_5wjq_D_1.meme	DONE
TFS_tr_A0A669KB50_A0A669KB50_HUMAN:59:89_8e67_A_1.meme	DONE
DIMER_sp_Q96K75_ZN514_HUMAN:314:362_1llm_D_1.meme	DONE
TFS_tr_S4R3C8_S4R3C8_HUMAN:86:110_6e93_A_1.meme	DONE
TFS_tr_A0A8V8TNL7_A0A8V8TNL7_HUMAN:318:379_6ml5_A_1.meme	DONE
TFS_tr_A8K7J8_A8K7J8_HUMAN:300:453_2i13_A_1.meme	DONE
DIMER_tr_B4DJE4_B4DJE4_HUMAN:82:131_1llm_D_1.meme	DONE
DIMER_sp_Q9UIS9_MBD1_HUMAN:338:382_4hn6_B_1.meme	FAIL
DIMER_tr_A4D178_A4D178_HUMAN:535:638_7x5f_B_1.meme	DONE
DIMER_sp_Q6V9R5_ZN562_HUMAN:370:418_1llm_D_1.meme	DONE
TFS_tr_M0QY62_M0QY62_HUMAN:307:460_2i13_A_1.meme	DONE
TFS_tr_A6NFS0_A6NFS0_HUMAN:103:316_5wjq_D_1.meme	DONE
DIMER_sp_O14771_ZN213_HUMAN:371:422_1llm_D_1.meme	DONE
TFS_sp_Q5TYW1_ZN658_HUMAN:573:849_5v3j_E_1.meme	DONE
TFS_tr_A0A494BZV4_A0A494BZV4_HUMAN:92:235_2i13_A_1.meme	DONE
DIMER_tr_A0A7P0TA87_A0A7P0TA87_HUMAN:27:63_1am9_D_1.meme	DONE
TFS_tr_Q5EBM5_Q5EBM5_HUMAN:174:220_7lbx_A_1.meme	DONE
DIMER_tr_Q9NS43_Q9NS43_HUMAN:470:521_1llm_D_1.meme	DONE
TFS_sp_A6NDX5_ZN840_HUMAN:444:711_5v3j_E_1.meme	DONE
TFS_sp_Q5TYW1_ZN658_HUMAN:599:877_5wjq_D_1.meme	DONE
TFS_tr_C9DZM4_C9DZM4_HUMAN:2:149_8gpn_K_1.meme	DONE
TFS_tr_B4E0X7_B4E0X7_HUMAN:308:335_6dfc_A_1.meme	DONE
TFS_tr_B7Z5S2_B7Z5S2_HUMAN:168:466_7w1m_H_1.meme	DONE
TFS_tr_A0AA34QVT6_A0AA34QVT6_HUMAN:103:265_5wjq_D_1.meme	DONE
DIMER_tr_Q59HG5_Q59HG5_HUMAN:295:344_1llm_D_1.meme	DONE
TFS_tr_B4DQP4_B4DQP4_HUMAN:300:406_5ei9_E_1.meme	DONE
TFS_tr_B4DRM0_B4DRM0_HUMAN:267:545_5wjq_D_1.meme	DONE
DIMER_tr_A7E228_A7E228_HUMAN:128:176_1llm_D_1.meme	FAIL
TFS_tr_B4DL26_B4DL26_HUMAN:57:336_5wjq_D_1.meme	DONE
TFS_tr_F8W7M8_F8W7M8_HUMAN:731:974_8ssr_A_1.meme	DONE
TFS_tr_B4DXA9_B4DXA9_HUMAN:350:597_5v3m_C_1.meme	DONE
TFS_tr_E7EV75_E7EV75_HUMAN:297:313_5xsk_B_1.meme	DONE
TFS_tr_Q59HC5_Q59HC5_HUMAN:26:277_5wjq_D_1.meme	DONE
TFS_tr_Q6NUI8_Q6NUI8_HUMAN:441:594_2i13_A_1.meme	DONE
TFS_tr_B7Z4V7_B7Z4V7_HUMAN:391:446_2drp_A_1.meme	DONE
DIMER_sp_Q6XD76_ASCL4_HUMAN:80:126_7z5i_B_1.meme	DONE
TFS_tr_A8K3T5_A8K3T5_HUMAN:498:549_4is1_C_1.meme	DONE
DIMER_sp_Q8TF20_ZN721_HUMAN:263:314_1llm_C_1.meme	DONE
TFS_tr_B2R8D6_B2R8D6_HUMAN:120:391_7w1m_H_1.meme	DONE
DIMER_tr_B4DI41_B4DI41_HUMAN:389:433_4hn6_B_1.meme	FAIL
TFS_tr_Q7Z4B9_Q7Z4B9_HUMAN:22:294_5v3m_C_1.meme	DONE
DIMER_sp_Q9UKS7_IKZF2_HUMAN:166:219_1llm_C_1.meme	DONE
TFS_tr_M0QX90_M0QX90_HUMAN:154:425_5wjq_D_1.meme	DONE
TFS_tr_A0A8V8TLS8_A0A8V8TLS8_HUMAN:318:460_6ml7_A_1.meme	DONE
TFS_tr_Q05BY5_Q05BY5_HUMAN:170:280_5ei9_E_1.meme	DONE
TFS_tr_H7BXP3_H7BXP3_HUMAN:338:613_5v3j_E_1.meme	DONE
TFS_tr_Q96N48_Q96N48_HUMAN:86:234_5v3j_E_1.meme	DONE
TFS_tr_A0A087WVT1_A0A087WVT1_HUMAN:2:258_5v3j_E_1.meme	DONE
DIMER_tr_E7ESP8_E7ESP8_HUMAN:308:356_1llm_C_1.meme	DONE
DIMER_sp_Q8NAP8_ZBT8B_HUMAN:338:387_1llm_D_1.meme	DONE
TFS_tr_Q6RFS1_Q6RFS1_HUMAN:50:203_2i13_A_1.meme	DONE
DIMER_tr_Q9NV05_Q9NV05_HUMAN:287:360_1llm_C_1.meme	FAIL
TFS_tr_A0A087WXA8_A0A087WXA8_HUMAN:370:523_2i13_A_1.meme	DONE
TFS_tr_H0YKM5_H0YKM5_HUMAN:100:154_3tmm_A_1.meme	DONE
TFS_tr_B4DYR8_B4DYR8_HUMAN:1010:1121_6e93_A_1.meme	DONE
DIMER_tr_B3KPL8_B3KPL8_HUMAN:351:399_1llm_D_1.meme	FAIL
DIMER_tr_X5D9I7_X5D9I7_HUMAN:142:421_4zpr_B_1.meme	DONE
TFS_tr_K7EN48_K7EN48_HUMAN:4:112_5wjq_D_1.meme	DONE
TFS_sp_P51858_HDGF_HUMAN:8:96_8pep_L_1.meme	DONE
DIMER_tr_Q63HN4_Q63HN4_HUMAN:700:751_1llm_D_1.meme	DONE
DIMER_tr_B4DR15_B4DR15_HUMAN:380:429_1llm_D_1.meme	DONE
DIMER_tr_A0A090N7T3_A0A090N7T3_HUMAN:95:148_7z5i_B_1.meme	DONE
TFS_tr_A6NFS0_A6NFS0_HUMAN:98:323_5v3j_E_1.meme	DONE
TFS_tr_A8K3P5_A8K3P5_HUMAN:437:713_5v3m_C_1.meme	DONE
TFS_tr_X5D2Q4_X5D2Q4_HUMAN:52:434_4zpr_B_1.meme	DONE
TFS_tr_B4DPE6_B4DPE6_HUMAN:100:122_6e94_A_1.meme	DONE
TFS_tr_A0A090N7S8_A0A090N7S8_HUMAN:345:592_5v3j_E_1.meme	DONE
TFS_tr_G5EA50_G5EA50_HUMAN:73:127_1g2f_C_1.meme	DONE
TFS_tr_E5RI93_E5RI93_HUMAN:610:727_5kkq_A_1.meme	DONE
TFS_sp_Q86UQ0_ZN589_HUMAN:250:362_2i13_A_1.meme	DONE
TFS_sp_Q96JM2_ZN462_HUMAN:2025:2101_5kkq_A_1.meme	DONE
TFS_tr_H0YLZ7_H0YLZ7_HUMAN:30:304_5v3m_C_1.meme	DONE
TFS_tr_H0YNS8_H0YNS8_HUMAN:100:154_6hc3_A_1.meme	DONE
TFS_tr_B7Z1H1_B7Z1H1_HUMAN:200:398_5wjq_D_1.meme	DONE
TFS_sp_Q01658_NC2B_HUMAN:10:93_7cvo_B_1.meme	DONE
DIMER_tr_K7EM32_K7EM32_HUMAN:85:136_1llm_C_1.meme	DONE
TFS_tr_Q59HH0_Q59HH0_HUMAN:92:137_4roc_A_1.meme	DONE
TFS_tr_M0R087_M0R087_HUMAN:52:101_5v3j_E_1.meme	DONE
DIMER_sp_P81133_SIM1_HUMAN:2:332_8osk_N_1.meme	FAIL
TFS_tr_H0YLN6_H0YLN6_HUMAN:71:97_4is1_D_1.meme	DONE
TFS_tr_U3KPW8_U3KPW8_HUMAN:194:242_2hot_A_1.meme	DONE
TFS_tr_A0A1C7CYX1_A0A1C7CYX1_HUMAN:1027:1063_1p47_A_1.meme	DONE
DIMER_tr_Q25QX8_Q25QX8_HUMAN:231:271_1llm_C_1.meme	DONE
TFS_tr_B7ZLN6_B7ZLN6_HUMAN:170:440_5v3m_C_1.meme	DONE
TFS_tr_B4DSG8_B4DSG8_HUMAN:160:303_2i13_A_1.meme	DONE
TFS_tr_H3BS68_H3BS68_HUMAN:108:194_2i13_A_1.meme	DONE
TFS_tr_Q9H726_Q9H726_HUMAN:107:139_2o4a_A_1.meme	DONE
DIMER_tr_Q9UFH1_Q9UFH1_HUMAN:24:75_1llm_D_1.meme	DONE
TFS_tr_H0YEM9_H0YEM9_HUMAN:396:507_6wmi_A_1.meme	DONE
TFS_tr_Q6RFR6_Q6RFR6_HUMAN:41:151_5ei9_E_1.meme	DONE
DIMER_tr_B3KXP2_B3KXP2_HUMAN:282:332_1llm_D_1.meme	DONE
TFS_tr_A0A669KBJ7_A0A669KBJ7_HUMAN:148:172_6df8_A_1.meme	DONE
TFS_tr_B4DJE4_B4DJE4_HUMAN:62:163_5eh2_F_1.meme	DONE
TFS_tr_H0Y2R3_H0Y2R3_HUMAN:516:616_1kqq_A_1.meme	DONE
TFS_tr_F8WCU9_F8WCU9_HUMAN:18:119_2oeh_A_1.meme	DONE
TFS_tr_H9ZYJ3_H9ZYJ3_HUMAN:304:550_5v3j_E_1.meme	DONE
TFS_tr_A0A2R8Y6X0_A0A2R8Y6X0_HUMAN:286:307_2drp_A_1.meme	DONE
TFS_tr_A0A1W2PQ54_A0A1W2PQ54_HUMAN:131:379_5v3m_C_1.meme	DONE
DIMER_tr_B7Z4R7_B7Z4R7_HUMAN:105:144_1llm_D_1.meme	DONE
TFS_sp_O15060_ZBT39_HUMAN:452:683_5v3j_E_1.meme	DONE
TFS_tr_Q59FW1_Q59FW1_HUMAN:80:106_3osg_A_1.meme	DONE
TFS_tr_A0A0C4DH12_A0A0C4DH12_HUMAN:85:146_6ml3_A_1.meme	DONE
DIMER_sp_P52736_ZN133_HUMAN:408:459_1llm_D_1.meme	DONE
TFS_sp_Q99551_MTEF1_HUMAN:73:396_5co0_O_1.meme	DONE
TFS_tr_H0YB79_H0YB79_HUMAN:174:202_1tf3_A_1.meme	DONE
DIMER_tr_A7MAY2_A7MAY2_HUMAN:335:384_1llm_D_1.meme	DONE
TFS_tr_Q59HG5_Q59HG5_HUMAN:185:435_5v3m_C_1.meme	DONE
TFS_sp_Q9UBL3_ASH2L_HUMAN:295:622_7ud5_M_1.meme	DONE
DIMER_sp_P12525_MYCP1_HUMAN:280:349_5gnj_G_1.meme	DONE
TFS_tr_Q6RFR6_Q6RFR6_HUMAN:1:221_5wjq_D_1.meme	DONE
DIMER_tr_B4DL26_B4DL26_HUMAN:227:280_1llm_D_1.meme	FAIL
DIMER_tr_Q59GL0_Q59GL0_HUMAN:865:886_1llm_C_1.meme	DONE
TFS_tr_Q7Z4W9_Q7Z4W9_HUMAN:95:150_2ypa_A_1.meme	FAIL
DIMER_tr_B4DSV2_B4DSV2_HUMAN:374:419_1llm_D_1.meme	DONE
TFS_tr_A0A024R0Y4_A0A024R0Y4_HUMAN:75:117_1h8a_C_1.meme	DONE
TFS_tr_A0A0A0MTH2_A0A0A0MTH2_HUMAN:310:586_5v3m_C_1.meme	DONE
TFS_tr_B4DK53_B4DK53_HUMAN:189:461_5v3m_C_1.meme	DONE
TFS_tr_A6NFS0_A6NFS0_HUMAN:206:316_5ei9_E_1.meme	DONE
DIMER_sp_Q8N1L9_BATF2_HUMAN:23:71_5t01_B_1.meme	DONE
TFS_tr_B9EGN4_B9EGN4_HUMAN:357:510_2i13_A_1.meme	DONE
DIMER_sp_Q9H4I2_ZHX3_HUMAN:622:666_1mnm_D_1.meme	FAIL
TFS_tr_B4DFT8_B4DFT8_HUMAN:228:287_6ml7_A_1.meme	DONE
TFS_tr_C9JC15_C9JC15_HUMAN:80:149_6ml3_A_1.meme	DONE
DIMER_tr_Q68CP0_Q68CP0_HUMAN:1949:2029_1llm_C_1.meme	DONE
DIMER_tr_J3KTI4_J3KTI4_HUMAN:710:748_1llm_D_1.meme	DONE
TFS_tr_A0A0A0MTT2_A0A0A0MTT2_HUMAN:295:575_7w1m_H_1.meme	DONE
DIMER_tr_Q9H686_Q9H686_HUMAN:290:339_1llm_D_1.meme	FAIL
TFS_tr_Q8IW56_Q8IW56_HUMAN:12:67_2ypa_A_1.meme	DONE
DIMER_sp_Q8IZM8_ZN654_HUMAN:546:590_1llm_D_1.meme	DONE
DIMER_tr_B4DGI1_B4DGI1_HUMAN:223:275_1llm_D_1.meme	DONE
TFS_tr_B3KQ42_B3KQ42_HUMAN:289:405_6ml4_A_1.meme	DONE
TFS_tr_H0Y7H8_H0Y7H8_HUMAN:1148:1248_1kqq_A_1.meme	DONE
DIMER_tr_A0A087WVZ7_A0A087WVZ7_HUMAN:453:504_1llm_D_1.meme	DONE
TFS_tr_Q8IYR9_Q8IYR9_HUMAN:95:150_2ypa_A_1.meme	FAIL
TFS_tr_H0YEM9_H0YEM9_HUMAN:396:475_7n5t_A_1.meme	DONE
TFS_tr_Q53TD0_Q53TD0_HUMAN:663:795_5ze1_N_1.meme	DONE
TFS_tr_A0A0S2Z5M2_A0A0S2Z5M2_HUMAN:217:332_7yuk_A_1.meme	DONE
TFS_tr_M0R087_M0R087_HUMAN:60:100_8sst_A_1.meme	DONE
TFS_tr_B4DR15_B4DR15_HUMAN:174:430_5wjq_D_1.meme	DONE
TFS_tr_A0A669KBL4_A0A669KBL4_HUMAN:73:127_1g2f_C_1.meme	DONE
DIMER_tr_K7ELU1_K7ELU1_HUMAN:628:676_1llm_D_1.meme	FAIL
TFS_tr_I0EZ75_I0EZ75_HUMAN:64:244_5v3m_C_1.meme	DONE
DIMER_sp_P12524_MYCL_HUMAN:282:330_8ott_M_1.meme	FAIL
TFS_sp_C9JSJ3_MEIOS_HUMAN:541:600_6t7b_K_1.meme	DONE
TFS_tr_B3KXK2_B3KXK2_HUMAN:1064:1084_6wmi_A_1.meme	DONE
DIMER_tr_Q05BY5_Q05BY5_HUMAN:199:250_1llm_C_1.meme	DONE
TFS_tr_J3KNV1_J3KNV1_HUMAN:715:827_5ei9_E_1.meme	DONE
DIMER_sp_Q92570_NR4A3_HUMAN:292:375_6l6l_A_1.meme	FAIL
TFS_tr_B3KNK7_B3KNK7_HUMAN:394:669_5v3m_C_1.meme	DONE
TFS_tr_A0A1B0GV48_A0A1B0GV48_HUMAN:448:542_5vmv_A_1.meme	DONE
TFS_tr_H0YKM5_H0YKM5_HUMAN:94:162_2gzk_A_1.meme	DONE
TFS_tr_Q59FE4_Q59FE4_HUMAN:165:443_5wjq_D_1.meme	DONE
TFS_tr_E9PES6_E9PES6_HUMAN:11:153_5ze1_N_1.meme	DONE
TFS_tr_Q63HN4_Q63HN4_HUMAN:563:837_5v3j_E_1.meme	DONE
TFS_sp_Q01658_NC2B_HUMAN:13:132_4wzs_B_1.meme	DONE
TFS_tr_A0A494C0U8_A0A494C0U8_HUMAN:255:553_7w1m_H_1.meme	DONE
DIMER_tr_B3KR55_B3KR55_HUMAN:222:273_1llm_D_1.meme	DONE
TFS_sp_Q9UIS9_MBD1_HUMAN:336:377_3qmh_A_1.meme	DONE
TFS_sp_O43151_TET3_HUMAN:55:79_3qmh_A_1.meme	DONE
TFS_tr_A0A087WVZ7_A0A087WVZ7_HUMAN:480:757_5wjq_D_1.meme	DONE
TFS_tr_Q7Z516_Q7Z516_HUMAN:518:560_3osf_A_1.meme	DONE
TFS_tr_B2RCP2_B2RCP2_HUMAN:333:609_5v3j_E_1.meme	DONE
TFS_tr_H7C092_H7C092_HUMAN:71:175_7mwh_A_1.meme	DONE
DIMER_tr_A8K8U0_A8K8U0_HUMAN:235:283_1llm_D_1.meme	DONE
TFS_tr_A0A090N8F2_A0A090N8F2_HUMAN:174:421_5v3m_C_1.meme	DONE
TFS_tr_H7C092_H7C092_HUMAN:71:175_7fhj_A_1.meme	DONE
TFS_sp_Q15326_ZMY11_HUMAN:21:77_8h7a_B_1.meme	DONE
DIMER_tr_B7Z1H1_B7Z1H1_HUMAN:290:341_1llm_D_1.meme	DONE
TFS_sp_Q96T92_INSM2_HUMAN:265:313_2i13_A_1.meme	DONE
DIMER_tr_A0A8V8TPI9_A0A8V8TPI9_HUMAN:724:752_1llm_C_1.meme	DONE
DIMER_tr_X5DRK2_X5DRK2_HUMAN:22:306_5sy7_B_1.meme	DONE
DIMER_sp_O15353_FOXN1_HUMAN:271:359_2c6y_B_1.meme	DONE
DIMER_tr_Q5T427_Q5T427_HUMAN:72:122_1llm_C_1.meme	DONE
TFS_tr_Q05BG0_Q05BG0_HUMAN:174:452_5wjq_D_1.meme	DONE
DIMER_tr_H0YCN3_H0YCN3_HUMAN:361:409_1llm_D_1.meme	DONE
DIMER_sp_Q96NK8_NDF6_HUMAN:95:149_7z5k_B_1.meme	FAIL
TFS_sp_Q4LE39_ARI4B_HUMAN:583:632_8jho_M_1.meme	DONE
DIMER_tr_X5D9I7_X5D9I7_HUMAN:142:434_4zpk_B_1.meme	DONE
TFS_tr_Q8IW56_Q8IW56_HUMAN:12:65_7z5i_B_1.meme	DONE
DIMER_tr_A0A0S2Z4K5_A0A0S2Z4K5_HUMAN:171:260_3dzu_D_1.meme	DONE
DIMER_tr_Q96N48_Q96N48_HUMAN:211:230_2hap_D_1.meme	DONE
DIMER_sp_Q14587_ZN268_HUMAN:610:661_1llm_D_1.meme	DONE
DIMER_sp_Q8NCK3_ZN485_HUMAN:380:433_1llm_D_1.meme	DONE
TFS_sp_Q9UIS9_MBD1_HUMAN:336:377_3qmd_A_1.meme	DONE
TFS_tr_E7EVR1_E7EVR1_HUMAN:254:407_2i13_A_1.meme	DONE
TFS_tr_Q05BG0_Q05BG0_HUMAN:326:479_2i13_A_1.meme	DONE
TFS_tr_E9PBN4_E9PBN4_HUMAN:793:978_8sss_A_1.meme	DONE
TFS_tr_B2RB92_B2RB92_HUMAN:362:638_5v3j_E_1.meme	DONE
DIMER_sp_Q5T7W0_ZN618_HUMAN:188:212_1llm_D_1.meme	DONE
DIMER_tr_A0A3B3ITE4_A0A3B3ITE4_HUMAN:265:316_1llm_D_1.meme	DONE
TFS_tr_H3BNI0_H3BNI0_HUMAN:118:394_5v3m_C_1.meme	DONE
DIMER_sp_Q92949_FOXJ1_HUMAN:120:213_6o3t_A_1.meme	FAIL
TFS_tr_A0AAQ5BH52_A0AAQ5BH52_HUMAN:60:105_4roe_A_1.meme	DONE
DIMER_tr_Q05BW2_Q05BW2_HUMAN:59:138_5i50_A_1.meme	DONE
TFS_tr_K7EN48_K7EN48_HUMAN:20:112_5ei9_E_1.meme	DONE
DIMER_tr_B7ZBM3_B7ZBM3_HUMAN:457:535_2a07_G_1.meme	DONE
TFS_tr_A0A8V8TLS8_A0A8V8TLS8_HUMAN:320:459_6ml2_A_1.meme	DONE
TFS_tr_A0A1B0GV63_A0A1B0GV63_HUMAN:187:272_2oeh_A_1.meme	DONE
TFS_tr_B4E1F9_B4E1F9_HUMAN:225:499_5wjq_D_1.meme	DONE
TFS_tr_X5DNV7_X5DNV7_HUMAN:22:402_4zpr_B_1.meme	FAIL
TFS_tr_A0A669KBK7_A0A669KBK7_HUMAN:159:313_2i13_A_1.meme	DONE
DIMER_tr_A8K8A2_A8K8A2_HUMAN:386:437_1llm_D_1.meme	DONE
TFS_tr_A0A7P0N7C4_A0A7P0N7C4_HUMAN:1623:1856_5v3j_E_1.meme	DONE
DIMER_tr_A0A0C4DFN0_A0A0C4DFN0_HUMAN:405:458_1llm_C_1.meme	DONE
TFS_tr_B4DU56_B4DU56_HUMAN:373:526_2i13_A_1.meme	DONE
DIMER_sp_P49910_ZN165_HUMAN:426:477_1llm_D_1.meme	DONE
DIMER_sp_P12525_MYCP1_HUMAN:276:324_8ott_M_1.meme	DONE
DIMER_tr_A0A8V8TLS8_A0A8V8TLS8_HUMAN:376:424_1llm_D_1.meme	FAIL
TFS_tr_B4DY71_B4DY71_HUMAN:551:825_5v3m_C_1.meme	DONE
TFS_tr_A0A669KBC9_A0A669KBC9_HUMAN:107:149_1tf3_A_1.meme	DONE
TFS_tr_B4DMI8_B4DMI8_HUMAN:225:377_2i13_A_1.meme	DONE
TFS_sp_Q6PJG2_MDEAS_HUMAN:832:880_6vyp_N_1.meme	DONE
DIMER_tr_H0Y6F5_H0Y6F5_HUMAN:331:375_1k61_B_1.meme	FAIL
DIMER_tr_J3KT56_J3KT56_HUMAN:229:280_1llm_D_1.meme	FAIL
TFS_tr_A8K654_A8K654_HUMAN:336:377_3qmh_A_1.meme	DONE
DIMER_tr_Q05BG0_Q05BG0_HUMAN:259:310_1llm_C_1.meme	FAIL
DIMER_tr_I3L1J3_I3L1J3_HUMAN:632:681_1llm_D_1.meme	FAIL
DIMER_tr_X5D988_X5D988_HUMAN:124:380_8osl_N_1.meme	DONE
TFS_tr_A0A8V8TPI9_A0A8V8TPI9_HUMAN:724:832_5t0u_A_1.meme	DONE
TFS_tr_A0A0C4DGM2_A0A0C4DGM2_HUMAN:246:454_5wjq_D_1.meme	DONE
TFS_tr_Q63HN4_Q63HN4_HUMAN:589:864_5wjq_D_1.meme	DONE
TFS_tr_B7ZLN6_B7ZLN6_HUMAN:152:305_2i13_A_1.meme	DONE
TFS_tr_A0A0D9SGD6_A0A0D9SGD6_HUMAN:21:77_8h7a_A_1.meme	DONE
TFS_tr_A0A0A0MSL2_A0A0A0MSL2_HUMAN:63:147_5v3j_E_1.meme	DONE
DIMER_tr_I7HIK6_I7HIK6_HUMAN:332:383_1llm_D_1.meme	DONE
TFS_tr_A0A2R8Y6X0_A0A2R8Y6X0_HUMAN:211:245_6df9_A_1.meme	DONE
TFS_tr_A0A994J4C0_A0A994J4C0_HUMAN:242:258_8pc6_K_1.meme	DONE
TFS_tr_A8K8A2_A8K8A2_HUMAN:274:468_5wjq_D_1.meme	DONE
TFS_tr_Q6X7T3_Q6X7T3_HUMAN:120:392_5v3j_E_1.meme	DONE
DIMER_sp_Q96I27_ZN625_HUMAN:235:283_1llm_D_1.meme	FAIL
DIMER_sp_Q92570_NR4A3_HUMAN:292:606_4nqa_A_1.meme	FAIL
TFS_tr_Q05BW2_Q05BW2_HUMAN:53:139_1nkp_A_1.meme	DONE
TFS_tr_Q7Z4B9_Q7Z4B9_HUMAN:63:294_5wjq_D_1.meme	DONE
DIMER_tr_A0A8V8TM49_A0A8V8TM49_HUMAN:18:77_1puf_A_1.meme	DONE
DIMER_tr_A0A8V8TMK4_A0A8V8TMK4_HUMAN:18:77_1puf_A_1.meme	DONE
TFS_tr_H7C2H0_H7C2H0_HUMAN:324:525_6ryu_W_1.meme	DONE
TFS_tr_B4DDN6_B4DDN6_HUMAN:623:650_6e93_A_1.meme	DONE
TFS_tr_B3KNK7_B3KNK7_HUMAN:337:613_5wjq_D_1.meme	DONE
DIMER_tr_Q8IW56_Q8IW56_HUMAN:12:67_2ypa_A_1.meme	FAIL
TFS_tr_A0A0D9SGD6_A0A0D9SGD6_HUMAN:21:77_8h7a_B_1.meme	DONE
TFS_tr_A8K3T5_A8K3T5_HUMAN:498:549_3uk3_C_1.meme	DONE
DIMER_sp_Q9H4I2_ZHX3_HUMAN:626:666_1hf0_B_1.meme	FAIL
TFS_sp_Q96MX3_ZNF48_HUMAN:272:381_5ei9_E_1.meme	DONE
TFS_tr_C9IYV0_C9IYV0_HUMAN:72:139_5v3m_C_1.meme	DONE
TFS_tr_A0A087X2F1_A0A087X2F1_HUMAN:66:338_5wjq_D_1.meme	DONE
TFS_tr_Q59EH4_Q59EH4_HUMAN:263:541_5wjq_D_1.meme	DONE
DIMER_tr_B7Z851_B7Z851_HUMAN:223:275_1llm_D_1.meme	FAIL
TFS_tr_Q9NVM2_Q9NVM2_HUMAN:55:101_7lbx_B_1.meme	DONE
DIMER_tr_F8VR32_F8VR32_HUMAN:58:452_4zpk_B_1.meme	DONE
TFS_tr_A0A9L9PXL4_A0A9L9PXL4_HUMAN:212:280_8hai_K_1.meme	DONE
TFS_tr_S4R3C8_S4R3C8_HUMAN:82:110_5ei9_E_1.meme	DONE
TFS_tr_B4DMT1_B4DMT1_HUMAN:2:264_5wjq_D_1.meme	DONE
DIMER_tr_G3V1M0_G3V1M0_HUMAN:349:400_1llm_D_1.meme	DONE
TFS_tr_J3KPG5_J3KPG5_HUMAN:514:619_7mwh_A_1.meme	DONE
TFS_tr_A0A0C4DGQ9_A0A0C4DGQ9_HUMAN:131:198_5wjq_D_1.meme	DONE
TFS_tr_A0A994J5R8_A0A994J5R8_HUMAN:201:470_5v3m_C_1.meme	DONE
TFS_sp_Q8WXB4_ZN606_HUMAN:455:731_5v3j_E_1.meme	DONE
DIMER_sp_O15090_ZN536_HUMAN:128:176_1llm_D_1.meme	DONE
TFS_sp_Q8WTR7_ZN473_HUMAN:727:837_5ei9_E_1.meme	DONE
TFS_tr_A0A087WYF4_A0A087WYF4_HUMAN:121:393_5v3m_C_1.meme	DONE
TFS_tr_A0A669KB72_A0A669KB72_HUMAN:345:399_5ego_B_1.meme	DONE
DIMER_tr_Q6P579_Q6P579_HUMAN:231:282_1llm_D_1.meme	FAIL
DIMER_tr_A8K1G6_A8K1G6_HUMAN:293:344_1llm_D_1.meme	DONE
TFS_tr_H3BVG7_H3BVG7_HUMAN:66:152_2i13_A_1.meme	DONE
TFS_tr_Q59G67_Q59G67_HUMAN:55:332_5wjq_D_1.meme	DONE
DIMER_sp_Q9NSD4_ZN275_HUMAN:291:342_1llm_D_1.meme	DONE
TFS_sp_P29374_ARI4A_HUMAN:315:401_2oeh_A_1.meme	DONE
DIMER_tr_Q6ZN29_Q6ZN29_HUMAN:624:679_1au7_B_1.meme	DONE
TFS_sp_Q8N393_ZN786_HUMAN:424:699_5v3m_C_1.meme	DONE
DIMER_sp_Q9H7X3_ZN696_HUMAN:264:314_1llm_D_1.meme	DONE
TFS_tr_B4DMI8_B4DMI8_HUMAN:130:406_5v3j_E_1.meme	DONE
DIMER_sp_Q8IXF0_NPAS3_HUMAN:52:434_4zpr_B_1.meme	DONE
TFS_sp_O94892_ZN432_HUMAN:263:536_5v3j_E_1.meme	DONE
TFS_sp_Q8WXB4_ZN606_HUMAN:455:731_5v3m_C_1.meme	DONE
TFS_sp_Q6PJG2_MDEAS_HUMAN:832:880_6vyp_L_1.meme	DONE
DIMER_tr_B7Z6D4_B7Z6D4_HUMAN:793:843_1llm_C_1.meme	FAIL
TFS_sp_Q5T7W0_ZN618_HUMAN:147:170_6ml5_A_1.meme	DONE
TFS_tr_G3V131_G3V131_HUMAN:217:495_5wjq_D_1.meme	DONE
TFS_sp_A6NDX5_ZN840_HUMAN:370:523_2i13_A_1.meme	DONE
TFS_tr_A0A994J5R8_A0A994J5R8_HUMAN:227:470_5wjq_D_1.meme	DONE
DIMER_tr_X5D985_X5D985_HUMAN:20:416_5sy7_B_1.meme	DONE
TFS_sp_Q86TG7_PEG10_HUMAN:4:53_7l4v_B_1.meme	DONE
DIMER_tr_A8K9W2_A8K9W2_HUMAN:511:550_1llm_D_1.meme	DONE
TFS_tr_H0Y5I5_H0Y5I5_HUMAN:338:482_5yel_B_1.meme	DONE
TFS_tr_A8K1G6_A8K1G6_HUMAN:332:485_2i13_A_1.meme	DONE
TFS_sp_Q9H4Z2_ZN335_HUMAN:496:698_5v3j_E_1.meme	DONE
TFS_tr_H0YKM5_H0YKM5_HUMAN:94:162_6cij_N_1.meme	DONE
TFS_tr_H3BVG7_H3BVG7_HUMAN:85:150_7ysf_A_1.meme	DONE
DIMER_tr_A0A2R8YEW3_A0A2R8YEW3_HUMAN:272:315_4j19_B_1.meme	DONE
DIMER_sp_Q7RTU5_ASCL5_HUMAN:163:210_7z5k_B_1.meme	DONE
TFS_tr_B4DTA0_B4DTA0_HUMAN:208:484_5v3m_C_1.meme	DONE
TFS_tr_Q3LIC1_Q3LIC1_HUMAN:7:285_5wjq_D_1.meme	DONE
TFS_tr_H0Y3S9_H0Y3S9_HUMAN:109:209_1kqq_A_1.meme	DONE
TFS_tr_Q3LIC1_Q3LIC1_HUMAN:103:256_2i13_A_1.meme	DONE
TFS_tr_H0Y488_H0Y488_HUMAN:647:731_2oeh_A_1.meme	DONE
TFS_sp_Q86T29_ZN605_HUMAN:250:528_5wjq_D_1.meme	DONE
DIMER_tr_A0A090N7S8_A0A090N7S8_HUMAN:509:560_1llm_D_1.meme	FAIL
TFS_tr_Q7Z4B9_Q7Z4B9_HUMAN:156:266_5ei9_E_1.meme	DONE
TFS_tr_Q6RFS3_Q6RFS3_HUMAN:82:374_7w1m_H_1.meme	DONE
TFS_tr_B4DNQ8_B4DNQ8_HUMAN:6:262_5v3j_E_1.meme	DONE
TFS_tr_C9J0Q5_C9J0Q5_HUMAN:611:667_6vyp_L_1.meme	DONE
TFS_tr_A0A0S2Z696_A0A0S2Z696_HUMAN:216:298_8htx_A_1.meme	DONE
TFS_sp_Q9UIF8_BAZ2B_HUMAN:737:841_7fhj_A_1.meme	DONE
DIMER_sp_Q7RTV0_PHF5A_HUMAN:81:105_3rkq_B_1.meme	DONE
DIMER_sp_Q03014_HHEX_HUMAN:128:198_3a01_A_1.meme	DONE
TFS_tr_Q8N508_Q8N508_HUMAN:2:134_5wjq_D_1.meme	DONE
TFS_tr_Q5DTE4_Q5DTE4_HUMAN:119:273_5v3j_E_1.meme	DONE
TFS_tr_B4E2P6_B4E2P6_HUMAN:147:257_5ei9_E_1.meme	DONE
TFS_tr_H0YLN6_H0YLN6_HUMAN:71:97_3uk3_D_1.meme	DONE
TFS_tr_Q59G67_Q59G67_HUMAN:85:361_5v3j_E_1.meme	DONE
DIMER_sp_Q68CJ9_CR3L3_HUMAN:246:305_6mg3_A_1.meme	DONE
TFS_tr_B7Z6H1_B7Z6H1_HUMAN:865:979_5t0u_A_1.meme	DONE
DIMER_tr_Q7KYZ0_Q7KYZ0_HUMAN:40:111_3g9i_B_1.meme	DONE
TFS_sp_P29374_ARI4A_HUMAN:587:660_8jho_M_1.meme	DONE
TFS_tr_H0Y5I5_H0Y5I5_HUMAN:310:484_5und_A_1.meme	DONE
TFS_tr_Q6RFR6_Q6RFR6_HUMAN:1:221_5v3j_E_1.meme	DONE
TFS_tr_Q96K00_Q96K00_HUMAN:174:452_5wjq_D_1.meme	DONE
TFS_tr_Q9NR94_Q9NR94_HUMAN:271:549_5wjq_D_1.meme	DONE
DIMER_tr_H7C2N6_H7C2N6_HUMAN:190:236_1s9k_E_1.meme	DONE
DIMER_tr_K7EN48_K7EN48_HUMAN:21:72_1llm_C_1.meme	DONE
TFS_tr_A0A0A0MTE9_A0A0A0MTE9_HUMAN:130:179_8gn3_A_1.meme	DONE
TFS_tr_A0A0C4DGR5_A0A0C4DGR5_HUMAN:326:500_5wjq_D_1.meme	DONE
TFS_sp_Q15326_ZMY11_HUMAN:21:77_7y43_A_1.meme	DONE
TFS_tr_H0Y5B5_H0Y5B5_HUMAN:156:224_7w9v_K_1.meme	DONE
TFS_tr_Q6P514_Q6P514_HUMAN:33:80_5v3m_C_1.meme	DONE
TFS_tr_A8K8A2_A8K8A2_HUMAN:357:467_5ei9_E_1.meme	DONE
TFS_sp_Q8NHM5_KDM2B_HUMAN:613:651_3qmc_A_1.meme	DONE
DIMER_tr_A5HJR3_A5HJR3_HUMAN:306:354_1llm_D_1.meme	DONE
TFS_sp_Q9Y618_NCOR2_HUMAN:615:651_3zqc_A_1.meme	DONE
TFS_tr_B4DQP4_B4DQP4_HUMAN:160:406_5v3j_E_1.meme	DONE
TFS_tr_B3KN61_B3KN61_HUMAN:397:644_5v3j_E_1.meme	DONE
TFS_tr_B4E0X7_B4E0X7_HUMAN:308:335_6dfb_A_1.meme	DONE
DIMER_tr_Q9BY29_Q9BY29_HUMAN:22:73_1llm_D_1.meme	DONE
TFS_tr_A0A7P0TA87_A0A7P0TA87_HUMAN:6:58_4zpr_B_1.meme	DONE
TFS_sp_P52739_ZN131_HUMAN:330:439_8e3e_A_1.meme	DONE
DIMER_sp_Q5TEC3_ZN697_HUMAN:463:514_1llm_D_1.meme	FAIL
TFS_tr_Q0VAH5_Q0VAH5_HUMAN:279:554_5wjq_D_1.meme	DONE
TFS_tr_C9JCJ0_C9JCJ0_HUMAN:84:163_5v3m_C_1.meme	DONE
DIMER_tr_K7EQN6_K7EQN6_HUMAN:128:176_1llm_D_1.meme	DONE
TFS_tr_A0A0S2Z4K4_A0A0S2Z4K4_HUMAN:248:385_5wjq_D_1.meme	DONE
DIMER_sp_Q9P1Z0_ZBTB4_HUMAN:335:388_1llm_D_1.meme	FAIL
DIMER_tr_Q86WM2_Q86WM2_HUMAN:55:106_1llm_D_1.meme	DONE
TFS_tr_Q8NC84_Q8NC84_HUMAN:120:392_5v3j_E_1.meme	DONE
DIMER_tr_B1ALC2_B1ALC2_HUMAN:156:180_1llm_D_1.meme	DONE
TFS_tr_B4DFC8_B4DFC8_HUMAN:365:641_5v3j_E_1.meme	DONE
TFS_tr_Q96N48_Q96N48_HUMAN:80:234_2i13_A_1.meme	DONE
TFS_tr_B4DES6_B4DES6_HUMAN:334:361_5vmv_A_1.meme	DONE
TFS_tr_H0Y6F5_H0Y6F5_HUMAN:331:375_1apl_C_1.meme	DONE
DIMER_tr_A8K654_A8K654_HUMAN:338:382_4hn6_B_1.meme	DONE
TFS_tr_Q6P495_Q6P495_HUMAN:165:186_1a1g_A_1.meme	DONE
DIMER_sp_Q86YH2_Z280B_HUMAN:430:483_1llm_D_1.meme	DONE
TFS_sp_Q9NP66_HM20A_HUMAN:91:175_1j5n_A_1.meme	DONE
DIMER_tr_A0A087WYF4_A0A087WYF4_HUMAN:228:277_1llm_D_1.meme	DONE
TFS_tr_F8VU39_F8VU39_HUMAN:542:647_7fhj_B_1.meme	DONE
TFS_tr_Q7Z6U2_Q7Z6U2_HUMAN:13:161_7edx_P_1.meme	DONE
TFS_tr_Q5T942_Q5T942_HUMAN:609:662_5egb_A_1.meme	DONE
TFS_sp_O75478_TAD2A_HUMAN:75:117_1h8a_C_1.meme	DONE
DIMER_sp_Q12870_TCF15_HUMAN:73:124_7z5k_B_1.meme	DONE
TFS_tr_X5DRK2_X5DRK2_HUMAN:30:180_5nj8_A_1.meme	DONE
TFS_tr_B3KQ07_B3KQ07_HUMAN:151:334_5v3j_E_1.meme	DONE
DIMER_tr_A0A669KB72_A0A669KB72_HUMAN:253:301_2hdd_A_1.meme	DONE
TFS_tr_Q32MK9_Q32MK9_HUMAN:4:68_6ml2_A_1.meme	DONE
DIMER_tr_H0Y5I5_H0Y5I5_HUMAN:568:619_1llm_D_1.meme	DONE
TFS_sp_Q9UIS9_MBD1_HUMAN:333:377_3qmb_A_1.meme	DONE
TFS_tr_B7Z7H3_B7Z7H3_HUMAN:151:386_5v3m_C_1.meme	DONE
TFS_tr_B7Z6M2_B7Z6M2_HUMAN:254:407_2i13_A_1.meme	DONE
TFS_tr_A0A087WVT1_A0A087WVT1_HUMAN:78:230_2i13_A_1.meme	DONE
TFS_tr_J3KT56_J3KT56_HUMAN:87:366_5wjq_D_1.meme	DONE
TFS_tr_Q59EH4_Q59EH4_HUMAN:266:541_5v3m_C_1.meme	DONE
TFS_tr_Q68CP0_Q68CP0_HUMAN:1865:2003_5t0u_A_1.meme	DONE
TFS_tr_Q658M0_Q658M0_HUMAN:147:174_4f6m_A_1.meme	DONE
DIMER_tr_B4DS85_B4DS85_HUMAN:95:150_2ypa_A_1.meme	FAIL
DIMER_sp_Q9P0T4_ZN581_HUMAN:85:136_1llm_C_1.meme	DONE
DIMER_tr_A0A994J7A5_A0A994J7A5_HUMAN:623:671_1llm_C_1.meme	FAIL
TFS_sp_Q8NFU7_TET1_HUMAN:586:629_5w9s_C_1.meme	DONE
TFS_tr_B3KPY4_B3KPY4_HUMAN:220:371_2i13_A_1.meme	DONE
TFS_tr_Q9NV05_Q9NV05_HUMAN:148:424_5v3j_E_1.meme	DONE
TFS_tr_A0A494C0U8_A0A494C0U8_HUMAN:310:586_5v3j_E_1.meme	DONE
TFS_tr_A0A1B0GUB4_A0A1B0GUB4_HUMAN:149:451_8iue_4_1.meme	DONE
TFS_tr_H0YEM9_H0YEM9_HUMAN:396:475_8e3d_A_1.meme	DONE
TFS_tr_H7C1K8_H7C1K8_HUMAN:3:47_5v3m_C_1.meme	DONE
TFS_tr_O14913_O14913_HUMAN:136:412_5v3m_C_1.meme	DONE
TFS_sp_Q86WZ6_ZN227_HUMAN:333:486_2i13_A_1.meme	DONE
TFS_tr_A0A024R0Y4_A0A024R0Y4_HUMAN:211:243_6r2v_A_1.meme	DONE
TFS_sp_Q96PM9_Z385A_HUMAN:76:94_7n5v_A_1.meme	DONE
TFS_tr_E7EN32_E7EN32_HUMAN:2:385_8gpn_K_1.meme	DONE
TFS_tr_H0YEM9_H0YEM9_HUMAN:396:475_8e3e_A_1.meme	DONE
DIMER_tr_B3KNB1_B3KNB1_HUMAN:418:469_1llm_C_1.meme	DONE
TFS_tr_B4DPR9_B4DPR9_HUMAN:53:376_3mva_O_1.meme	DONE
TFS_tr_A0A994J6Y5_A0A994J6Y5_HUMAN:21:77_8h7a_A_1.meme	DONE
DIMER_sp_Q9BW11_MAD3_HUMAN:59:158_8ia3_E_1.meme	FAIL
DIMER_tr_X5DRK2_X5DRK2_HUMAN:22:180_4zpr_B_1.meme	DONE
TFS_tr_Q9NVM2_Q9NVM2_HUMAN:55:101_3tmm_A_1.meme	DONE
TFS_tr_A0A0A0MS90_A0A0A0MS90_HUMAN:7:61_3c2i_A_1.meme	DONE
TFS_tr_F6RRE2_F6RRE2_HUMAN:215:258_6vyp_N_1.meme	DONE
DIMER_sp_Q6ZN19_ZN841_HUMAN:227:278_1llm_D_1.meme	FAIL
TFS_tr_B5MDS3_B5MDS3_HUMAN:156:180_1llm_D_1.meme	DONE
TFS_tr_B3KY96_B3KY96_HUMAN:254:407_2i13_A_1.meme	DONE
DIMER_sp_O15353_FOXN1_HUMAN:271:350_6o3t_A_1.meme	DONE
TFS_tr_B4DS85_B4DS85_HUMAN:95:149_7z5k_B_1.meme	DONE
TFS_tr_B4DFC8_B4DFC8_HUMAN:365:641_5v3m_C_1.meme	DONE
TFS_tr_Q9NR94_Q9NR94_HUMAN:199:352_2i13_A_1.meme	DONE
TFS_tr_C9JE98_C9JE98_HUMAN:610:655_3osg_A_1.meme	DONE
TFS_tr_B4DI14_B4DI14_HUMAN:12:121_5ei9_E_1.meme	DONE
TFS_tr_H0YKA3_H0YKA3_HUMAN:78:133_6u9q_A_1.meme	DONE
TFS_tr_Q9NV05_Q9NV05_HUMAN:174:452_5wjq_D_1.meme	DONE
DIMER_sp_Q8IUM7_NPAS4_HUMAN:5:294_4zpk_B_1.meme	DONE
TFS_tr_X6RBL6_X6RBL6_HUMAN:145:216_6ogj_B_1.meme	DONE
TFS_tr_B4DI41_B4DI41_HUMAN:387:428_3qmh_A_1.meme	DONE
TFS_tr_A0A075B7G4_A0A075B7G4_HUMAN:373:526_2i13_A_1.meme	DONE
TFS_sp_Q8NCK3_ZN485_HUMAN:157:432_5v3m_C_1.meme	DONE
TFS_tr_M0QWZ8_M0QWZ8_HUMAN:113:339_5v3m_C_1.meme	DONE
TFS_tr_B7Z1H1_B7Z1H1_HUMAN:246:398_2i13_A_1.meme	DONE
TFS_tr_B4DP29_B4DP29_HUMAN:188:455_5v3m_C_1.meme	DONE
TFS_tr_A0A8I5KRR0_A0A8I5KRR0_HUMAN:641:798_2i13_A_1.meme	DONE
TFS_tr_Q63HN4_Q63HN4_HUMAN:727:837_5ei9_E_1.meme	DONE
TFS_tr_A8K433_A8K433_HUMAN:197:349_2i13_A_1.meme	DONE
TFS_tr_B4DDR9_B4DDR9_HUMAN:28:218_7xur_B_1.meme	DONE
DIMER_tr_A0A024R3C6_A0A024R3C6_HUMAN:572:610_1llm_D_1.meme	DONE
TFS_tr_A0A090N8F2_A0A090N8F2_HUMAN:265:417_2i13_A_1.meme	DONE
DIMER_sp_Q9Y2D1_ATF5_HUMAN:213:261_1a02_J_1.meme	FAIL
TFS_tr_B3KXA1_B3KXA1_HUMAN:236:290_1g2d_C_1.meme	DONE
DIMER_tr_B3KUN2_B3KUN2_HUMAN:430:483_1llm_D_1.meme	DONE
DIMER_sp_Q96JG9_ZN469_HUMAN:3115:3167_1llm_D_1.meme	DONE
DIMER_tr_Q96SV5_Q96SV5_HUMAN:315:388_1llm_D_1.meme	DONE
TFS_tr_A0A087WTB1_A0A087WTB1_HUMAN:188:417_5v3m_C_1.meme	DONE
DIMER_sp_Q9H609_ZN576_HUMAN:100:136_1llm_C_1.meme	DONE
TFS_tr_A0A0A0MTH2_A0A0A0MTH2_HUMAN:376:529_2i13_A_1.meme	DONE
TFS_tr_A0A087WYF4_A0A087WYF4_HUMAN:255:365_5ei9_E_1.meme	DONE
DIMER_tr_Q13582_Q13582_HUMAN:20:62_1llm_D_1.meme	FAIL
TFS_tr_Q05CG0_Q05CG0_HUMAN:315:401_2oeh_A_1.meme	DONE
TFS_tr_Q6DHZ8_Q6DHZ8_HUMAN:76:100_4f6m_A_1.meme	DONE
TFS_tr_A0A1B0GUB4_A0A1B0GUB4_HUMAN:81:398_7zwc_c_1.meme	FAIL
TFS_tr_Q9UFH1_Q9UFH1_HUMAN:2:101_5eh2_F_1.meme	DONE
TFS_tr_A0A1U9X8W3_A0A1U9X8W3_HUMAN:330:606_5v3j_E_1.meme	DONE
DIMER_tr_B7Z6H1_B7Z6H1_HUMAN:894:944_1llm_C_1.meme	DONE
TFS_tr_Q9Y5A5_Q9Y5A5_HUMAN:377:486_5ei9_E_1.meme	DONE
TFS_tr_Q7Z4W9_Q7Z4W9_HUMAN:95:149_7z5k_B_1.meme	FAIL
TFS_tr_B4E1F9_B4E1F9_HUMAN:252:528_5v3j_E_1.meme	DONE
TFS_tr_F5H2K2_F5H2K2_HUMAN:36:74_3uk3_D_1.meme	DONE
DIMER_tr_B4DMG0_B4DMG0_HUMAN:369:417_1llm_D_1.meme	DONE
TFS_tr_C0IMW8_C0IMW8_HUMAN:48:115_6erq_C_1.meme	DONE
DIMER_tr_B4DFU5_B4DFU5_HUMAN:313:364_1llm_D_1.meme	DONE
DIMER_sp_Q9P2F9_ZN319_HUMAN:228:276_1llm_C_1.meme	DONE
TFS_tr_A0A994J5B8_A0A994J5B8_HUMAN:636:691_6vyp_L_1.meme	DONE
TFS_tr_A0A804HIC1_A0A804HIC1_HUMAN:372:484_6ml7_A_1.meme	DONE
TFS_sp_P17031_ZNF26_HUMAN:229:505_5v3m_C_1.meme	DONE
TFS_tr_M0QY62_M0QY62_HUMAN:298:596_7w1m_H_1.meme	DONE
DIMER_tr_B3KQ07_B3KQ07_HUMAN:216:269_1llm_C_1.meme	DONE
TFS_tr_B3KQ40_B3KQ40_HUMAN:73:132_6ml3_A_1.meme	DONE
TFS_sp_Q9UIS9_MBD1_HUMAN:336:377_3qmi_A_1.meme	DONE
TFS_tr_A0A090N7S8_A0A090N7S8_HUMAN:345:592_5v3m_C_1.meme	DONE
TFS_tr_Q7Z516_Q7Z516_HUMAN:509:560_3osg_A_1.meme	DONE
TFS_tr_H0Y459_H0Y459_HUMAN:627:669_3osf_A_1.meme	DONE
DIMER_tr_A0A2R8YEW3_A0A2R8YEW3_HUMAN:274:318_3hdd_B_1.meme	DONE
TFS_tr_A0A087X0M6_A0A087X0M6_HUMAN:529:827_7w1m_H_1.meme	DONE
TFS_tr_K7EM32_K7EM32_HUMAN:89:137_8gn4_A_1.meme	DONE
TFS_tr_A0AV05_A0AV05_HUMAN:172:447_5wjq_D_1.meme	DONE
TFS_tr_C9JNM8_C9JNM8_HUMAN:53:139_3mva_O_1.meme	DONE
TFS_tr_K7EQN6_K7EQN6_HUMAN:751:803_4is1_D_1.meme	DONE
DIMER_tr_B7Z6M2_B7Z6M2_HUMAN:439:490_1llm_D_1.meme	DONE
TFS_tr_B4DFT8_B4DFT8_HUMAN:228:287_6ml6_A_1.meme	DONE
TFS_tr_B2RE18_B2RE18_HUMAN:28:259_5v3j_E_1.meme	DONE
DIMER_tr_Q6NVX3_Q6NVX3_HUMAN:98:145_8osl_N_1.meme	DONE
TFS_tr_A0A9L9PXL4_A0A9L9PXL4_HUMAN:212:280_8hak_N_1.meme	DONE
TFS_tr_H0Y459_H0Y459_HUMAN:618:669_3osg_A_1.meme	DONE
TFS_tr_A0A994J5R8_A0A994J5R8_HUMAN:339:449_5ei9_E_1.meme	DONE
DIMER_tr_A0A087WZQ2_A0A087WZQ2_HUMAN:392:443_1llm_D_1.meme	DONE
TFS_tr_A0A1U9X8X7_A0A1U9X8X7_HUMAN:248:545_7w1m_H_1.meme	DONE
TFS_tr_X5DRK2_X5DRK2_HUMAN:22:180_4zpr_B_1.meme	DONE
DIMER_sp_Q9H2S9_IKZF4_HUMAN:216:268_1hwt_C_1.meme	DONE
DIMER_tr_B3KPY4_B3KPY4_HUMAN:218:255_2wty_B_1.meme	DONE
TFS_tr_F8WEL6_F8WEL6_HUMAN:249:525_5v3m_C_1.meme	DONE
TFS_tr_Q1RMZ5_Q1RMZ5_HUMAN:761:916_2i13_A_1.meme	DONE
TFS_sp_Q96MN9_ZN488_HUMAN:314:339_5k5l_E_1.meme	FAIL
DIMER_tr_S4R3C8_S4R3C8_HUMAN:37:70_1du0_A_1.meme	DONE
TFS_tr_B7Z9P6_B7Z9P6_HUMAN:362:389_6dfb_A_1.meme	DONE
TFS_sp_Q96MX3_ZNF48_HUMAN:114:381_5v3j_E_1.meme	DONE
DIMER_tr_A4LBB6_A4LBB6_HUMAN:73:124_7z5k_B_1.meme	DONE
TFS_tr_A0A7P0TA87_A0A7P0TA87_HUMAN:6:108_5sy7_B_1.meme	DONE
TFS_tr_I3L216_I3L216_HUMAN:126:262_2i13_A_1.meme	DONE
DIMER_tr_H0Y6F5_H0Y6F5_HUMAN:331:375_1mnm_D_1.meme	FAIL
TFS_sp_Q9UIS9_MBD1_HUMAN:336:377_3qmc_A_1.meme	DONE
TFS_tr_Q7Z6T9_Q7Z6T9_HUMAN:13:40_1qn9_A_1.meme	DONE
TFS_tr_A0A0C4DGR5_A0A0C4DGR5_HUMAN:324:500_5v3m_C_1.meme	DONE
TFS_tr_Q59G30_Q59G30_HUMAN:192:467_5wjq_D_1.meme	DONE
DIMER_tr_A0A8I5KRR0_A0A8I5KRR0_HUMAN:571:619_1llm_D_1.meme	DONE
DIMER_tr_Q60F95_Q60F95_HUMAN:280:328_1llm_C_1.meme	DONE
DIMER_sp_A8MZ59_LEUTX_HUMAN:9:65_3a01_B_1.meme	DONE
TFS_tr_J9JID5_J9JID5_HUMAN:484:765_5v3m_C_1.meme	DONE
DIMER_sp_Q6ZNH5_ZN497_HUMAN:187:239_1llm_C_1.meme	DONE
TFS_tr_Q05GC8_Q05GC8_HUMAN:1106:1132_6ml6_A_1.meme	DONE
TFS_tr_H0Y459_H0Y459_HUMAN:623:672_1msf_C_1.meme	DONE
TFS_sp_Q96JY0_MAEL_HUMAN:5:63_4qr9_B_1.meme	DONE
TFS_tr_B3KXK2_B3KXK2_HUMAN:1062:1087_6ml3_A_1.meme	DONE
TFS_tr_A8K8K6_A8K8K6_HUMAN:287:478_5v3m_C_1.meme	DONE
TFS_tr_Q6ZS01_Q6ZS01_HUMAN:313:425_5ei9_E_1.meme	DONE
TFS_sp_Q9P2F9_ZN319_HUMAN:254:536_5wjq_D_1.meme	DONE
DIMER_sp_Q9UIF8_BAZ2B_HUMAN:1745:1777_1a6y_A_1.meme	DONE
TFS_tr_X5DRK2_X5DRK2_HUMAN:22:306_5sy7_B_1.meme	DONE
TFS_tr_A0A1C7CYX1_A0A1C7CYX1_HUMAN:1030:1064_1g2d_C_1.meme	DONE
TFS_tr_B4DX96_B4DX96_HUMAN:332:442_5ei9_E_1.meme	DONE
TFS_sp_Q6ZN18_AEBP2_HUMAN:302:356_1g2d_C_1.meme	DONE
TFS_tr_A0A1U9X8W3_A0A1U9X8W3_HUMAN:330:606_5v3m_C_1.meme	DONE
DIMER_tr_B4E2P6_B4E2P6_HUMAN:204:255_1llm_C_1.meme	DONE
DIMER_tr_A8K8Q0_A8K8Q0_HUMAN:622:666_1mnm_D_1.meme	DONE
TFS_sp_A6NDX5_ZN840_HUMAN:417:707_7w1m_H_1.meme	DONE
DIMER_tr_B4DX96_B4DX96_HUMAN:361:412_1llm_D_1.meme	FAIL
DIMER_sp_P12980_LYL1_HUMAN:151:199_7z5i_B_1.meme	DONE
TFS_tr_A0A2R8Y6X0_A0A2R8Y6X0_HUMAN:211:245_6dfa_A_1.meme	DONE
TFS_tr_Q8NC84_Q8NC84_HUMAN:161:392_5wjq_D_1.meme	DONE
TFS_tr_Q9H942_Q9H942_HUMAN:320:473_2i13_A_1.meme	DONE
TFS_sp_P51858_HDGF_HUMAN:8:96_8peo_K_1.meme	DONE
TFS_tr_Q9H726_Q9H726_HUMAN:111:143_2d5v_A_1.meme	DONE
TFS_sp_Q8NHM5_KDM2B_HUMAN:609:722_6asb_C_1.meme	DONE
TFS_tr_B7Z4V7_B7Z4V7_HUMAN:521:561_5v3m_C_1.meme	DONE
TFS_tr_B4DV46_B4DV46_HUMAN:101:291_5wjq_D_1.meme	DONE
DIMER_sp_Q9Y6X8_ZHX2_HUMAN:631:684_2hot_B_1.meme	DONE
TFS_tr_B9EGN4_B9EGN4_HUMAN:459:730_5v3j_E_1.meme	DONE
DIMER_tr_A0A0C4DGP9_A0A0C4DGP9_HUMAN:184:235_1llm_D_1.meme	DONE
TFS_tr_K7EKT4_K7EKT4_HUMAN:128:180_2i13_A_1.meme	DONE
TFS_tr_Q6RFR6_Q6RFR6_HUMAN:1:221_5v3m_C_1.meme	DONE
TFS_sp_Q6ZN19_ZN841_HUMAN:478:756_5wjq_D_1.meme	DONE
TFS_tr_A0A1B0GV63_A0A1B0GV63_HUMAN:163:263_1kqq_A_1.meme	DONE
TFS_tr_A0A494C069_A0A494C069_HUMAN:105:339_5v3j_E_1.meme	DONE
TFS_tr_D6RBC4_D6RBC4_HUMAN:448:542_5vmv_A_1.meme	DONE
TFS_tr_H0YMS9_H0YMS9_HUMAN:3:28_3f27_D_1.meme	DONE
TFS_tr_S4R3C8_S4R3C8_HUMAN:86:112_4gzn_C_1.meme	DONE
DIMER_tr_Q658S5_Q658S5_HUMAN:497:548_1llm_D_1.meme	FAIL
TFS_tr_B4DTN0_B4DTN0_HUMAN:39:84_4roc_A_1.meme	DONE
DIMER_tr_Q9UHQ8_Q9UHQ8_HUMAN:240:343_7x5g_B_1.meme	DONE
DIMER_sp_Q9BR84_ZN559_HUMAN:351:399_1llm_D_1.meme	DONE
DIMER_sp_Q17RH7_TPRXL_HUMAN:21:74_3a01_B_1.meme	FAIL
DIMER_tr_X5DR67_X5DR67_HUMAN:140:432_4zpk_B_1.meme	DONE
DIMER_tr_X5D9I7_X5D9I7_HUMAN:22:435_5sy7_B_1.meme	DONE
DIMER_tr_Q1RMZ5_Q1RMZ5_HUMAN:779:832_1llm_C_1.meme	FAIL
DIMER_tr_A0A2R8YEW3_A0A2R8YEW3_HUMAN:273:318_3a01_B_1.meme	DONE
TFS_sp_Q9BY31_ZN717_HUMAN:366:642_5v3j_E_1.meme	DONE
TFS_tr_A0A8I5KWX0_A0A8I5KWX0_HUMAN:361:548_5wjq_D_1.meme	DONE
TFS_tr_A8K1G6_A8K1G6_HUMAN:238:514_5v3j_E_1.meme	DONE
TFS_tr_Q2TB61_Q2TB61_HUMAN:555:830_5v3m_C_1.meme	DONE
TFS_tr_M0QY24_M0QY24_HUMAN:191:466_5v3m_C_1.meme	DONE
TFS_tr_Q9Y5A5_Q9Y5A5_HUMAN:297:543_5wjq_D_1.meme	DONE
TFS_tr_E7EVR1_E7EVR1_HUMAN:164:436_5v3m_C_1.meme	DONE
DIMER_sp_Q4V348_Z658B_HUMAN:668:719_1llm_C_1.meme	FAIL
TFS_tr_E5RG39_E5RG39_HUMAN:123:204_5ei9_E_1.meme	DONE
DIMER_sp_Q96EG3_ZN837_HUMAN:473:522_1llm_D_1.meme	DONE
TFS_tr_A0A075B7G4_A0A075B7G4_HUMAN:223:499_5v3m_C_1.meme	DONE
TFS_tr_B7ZLN6_B7ZLN6_HUMAN:170:440_5v3j_E_1.meme	DONE
TFS_tr_A0A0C4DGQ9_A0A0C4DGQ9_HUMAN:129:200_6ml5_A_1.meme	DONE
DIMER_sp_Q9UNY5_ZN232_HUMAN:385:436_1llm_C_1.meme	DONE
TFS_tr_M0R0F3_M0R0F3_HUMAN:184:460_5v3m_C_1.meme	DONE
DIMER_tr_A0A2R8Y6X0_A0A2R8Y6X0_HUMAN:543:582_1du0_B_1.meme	DONE
TFS_tr_B4DNH5_B4DNH5_HUMAN:181:334_2i13_A_1.meme	DONE
TFS_sp_Q8NCP5_ZBT44_HUMAN:396:475_8e3e_A_1.meme	DONE
DIMER_tr_Q9NZ00_Q9NZ00_HUMAN:32:81_1llm_D_1.meme	DONE
DIMER_tr_Q0VAH5_Q0VAH5_HUMAN:502:556_1llm_C_1.meme	DONE
TFS_tr_A7E228_A7E228_HUMAN:751:803_3uk3_D_1.meme	DONE
TFS_sp_A8MQ14_ZN850_HUMAN:308:584_5v3j_E_1.meme	DONE
DIMER_tr_B4DWJ5_B4DWJ5_HUMAN:154:203_1llm_D_1.meme	DONE
TFS_tr_F8WAI8_F8WAI8_HUMAN:694:916_5v3j_E_1.meme	DONE
TFS_tr_B1ALC2_B1ALC2_HUMAN:115:138_6ml2_A_1.meme	DONE
TFS_tr_A8K5C8_A8K5C8_HUMAN:229:505_5v3m_C_1.meme	DONE
DIMER_sp_Q6ZSB9_ZBT49_HUMAN:421:469_1llm_D_1.meme	DONE
TFS_tr_Q3MN16_Q3MN16_HUMAN:151:172_1a1f_A_1.meme	DONE
TFS_tr_F8VS42_F8VS42_HUMAN:58:440_4zpr_B_1.meme	DONE
TFS_tr_E5RGL7_E5RGL7_HUMAN:554:586_7dta_A_1.meme	DONE
TFS_tr_A0A1U9X8W6_A0A1U9X8W6_HUMAN:330:606_5v3j_E_1.meme	DONE
TFS_tr_B4DP29_B4DP29_HUMAN:188:455_5v3j_E_1.meme	DONE
DIMER_sp_Q8IVH2_FOXP4_HUMAN:466:547_2a07_J_1.meme	DONE
DIMER_tr_Q96K00_Q96K00_HUMAN:287:360_1llm_D_1.meme	DONE
DIMER_tr_B2RCW4_B2RCW4_HUMAN:531:579_1llm_D_1.meme	FAIL
TFS_tr_A0AAQ5BH52_A0AAQ5BH52_HUMAN:60:105_8ity_V_1.meme	DONE
DIMER_sp_Q6XD76_ASCL4_HUMAN:80:127_7z5k_B_1.meme	DONE
DIMER_sp_Q03014_HHEX_HUMAN:144:198_1puf_A_1.meme	DONE
TFS_sp_Q96JY0_MAEL_HUMAN:5:63_1ckt_A_1.meme	DONE
DIMER_tr_Q9Y4S0_Q9Y4S0_HUMAN:103:158_1llm_D_1.meme	DONE
DIMER_tr_B7Z6K4_B7Z6K4_HUMAN:649:699_1llm_C_1.meme	DONE
TFS_tr_X5D985_X5D985_HUMAN:20:416_5sy7_B_1.meme	DONE
DIMER_tr_X5D988_X5D988_HUMAN:21:417_4zpk_B_1.meme	DONE
TFS_tr_Q8NC84_Q8NC84_HUMAN:254:364_5ei9_E_1.meme	DONE
DIMER_tr_I3L216_I3L216_HUMAN:182:233_1llm_D_1.meme	DONE
TFS_tr_G3V1M0_G3V1M0_HUMAN:237:432_5v3j_E_1.meme	DONE
TFS_sp_P17031_ZNF26_HUMAN:229:505_5v3j_E_1.meme	DONE
TFS_sp_Q8WTR7_ZN473_HUMAN:563:837_5v3j_E_1.meme	DONE
TFS_tr_A0A0S2Z5G4_A0A0S2Z5G4_HUMAN:177:293_8htx_A_1.meme	DONE
TFS_sp_Q5TYW1_ZN658_HUMAN:891:1040_2i13_A_1.meme	DONE
TFS_tr_B4DDN6_B4DDN6_HUMAN:558:586_4m9v_C_1.meme	DONE
TFS_tr_Q59HC5_Q59HC5_HUMAN:24:305_5v3j_E_1.meme	DONE
DIMER_sp_Q8NFU7_TET1_HUMAN:605:627_1hcq_B_1.meme	DONE
TFS_tr_B3KVG5_B3KVG5_HUMAN:58:166_5wjq_D_1.meme	DONE
TFS_tr_B7Z6H1_B7Z6H1_HUMAN:793:978_8sss_A_1.meme	DONE
DIMER_sp_P12980_LYL1_HUMAN:151:205_7z5k_B_1.meme	DONE
TFS_tr_J9JID5_J9JID5_HUMAN:486:737_5wjq_D_1.meme	DONE
TFS_tr_V9HW07_V9HW07_HUMAN:229:505_5v3m_C_1.meme	DONE
DIMER_tr_Q9UHQ8_Q9UHQ8_HUMAN:288:325_1s9k_E_1.meme	DONE
TFS_tr_V9HW07_V9HW07_HUMAN:227:505_5wjq_D_1.meme	DONE
TFS_sp_Q9UBL3_ASH2L_HUMAN:372:628_7mbn_D_1.meme	DONE
DIMER_tr_B2RDP4_B2RDP4_HUMAN:362:410_1llm_D_1.meme	DONE
TFS_tr_A0A994J5Q4_A0A994J5Q4_HUMAN:2:53_4is1_C_1.meme	DONE
TFS_tr_A8K7Y5_A8K7Y5_HUMAN:546:844_7w1m_H_1.meme	DONE
DIMER_tr_U3KPW8_U3KPW8_HUMAN:194:242_2hos_A_1.meme	DONE
DIMER_tr_Q8IYR9_Q8IYR9_HUMAN:95:149_7z5k_B_1.meme	DONE
TFS_tr_A0A8Q3SI57_A0A8Q3SI57_HUMAN:1098:1123_6ml3_A_1.meme	DONE
TFS_tr_Q8N981_Q8N981_HUMAN:46:156_5ei9_E_1.meme	DONE
TFS_tr_B4DDN6_B4DDN6_HUMAN:623:650_6e94_A_1.meme	DONE
TFS_sp_Q96MN9_ZN488_HUMAN:314:339_5k5l_G_1.meme	FAIL
TFS_tr_H3BNI0_H3BNI0_HUMAN:128:281_2i13_A_1.meme	DONE
DIMER_sp_Q9BS34_ZN670_HUMAN:334:383_1llm_D_1.meme	DONE
DIMER_sp_Q9NYT6_ZN226_HUMAN:361:412_1llm_D_1.meme	DONE
TFS_tr_Q9BY29_Q9BY29_HUMAN:23:299_5v3m_C_1.meme	DONE
TFS_tr_A0A8J9GB59_A0A8J9GB59_HUMAN:292:392_1kqq_A_1.meme	DONE
DIMER_tr_E9PB28_E9PB28_HUMAN:60:88_1am9_C_1.meme	FAIL
DIMER_sp_Q8IVH2_FOXP4_HUMAN:467:528_7vox_C_1.meme	DONE
TFS_sp_Q9BSG1_ZNF2_HUMAN:239:391_2i13_A_1.meme	DONE
TFS_sp_O00488_ZN593_HUMAN:61:81_2kmk_A_1.meme	DONE
TFS_tr_B2R952_B2R952_HUMAN:73:396_3mva_O_1.meme	DONE
DIMER_tr_B7ZBM3_B7ZBM3_HUMAN:454:535_2a07_J_1.meme	DONE
TFS_tr_Q4LE49_Q4LE49_HUMAN:684:768_2oeh_A_1.meme	DONE
TFS_tr_A0A0S2Z4L6_A0A0S2Z4L6_HUMAN:314:451_5v3m_C_1.meme	DONE
TFS_tr_B3KR55_B3KR55_HUMAN:373:526_2i13_A_1.meme	DONE
DIMER_sp_Q8N7U7_TPRX1_HUMAN:2:19_3a01_B_1.meme	DONE
TFS_tr_A0A494C1I7_A0A494C1I7_HUMAN:324:600_5v3j_E_1.meme	DONE
DIMER_tr_Q96F93_Q96F93_HUMAN:301:349_1llm_D_1.meme	FAIL
TFS_tr_B7Z7H3_B7Z7H3_HUMAN:152:299_2i13_A_1.meme	DONE
TFS_tr_B4DP29_B4DP29_HUMAN:128:408_5wjq_D_1.meme	DONE
TFS_tr_Q59HG5_Q59HG5_HUMAN:222:375_2i13_A_1.meme	DONE
DIMER_sp_Q9HCC6_HES4_HUMAN:35:98_4atk_B_1.meme	FAIL
TFS_tr_J3KPG5_J3KPG5_HUMAN:513:620_7mwl_A_1.meme	DONE
TFS_sp_Q8NCK3_ZN485_HUMAN:157:432_5v3j_E_1.meme	DONE
DIMER_sp_Q8IYA7_MKX_HUMAN:85:128_6fqq_A_1.meme	DONE
DIMER_tr_Q68CY6_Q68CY6_HUMAN:287:336_1llm_D_1.meme	DONE
TFS_tr_B2R8D6_B2R8D6_HUMAN:240:393_2i13_A_1.meme	DONE
DIMER_sp_Q01826_SATB1_HUMAN:643:666_6v92_d_1.meme	DONE
TFS_tr_C9JC15_C9JC15_HUMAN:80:149_5v3j_E_1.meme	DONE
TFS_tr_A0A0C4DGM2_A0A0C4DGM2_HUMAN:297:450_2i13_A_1.meme	DONE
DIMER_sp_Q8N7U7_TPRX1_HUMAN:9:22_5hod_A_1.meme	DONE
DIMER_tr_B4DU56_B4DU56_HUMAN:166:217_1llm_D_1.meme	DONE
TFS_tr_Q5DTE4_Q5DTE4_HUMAN:119:273_5v3m_C_1.meme	DONE
TFS_sp_Q99551_MTEF1_HUMAN:100:397_3n7q_A_1.meme	DONE
TFS_tr_A8K4L4_A8K4L4_HUMAN:208:487_5wjq_D_1.meme	DONE
TFS_tr_H3BRD6_H3BRD6_HUMAN:92:150_5yef_A_1.meme	DONE
TFS_tr_A0A994J5Q4_A0A994J5Q4_HUMAN:2:53_3uk3_C_1.meme	DONE
TFS_tr_Q5EBM5_Q5EBM5_HUMAN:156:220_1j5n_A_1.meme	DONE
TFS_tr_A0A8Q3SI57_A0A8Q3SI57_HUMAN:513:538_6ki6_A_1.meme	DONE
TFS_sp_Q8TCN5_ZN507_HUMAN:638:821_8ssq_A_1.meme	DONE
TFS_tr_A0A6E1W9L1_A0A6E1W9L1_HUMAN:424:479_5yeg_A_1.meme	DONE
TFS_tr_A0A994J5B8_A0A994J5B8_HUMAN:637:679_3osf_A_1.meme	DONE
TFS_tr_A0A8I5KRR0_A0A8I5KRR0_HUMAN:519:798_5v3m_C_1.meme	DONE
DIMER_sp_A6NM28_ZFP92_HUMAN:234:283_1llm_D_1.meme	FAIL
TFS_tr_B3KNB1_B3KNB1_HUMAN:401:550_2i13_A_1.meme	DONE
DIMER_tr_Q6PJQ2_Q6PJQ2_HUMAN:939:989_1llm_C_1.meme	DONE
TFS_tr_B7Z5S2_B7Z5S2_HUMAN:167:443_5v3j_E_1.meme	DONE
DIMER_tr_B4DYR8_B4DYR8_HUMAN:1009:1060_1llm_C_1.meme	DONE
TFS_tr_A0A1B0GTJ8_A0A1B0GTJ8_HUMAN:1221:1321_1kqq_A_1.meme	DONE
TFS_tr_B4DX96_B4DX96_HUMAN:249:444_5v3m_C_1.meme	DONE
DIMER_sp_O60315_ZEB2_HUMAN:1025:1073_1llm_D_1.meme	DONE
TFS_tr_X5D985_X5D985_HUMAN:122:378_8osl_N_1.meme	DONE
TFS_tr_Q5SY20_Q5SY20_HUMAN:292:309_3uk3_C_1.meme	DONE
TFS_tr_Q6P495_Q6P495_HUMAN:165:186_1a1f_A_1.meme	DONE
TFS_sp_O43151_TET3_HUMAN:55:79_3qmg_A_1.meme	DONE
TFS_sp_Q96E29_MTEF3_HUMAN:187:365_3n7q_A_1.meme	DONE
DIMER_sp_A6NDX5_ZN840_HUMAN:331:382_1llm_C_1.meme	DONE
TFS_tr_B2RBM8_B2RBM8_HUMAN:76:100_4f6n_A_1.meme	DONE
TFS_tr_B4DMT1_B4DMT1_HUMAN:71:181_5ei9_E_1.meme	DONE
TFS_tr_A0AAQ5BIH9_A0AAQ5BIH9_HUMAN:189:340_2i13_A_1.meme	DONE
TFS_tr_D6RJ09_D6RJ09_HUMAN:3:32_8iuh_4_1.meme	DONE
TFS_tr_B4DWJ5_B4DWJ5_HUMAN:148:377_5v3m_C_1.meme	DONE
TFS_tr_A0A8Q3SIT7_A0A8Q3SIT7_HUMAN:237:389_5v3m_C_1.meme	DONE
DIMER_sp_Q9H5J0_ZBTB3_HUMAN:474:518_1llm_D_1.meme	DONE
TFS_sp_Q8NHM5_KDM2B_HUMAN:608:651_3qmb_A_1.meme	DONE
TFS_sp_Q9UIF8_BAZ2B_HUMAN:737:841_7mwh_A_1.meme	DONE
TFS_tr_B4DY71_B4DY71_HUMAN:671:824_2i13_A_1.meme	DONE
DIMER_sp_A6NFD8_HELT_HUMAN:14:62_8osl_P_1.meme	DONE
TFS_tr_H0YNY7_H0YNY7_HUMAN:77:138_8ssq_A_1.meme	DONE
TFS_sp_Q96MN9_ZN488_HUMAN:314:339_5k5l_F_1.meme	FAIL
DIMER_sp_Q14582_MAD4_HUMAN:55:133_8ia3_A_1.meme	DONE
TFS_tr_B4DLS2_B4DLS2_HUMAN:315:468_2i13_A_1.meme	DONE
TFS_tr_H0YMS9_H0YMS9_HUMAN:3:28_6l6y_D_1.meme	DONE
DIMER_sp_O75362_ZN217_HUMAN:472:522_1llm_D_1.meme	DONE
DIMER_sp_P10075_GLI4_HUMAN:237:286_1llm_D_1.meme	DONE
TFS_tr_A0AA34QVT6_A0AA34QVT6_HUMAN:103:265_5v3j_E_1.meme	DONE
TFS_tr_K7EM32_K7EM32_HUMAN:84:138_1a1h_A_1.meme	DONE
TFS_tr_Q53EM1_Q53EM1_HUMAN:307:604_7w1m_H_1.meme	DONE
TFS_sp_Q8NHM5_KDM2B_HUMAN:613:651_3qmd_A_1.meme	DONE
DIMER_tr_B4DY71_B4DY71_HUMAN:688:739_1llm_D_1.meme	DONE
DIMER_tr_H0YCZ0_H0YCZ0_HUMAN:251:307_1llm_D_1.meme	FAIL
TFS_tr_Q7Z6T9_Q7Z6T9_HUMAN:13:40_1qn8_A_1.meme	DONE
TFS_tr_H3BNI0_H3BNI0_HUMAN:118:394_5v3j_E_1.meme	DONE
DIMER_sp_Q9P2J8_ZN624_HUMAN:722:763_1llm_D_1.meme	DONE
TFS_tr_B4DWJ5_B4DWJ5_HUMAN:151:377_5wjq_D_1.meme	DONE
TFS_sp_Q86U86_PB1_HUMAN:212:280_8hai_K_1.meme	DONE
DIMER_sp_O14628_ZN195_HUMAN:520:569_1llm_D_1.meme	DONE
TFS_tr_B3KUA7_B3KUA7_HUMAN:444:597_2i13_A_1.meme	DONE
TFS_tr_A0A0A0MSL2_A0A0A0MSL2_HUMAN:63:146_2i13_A_1.meme	DONE
TFS_tr_Q6X7T3_Q6X7T3_HUMAN:120:392_5v3m_C_1.meme	DONE
TFS_tr_B3KQ40_B3KQ40_HUMAN:73:132_6ml7_A_1.meme	DONE
TFS_tr_A8K8U0_A8K8U0_HUMAN:65:288_5wjq_D_1.meme	DONE
DIMER_tr_M0R0F3_M0R0F3_HUMAN:239:290_1llm_D_1.meme	DONE
DIMER_tr_B3KXW2_B3KXW2_HUMAN:1265:1286_1llm_C_1.meme	DONE
DIMER_sp_Q9H4I2_ZHX3_HUMAN:622:666_1k61_B_1.meme	FAIL
DIMER_tr_H0YEM9_H0YEM9_HUMAN:397:446_1llm_C_1.meme	DONE
TFS_tr_Q13580_Q13580_HUMAN:2:118_5v3j_E_1.meme	DONE
DIMER_sp_O43298_ZBT43_HUMAN:397:446_1llm_D_1.meme	FAIL
TFS_tr_A0A994J5C6_A0A994J5C6_HUMAN:132:180_3uk3_D_1.meme	DONE
DIMER_tr_A0A8Q3SIT7_A0A8Q3SIT7_HUMAN:337:388_1llm_D_1.meme	DONE
TFS_tr_B4DDN6_B4DDN6_HUMAN:558:586_4gzn_C_1.meme	DONE
DIMER_sp_Q63HK5_TSH3_HUMAN:1041:1068_1llm_C_1.meme	DONE
TFS_tr_Q63HN4_Q63HN4_HUMAN:683:836_2i13_A_1.meme	DONE
TFS_tr_A0A0S2Z4J5_A0A0S2Z4J5_HUMAN:485:627_6ml7_A_1.meme	DONE
TFS_tr_B7Z6K4_B7Z6K4_HUMAN:548:764_7w1m_H_1.meme	DONE
DIMER_tr_A8K7Y5_A8K7Y5_HUMAN:908:959_1llm_C_1.meme	FAIL
TFS_tr_A0A1B0GUB4_A0A1B0GUB4_HUMAN:144:451_7xur_A_1.meme	DONE
TFS_tr_B4DTA0_B4DTA0_HUMAN:274:427_2i13_A_1.meme	DONE
TFS_tr_G3V1M0_G3V1M0_HUMAN:320:430_5ei9_E_1.meme	DONE
DIMER_tr_Q2VP97_Q2VP97_HUMAN:394:443_1llm_D_1.meme	DONE
TFS_tr_X5D9I7_X5D9I7_HUMAN:141:397_8osl_N_1.meme	DONE
DIMER_sp_Q6ZRF7_ZN818_HUMAN:65:108_1llm_D_1.meme	FAIL
TFS_tr_B4DM57_B4DM57_HUMAN:154:431_5wjq_D_1.meme	DONE
TFS_tr_H0YKA3_H0YKA3_HUMAN:78:133_6ki6_A_1.meme	DONE
TFS_sp_Q9Y618_NCOR2_HUMAN:611:656_3osf_A_1.meme	DONE
TFS_tr_M0R1P0_M0R1P0_HUMAN:259:537_5wjq_D_1.meme	DONE
TFS_tr_B4DDR9_B4DDR9_HUMAN:28:218_7zxe_b_1.meme	FAIL
TFS_sp_Q9C0G0_ZN407_HUMAN:1630:1796_5t0u_A_1.meme	DONE
TFS_tr_J3KPG5_J3KPG5_HUMAN:514:619_7mwh_B_1.meme	DONE
DIMER_tr_A0A0S2Z4K4_A0A0S2Z4K4_HUMAN:305:356_1llm_D_1.meme	DONE
TFS_tr_G5EA50_G5EA50_HUMAN:33:127_2gli_A_1.meme	DONE
TFS_sp_Q86UQ0_ZN589_HUMAN:249:355_5egb_A_1.meme	DONE
TFS_sp_P52739_ZN131_HUMAN:323:439_6ml5_A_1.meme	DONE
TFS_tr_E5RG39_E5RG39_HUMAN:123:204_5egb_A_1.meme	DONE
DIMER_tr_A0A1U9X8W6_A0A1U9X8W6_HUMAN:385:436_1llm_D_1.meme	DONE
TFS_tr_Q8IY56_Q8IY56_HUMAN:327:478_2i13_A_1.meme	DONE
TFS_tr_A0A8V8TPI9_A0A8V8TPI9_HUMAN:720:832_5ei9_E_1.meme	DONE
TFS_tr_B4DV46_B4DV46_HUMAN:154:263_5ei9_E_1.meme	DONE
DIMER_sp_Q96CS4_ZN689_HUMAN:231:271_1llm_D_1.meme	DONE
DIMER_tr_H3BVG7_H3BVG7_HUMAN:106:145_1llm_C_1.meme	DONE
TFS_tr_A0A8V8TLT3_A0A8V8TLT3_HUMAN:286:404_6ml7_A_1.meme	DONE
TFS_sp_Q86TG7_PEG10_HUMAN:4:53_1h89_B_1.meme	DONE
DIMER_sp_A9YTQ3_AHRR_HUMAN:34:167_8osl_N_1.meme	DONE
DIMER_tr_X5D9I7_X5D9I7_HUMAN:141:397_8osl_N_1.meme	DONE
TFS_tr_A0A994J7H0_A0A994J7H0_HUMAN:361:402_3qmd_A_1.meme	DONE
DIMER_tr_X5DR67_X5DR67_HUMAN:139:395_8osl_N_1.meme	DONE
TFS_tr_A0A0C4DGP9_A0A0C4DGP9_HUMAN:211:489_5wjq_D_1.meme	DONE
TFS_tr_A8K3P5_A8K3P5_HUMAN:587:740_2i13_A_1.meme	DONE
TFS_tr_A0A8V8TNL7_A0A8V8TNL7_HUMAN:318:379_6ml4_A_1.meme	DONE
TFS_sp_Q9P2F9_ZN319_HUMAN:200:446_8ssr_A_1.meme	DONE
TFS_tr_Q8N508_Q8N508_HUMAN:2:134_5v3m_C_1.meme	DONE
TFS_sp_Q8IYH5_ZZZ3_HUMAN:655:698_1msf_C_1.meme	DONE
TFS_tr_A8K9W2_A8K9W2_HUMAN:286:564_5wjq_D_1.meme	DONE
TFS_tr_Q5T282_Q5T282_HUMAN:28:243_7xur_B_1.meme	DONE
TFS_tr_K7EKT4_K7EKT4_HUMAN:751:803_4is1_D_1.meme	DONE
TFS_tr_C0IMW8_C0IMW8_HUMAN:48:115_6erp_C_1.meme	DONE
DIMER_tr_A0A7I2PK40_A0A7I2PK40_HUMAN:30:163_8osk_N_1.meme	FAIL
TFS_tr_H0YM09_H0YM09_HUMAN:49:74_3uk3_C_1.meme	DONE
TFS_tr_E7EV75_E7EV75_HUMAN:21:77_8h7a_B_1.meme	DONE
TFS_tr_Q9Y4S0_Q9Y4S0_HUMAN:94:227_7w1m_H_1.meme	DONE
TFS_tr_A0A669KBC9_A0A669KBC9_HUMAN:54:148_2gli_A_1.meme	DONE
TFS_tr_A0A087WYF4_A0A087WYF4_HUMAN:121:393_5v3j_E_1.meme	DONE
TFS_tr_B2RB92_B2RB92_HUMAN:316:469_2i13_A_1.meme	DONE
TFS_tr_Q5SY20_Q5SY20_HUMAN:290:309_4r2p_A_1.meme	DONE
TFS_tr_Q0VAH5_Q0VAH5_HUMAN:280:554_5v3j_E_1.meme	DONE
TFS_sp_Q9BWE0_REPI1_HUMAN:428:537_5ei9_E_1.meme	DONE
DIMER_tr_A0A0D9SGD6_A0A0D9SGD6_HUMAN:221:252_2c9n_Y_1.meme	DONE
DIMER_tr_A8K7J8_A8K7J8_HUMAN:373:424_1llm_D_1.meme	FAIL
DIMER_tr_U3KPW8_U3KPW8_HUMAN:194:242_2hdd_A_1.meme	DONE
DIMER_tr_A0JP08_A0JP08_HUMAN:1024:1072_1llm_D_1.meme	DONE
TFS_tr_A0AAQ5BH52_A0AAQ5BH52_HUMAN:60:105_4rod_A_1.meme	DONE
TFS_tr_A0A494C0U8_A0A494C0U8_HUMAN:252:530_5wjq_D_1.meme	DONE
DIMER_tr_A0A1U9X8W3_A0A1U9X8W3_HUMAN:385:436_1llm_D_1.meme	DONE
DIMER_tr_I0EZ75_I0EZ75_HUMAN:151:202_1llm_D_1.meme	DONE
TFS_sp_Q9H4Z2_ZN335_HUMAN:463:698_5wjq_D_1.meme	DONE
TFS_tr_Q7Z6U0_Q7Z6U0_HUMAN:13:91_5iya_P_1.meme	DONE
DIMER_tr_B4DL45_B4DL45_HUMAN:188:236_8ott_M_1.meme	DONE
TFS_tr_A0A1B0GVK1_A0A1B0GVK1_HUMAN:369:454_2oeh_A_1.meme	DONE
TFS_tr_Q6ZS01_Q6ZS01_HUMAN:316:425_5eh2_F_1.meme	DONE
TFS_tr_A0A494BZV4_A0A494BZV4_HUMAN:69:303_5v3j_E_1.meme	DONE
TFS_tr_Q7Z6U2_Q7Z6U2_HUMAN:13:161_7egj_P_1.meme	DONE
DIMER_tr_B4DK53_B4DK53_HUMAN:356:407_1llm_C_1.meme	DONE
TFS_tr_Q1RMZ5_Q1RMZ5_HUMAN:694:916_5v3j_E_1.meme	DONE
DIMER_tr_A0A087WTB1_A0A087WTB1_HUMAN:194:243_1llm_D_1.meme	FAIL
TFS_tr_A0A286R9D9_A0A286R9D9_HUMAN:1:136_5ze0_N_1.meme	DONE
DIMER_tr_B2RBM8_B2RBM8_HUMAN:771:810_1du0_A_1.meme	DONE
TFS_sp_Q8WXB4_ZN606_HUMAN:577:730_2i13_A_1.meme	DONE
DIMER_tr_O95276_O95276_HUMAN:34:82_1llm_D_1.meme	DONE
TFS_tr_A0AAQ5BH24_A0AAQ5BH24_HUMAN:60:105_4roe_A_1.meme	DONE
DIMER_sp_Q8N7M2_ZN283_HUMAN:541:592_1llm_D_1.meme	DONE
DIMER_tr_B2RB92_B2RB92_HUMAN:361:412_1llm_D_1.meme	DONE
TFS_tr_B2RB84_B2RB84_HUMAN:59:165_5eh2_F_1.meme	DONE
TFS_tr_H7C414_H7C414_HUMAN:593:730_2i13_A_1.meme	DONE
TFS_tr_Q0VAH5_Q0VAH5_HUMAN:280:554_5v3m_C_1.meme	DONE
DIMER_sp_Q6ZN18_AEBP2_HUMAN:302:348_1llm_D_1.meme	DONE
TFS_sp_Q01954_BNC1_HUMAN:933:984_5keb_A_1.meme	DONE
TFS_tr_B4DWF2_B4DWF2_HUMAN:120:221_5ei9_E_1.meme	DONE
TFS_tr_D6RBC4_D6RBC4_HUMAN:448:542_5vmx_A_1.meme	DONE
DIMER_sp_Q8TF47_ZFP90_HUMAN:364:415_1llm_D_1.meme	DONE
TFS_tr_B4DWF2_B4DWF2_HUMAN:120:221_5egb_A_1.meme	DONE
TFS_sp_Q96DT7_ZBT10_HUMAN:723:787_6ml2_A_1.meme	DONE
TFS_sp_Q8TF20_ZN721_HUMAN:218:371_2i13_A_1.meme	DONE
TFS_tr_B2RE18_B2RE18_HUMAN:28:259_5v3m_C_1.meme	DONE
TFS_sp_Q8TF20_ZN721_HUMAN:208:484_5v3m_C_1.meme	DONE
TFS_tr_Q6RFS1_Q6RFS1_HUMAN:1:232_5wjq_D_1.meme	DONE
TFS_tr_Q6RFR5_Q6RFR5_HUMAN:9:177_5v3j_E_1.meme	DONE
TFS_tr_Q8N981_Q8N981_HUMAN:2:197_5wjq_D_1.meme	DONE
DIMER_sp_A0A1W2PPM1_CPHXL_HUMAN:30:82_3a01_B_1.meme	DONE
TFS_sp_Q6N021_TET2_HUMAN:1474:1521_1ais_B_1.meme	DONE
TFS_tr_M0QX90_M0QX90_HUMAN:154:425_5v3m_C_1.meme	DONE
TFS_tr_Q3MN16_Q3MN16_HUMAN:151:176_8ffz_A_1.meme	DONE
TFS_tr_B4DDR9_B4DDR9_HUMAN:28:218_7zwc_b_1.meme	FAIL
TFS_tr_H0YA13_H0YA13_HUMAN:91:256_5v3j_E_1.meme	DONE
TFS_tr_A0A087X0M6_A0A087X0M6_HUMAN:276:552_5v3m_C_1.meme	DONE
TFS_tr_A0A087WVT1_A0A087WVT1_HUMAN:2:258_5wjq_D_1.meme	DONE
TFS_tr_A8K4L4_A8K4L4_HUMAN:267:542_5v3j_E_1.meme	DONE
TFS_tr_Q05BY5_Q05BY5_HUMAN:142:281_5v3m_C_1.meme	DONE
DIMER_tr_H7C414_H7C414_HUMAN:685:735_1llm_C_1.meme	DONE
DIMER_sp_Q96NK8_NDF6_HUMAN:95:148_7z5i_B_1.meme	FAIL
TFS_tr_F8VS42_F8VS42_HUMAN:160:416_8osl_N_1.meme	FAIL
TFS_tr_B7Z6K4_B7Z6K4_HUMAN:620:734_5t0u_A_1.meme	DONE
DIMER_sp_Q8IXK0_PHC2_HUMAN:195:231_6ryi_B_1.meme	DONE
TFS_tr_B7Z2Y7_B7Z2Y7_HUMAN:232:448_5wjq_D_1.meme	DONE
TFS_tr_Q05BW2_Q05BW2_HUMAN:59:136_1nlw_A_1.meme	DONE
TFS_tr_A0A8V8TLT3_A0A8V8TLT3_HUMAN:286:404_6ml6_A_1.meme	DONE
TFS_tr_B2RBM8_B2RBM8_HUMAN:76:100_6v8u_A_1.meme	DONE
TFS_tr_Q59EZ8_Q59EZ8_HUMAN:265:541_5v3j_E_1.meme	DONE
DIMER_tr_Q2TB61_Q2TB61_HUMAN:610:661_1llm_D_1.meme	DONE
DIMER_sp_B2RXF5_ZBT42_HUMAN:360:408_1llm_C_1.meme	DONE
DIMER_tr_B4DLS2_B4DLS2_HUMAN:164:215_1llm_C_1.meme	DONE
TFS_tr_H0Y9S1_H0Y9S1_HUMAN:11:127_2i13_A_1.meme	DONE
TFS_sp_Q8WTV1_THAP3_HUMAN:1:82_2l1g_A_1.meme	DONE
DIMER_sp_Q8N9Z0_ZN610_HUMAN:398:449_1llm_D_1.meme	DONE
TFS_tr_A0A8V8TPI9_A0A8V8TPI9_HUMAN:724:832_7w1m_H_1.meme	DONE
TFS_tr_B4DXX0_B4DXX0_HUMAN:192:467_5v3j_E_1.meme	DONE
TFS_tr_Q658S5_Q658S5_HUMAN:414:690_5v3j_E_1.meme	DONE
TFS_tr_Q8IY56_Q8IY56_HUMAN:287:478_5v3m_C_1.meme	DONE
TFS_tr_U3KPW8_U3KPW8_HUMAN:194:242_2hos_A_1.meme	DONE
DIMER_sp_P58317_ZN121_HUMAN:310:358_1llm_D_1.meme	DONE
TFS_tr_Q6RFS3_Q6RFS3_HUMAN:81:351_5v3m_C_1.meme	DONE
DIMER_sp_Q9H9D4_ZN408_HUMAN:494:542_1llm_D_1.meme	DONE
TFS_tr_A8K8A2_A8K8A2_HUMAN:314:466_2i13_A_1.meme	DONE
TFS_sp_Q9NP66_HM20A_HUMAN:103:170_1ckt_A_1.meme	DONE
DIMER_tr_H0Y5R1_H0Y5R1_HUMAN:60:424_8osk_N_1.meme	FAIL
TFS_tr_X5D9I7_X5D9I7_HUMAN:142:434_4zpk_B_1.meme	DONE
TFS_tr_G3XAG1_G3XAG1_HUMAN:438:465_5vmv_A_1.meme	DONE
TFS_tr_Q5SY20_Q5SY20_HUMAN:292:309_4is1_D_1.meme	DONE
TFS_tr_B4DIA1_B4DIA1_HUMAN:199:454_5v3m_C_1.meme	DONE
TFS_sp_Q96NM4_TOX2_HUMAN:239:302_1j5n_A_1.meme	DONE
TFS_tr_B4DMG1_B4DMG1_HUMAN:2:62_1j5n_A_1.meme	DONE
TFS_tr_A8K9W2_A8K9W2_HUMAN:344:620_5v3m_C_1.meme	DONE
TFS_tr_A0A994J7Z0_A0A994J7Z0_HUMAN:751:803_3uk3_D_1.meme	DONE
TFS_tr_J3KT56_J3KT56_HUMAN:100:253_2i13_A_1.meme	DONE
TFS_tr_Q9UE24_Q9UE24_HUMAN:1:318_8gpn_K_1.meme	DONE
DIMER_tr_B4DED3_B4DED3_HUMAN:177:222_1llm_D_1.meme	FAIL
TFS_tr_Q59EZ8_Q59EZ8_HUMAN:265:541_5v3m_C_1.meme	DONE
TFS_tr_G3V1M0_G3V1M0_HUMAN:237:432_5v3m_C_1.meme	DONE
TFS_tr_A0A669KB72_A0A669KB72_HUMAN:345:399_7psx_A_1.meme	DONE
TFS_tr_K7EKT4_K7EKT4_HUMAN:751:803_3uk3_D_1.meme	DONE
DIMER_sp_Q14190_SIM2_HUMAN:2:335_4zpr_B_1.meme	DONE
DIMER_tr_B4DFT8_B4DFT8_HUMAN:227:277_1llm_C_1.meme	DONE
TFS_tr_J3KPG5_J3KPG5_HUMAN:514:619_7fhj_A_1.meme	DONE
DIMER_tr_C9JI46_C9JI46_HUMAN:12:42_6ycq_B_1.meme	FAIL
DIMER_tr_H7C1K8_H7C1K8_HUMAN:4:37_1llm_C_1.meme	DONE
TFS_tr_Q658M0_Q658M0_HUMAN:147:174_6df9_A_1.meme	DONE
TFS_tr_B4DXA9_B4DXA9_HUMAN:457:567_5ei9_E_1.meme	DONE
TFS_tr_B4DYU5_B4DYU5_HUMAN:231:411_5v3j_E_1.meme	DONE
DIMER_tr_B7ZLN6_B7ZLN6_HUMAN:360:408_1llm_D_1.meme	DONE
TFS_tr_B2RE18_B2RE18_HUMAN:106:258_2i13_A_1.meme	DONE
DIMER_tr_X5DRF3_X5DRF3_HUMAN:22:180_4zpr_B_1.meme	DONE
TFS_tr_B4DXA9_B4DXA9_HUMAN:350:597_5v3j_E_1.meme	DONE
TFS_tr_A0A994J7H0_A0A994J7H0_HUMAN:361:402_3qmi_A_1.meme	DONE
TFS_tr_Q2VP97_Q2VP97_HUMAN:395:670_5v3j_E_1.meme	DONE
TFS_tr_A8K2T5_A8K2T5_HUMAN:471:522_3uk3_C_1.meme	DONE
TFS_tr_H0YEM9_H0YEM9_HUMAN:397:508_2i13_A_1.meme	DONE
TFS_sp_Q8TCN5_ZN507_HUMAN:638:821_8ssr_A_1.meme	DONE
TFS_tr_A8K8K6_A8K8K6_HUMAN:369:478_5ei9_E_1.meme	DONE
TFS_tr_K7EM32_K7EM32_HUMAN:84:138_1a1g_A_1.meme	DONE
TFS_tr_A0A087WTB1_A0A087WTB1_HUMAN:188:417_5v3j_E_1.meme	DONE
DIMER_tr_E9PMU6_E9PMU6_HUMAN:483:535_1llm_C_1.meme	FAIL
DIMER_sp_Q3ZCX4_ZN568_HUMAN:248:299_1llm_D_1.meme	DONE
DIMER_sp_Q8IZ20_ZN683_HUMAN:322:368_1llm_C_1.meme	DONE
TFS_tr_F8VPL6_F8VPL6_HUMAN:115:222_2i13_A_1.meme	DONE
TFS_tr_B4DMG1_B4DMG1_HUMAN:5:57_1ckt_A_1.meme	DONE
DIMER_tr_C9K0F2_C9K0F2_HUMAN:401:452_1llm_D_1.meme	FAIL
DIMER_sp_O60393_NOBOX_HUMAN:274:318_1hdd_D_1.meme	DONE
TFS_tr_A0A494C069_A0A494C069_HUMAN:190:300_5ei9_E_1.meme	DONE
TFS_tr_A0A8I5QJC6_A0A8I5QJC6_HUMAN:393:441_3cbb_B_1.meme	FAIL
TFS_tr_A0A0C4DGP9_A0A0C4DGP9_HUMAN:185:461_5v3m_C_1.meme	DONE
TFS_tr_A0A494C0U8_A0A494C0U8_HUMAN:404:557_2i13_A_1.meme	DONE
TFS_tr_Q2VP97_Q2VP97_HUMAN:421:697_5wjq_D_1.meme	DONE
DIMER_sp_O60281_ZN292_HUMAN:724:752_1llm_C_1.meme	DONE
TFS_tr_A0A1W2PQ54_A0A1W2PQ54_HUMAN:195:348_2i13_A_1.meme	DONE
DIMER_sp_Q08AN1_ZN616_HUMAN:267:318_1llm_C_1.meme	DONE
TFS_tr_B7Z6M2_B7Z6M2_HUMAN:356:632_5v3m_C_1.meme	DONE
TFS_sp_Q8NCP5_ZBT44_HUMAN:396:475_7n5t_A_1.meme	DONE
TFS_tr_Q7Z6U1_Q7Z6U1_HUMAN:13:117_5iy7_P_1.meme	DONE
TFS_sp_Q5T5X7_BEND3_HUMAN:715:821_7v9f_A_1.meme	DONE
TFS_tr_A0A8I5KWX0_A0A8I5KWX0_HUMAN:359:558_5v3m_C_1.meme	DONE
DIMER_sp_Q96C28_ZN707_HUMAN:202:253_1llm_D_1.meme	FAIL
TFS_tr_B3KQ40_B3KQ40_HUMAN:73:132_6ml2_A_1.meme	DONE
TFS_tr_A0AA34QVT6_A0AA34QVT6_HUMAN:155:265_5ei9_E_1.meme	DONE
TFS_tr_Q3MN16_Q3MN16_HUMAN:151:172_1a1g_A_1.meme	DONE
DIMER_sp_Q3SY56_SP6_HUMAN:282:332_1llm_D_1.meme	DONE
TFS_sp_Q96MX3_ZNF48_HUMAN:114:381_5v3m_C_1.meme	DONE
TFS_tr_H3BVG7_H3BVG7_HUMAN:92:150_5yef_A_1.meme	DONE
DIMER_sp_Q7RTU7_SCX_HUMAN:76:127_7z5k_B_1.meme	DONE
TFS_sp_O43151_TET3_HUMAN:55:79_3qmi_A_1.meme	DONE
TFS_tr_B2RB92_B2RB92_HUMAN:388:666_5wjq_D_1.meme	DONE
TFS_tr_A0A0C4DH12_A0A0C4DH12_HUMAN:85:150_7ysf_A_1.meme	DONE
TFS_tr_X5DR67_X5DR67_HUMAN:139:395_8osl_N_1.meme	FAIL
TFS_tr_E9PBN4_E9PBN4_HUMAN:865:979_5t0u_A_1.meme	DONE
DIMER_tr_A0A8V8TMC2_A0A8V8TMC2_HUMAN:407:452_1llm_D_1.meme	DONE
TFS_tr_B3KR55_B3KR55_HUMAN:335:611_5v3j_E_1.meme	DONE
TFS_tr_H0YN23_H0YN23_HUMAN:197:224_5wjq_D_1.meme	DONE
TFS_tr_B7Z9P6_B7Z9P6_HUMAN:362:389_6df5_A_1.meme	DONE
DIMER_sp_P52739_ZN131_HUMAN:330:374_1llm_C_1.meme	DONE
TFS_tr_B4DWF2_B4DWF2_HUMAN:119:221_2i13_A_1.meme	DONE
DIMER_tr_A0A669KB72_A0A669KB72_HUMAN:253:301_2hos_A_1.meme	DONE
TFS_tr_M0R087_M0R087_HUMAN:52:101_5wjq_D_1.meme	DONE
TFS_tr_Q05BY5_Q05BY5_HUMAN:144:280_5wjq_D_1.meme	DONE
TFS_tr_B4DUR3_B4DUR3_HUMAN:7:61_5bt2_A_1.meme	DONE
DIMER_tr_A0A3F2YPB8_A0A3F2YPB8_HUMAN:416:465_1llm_D_1.meme	DONE
TFS_tr_B7Z6K4_B7Z6K4_HUMAN:548:733_8sst_A_1.meme	DONE
DIMER_tr_H0YA13_H0YA13_HUMAN:759:805_1llm_C_1.meme	DONE
DIMER_tr_A0A994J5J9_A0A994J5J9_HUMAN:217:253_6ryd_B_1.meme	DONE
TFS_tr_B4DTN0_B4DTN0_HUMAN:39:84_8ity_V_1.meme	DONE
DIMER_tr_A8K5P3_A8K5P3_HUMAN:330:381_1llm_D_1.meme	FAIL
DIMER_tr_X5DRK2_X5DRK2_HUMAN:21:180_4zpk_B_1.meme	DONE
TFS_sp_Q96PM9_Z385A_HUMAN:76:94_7n5u_A_1.meme	DONE
DIMER_sp_Q9Y4A8_NF2L3_HUMAN:534:638_7x5e_B_1.meme	DONE
TFS_tr_Q6RFR8_Q6RFR8_HUMAN:129:220_5wjq_D_1.meme	DONE
TFS_tr_A8K2T5_A8K2T5_HUMAN:470:521_6u9q_A_1.meme	DONE
TFS_tr_X5D2Q4_X5D2Q4_HUMAN:51:447_4zpk_B_1.meme	DONE
TFS_tr_A0A0S2Q0B1_A0A0S2Q0B1_HUMAN:1006:1127_1kqq_A_1.meme	DONE
TFS_tr_A0A8I5KRR0_A0A8I5KRR0_HUMAN:513:798_5wjq_D_1.meme	DONE
DIMER_tr_Q96N48_Q96N48_HUMAN:211:230_1hwt_C_1.meme	DONE
TFS_tr_Q59EZ8_Q59EZ8_HUMAN:359:512_2i13_A_1.meme	DONE
DIMER_sp_Q96SQ7_ATOH8_HUMAN:231:282_6od3_B_1.meme	DONE
DIMER_sp_P51786_ZN157_HUMAN:188:236_1llm_D_1.meme	FAIL
TFS_sp_O94892_ZN432_HUMAN:286:564_5wjq_D_1.meme	DONE
TFS_tr_F5GY04_F5GY04_HUMAN:926:977_5keb_A_1.meme	DONE
TFS_sp_Q6PCT2_FXL19_HUMAN:39:77_3qmc_A_1.meme	DONE
DIMER_sp_Q8TCN5_ZN507_HUMAN:639:687_1llm_D_1.meme	DONE
DIMER_tr_B3KUG7_B3KUG7_HUMAN:364:412_1llm_D_1.meme	DONE
DIMER_tr_Q6RFR7_Q6RFR7_HUMAN:104:152_1llm_C_1.meme	DONE
TFS_sp_Q9BWE0_REPI1_HUMAN:263:537_5v3m_C_1.meme	DONE
TFS_tr_M0R0F3_M0R0F3_HUMAN:184:460_5v3j_E_1.meme	DONE
TFS_tr_A8K601_A8K601_HUMAN:207:407_5v3j_E_1.meme	DONE
TFS_tr_E7EX64_E7EX64_HUMAN:161:340_5v3j_E_1.meme	DONE
DIMER_sp_Q13129_RLF_HUMAN:1171:1192_1llm_C_1.meme	DONE
DIMER_tr_A0A494C1I7_A0A494C1I7_HUMAN:547:598_1llm_D_1.meme	FAIL
TFS_sp_Q8TF50_ZN526_HUMAN:305:550_5wjq_D_1.meme	DONE
TFS_tr_Q5DTE4_Q5DTE4_HUMAN:119:277_5wjq_D_1.meme	DONE
TFS_tr_Q25QX8_Q25QX8_HUMAN:176:452_5v3m_C_1.meme	DONE
TFS_tr_C9J6L6_C9J6L6_HUMAN:222:367_5v3m_C_1.meme	DONE
DIMER_sp_Q92570_NR4A3_HUMAN:292:375_6l6q_B_1.meme	FAIL
DIMER_tr_Q7Z4W9_Q7Z4W9_HUMAN:95:150_2ypa_A_1.meme	DONE
DIMER_sp_Q9UIF8_BAZ2B_HUMAN:1745:1777_1hlz_B_1.meme	DONE
DIMER_sp_Q8IXF0_NPAS3_HUMAN:154:410_8osl_N_1.meme	DONE
DIMER_sp_A6NFD8_HELT_HUMAN:9:62_8osj_N_1.meme	DONE
DIMER_tr_A8K4L4_A8K4L4_HUMAN:405:454_1llm_D_1.meme	DONE
TFS_tr_B4DLS2_B4DLS2_HUMAN:277:553_5v3j_E_1.meme	DONE
TFS_tr_A0A494C069_A0A494C069_HUMAN:106:339_5wjq_D_1.meme	DONE
TFS_tr_A0A0S2Z4J5_A0A0S2Z4J5_HUMAN:405:623_5v3j_E_1.meme	DONE
DIMER_tr_B3KVF1_B3KVF1_HUMAN:195:244_1llm_D_1.meme	DONE
DIMER_sp_Q96DT7_ZBT10_HUMAN:719:768_1llm_D_1.meme	DONE
DIMER_tr_B4DFC8_B4DFC8_HUMAN:531:583_1llm_D_1.meme	DONE
TFS_sp_O94900_TOX_HUMAN:259:331_3nm9_P_1.meme	FAIL
TFS_tr_B2R952_B2R952_HUMAN:73:396_5co0_O_1.meme	DONE
DIMER_tr_A0A087WVA2_A0A087WVA2_HUMAN:544:595_1llm_C_1.meme	DONE
DIMER_tr_E7EVR1_E7EVR1_HUMAN:271:320_1llm_D_1.meme	FAIL
TFS_tr_A0A3B3IS71_A0A3B3IS71_HUMAN:60:105_8iue_V_1.meme	DONE
TFS_sp_Q96JF6_ZN594_HUMAN:459:730_5v3m_C_1.meme	DONE
DIMER_sp_Q8N1G0_ZN687_HUMAN:965:1016_1llm_D_1.meme	DONE
TFS_tr_Q6NUI8_Q6NUI8_HUMAN:393:635_5wjq_D_1.meme	DONE
TFS_tr_H0YCZ0_H0YCZ0_HUMAN:250:303_7n5u_A_1.meme	DONE
TFS_tr_Q9H686_Q9H686_HUMAN:224:347_5v3m_C_1.meme	DONE
DIMER_tr_B4DM57_B4DM57_HUMAN:267:318_1llm_D_1.meme	FAIL
TFS_sp_Q96NM4_TOX2_HUMAN:253:301_3nm9_P_1.meme	FAIL
TFS_tr_A0A3B3IS71_A0A3B3IS71_HUMAN:60:105_4rod_A_1.meme	DONE
TFS_sp_Q8TCN5_ZN507_HUMAN:638:821_8ssu_A_1.meme	DONE
TFS_tr_E7EVG2_E7EVG2_HUMAN:212:280_8hak_N_1.meme	DONE
TFS_tr_H7C092_H7C092_HUMAN:71:175_7fhj_B_1.meme	DONE
TFS_tr_C9JE25_C9JE25_HUMAN:73:158_3mva_O_1.meme	DONE
DIMER_sp_Q96K83_ZN521_HUMAN:172:223_1llm_C_1.meme	DONE
TFS_tr_Q7Z6T9_Q7Z6T9_HUMAN:13:40_1qnb_A_1.meme	DONE
TFS_sp_Q9BTC8_MTA3_HUMAN:271:314_6vyp_N_1.meme	DONE
DIMER_tr_Q05BW2_Q05BW2_HUMAN:59:158_8ia3_A_1.meme	DONE
DIMER_tr_B4DSG8_B4DSG8_HUMAN:223:272_1llm_D_1.meme	FAIL
TFS_tr_B4DXY4_B4DXY4_HUMAN:345:621_5v3j_E_1.meme	DONE
TFS_tr_A8K6T5_A8K6T5_HUMAN:295:622_7ud5_M_1.meme	DONE
DIMER_sp_Q9H4I2_ZHX3_HUMAN:621:665_3d1n_L_1.meme	FAIL
TFS_tr_B3KVG5_B3KVG5_HUMAN:59:165_5egb_A_1.meme	DONE
TFS_tr_Q9H836_Q9H836_HUMAN:9:390_7y8r_M_1.meme	DONE
DIMER_tr_A0A087X2F1_A0A087X2F1_HUMAN:174:225_1llm_D_1.meme	FAIL
TFS_tr_B4DI14_B4DI14_HUMAN:2:128_5wjq_D_1.meme	DONE
TFS_tr_Q59G30_Q59G30_HUMAN:168:442_5v3j_E_1.meme	DONE
TFS_sp_Q01658_NC2B_HUMAN:8:93_4awl_B_1.meme	DONE
DIMER_sp_Q8IZC7_ZN101_HUMAN:364:412_1llm_D_1.meme	DONE
TFS_tr_A0A8Q3SIT7_A0A8Q3SIT7_HUMAN:237:389_5v3j_E_1.meme	DONE
TFS_tr_Q6RFR5_Q6RFR5_HUMAN:25:176_2i13_A_1.meme	DONE
DIMER_tr_Q7Z4W9_Q7Z4W9_HUMAN:95:148_7z5i_B_1.meme	DONE
DIMER_sp_Q86T29_ZN605_HUMAN:223:272_1llm_D_1.meme	DONE
TFS_tr_X5DRF3_X5DRF3_HUMAN:22:182_5sy7_B_1.meme	DONE
TFS_tr_B4DM57_B4DM57_HUMAN:156:431_5v3m_C_1.meme	DONE
DIMER_tr_A8K3P5_A8K3P5_HUMAN:660:711_1llm_C_1.meme	FAIL
TFS_tr_H7BYU6_H7BYU6_HUMAN:117:224_5ei9_E_1.meme	DONE
TFS_tr_B4DES6_B4DES6_HUMAN:334:361_6df9_A_1.meme	DONE
DIMER_tr_A8K433_A8K433_HUMAN:325:374_1llm_D_1.meme	DONE
TFS_tr_B4DI14_B4DI14_HUMAN:2:121_5v3j_E_1.meme	DONE
TFS_tr_K7ELU1_K7ELU1_HUMAN:347:625_5wjq_D_1.meme	DONE
DIMER_sp_A0A1W2PPK0_CPHL2_HUMAN:22:78_1puf_B_1.meme	DONE
DIMER_sp_Q68EA5_ZNF57_HUMAN:306:354_1llm_D_1.meme	FAIL
TFS_tr_Q6RFS1_Q6RFS1_HUMAN:5:238_5v3m_C_1.meme	DONE
TFS_tr_E7ES08_E7ES08_HUMAN:11:155_5ze2_N_1.meme	DONE
TFS_tr_Q59G30_Q59G30_HUMAN:168:442_5v3m_C_1.meme	DONE
TFS_tr_B3KRH5_B3KRH5_HUMAN:51:329_5wjq_D_1.meme	DONE
DIMER_sp_Q9NQ33_ASCL3_HUMAN:101:148_7z5k_B_1.meme	DONE
TFS_tr_A8K2T5_A8K2T5_HUMAN:471:522_4is1_C_1.meme	DONE
TFS_tr_B3KNK7_B3KNK7_HUMAN:368:665_7w1m_H_1.meme	DONE
DIMER_sp_Q9Y5A6_ZSC21_HUMAN:386:437_1llm_D_1.meme	DONE
TFS_tr_A6NFS0_A6NFS0_HUMAN:98:323_5v3m_C_1.meme	DONE
TFS_tr_C9K0F2_C9K0F2_HUMAN:234:503_5v3j_E_1.meme	DONE
DIMER_tr_F5H433_F5H433_HUMAN:372:417_1llm_D_1.meme	DONE
TFS_sp_A6NDX5_ZN840_HUMAN:443:711_5wjq_D_1.meme	DONE
TFS_sp_Q96NM4_TOX2_HUMAN:239:302_2gzk_A_1.meme	DONE
TFS_tr_X5D988_X5D988_HUMAN:22:404_4zpr_B_1.meme	DONE
TFS_tr_Q25QX8_Q25QX8_HUMAN:176:452_5v3j_E_1.meme	DONE
TFS_tr_Q5T942_Q5T942_HUMAN:613:661_6e93_A_1.meme	DONE
TFS_tr_X6RBL6_X6RBL6_HUMAN:145:204_6ogk_A_1.meme	DONE
TFS_tr_Q8N692_Q8N692_HUMAN:2:154_5wjq_D_1.meme	DONE
TFS_tr_A0A7P0TA87_A0A7P0TA87_HUMAN:14:60_5nj8_A_1.meme	DONE
TFS_tr_H7C414_H7C414_HUMAN:543:800_7w1m_H_1.meme	DONE
TFS_tr_M0QXU9_M0QXU9_HUMAN:256:532_5v3m_C_1.meme	DONE
TFS_tr_B4DIA1_B4DIA1_HUMAN:204:454_5wjq_D_1.meme	DONE
TFS_tr_Q96K00_Q96K00_HUMAN:148:424_5v3m_C_1.meme	DONE
TFS_sp_P55201_BRPF1_HUMAN:637:723_8hak_N_1.meme	DONE
TFS_tr_Q13580_Q13580_HUMAN:2:116_2i13_A_1.meme	DONE
TFS_tr_S4R3U0_S4R3U0_HUMAN:320:473_2i13_A_1.meme	DONE
TFS_tr_B4DY71_B4DY71_HUMAN:551:825_5v3j_E_1.meme	DONE
DIMER_tr_H0Y3T8_H0Y3T8_HUMAN:399:450_1llm_D_1.meme	DONE
DIMER_tr_A8K3H7_A8K3H7_HUMAN:213:261_1s9k_E_1.meme	DONE
DIMER_sp_Q8TBC5_ZSC18_HUMAN:411:450_1llm_D_1.meme	FAIL
TFS_tr_Q7Z6T9_Q7Z6T9_HUMAN:13:40_1qna_A_1.meme	DONE
DIMER_tr_B3KNX6_B3KNX6_HUMAN:95:149_7z5k_B_1.meme	DONE
TFS_tr_B3KNX6_B3KNX6_HUMAN:95:150_2ypb_A_1.meme	FAIL
DIMER_tr_A7YF73_A7YF73_HUMAN:682:709_1llm_D_1.meme	DONE
TFS_tr_A0A087WVZ7_A0A087WVZ7_HUMAN:511:785_5v3m_C_1.meme	DONE
TFS_tr_Q6RFR8_Q6RFR8_HUMAN:129:218_5v3m_C_1.meme	DONE
TFS_tr_A0AAQ5BIH9_A0AAQ5BIH9_HUMAN:182:369_5wjq_D_1.meme	DONE
TFS_tr_E9PBN4_E9PBN4_HUMAN:793:978_8sst_A_1.meme	DONE
TFS_tr_Q32MK9_Q32MK9_HUMAN:4:68_6ml6_A_1.meme	DONE
TFS_tr_Q05GC8_Q05GC8_HUMAN:1106:1132_6ml4_A_1.meme	DONE
TFS_sp_O95983_MBD3_HUMAN:6:52_3c2i_A_1.meme	DONE
DIMER_tr_H9ZYJ3_H9ZYJ3_HUMAN:498:554_1llm_D_1.meme	FAIL
TFS_tr_A0A087WTB1_A0A087WTB1_HUMAN:259:412_2i13_A_1.meme	DONE
TFS_tr_H0Y2R3_H0Y2R3_HUMAN:540:625_2oeh_A_1.meme	DONE
TFS_tr_A0A087X2F1_A0A087X2F1_HUMAN:70:338_5v3m_C_1.meme	DONE
TFS_tr_A0A0S2Z5C2_A0A0S2Z5C2_HUMAN:178:293_7yuk_A_1.meme	DONE
TFS_tr_A0A0A0MSL2_A0A0A0MSL2_HUMAN:69:145_1a1h_A_1.meme	DONE
DIMER_tr_B3KNX6_B3KNX6_HUMAN:95:148_7z5i_B_1.meme	DONE
TFS_tr_A0A669KBL4_A0A669KBL4_HUMAN:33:127_2gli_A_1.meme	DONE
DIMER_tr_A0A8I5KWX0_A0A8I5KWX0_HUMAN:498:543_1llm_D_1.meme	DONE
DIMER_tr_Q86XA2_Q86XA2_HUMAN:274:322_1llm_D_1.meme	DONE
TFS_tr_A8K8U0_A8K8U0_HUMAN:68:292_5v3j_E_1.meme	DONE
TFS_tr_Q9Y4S0_Q9Y4S0_HUMAN:18:232_5v3m_C_1.meme	DONE
DIMER_tr_B3KQ42_B3KQ42_HUMAN:296:340_1llm_C_1.meme	DONE
DIMER_tr_Q7Z4W9_Q7Z4W9_HUMAN:95:151_1mdy_B_1.meme	DONE
TFS_sp_Q86TG7_PEG10_HUMAN:4:53_1h88_B_1.meme	DONE
DIMER_tr_C9J6L6_C9J6L6_HUMAN:314:363_1llm_D_1.meme	DONE
DIMER_tr_Q6RFR5_Q6RFR5_HUMAN:70:121_1llm_D_1.meme	DONE
TFS_tr_Q9Y5A5_Q9Y5A5_HUMAN:296:543_5v3m_C_1.meme	DONE
TFS_tr_A0A9L9PXL4_A0A9L9PXL4_HUMAN:212:280_8hag_K_1.meme	DONE
DIMER_sp_Q8WYA1_BMAL2_HUMAN:104:472_7xi4_A_1.meme	FAIL
TFS_tr_A2VDJ6_A2VDJ6_HUMAN:230:383_2i13_A_1.meme	DONE
TFS_sp_Q9C0G0_ZN407_HUMAN:1615:1796_8sss_A_1.meme	DONE
TFS_tr_Q8IW09_Q8IW09_HUMAN:275:477_5v3j_E_1.meme	DONE
TFS_sp_Q9P2F9_ZN319_HUMAN:229:509_5v3j_E_1.meme	DONE
TFS_sp_Q14586_ZN267_HUMAN:464:734_7w1m_H_1.meme	DONE
TFS_tr_C9J0Q5_C9J0Q5_HUMAN:614:650_3zqc_A_1.meme	DONE
DIMER_sp_Q68DE3_USF3_HUMAN:20:103_8ia3_E_1.meme	DONE
TFS_tr_B7Z885_B7Z885_HUMAN:920:972_7txc_E_1.meme	DONE
TFS_tr_C9JVC3_C9JVC3_HUMAN:316:592_5v3j_E_1.meme	DONE
TFS_tr_M0QXU9_M0QXU9_HUMAN:266:419_2i13_A_1.meme	DONE
TFS_tr_A0A804HIC1_A0A804HIC1_HUMAN:405:484_2i13_A_1.meme	DONE
TFS_tr_A0A8Q3SI57_A0A8Q3SI57_HUMAN:514:536_1g2d_C_1.meme	DONE
DIMER_tr_A4LBB6_A4LBB6_HUMAN:73:124_7z5i_B_1.meme	DONE
DIMER_tr_F5H2K2_F5H2K2_HUMAN:36:70_1llm_C_1.meme	DONE
TFS_tr_Q59GL0_Q59GL0_HUMAN:413:519_2jpa_A_1.meme	DONE
DIMER_tr_B3KY96_B3KY96_HUMAN:271:320_1llm_D_1.meme	DONE
TFS_tr_Q6NUI8_Q6NUI8_HUMAN:395:636_5v3j_E_1.meme	DONE
DIMER_tr_Q8IW56_Q8IW56_HUMAN:12:67_2ypb_A_1.meme	FAIL
DIMER_tr_B4DS85_B4DS85_HUMAN:95:148_7z5i_B_1.meme	FAIL
TFS_tr_A0A8I5KWX0_A0A8I5KWX0_HUMAN:359:558_5v3j_E_1.meme	DONE
DIMER_sp_A0A1W2PPK0_CPHL2_HUMAN:26:78_3a01_B_1.meme	DONE
DIMER_tr_A8K8K6_A8K8K6_HUMAN:426:477_1llm_D_1.meme	DONE
TFS_tr_E5RH37_E5RH37_HUMAN:805:990_8sst_A_1.meme	DONE
TFS_tr_F8VPL6_F8VPL6_HUMAN:115:223_5wjq_D_1.meme	DONE
TFS_tr_A0A994J5Q4_A0A994J5Q4_HUMAN:2:54_4is1_D_1.meme	DONE
TFS_tr_C9JE98_C9JE98_HUMAN:611:667_6vyp_N_1.meme	DONE
DIMER_tr_A0A994J5Q4_A0A994J5Q4_HUMAN:4:53_1llm_D_1.meme	DONE
TFS_tr_B7Z2Y7_B7Z2Y7_HUMAN:239:392_2i13_A_1.meme	DONE
TFS_tr_A7E228_A7E228_HUMAN:751:802_3uk3_C_1.meme	DONE
TFS_tr_B3KXW2_B3KXW2_HUMAN:755:891_2i13_A_1.meme	DONE
TFS_tr_Q9BY29_Q9BY29_HUMAN:145:298_2i13_A_1.meme	DONE
TFS_tr_B7Z6K4_B7Z6K4_HUMAN:486:729_8ssr_A_1.meme	DONE
DIMER_sp_Q9BSK1_ZN577_HUMAN:212:261_1llm_D_1.meme	DONE
DIMER_tr_F8WAI8_F8WAI8_HUMAN:779:832_1llm_C_1.meme	DONE
TFS_tr_B2R952_B2R952_HUMAN:100:397_3n7q_A_1.meme	DONE
DIMER_sp_Q9Y4A8_NF2L3_HUMAN:583:620_1s9k_E_1.meme	DONE
DIMER_tr_M0R2M9_M0R2M9_HUMAN:91:137_7z5i_B_1.meme	DONE
DIMER_sp_Q5TYW1_ZN658_HUMAN:908:959_1llm_C_1.meme	DONE
TFS_tr_Q59G67_Q59G67_HUMAN:67:220_2i13_A_1.meme	DONE
DIMER_tr_A0A7P0TA87_A0A7P0TA87_HUMAN:27:63_1am9_B_1.meme	DONE
TFS_tr_H0YMS9_H0YMS9_HUMAN:2:28_1j5n_A_1.meme	DONE
TFS_tr_A0A6Q8NVI4_A0A6Q8NVI4_HUMAN:1202:1287_2oeh_A_1.meme	DONE
TFS_tr_A0A994J7Z0_A0A994J7Z0_HUMAN:751:803_4is1_D_1.meme	DONE
TFS_tr_C9JCJ0_C9JCJ0_HUMAN:22:162_2i13_A_1.meme	DONE
DIMER_tr_B4DS73_B4DS73_HUMAN:220:272_1llm_D_1.meme	FAIL
TFS_tr_Q9NS43_Q9NS43_HUMAN:387:663_5v3j_E_1.meme	DONE
TFS_tr_B4E2P6_B4E2P6_HUMAN:40:287_5v3j_E_1.meme	DONE
TFS_tr_B4DXY4_B4DXY4_HUMAN:345:621_5v3m_C_1.meme	DONE
TFS_tr_Q6P495_Q6P495_HUMAN:165:193_1tf3_A_1.meme	DONE
TFS_tr_J3KNV1_J3KNV1_HUMAN:715:827_5egb_A_1.meme	DONE
TFS_tr_A0A6Q8NVI4_A0A6Q8NVI4_HUMAN:1178:1278_1kqq_A_1.meme	DONE
TFS_tr_A8K8A2_A8K8A2_HUMAN:274:469_5v3m_C_1.meme	DONE
TFS_tr_B9EGN4_B9EGN4_HUMAN:237:511_5wjq_D_1.meme	DONE
TFS_tr_B3KRH5_B3KRH5_HUMAN:25:301_5v3j_E_1.meme	DONE
DIMER_tr_A0A804HJ42_A0A804HJ42_HUMAN:384:437_1llm_C_1.meme	DONE
TFS_tr_A0A8V8TNA6_A0A8V8TNA6_HUMAN:285:373_5eh2_F_1.meme	DONE
DIMER_sp_Q86UP3_ZFHX4_HUMAN:2885:2941_3a01_B_1.meme	DONE
DIMER_sp_Q5JNZ3_ZN311_HUMAN:385:436_1llm_D_1.meme	DONE
DIMER_tr_A0A7I2PK40_A0A7I2PK40_HUMAN:31:273_5nj8_A_1.meme	FAIL
TFS_sp_Q9UBL3_ASH2L_HUMAN:373:628_6w5n_D_1.meme	DONE
DIMER_sp_Q16587_ZNF74_HUMAN:330:381_1llm_D_1.meme	FAIL
TFS_tr_B4DRM0_B4DRM0_HUMAN:241:517_5v3m_C_1.meme	DONE
TFS_tr_E7EV10_E7EV10_HUMAN:271:314_6vyp_N_1.meme	DONE
DIMER_tr_A0AA34QVT6_A0AA34QVT6_HUMAN:212:261_1llm_C_1.meme	DONE
TFS_tr_G3V3G0_G3V3G0_HUMAN:440:590_1xpx_A_1.meme	DONE
TFS_tr_H0YA13_H0YA13_HUMAN:91:256_5v3m_C_1.meme	DONE
DIMER_tr_B4DL45_B4DL45_HUMAN:191:265_5gnj_I_1.meme	DONE
TFS_tr_A7MAY2_A7MAY2_HUMAN:243:388_5v3j_E_1.meme	DONE
TFS_tr_B4DX96_B4DX96_HUMAN:289:441_2i13_A_1.meme	DONE
TFS_tr_A0A0C4DGP9_A0A0C4DGP9_HUMAN:185:461_5v3j_E_1.meme	DONE
TFS_tr_A0A804HIC1_A0A804HIC1_HUMAN:372:484_6ml5_A_1.meme	DONE
TFS_tr_B7Z4R7_B7Z4R7_HUMAN:116:269_2i13_A_1.meme	DONE
TFS_tr_M0R1P0_M0R1P0_HUMAN:411:564_2i13_A_1.meme	DONE
DIMER_sp_Q7Z4V0_ZN438_HUMAN:508:558_1llm_C_1.meme	DONE
DIMER_sp_P81133_SIM1_HUMAN:2:347_5sy7_B_1.meme	FAIL
TFS_tr_E9PCS8_E9PCS8_HUMAN:271:314_6vyp_N_1.meme	DONE
TFS_tr_Q6RFS1_Q6RFS1_HUMAN:94:204_5ei9_E_1.meme	DONE
DIMER_sp_O95625_ZBT11_HUMAN:705:753_1llm_D_1.meme	DONE
TFS_tr_A0A087WVZ7_A0A087WVZ7_HUMAN:511:785_5v3j_E_1.meme	DONE
TFS_tr_B3KQ40_B3KQ40_HUMAN:73:132_6ml4_A_1.meme	DONE
DIMER_sp_A9YTQ3_AHRR_HUMAN:39:277_5v0l_B_1.meme	DONE
TFS_tr_B4DX96_B4DX96_HUMAN:248:442_5wjq_D_1.meme	DONE
TFS_tr_A7MAY2_A7MAY2_HUMAN:250:360_5ei9_E_1.meme	DONE
TFS_tr_B3KY96_B3KY96_HUMAN:298:408_5ei9_E_1.meme	DONE
TFS_sp_O95983_MBD3_HUMAN:6:52_6ogk_A_1.meme	DONE
DIMER_tr_B2RE18_B2RE18_HUMAN:234:283_1llm_D_1.meme	DONE
TFS_sp_Q5T5X7_BEND3_HUMAN:717:828_7v9g_D_1.meme	DONE
DIMER_tr_Q8IW56_Q8IW56_HUMAN:12:65_7z5i_B_1.meme	FAIL
TFS_sp_Q8WXB4_ZN606_HUMAN:396:675_5wjq_D_1.meme	DONE
DIMER_tr_Q13580_Q13580_HUMAN:2:51_1llm_D_1.meme	DONE
TFS_sp_Q96FV9_THOC1_HUMAN:411:454_6f44_A_1.meme	DONE
TFS_tr_A0A0C4DH12_A0A0C4DH12_HUMAN:107:145_2kmk_A_1.meme	DONE
TFS_tr_B3KXA1_B3KXA1_HUMAN:236:290_1g2f_C_1.meme	DONE
DIMER_sp_Q9HC78_ZBT20_HUMAN:604:652_1llm_D_1.meme	DONE
TFS_tr_H7BXP3_H7BXP3_HUMAN:488:640_2i13_A_1.meme	DONE
TFS_tr_A8K1I4_A8K1I4_HUMAN:185:330_2i13_A_1.meme	DONE
TFS_tr_B4E2P6_B4E2P6_HUMAN:40:287_5v3m_C_1.meme	DONE
DIMER_sp_Q5T0B9_ZN362_HUMAN:253:304_1llm_C_1.meme	DONE
TFS_sp_Q8TCN5_ZN507_HUMAN:641:805_8sst_A_1.meme	DONE
TFS_tr_O14913_O14913_HUMAN:137:435_7w1m_H_1.meme	DONE
TFS_tr_A0A0A0MTT2_A0A0A0MTT2_HUMAN:272:552_5wjq_D_1.meme	DONE
TFS_sp_P55201_BRPF1_HUMAN:637:723_7w9v_K_1.meme	DONE
TFS_tr_C9JVC3_C9JVC3_HUMAN:342:620_5wjq_D_1.meme	DONE
TFS_tr_Q6P514_Q6P514_HUMAN:35:80_1g2d_C_1.meme	DONE
TFS_tr_Q05GC8_Q05GC8_HUMAN:1106:1131_6ml3_A_1.meme	DONE
TFS_tr_Q8IYR9_Q8IYR9_HUMAN:95:150_2ypb_A_1.meme	FAIL
TFS_tr_B4DE54_B4DE54_HUMAN:216:332_8htx_A_1.meme	DONE
TFS_tr_Q96TA9_Q96TA9_HUMAN:623:744_1kqq_A_1.meme	DONE
DIMER_tr_H3BSL4_H3BSL4_HUMAN:373:416_1llm_D_1.meme	FAIL
TFS_tr_B4DMG1_B4DMG1_HUMAN:4:58_6yov_L_1.meme	DONE
TFS_tr_A0A669KBJ7_A0A669KBJ7_HUMAN:843:881_3d1n_L_1.meme	DONE
TFS_tr_B3KXK2_B3KXK2_HUMAN:1062:1088_6ml4_A_1.meme	DONE
TFS_tr_B3KQ40_B3KQ40_HUMAN:73:132_6ml6_A_1.meme	DONE
TFS_tr_Q7Z6U1_Q7Z6U1_HUMAN:13:117_6o9l_P_1.meme	DONE
TFS_tr_A0A994J7H0_A0A994J7H0_HUMAN:361:402_3qmc_A_1.meme	DONE
TFS_tr_A8K5C8_A8K5C8_HUMAN:379:532_2i13_A_1.meme	DONE
DIMER_sp_Q86UQ0_ZN589_HUMAN:302:353_1llm_C_1.meme	FAIL
DIMER_sp_A6NFD8_HELT_HUMAN:9:62_8osl_N_1.meme	DONE
DIMER_tr_A0A2R8YEW3_A0A2R8YEW3_HUMAN:272:318_1fjl_A_1.meme	DONE
TFS_tr_Q6ZS01_Q6ZS01_HUMAN:313:425_5egb_A_1.meme	DONE
TFS_sp_Q15326_ZMY11_HUMAN:21:77_8h7a_A_1.meme	DONE
TFS_sp_Q8N393_ZN786_HUMAN:424:699_5v3j_E_1.meme	DONE
TFS_tr_Q8IYR9_Q8IYR9_HUMAN:95:149_7z5k_B_1.meme	FAIL
TFS_tr_A0A8V8TNA6_A0A8V8TNA6_HUMAN:285:372_2i13_A_1.meme	DONE
TFS_tr_B4DV46_B4DV46_HUMAN:116:263_2i13_A_1.meme	DONE
DIMER_sp_Q9HCE3_ZN532_HUMAN:1265:1286_1llm_C_1.meme	FAIL
TFS_tr_B3KP07_B3KP07_HUMAN:22:77_7yun_A_1.meme	DONE
TFS_tr_H0YA13_H0YA13_HUMAN:91:256_5wjq_D_1.meme	DONE
DIMER_tr_A0A090N7T3_A0A090N7T3_HUMAN:95:149_7z5k_B_1.meme	DONE
TFS_tr_B3KQ07_B3KQ07_HUMAN:151:334_5v3m_C_1.meme	DONE
TFS_sp_O75478_TAD2A_HUMAN:75:116_1h88_C_1.meme	DONE
TFS_tr_A0A669KBL4_A0A669KBL4_HUMAN:86:128_1tf3_A_1.meme	DONE
TFS_tr_Q53TD0_Q53TD0_HUMAN:663:796_6cij_N_1.meme	DONE
TFS_tr_H9ZYJ3_H9ZYJ3_HUMAN:305:550_5wjq_D_1.meme	DONE
TFS_tr_A0A286R9D9_A0A286R9D9_HUMAN:1:136_5zdz_N_1.meme	DONE
TFS_tr_B4DPR9_B4DPR9_HUMAN:53:376_5co0_O_1.meme	DONE
TFS_tr_X5DNV7_X5DNV7_HUMAN:22:416_5sy7_B_1.meme	FAIL
TFS_sp_Q6N021_TET2_HUMAN:1474:1521_1d3u_B_1.meme	DONE
TFS_tr_C9IYV0_C9IYV0_HUMAN:13:137_6ml7_A_1.meme	DONE
TFS_tr_Q7Z6U1_Q7Z6U1_HUMAN:13:117_5iya_P_1.meme	DONE
TFS_tr_Q6DHZ8_Q6DHZ8_HUMAN:76:100_6dfa_A_1.meme	DONE
TFS_tr_B7Z2Y7_B7Z2Y7_HUMAN:232:448_5v3j_E_1.meme	DONE
DIMER_tr_C9JC15_C9JC15_HUMAN:110:149_1llm_D_1.meme	DONE
TFS_tr_E7EVR1_E7EVR1_HUMAN:164:436_5v3j_E_1.meme	DONE
TFS_sp_Q8NCK3_ZN485_HUMAN:159:430_7w1m_H_1.meme	DONE
DIMER_tr_B7Z5S2_B7Z5S2_HUMAN:417:469_1llm_C_1.meme	DONE
TFS_tr_C9JQE8_C9JQE8_HUMAN:612:668_6vyp_N_1.meme	DONE
TFS_tr_Q8N981_Q8N981_HUMAN:30:183_2i13_A_1.meme	DONE
TFS_tr_B4DQP4_B4DQP4_HUMAN:160:406_5v3m_C_1.meme	DONE
DIMER_sp_P0CJ78_ZN865_HUMAN:349:396_1llm_D_1.meme	DONE
TFS_tr_H7BYU6_H7BYU6_HUMAN:118:332_5wjq_D_1.meme	DONE
TFS_tr_A0A8V8TNL7_A0A8V8TNL7_HUMAN:320:379_6ml2_A_1.meme	DONE
TFS_tr_H0Y3S9_H0Y3S9_HUMAN:133:218_2oeh_A_1.meme	DONE
DIMER_sp_O43298_ZBT43_HUMAN:427:453_2hap_C_1.meme	FAIL
TFS_tr_A0A3F2YNW7_A0A3F2YNW7_HUMAN:1162:1247_2oeh_A_1.meme	DONE
DIMER_sp_Q86UP3_ZFHX4_HUMAN:2181:2234_3d1n_L_1.meme	DONE
DIMER_tr_B4DXY4_B4DXY4_HUMAN:486:534_1llm_D_1.meme	DONE
DIMER_tr_B4DGQ9_B4DGQ9_HUMAN:321:372_1llm_D_1.meme	DONE
TFS_sp_Q86U86_PB1_HUMAN:212:280_8hak_N_1.meme	DONE
DIMER_tr_A0A1U9X8X7_A0A1U9X8X7_HUMAN:385:436_1llm_D_1.meme	DONE
TFS_tr_Q7Z6U0_Q7Z6U0_HUMAN:13:91_6o9l_P_1.meme	DONE
DIMER_sp_Q14190_SIM2_HUMAN:2:332_8osk_N_1.meme	DONE
TFS_tr_E7ES08_E7ES08_HUMAN:11:155_5ze1_N_1.meme	DONE
TFS_tr_A0A1U9X8W6_A0A1U9X8W6_HUMAN:303:601_7w1m_H_1.meme	DONE
TFS_tr_A0A994J7H0_A0A994J7H0_HUMAN:361:402_3qmh_A_1.meme	DONE
TFS_sp_Q8TF20_ZN721_HUMAN:377:666_7w1m_H_1.meme	DONE
DIMER_tr_X5DNV7_X5DNV7_HUMAN:21:415_4zpk_B_1.meme	DONE
TFS_tr_H0YNY7_H0YNY7_HUMAN:77:138_8ssr_A_1.meme	DONE
DIMER_tr_Q05BW2_Q05BW2_HUMAN:59:138_8ia3_B_1.meme	DONE
DIMER_tr_F8VS42_F8VS42_HUMAN:160:416_8osl_N_1.meme	FAIL
TFS_sp_Q9C0G0_ZN407_HUMAN:1615:1796_8sst_A_1.meme	DONE
TFS_tr_H0YNY7_H0YNY7_HUMAN:77:138_5k5h_A_1.meme	DONE
DIMER_tr_B4DIA1_B4DIA1_HUMAN:318:369_1llm_D_1.meme	DONE
TFS_tr_Q96K00_Q96K00_HUMAN:121:419_7w1m_H_1.meme	DONE
TFS_tr_H0Y3T8_H0Y3T8_HUMAN:288:563_5v3j_E_1.meme	DONE
TFS_tr_B3KQX0_B3KQX0_HUMAN:3:181_8sss_A_1.meme	DONE
TFS_sp_O15405_TOX3_HUMAN:223:324_2gzk_A_1.meme	DONE
DIMER_tr_A0A090N7T3_A0A090N7T3_HUMAN:95:150_2ypb_A_1.meme	DONE
DIMER_tr_C8CJL6_C8CJL6_HUMAN:1:61_8ifo_A_1.meme	FAIL
TFS_tr_Q9NVM2_Q9NVM2_HUMAN:37:101_1j5n_A_1.meme	DONE
TFS_sp_P17031_ZNF26_HUMAN:379:532_2i13_A_1.meme	DONE
DIMER_sp_Q5TGS1_HES3_HUMAN:2:47_8osl_M_1.meme	DONE
TFS_tr_A0A2R8YE36_A0A2R8YE36_HUMAN:116:263_2i13_A_1.meme	DONE
TFS_tr_A0A087WYR5_A0A087WYR5_HUMAN:174:405_5v3m_C_1.meme	DONE
TFS_tr_H3BS68_H3BS68_HUMAN:127:192_7ysf_A_1.meme	DONE
TFS_tr_A0A090N7T3_A0A090N7T3_HUMAN:95:150_2ypb_A_1.meme	DONE
DIMER_tr_B0QYW7_B0QYW7_HUMAN:3:39_8ifo_A_1.meme	DONE
DIMER_tr_V9HW07_V9HW07_HUMAN:369:417_1llm_D_1.meme	DONE
TFS_tr_I0EZ75_I0EZ75_HUMAN:122:232_5ei9_E_1.meme	DONE
DIMER_sp_Q8TAF7_ZN461_HUMAN:355:406_1llm_D_1.meme	DONE
TFS_tr_Q96N48_Q96N48_HUMAN:86:234_5v3m_C_1.meme	DONE
DIMER_sp_Q68DY9_ZN772_HUMAN:266:315_1llm_D_1.meme	DONE
DIMER_tr_X5D7M0_X5D7M0_HUMAN:124:380_8osl_N_1.meme	DONE
TFS_tr_Q6P579_Q6P579_HUMAN:93:335_5wjq_D_1.meme	DONE
DIMER_tr_A0A0A0MTE9_A0A0A0MTE9_HUMAN:127:176_1llm_C_1.meme	DONE
TFS_tr_B4DMT1_B4DMT1_HUMAN:2:264_5v3m_C_1.meme	DONE
DIMER_tr_Q8IW56_Q8IW56_HUMAN:12:67_1mdy_A_1.meme	FAIL
TFS_tr_X5D985_X5D985_HUMAN:15:415_4zpk_B_1.meme	DONE
TFS_sp_Q8N8E2_ZN513_HUMAN:360:494_5wjq_D_1.meme	DONE
TFS_tr_F8WEC7_F8WEC7_HUMAN:671:824_2i13_A_1.meme	DONE
TFS_tr_H0YKM5_H0YKM5_HUMAN:100:154_6hc3_A_1.meme	DONE
TFS_tr_B4DPR9_B4DPR9_HUMAN:80:377_3n7q_A_1.meme	DONE
DIMER_tr_B3KVD4_B3KVD4_HUMAN:143:196_1llm_D_1.meme	DONE
TFS_tr_B4DRM0_B4DRM0_HUMAN:241:517_5v3j_E_1.meme	DONE
TFS_tr_Q7Z4W9_Q7Z4W9_HUMAN:95:151_2ql2_B_1.meme	DONE
TFS_tr_B4DJE4_B4DJE4_HUMAN:63:217_5v3j_E_1.meme	DONE
TFS_tr_A0A1U9X8W3_A0A1U9X8W3_HUMAN:272:550_5wjq_D_1.meme	DONE
TFS_tr_B2R8D6_B2R8D6_HUMAN:118:393_5v3j_E_1.meme	DONE
TFS_tr_K7EN16_K7EN16_HUMAN:3:127_5v3m_C_1.meme	DONE
TFS_tr_A0A8Q3SIT7_A0A8Q3SIT7_HUMAN:237:394_5wjq_D_1.meme	DONE
TFS_tr_A0A087X0M6_A0A087X0M6_HUMAN:276:552_5v3j_E_1.meme	DONE
TFS_tr_Q6RFR7_Q6RFR7_HUMAN:3:156_2i13_A_1.meme	DONE
TFS_sp_Q8WTR7_ZN473_HUMAN:563:837_5v3m_C_1.meme	DONE
DIMER_sp_Q7RTU5_ASCL5_HUMAN:163:209_7z5i_B_1.meme	DONE
TFS_tr_Q658M0_Q658M0_HUMAN:147:174_5vmv_A_1.meme	DONE
TFS_tr_A8K9W2_A8K9W2_HUMAN:344:620_5v3j_E_1.meme	DONE
DIMER_tr_C9IYV0_C9IYV0_HUMAN:101:138_1llm_D_1.meme	DONE
TFS_tr_B3KPL8_B3KPL8_HUMAN:268:535_5v3j_E_1.meme	DONE
DIMER_tr_Q59HC5_Q59HC5_HUMAN:77:126_1llm_D_1.meme	DONE
TFS_tr_Q4KMQ4_Q4KMQ4_HUMAN:841:1026_8sss_A_1.meme	DONE
DIMER_sp_Q96SQ7_ATOH8_HUMAN:231:282_6od4_B_1.meme	DONE
TFS_tr_Q9NV05_Q9NV05_HUMAN:130:283_2i13_A_1.meme	DONE
DIMER_tr_E5RI93_E5RI93_HUMAN:1397:1448_1llm_D_1.meme	DONE
DIMER_tr_Q9H7U2_Q9H7U2_HUMAN:91:143_1llm_D_1.meme	FAIL
TFS_tr_B3KXK2_B3KXK2_HUMAN:1062:1088_6ml7_A_1.meme	DONE
DIMER_tr_B3KNX6_B3KNX6_HUMAN:95:150_2ypa_A_1.meme	DONE
TFS_tr_A8K1I4_A8K1I4_HUMAN:139:414_5v3j_E_1.meme	DONE
TFS_tr_B4E1F9_B4E1F9_HUMAN:252:528_5v3m_C_1.meme	DONE
DIMER_sp_O15062_ZBTB5_HUMAN:611:659_1llm_D_1.meme	DONE
DIMER_sp_Q6ZSZ6_TSH1_HUMAN:1037:1064_1llm_D_1.meme	DONE
TFS_tr_B4DQV3_B4DQV3_HUMAN:75:154_8e3e_A_1.meme	DONE
TFS_tr_B3KNK7_B3KNK7_HUMAN:516:669_2i13_A_1.meme	DONE
TFS_tr_Q6P495_Q6P495_HUMAN:165:190_8ffz_A_1.meme	DONE
DIMER_tr_B2RCP2_B2RCP2_HUMAN:528:576_1llm_C_1.meme	DONE
DIMER_sp_Q16600_ZN239_HUMAN:373:424_1llm_D_1.meme	DONE
DIMER_tr_Q6NUI8_Q6NUI8_HUMAN:542:593_1llm_D_1.meme	DONE
TFS_tr_A8KAD9_A8KAD9_HUMAN:159:416_5v3m_C_1.meme	DONE
TFS_sp_O43151_TET3_HUMAN:52:94_5w9s_C_1.meme	DONE
DIMER_sp_Q9H582_ZN644_HUMAN:497:548_1llm_C_1.meme	DONE
TFS_tr_Q63HJ5_Q63HJ5_HUMAN:1968:2106_5t0u_A_1.meme	DONE
TFS_tr_E7EQU1_E7EQU1_HUMAN:9:156_6cij_N_1.meme	DONE
DIMER_tr_A0A494C069_A0A494C069_HUMAN:191:240_1llm_D_1.meme	DONE
TFS_tr_Q68CY6_Q68CY6_HUMAN:81:337_5wjq_D_1.meme	DONE
TFS_tr_A0A994J5C6_A0A994J5C6_HUMAN:128:180_2i13_A_1.meme	DONE
TFS_tr_B3KVG5_B3KVG5_HUMAN:59:165_5ei9_E_1.meme	DONE
DIMER_sp_Q8N1W2_ZN710_HUMAN:544:598_1llm_C_1.meme	DONE
TFS_tr_B2RBM8_B2RBM8_HUMAN:76:100_6df5_A_1.meme	DONE
TFS_tr_E7EVG2_E7EVG2_HUMAN:212:280_7w9v_K_1.meme	DONE
DIMER_tr_B3KN61_B3KN61_HUMAN:590:640_1llm_D_1.meme	FAIL
TFS_sp_O00488_ZN593_HUMAN:57:112_2drp_A_1.meme	DONE
DIMER_tr_Q8N508_Q8N508_HUMAN:54:105_1llm_D_1.meme	FAIL
TFS_tr_Q5T427_Q5T427_HUMAN:73:132_6ml5_A_1.meme	DONE
TFS_tr_Q59EZ8_Q59EZ8_HUMAN:207:485_5wjq_D_1.meme	DONE
DIMER_sp_Q14190_SIM2_HUMAN:2:346_4zpk_B_1.meme	DONE
DIMER_tr_M0QX90_M0QX90_HUMAN:259:309_1llm_D_1.meme	DONE
DIMER_sp_Q7L945_ZN627_HUMAN:389:440_1llm_D_1.meme	DONE
TFS_tr_B4DYR8_B4DYR8_HUMAN:1010:1120_6e94_A_1.meme	DONE
DIMER_sp_Q9Y4A8_NF2L3_HUMAN:535:638_7x5g_B_1.meme	DONE
TFS_sp_P55201_BRPF1_HUMAN:637:723_8hai_K_1.meme	DONE
DIMER_sp_Q68DE3_USF3_HUMAN:20:103_8ia3_A_1.meme	DONE
DIMER_tr_A8KAD9_A8KAD9_HUMAN:350:401_1llm_C_1.meme	DONE
TFS_tr_Q6P514_Q6P514_HUMAN:33:80_5v3j_E_1.meme	DONE
DIMER_sp_Q9BY31_ZN717_HUMAN:840:889_1llm_D_1.meme	DONE
TFS_tr_B4DNQ8_B4DNQ8_HUMAN:6:262_5wjq_D_1.meme	DONE
TFS_tr_E7EX64_E7EX64_HUMAN:161:340_5wjq_D_1.meme	DONE
DIMER_sp_Q6NSZ9_ZSC25_HUMAN:484:537_1llm_D_1.meme	DONE
TFS_tr_B4DYU5_B4DYU5_HUMAN:231:411_5v3m_C_1.meme	DONE
TFS_sp_Q4LE39_ARI4B_HUMAN:308:394_1kqq_A_1.meme	DONE
TFS_tr_B4DXA9_B4DXA9_HUMAN:345:592_5wjq_D_1.meme	DONE
TFS_tr_Q86XA2_Q86XA2_HUMAN:221:494_5v3m_C_1.meme	DONE
TFS_tr_B3KQJ6_B3KQJ6_HUMAN:130:283_2i13_A_1.meme	DONE
TFS_tr_A0A8V8TMC2_A0A8V8TMC2_HUMAN:374:457_6ml4_A_1.meme	DONE
DIMER_tr_Q6RFR8_Q6RFR8_HUMAN:136:187_1llm_D_1.meme	DONE
TFS_tr_A0AA34QVT6_A0AA34QVT6_HUMAN:103:265_5v3m_C_1.meme	DONE
TFS_tr_Q658S5_Q658S5_HUMAN:414:690_5v3m_C_1.meme	DONE
TFS_tr_H0Y3T8_H0Y3T8_HUMAN:286:563_5wjq_D_1.meme	DONE
TFS_sp_Q8NCP5_ZBT44_HUMAN:396:475_8e3d_A_1.meme	DONE
TFS_tr_Q13580_Q13580_HUMAN:2:118_5wjq_D_1.meme	DONE
DIMER_tr_H0YL38_H0YL38_HUMAN:377:428_1llm_D_1.meme	DONE
TFS_tr_D6RBC4_D6RBC4_HUMAN:448:542_6dfc_A_1.meme	DONE
TFS_sp_P52739_ZN131_HUMAN:323:439_6ml4_A_1.meme	DONE
TFS_tr_B3KQ42_B3KQ42_HUMAN:296:405_8e3e_A_1.meme	DONE
TFS_tr_A0A0A0MS90_A0A0A0MS90_HUMAN:7:61_6c1y_A_1.meme	DONE
DIMER_tr_A0A8I5QJC6_A0A8I5QJC6_HUMAN:393:441_3cbb_B_1.meme	DONE
TFS_tr_B4DXX0_B4DXX0_HUMAN:192:467_5v3m_C_1.meme	DONE
DIMER_tr_A0A0S2Z4L6_A0A0S2Z4L6_HUMAN:371:422_1llm_D_1.meme	DONE
TFS_sp_Q6ZN18_AEBP2_HUMAN:313:352_1ubd_C_1.meme	DONE
TFS_tr_O95641_O95641_HUMAN:36:72_5egb_A_1.meme	DONE
TFS_tr_D6RC96_D6RC96_HUMAN:395:437_6e93_A_1.meme	DONE
TFS_tr_B7Z5S2_B7Z5S2_HUMAN:167:443_5v3m_C_1.meme	DONE
TFS_tr_H0Y5B5_H0Y5B5_HUMAN:156:224_8hai_K_1.meme	DONE
TFS_tr_A0A8V8TNL7_A0A8V8TNL7_HUMAN:318:379_6ml6_A_1.meme	DONE
TFS_tr_A8K9W2_A8K9W2_HUMAN:314:424_5ei9_E_1.meme	DONE
DIMER_tr_Q8N506_Q8N506_HUMAN:142:193_1llm_D_1.meme	DONE
TFS_tr_Q59EH4_Q59EH4_HUMAN:360:513_2i13_A_1.meme	DONE
TFS_tr_Q96K00_Q96K00_HUMAN:130:283_2i13_A_1.meme	DONE
DIMER_sp_Q3SXZ3_ZN718_HUMAN:337:388_1llm_D_1.meme	DONE
TFS_tr_B4DFU5_B4DFU5_HUMAN:228:506_5wjq_D_1.meme	DONE
TFS_tr_Q59FE4_Q59FE4_HUMAN:168:466_7w1m_H_1.meme	DONE
TFS_tr_B3KPL8_B3KPL8_HUMAN:231:511_7w1m_H_1.meme	DONE
TFS_sp_Q6ZN18_AEBP2_HUMAN:302:356_1g2f_C_1.meme	DONE
TFS_tr_C9JE98_C9JE98_HUMAN:610:655_3osf_A_1.meme	DONE
TFS_tr_Q96JS8_Q96JS8_HUMAN:41:151_5ei9_E_1.meme	DONE
TFS_tr_A0A087WYF4_A0A087WYF4_HUMAN:162:393_5wjq_D_1.meme	DONE
TFS_tr_B3KQJ6_B3KQJ6_HUMAN:174:452_5wjq_D_1.meme	DONE
TFS_tr_A0A0D9SGD6_A0A0D9SGD6_HUMAN:21:77_7y43_A_1.meme	DONE
TFS_tr_Q59G30_Q59G30_HUMAN:184:437_7w1m_H_1.meme	DONE
DIMER_tr_F8VR32_F8VR32_HUMAN:159:415_8osl_N_1.meme	DONE
TFS_tr_B4DU56_B4DU56_HUMAN:223:499_5v3j_E_1.meme	DONE
TFS_tr_A8K433_A8K433_HUMAN:119:350_5v3m_C_1.meme	DONE
TFS_tr_B7Z6H1_B7Z6H1_HUMAN:793:979_7w1m_H_1.meme	DONE
TFS_sp_Q86WZ6_ZN227_HUMAN:436:734_7w1m_H_1.meme	DONE
TFS_tr_B2RB92_B2RB92_HUMAN:363:661_7w1m_H_1.meme	DONE
TFS_sp_Q8N9N5_BANP_HUMAN:208:324_8htx_A_1.meme	DONE
DIMER_tr_B4DZP9_B4DZP9_HUMAN:333:381_1llm_D_1.meme	DONE
DIMER_sp_Q3KP31_ZN791_HUMAN:214:253_1llm_D_1.meme	DONE
TFS_sp_P17031_ZNF26_HUMAN:202:500_7w1m_H_1.meme	DONE
TFS_tr_Q2TB61_Q2TB61_HUMAN:555:830_5v3j_E_1.meme	DONE
TFS_sp_Q96T92_INSM2_HUMAN:263:313_6e93_A_1.meme	DONE
TFS_tr_Q7Z6T9_Q7Z6T9_HUMAN:13:40_1qnc_A_1.meme	DONE
TFS_tr_Q9H726_Q9H726_HUMAN:107:139_2o49_A_1.meme	DONE
TFS_tr_Q6X7T3_Q6X7T3_HUMAN:254:364_5ei9_E_1.meme	DONE
TFS_tr_Q2TB61_Q2TB61_HUMAN:498:774_5wjq_D_1.meme	DONE
TFS_tr_A8K1I4_A8K1I4_HUMAN:137:414_5wjq_D_1.meme	DONE
TFS_tr_B3KVD4_B3KVD4_HUMAN:105:200_6dfc_A_1.meme	DONE
TFS_tr_B3KNX6_B3KNX6_HUMAN:95:150_2ypa_A_1.meme	FAIL
DIMER_sp_Q92949_FOXJ1_HUMAN:119:199_7vox_C_1.meme	FAIL
TFS_sp_Q8N393_ZN786_HUMAN:450:726_5wjq_D_1.meme	DONE
TFS_tr_Q59EZ7_Q59EZ7_HUMAN:212:488_5v3j_E_1.meme	DONE
TFS_sp_Q96LX8_ZN597_HUMAN:156:289_2i13_A_1.meme	DONE
DIMER_sp_Q15776_ZKSC8_HUMAN:432:481_1llm_D_1.meme	DONE
DIMER_sp_Q99742_NPAS1_HUMAN:45:406_4zpr_B_1.meme	DONE
TFS_tr_A7YF73_A7YF73_HUMAN:615:640_4gzn_C_1.meme	DONE
TFS_tr_H3BNI0_H3BNI0_HUMAN:115:394_5wjq_D_1.meme	DONE
DIMER_tr_A0A804HJ45_A0A804HJ45_HUMAN:596:634_1llm_D_1.meme	FAIL
TFS_tr_A8K433_A8K433_HUMAN:119:350_5v3j_E_1.meme	DONE
TFS_tr_A0A0S2Z658_A0A0S2Z658_HUMAN:286:537_5wjq_D_1.meme	DONE
TFS_sp_Q9P215_POGK_HUMAN:269:316_1hlv_A_1.meme	DONE
DIMER_sp_Q14588_ZN234_HUMAN:510:561_1llm_D_1.meme	DONE
TFS_tr_B7Z6H1_B7Z6H1_HUMAN:793:978_8sst_A_1.meme	DONE
TFS_sp_Q01658_NC2B_HUMAN:5:92_6r2v_B_1.meme	DONE
DIMER_sp_O60393_NOBOX_HUMAN:272:315_4j19_B_1.meme	DONE
DIMER_tr_A0A994J5C6_A0A994J5C6_HUMAN:128:176_1llm_C_1.meme	DONE
DIMER_sp_Q92949_FOXJ1_HUMAN:120:186_2a07_J_1.meme	FAIL
TFS_sp_O94900_TOX_HUMAN:245:330_2gzk_A_1.meme	DONE
TFS_tr_H0YLZ7_H0YLZ7_HUMAN:152:303_2i13_A_1.meme	DONE
TFS_tr_H0Y9S1_H0Y9S1_HUMAN:29:131_6b0o_A_1.meme	DONE
TFS_tr_Q6PJQ2_Q6PJQ2_HUMAN:838:1023_8sss_A_1.meme	DONE
TFS_tr_B4DXX0_B4DXX0_HUMAN:217:495_5wjq_D_1.meme	DONE
DIMER_tr_A0A1B0GV02_A0A1B0GV02_HUMAN:1050:1098_1llm_C_1.meme	FAIL
TFS_tr_B1ALC2_B1ALC2_HUMAN:115:138_6ml7_A_1.meme	DONE
DIMER_tr_X5D7M0_X5D7M0_HUMAN:21:417_4zpk_B_1.meme	DONE
DIMER_tr_Q8IY56_Q8IY56_HUMAN:426:477_1llm_D_1.meme	DONE
TFS_tr_B7Z4V7_B7Z4V7_HUMAN:521:561_5v3j_E_1.meme	DONE
TFS_sp_Q01658_NC2B_HUMAN:9:143_1jfi_B_1.meme	DONE
DIMER_tr_B9EH69_B9EH69_HUMAN:668:719_1llm_C_1.meme	DONE
TFS_tr_H7C1K8_H7C1K8_HUMAN:2:32_5wjq_D_1.meme	DONE
TFS_tr_O95641_O95641_HUMAN:36:72_5ei9_E_1.meme	DONE
TFS_tr_A0A0A0MTH2_A0A0A0MTH2_HUMAN:336:614_5wjq_D_1.meme	DONE
TFS_tr_Q59EZ7_Q59EZ7_HUMAN:334:487_2i13_A_1.meme	DONE
TFS_tr_B4DDR9_B4DDR9_HUMAN:21:218_8ity_3_1.meme	DONE
TFS_tr_M0R087_M0R087_HUMAN:52:101_5v3m_C_1.meme	DONE
TFS_tr_B7Z7H3_B7Z7H3_HUMAN:151:386_5v3j_E_1.meme	DONE
TFS_tr_A0A8I5KWX0_A0A8I5KWX0_HUMAN:368:519_2i13_A_1.meme	DONE
TFS_tr_Q6P514_Q6P514_HUMAN:33:80_2i13_A_1.meme	DONE
TFS_tr_A0A0S2Z658_A0A0S2Z658_HUMAN:306:541_5v3j_E_1.meme	DONE
TFS_tr_H0YA13_H0YA13_HUMAN:99:252_2i13_A_1.meme	DONE
TFS_sp_Q96E29_MTEF3_HUMAN:187:365_3mva_O_1.meme	DONE
DIMER_sp_Q8TF50_ZN526_HUMAN:498:554_1llm_D_1.meme	DONE
TFS_sp_Q8TF50_ZN526_HUMAN:444:550_2i13_A_1.meme	DONE
TFS_tr_Q05CG0_Q05CG0_HUMAN:308:397_1kqq_A_1.meme	DONE
TFS_sp_Q9BY31_ZN717_HUMAN:392:670_5wjq_D_1.meme	DONE
TFS_tr_F8WAI8_F8WAI8_HUMAN:694:981_5wjq_D_1.meme	DONE
TFS_tr_A8K654_A8K654_HUMAN:336:377_3qmc_A_1.meme	DONE
TFS_tr_Q8IY56_Q8IY56_HUMAN:369:478_5ei9_E_1.meme	DONE
DIMER_sp_O43298_ZBT43_HUMAN:427:453_1hwt_C_1.meme	FAIL
DIMER_sp_Q86TG7_PEG10_HUMAN:4:53_6mg2_B_1.meme	DONE
DIMER_sp_Q9GZX5_ZN350_HUMAN:232:281_1llm_D_1.meme	DONE
TFS_tr_A0A0S2Z4K4_A0A0S2Z4K4_HUMAN:248:385_5v3j_E_1.meme	DONE
DIMER_tr_A0A7P0TA87_A0A7P0TA87_HUMAN:27:63_1am9_A_1.meme	DONE
TFS_tr_H0YN23_H0YN23_HUMAN:185:271_2i13_A_1.meme	DONE
TFS_tr_M0QWZ8_M0QWZ8_HUMAN:185:338_2i13_A_1.meme	DONE
DIMER_sp_Q9UID6_ZN639_HUMAN:402:454_1llm_D_1.meme	DONE
TFS_tr_B4DJE4_B4DJE4_HUMAN:63:221_5wjq_D_1.meme	DONE
TFS_tr_E7EVR1_E7EVR1_HUMAN:205:436_5wjq_D_1.meme	DONE
TFS_tr_B4DHU8_B4DHU8_HUMAN:223:340_6wmi_A_1.meme	DONE
TFS_tr_B3KY96_B3KY96_HUMAN:209:442_5v3m_C_1.meme	DONE
TFS_tr_Q8IW56_Q8IW56_HUMAN:12:66_7z5k_B_1.meme	DONE
TFS_sp_Q9BWE0_REPI1_HUMAN:233:510_5wjq_D_1.meme	DONE
DIMER_tr_B4DT98_B4DT98_HUMAN:254:302_1llm_D_1.meme	FAIL
DIMER_sp_Q92570_NR4A3_HUMAN:290:375_6lc1_J_1.meme	FAIL
TFS_tr_A0A804HKG3_A0A804HKG3_HUMAN:216:332_8htx_A_1.meme	DONE
TFS_tr_B4DUR3_B4DUR3_HUMAN:7:61_6ogj_A_1.meme	DONE
TFS_tr_A0A090N8F2_A0A090N8F2_HUMAN:169:416_5wjq_D_1.meme	DONE
TFS_tr_A8KAD9_A8KAD9_HUMAN:124:403_5wjq_D_1.meme	DONE
TFS_tr_E5RI93_E5RI93_HUMAN:1570:1613_7eyi_H_1.meme	DONE
TFS_tr_Q7Z516_Q7Z516_HUMAN:517:572_6vyp_N_1.meme	DONE
TFS_tr_H0YM09_H0YM09_HUMAN:49:73_8sst_A_1.meme	DONE
DIMER_tr_B4DNH5_B4DNH5_HUMAN:170:218_1llm_D_1.meme	DONE
DIMER_sp_Q8N3X6_LCORL_HUMAN:96:126_6ycq_A_1.meme	DONE
DIMER_tr_H0Y6F5_H0Y6F5_HUMAN:331:375_1apl_C_1.meme	FAIL
TFS_tr_Q9NS43_Q9NS43_HUMAN:329:607_5wjq_D_1.meme	DONE
TFS_tr_A0A0C4DFN0_A0A0C4DFN0_HUMAN:267:462_5v3j_E_1.meme	DONE
TFS_tr_Q6RFR5_Q6RFR5_HUMAN:7:177_5wjq_D_1.meme	DONE
TFS_sp_A6NDX5_ZN840_HUMAN:444:711_5v3m_C_1.meme	DONE
TFS_tr_B2RCP2_B2RCP2_HUMAN:306:580_5wjq_D_1.meme	DONE
TFS_tr_A0A0G2JRV3_A0A0G2JRV3_HUMAN:7:335_6ltj_M_1.meme	DONE
TFS_tr_H0Y6F5_H0Y6F5_HUMAN:330:374_3d1n_L_1.meme	DONE
TFS_tr_Q53EM1_Q53EM1_HUMAN:306:580_5wjq_D_1.meme	DONE
TFS_tr_A8K5C8_A8K5C8_HUMAN:229:505_5v3j_E_1.meme	DONE
TFS_tr_A0A8V8TNA6_A0A8V8TNA6_HUMAN:285:373_5egb_A_1.meme	DONE
TFS_sp_Q9P2F9_ZN319_HUMAN:258:532_7w1m_H_1.meme	DONE
TFS_tr_Q6PJQ2_Q6PJQ2_HUMAN:838:1054_7w1m_H_1.meme	DONE
DIMER_sp_Q8IXK0_PHC2_HUMAN:195:231_6ryl_B_1.meme	DONE
TFS_sp_Q8NCP5_ZBT44_HUMAN:396:507_6wmi_A_1.meme	DONE
TFS_tr_A0A1W2PQ54_A0A1W2PQ54_HUMAN:131:379_5v3j_E_1.meme	DONE
TFS_tr_G3V131_G3V131_HUMAN:192:467_5v3j_E_1.meme	DONE
TFS_tr_Q658Q3_Q658Q3_HUMAN:12:288_5wjq_D_1.meme	DONE
DIMER_tr_A0A090N7T3_A0A090N7T3_HUMAN:95:151_1mdy_B_1.meme	DONE
DIMER_sp_Q96SK3_ZN607_HUMAN:475:526_1llm_D_1.meme	FAIL
DIMER_tr_B3KPY4_B3KPY4_HUMAN:320:373_1llm_D_1.meme	DONE
TFS_tr_A0A669KBJ7_A0A669KBJ7_HUMAN:843:882_1du0_A_1.meme	DONE
TFS_tr_Q6PJQ2_Q6PJQ2_HUMAN:838:1023_8sst_A_1.meme	DONE
DIMER_sp_Q9NUA8_ZBT40_HUMAN:891:944_1llm_C_1.meme	DONE
DIMER_sp_Q9BX82_ZN471_HUMAN:401:452_1llm_D_1.meme	DONE
TFS_tr_Q96TA9_Q96TA9_HUMAN:647:731_2oeh_A_1.meme	DONE
TFS_tr_H9ZYJ3_H9ZYJ3_HUMAN:444:550_2i13_A_1.meme	DONE
DIMER_tr_X5DRF3_X5DRF3_HUMAN:21:180_4zpk_B_1.meme	DONE
TFS_tr_Q1RMZ5_Q1RMZ5_HUMAN:694:916_5v3m_C_1.meme	DONE
TFS_tr_B4DXY4_B4DXY4_HUMAN:438:593_2i13_A_1.meme	DONE
TFS_sp_Q96NM4_TOX2_HUMAN:246:302_6cij_N_1.meme	DONE
TFS_tr_B4DJE4_B4DJE4_HUMAN:63:217_5v3m_C_1.meme	DONE
TFS_tr_A0A8Q3SIR0_A0A8Q3SIR0_HUMAN:257:414_5wjq_D_1.meme	DONE
TFS_sp_Q96KM6_Z512B_HUMAN:784:810_5k5j_A_1.meme	DONE
DIMER_tr_B5MDS3_B5MDS3_HUMAN:156:180_1llm_D_1.meme	DONE
DIMER_tr_A8KAK2_A8KAK2_HUMAN:172:223_1llm_C_1.meme	DONE
TFS_tr_B4DSG8_B4DSG8_HUMAN:137:371_5v3j_E_1.meme	DONE
DIMER_tr_X5DNV7_X5DNV7_HUMAN:122:378_8osl_N_1.meme	FAIL
DIMER_tr_U3KPW8_U3KPW8_HUMAN:194:242_3hdd_A_1.meme	DONE
TFS_tr_H3BRD6_H3BRD6_HUMAN:66:152_2i13_A_1.meme	DONE
DIMER_sp_Q9HB31_SEBOX_HUMAN:20:73_3a01_B_1.meme	DONE
TFS_tr_Q6RFR7_Q6RFR7_HUMAN:1:248_5v3j_E_1.meme	DONE
DIMER_sp_Q92670_ZN75C_HUMAN:374:425_1llm_C_1.meme	DONE
DIMER_sp_A9YTQ3_AHRR_HUMAN:34:167_8osk_N_1.meme	DONE
TFS_tr_A0A9L9PXL4_A0A9L9PXL4_HUMAN:212:280_7w9v_K_1.meme	DONE
TFS_tr_Q3LIC1_Q3LIC1_HUMAN:37:304_5v3j_E_1.meme	DONE
DIMER_sp_Q8NEP9_ZN555_HUMAN:170:218_1llm_D_1.meme	FAIL
TFS_tr_B3KVF1_B3KVF1_HUMAN:133:366_5v3m_C_1.meme	DONE
TFS_tr_Q53EM1_Q53EM1_HUMAN:483:635_2i13_A_1.meme	DONE
DIMER_sp_Q8IVH2_FOXP4_HUMAN:469:547_2a07_G_1.meme	DONE
DIMER_sp_Q05516_ZBT16_HUMAN:572:610_1llm_D_1.meme	DONE
DIMER_tr_E9PB28_E9PB28_HUMAN:60:88_1am9_A_1.meme	FAIL
TFS_tr_A0A0C4DGR5_A0A0C4DGR5_HUMAN:313:410_5ei9_E_1.meme	DONE
TFS_tr_Q59HH0_Q59HH0_HUMAN:92:137_4rod_A_1.meme	DONE
TFS_tr_A0A1B0GUB4_A0A1B0GUB4_HUMAN:149:451_8iuh_4_1.meme	DONE
DIMER_tr_Q63HJ5_Q63HJ5_HUMAN:2052:2132_1llm_C_1.meme	DONE
DIMER_sp_Q96N77_ZN641_HUMAN:374:418_1llm_D_1.meme	DONE
TFS_sp_Q5T7W0_ZN618_HUMAN:147:170_6ml3_A_1.meme	DONE
TFS_tr_Q2VP97_Q2VP97_HUMAN:424:721_7w1m_H_1.meme	DONE
TFS_tr_A7YF73_A7YF73_HUMAN:615:639_6e94_A_1.meme	DONE
TFS_sp_Q96KM6_Z512B_HUMAN:784:810_5k5i_A_1.meme	DONE
TFS_tr_A0A2R8YE36_A0A2R8YE36_HUMAN:98:291_5v3m_C_1.meme	DONE
TFS_tr_Q8IYR9_Q8IYR9_HUMAN:95:151_2ql2_B_1.meme	DONE
TFS_sp_Q96LX8_ZN597_HUMAN:151:419_5wjq_D_1.meme	DONE
TFS_tr_B4DI14_B4DI14_HUMAN:2:128_2i13_A_1.meme	DONE
TFS_tr_B4DSG8_B4DSG8_HUMAN:138:371_5wjq_D_1.meme	DONE
TFS_tr_B4DL26_B4DL26_HUMAN:60:336_5v3j_E_1.meme	DONE
DIMER_sp_Q969J2_ZKSC4_HUMAN:374:425_1llm_D_1.meme	FAIL
TFS_sp_Q96PM9_Z385A_HUMAN:76:94_8h9h_G_1.meme	DONE
DIMER_sp_A0A1W2PPF3_DUXB_HUMAN:17:72_1b72_B_1.meme	DONE
TFS_tr_A0A804HKG3_A0A804HKG3_HUMAN:217:332_7yuk_A_1.meme	DONE
TFS_tr_X5D988_X5D988_HUMAN:21:417_4zpk_B_1.meme	DONE
TFS_tr_B3KNX6_B3KNX6_HUMAN:95:149_7z5k_B_1.meme	FAIL
TFS_tr_B7Z885_B7Z885_HUMAN:926:977_5keb_A_1.meme	DONE
TFS_tr_Q59G67_Q59G67_HUMAN:85:361_5v3m_C_1.meme	DONE
DIMER_sp_Q5TGS1_HES3_HUMAN:2:47_8osk_M_1.meme	DONE
DIMER_tr_X5D988_X5D988_HUMAN:22:404_4zpr_B_1.meme	DONE
TFS_tr_C0IMW8_C0IMW8_HUMAN:48:115_7lbx_A_1.meme	FAIL
DIMER_sp_P81133_SIM1_HUMAN:2:332_8osl_N_1.meme	FAIL
TFS_tr_A0A2R8YE36_A0A2R8YE36_HUMAN:154:263_5ei9_E_1.meme	DONE
DIMER_tr_Q6ZN29_Q6ZN29_HUMAN:621:677_3a01_B_1.meme	DONE
TFS_tr_Q59GL0_Q59GL0_HUMAN:413:519_6b0o_A_1.meme	DONE
DIMER_sp_Q8WYA1_BMAL2_HUMAN:109:470_5sy7_A_1.meme	FAIL
DIMER_sp_O60393_NOBOX_HUMAN:273:318_3a01_B_1.meme	DONE
TFS_tr_Q8N506_Q8N506_HUMAN:70:222_2i13_A_1.meme	DONE
DIMER_tr_A0A669KBJ7_A0A669KBJ7_HUMAN:843:882_3hdd_A_1.meme	DONE
TFS_tr_B7Z2Y7_B7Z2Y7_HUMAN:232:448_5v3m_C_1.meme	DONE
DIMER_tr_Q05BW2_Q05BW2_HUMAN:59:158_8ia3_E_1.meme	DONE
TFS_tr_H0Y9S1_H0Y9S1_HUMAN:8:127_5ei9_E_1.meme	DONE
TFS_tr_A0A8I5KRB5_A0A8I5KRB5_HUMAN:697:840_2i13_A_1.meme	DONE
TFS_sp_Q8NCK3_ZN485_HUMAN:279:432_2i13_A_1.meme	DONE
DIMER_sp_Q9H2S9_IKZF4_HUMAN:185:233_1llm_C_1.meme	DONE
TFS_tr_A0A090N7T3_A0A090N7T3_HUMAN:95:151_1mdy_B_1.meme	DONE
TFS_tr_A0A087WXA8_A0A087WXA8_HUMAN:302:579_5wjq_D_1.meme	DONE
TFS_tr_F8WAI8_F8WAI8_HUMAN:761:916_2i13_A_1.meme	DONE
TFS_tr_A0A994J4C0_A0A994J4C0_HUMAN:242:258_5xsk_B_1.meme	DONE
TFS_tr_B3KPL8_B3KPL8_HUMAN:208:488_5wjq_D_1.meme	DONE
TFS_tr_B4DMG1_B4DMG1_HUMAN:5:57_4qr9_B_1.meme	DONE
TFS_sp_Q86U86_PB1_HUMAN:212:280_7w9v_K_1.meme	DONE
DIMER_tr_A0A090N8E5_A0A090N8E5_HUMAN:273:318_3a01_B_1.meme	DONE
TFS_tr_M0QY62_M0QY62_HUMAN:351:628_5wjq_D_1.meme	DONE
TFS_tr_B5MDS3_B5MDS3_HUMAN:115:138_6ml3_A_1.meme	DONE
TFS_tr_A8K4L4_A8K4L4_HUMAN:277:430_2i13_A_1.meme	DONE
TFS_tr_F8VS42_F8VS42_HUMAN:57:453_4zpk_B_1.meme	DONE
TFS_tr_Q13580_Q13580_HUMAN:2:109_5ei9_E_1.meme	DONE
DIMER_tr_X5D2Q4_X5D2Q4_HUMAN:154:410_8osl_N_1.meme	DONE
TFS_tr_H0Y459_H0Y459_HUMAN:626:681_6vyp_L_1.meme	DONE
DIMER_sp_Q9HD90_NDF4_HUMAN:88:142_7z5k_B_1.meme	DONE
TFS_tr_A8K7J8_A8K7J8_HUMAN:184:453_5v3j_E_1.meme	DONE
TFS_tr_A0A090N7S8_A0A090N7S8_HUMAN:436:588_2i13_A_1.meme	DONE
TFS_sp_Q01954_BNC1_HUMAN:927:979_7txc_E_1.meme	DONE
TFS_tr_Q7Z4B9_Q7Z4B9_HUMAN:22:294_5v3j_E_1.meme	DONE
DIMER_tr_M0R1P0_M0R1P0_HUMAN:512:563_1llm_D_1.meme	DONE
DIMER_tr_A0AV05_A0AV05_HUMAN:394:442_1llm_D_1.meme	FAIL
TFS_tr_B3KTR1_B3KTR1_HUMAN:66:338_5wjq_D_1.meme	DONE
TFS_sp_O15060_ZBT39_HUMAN:452:683_5v3m_C_1.meme	DONE
DIMER_tr_A0A7I2PK40_A0A7I2PK40_HUMAN:28:171_5sy7_B_1.meme	DONE
TFS_tr_Q53Z40_Q53Z40_HUMAN:287:478_5v3j_E_1.meme	DONE
TFS_tr_A0A669KB72_A0A669KB72_HUMAN:345:399_5no6_A_1.meme	DONE
TFS_tr_S4R3C8_S4R3C8_HUMAN:86:110_6e94_A_1.meme	DONE
TFS_tr_A0A669KBJ7_A0A669KBJ7_HUMAN:148:172_6v8u_A_1.meme	DONE
TFS_tr_B4DL26_B4DL26_HUMAN:182:335_2i13_A_1.meme	DONE
TFS_sp_Q5T5X7_BEND3_HUMAN:715:819_7v9g_A_1.meme	DONE
TFS_tr_B4DUR3_B4DUR3_HUMAN:7:61_6c1y_A_1.meme	DONE
TFS_tr_A0A0S2Z5M2_A0A0S2Z5M2_HUMAN:216:332_8htx_A_1.meme	DONE
TFS_tr_E7ES08_E7ES08_HUMAN:9:156_6cij_N_1.meme	DONE
TFS_tr_K7EQN6_K7EQN6_HUMAN:128:180_2i13_A_1.meme	DONE
DIMER_tr_E9PBN4_E9PBN4_HUMAN:894:944_1llm_C_1.meme	DONE
TFS_tr_K7EN48_K7EN48_HUMAN:2:112_5v3m_C_1.meme	DONE
TFS_tr_B4DWJ5_B4DWJ5_HUMAN:219:372_2i13_A_1.meme	DONE
DIMER_tr_A0A494C0U8_A0A494C0U8_HUMAN:505:556_1llm_D_1.meme	DONE
TFS_tr_I3L216_I3L216_HUMAN:125:262_5v3m_C_1.meme	DONE
DIMER_tr_F8VR32_F8VR32_HUMAN:59:453_5sy7_B_1.meme	DONE
TFS_tr_B4E2P6_B4E2P6_HUMAN:131:282_2i13_A_1.meme	DONE
TFS_sp_Q14586_ZN267_HUMAN:407:683_5v3j_E_1.meme	DONE
TFS_tr_B3KM38_B3KM38_HUMAN:173:289_8htx_A_1.meme	DONE
TFS_tr_A0A090N8F2_A0A090N8F2_HUMAN:174:421_5v3j_E_1.meme	DONE
TFS_tr_Q59HH0_Q59HH0_HUMAN:92:137_8ity_V_1.meme	DONE
DIMER_tr_A8K1I4_A8K1I4_HUMAN:250:299_1llm_D_1.meme	DONE
TFS_tr_Q8N981_Q8N981_HUMAN:2:197_5v3j_E_1.meme	DONE
DIMER_tr_H0Y6F5_H0Y6F5_HUMAN:331:375_1k61_A_1.meme	FAIL
TFS_tr_A0A0S2Z5G4_A0A0S2Z5G4_HUMAN:178:293_7yuk_A_1.meme	DONE
TFS_tr_Q5EBM5_Q5EBM5_HUMAN:174:220_7lbw_A_1.meme	FAIL
TFS_tr_E5RG39_E5RG39_HUMAN:124:204_5eh2_F_1.meme	DONE
TFS_tr_Q6P514_Q6P514_HUMAN:35:80_1g2f_C_1.meme	DONE
TFS_tr_A0AV05_A0AV05_HUMAN:181:470_7w1m_H_1.meme	DONE
TFS_tr_B4DYU5_B4DYU5_HUMAN:231:411_5wjq_D_1.meme	DONE
DIMER_tr_Q6RFR6_Q6RFR6_HUMAN:42:93_1llm_D_1.meme	DONE
TFS_tr_B4DYZ9_B4DYZ9_HUMAN:837:910_8hal_K_1.meme	DONE
DIMER_tr_A0A1X7SC99_A0A1X7SC99_HUMAN:280:328_1llm_D_1.meme	DONE
TFS_tr_B7Z4R7_B7Z4R7_HUMAN:162:437_5v3j_E_1.meme	DONE
DIMER_sp_Q92949_FOXJ1_HUMAN:121:214_2c6y_A_1.meme	FAIL
DIMER_sp_Q8NFU7_TET1_HUMAN:605:627_4aa6_B_1.meme	DONE
TFS_tr_X5D9I7_X5D9I7_HUMAN:142:421_4zpr_B_1.meme	DONE
TFS_tr_E7EVG2_E7EVG2_HUMAN:212:280_8hag_K_1.meme	DONE
TFS_tr_A8K7J8_A8K7J8_HUMAN:199:449_7w1m_H_1.meme	DONE
DIMER_tr_A0A669KBK7_A0A669KBK7_HUMAN:120:173_1llm_C_1.meme	DONE
DIMER_tr_B3KVG5_B3KVG5_HUMAN:114:166_1hwt_C_1.meme	DONE
DIMER_tr_B2R8D6_B2R8D6_HUMAN:341:394_1llm_D_1.meme	DONE
TFS_sp_Q5T7W0_ZN618_HUMAN:147:170_6ml6_A_1.meme	DONE
TFS_tr_A8K601_A8K601_HUMAN:1041:1068_5vmz_A_1.meme	DONE
TFS_tr_C9IYV0_C9IYV0_HUMAN:72:139_2i13_A_1.meme	DONE
TFS_tr_H0YB79_H0YB79_HUMAN:170:206_2drp_A_1.meme	DONE
TFS_sp_Q96MX3_ZNF48_HUMAN:108:381_5wjq_D_1.meme	DONE
DIMER_sp_O15060_ZBT39_HUMAN:605:651_1llm_C_1.meme	DONE
DIMER_sp_A9YTQ3_AHRR_HUMAN:35:277_5nj8_A_1.meme	DONE
TFS_sp_Q8NFU7_TET1_HUMAN:586:628_4nw3_A_1.meme	DONE
TFS_tr_A0A7P0N7C4_A0A7P0N7C4_HUMAN:1639:1787_2i13_A_1.meme	DONE
TFS_tr_D6RJ09_D6RJ09_HUMAN:3:32_8iue_4_1.meme	DONE
TFS_tr_G3XAG1_G3XAG1_HUMAN:438:465_6dfb_A_1.meme	DONE
TFS_tr_Q8N508_Q8N508_HUMAN:1:107_5ei9_E_1.meme	DONE
TFS_tr_A8KAD9_A8KAD9_HUMAN:159:416_5v3j_E_1.meme	DONE
TFS_sp_Q7Z6K1_THAP5_HUMAN:1:84_2l1g_A_1.meme	DONE
TFS_tr_F8WAI8_F8WAI8_HUMAN:697:1010_7w1m_H_1.meme	DONE
TFS_tr_C9JE25_C9JE25_HUMAN:73:158_5co0_O_1.meme	DONE
TFS_tr_B4DQP4_B4DQP4_HUMAN:161:406_5wjq_D_1.meme	DONE
TFS_tr_K7ELU1_K7ELU1_HUMAN:321:597_5v3m_C_1.meme	DONE
TFS_tr_A0A494C1I7_A0A494C1I7_HUMAN:350:627_5wjq_D_1.meme	DONE
TFS_tr_B3KN61_B3KN61_HUMAN:490:643_2i13_A_1.meme	DONE
DIMER_sp_Q9HD90_NDF4_HUMAN:88:141_7z5i_B_1.meme	DONE
TFS_tr_B2RCP2_B2RCP2_HUMAN:333:609_5v3m_C_1.meme	DONE
TFS_tr_Q7Z516_Q7Z516_HUMAN:514:563_1msf_C_1.meme	DONE
TFS_tr_Q8IW09_Q8IW09_HUMAN:242:477_5wjq_D_1.meme	DONE
TFS_tr_I0EZ75_I0EZ75_HUMAN:76:244_5wjq_D_1.meme	DONE
DIMER_tr_S4R3C8_S4R3C8_HUMAN:37:70_2hot_B_1.meme	DONE
TFS_tr_A0A994J7H0_A0A994J7H0_HUMAN:358:402_3qmb_A_1.meme	DONE
DIMER_tr_A0A669KB72_A0A669KB72_HUMAN:253:301_1du0_A_1.meme	DONE
TFS_tr_A0A8V8TMC2_A0A8V8TMC2_HUMAN:374:457_6ml5_A_1.meme	DONE
DIMER_tr_B7Z4V7_B7Z4V7_HUMAN:387:441_1llm_C_1.meme	DONE
DIMER_tr_H0Y6F5_H0Y6F5_HUMAN:330:374_3d1n_L_1.meme	FAIL
DIMER_tr_B4DS85_B4DS85_HUMAN:95:149_7z5k_B_1.meme	FAIL
TFS_tr_A2VDJ6_A2VDJ6_HUMAN:220:496_5v3m_C_1.meme	DONE
TFS_tr_D6RC96_D6RC96_HUMAN:393:422_6ki6_A_1.meme	DONE
TFS_tr_A0A087WVT1_A0A087WVT1_HUMAN:149:258_5ei9_E_1.meme	DONE
TFS_tr_B4DR15_B4DR15_HUMAN:252:404_2i13_A_1.meme	DONE
TFS_sp_Q8IYH5_ZZZ3_HUMAN:648:698_1h88_C_1.meme	DONE
TFS_tr_B2RB84_B2RB84_HUMAN:58:165_2i13_A_1.meme	DONE
DIMER_tr_Q7Z4W9_Q7Z4W9_HUMAN:95:150_2ypb_A_1.meme	DONE
TFS_tr_I3L216_I3L216_HUMAN:125:235_5ei9_E_1.meme	DONE
TFS_sp_Q9C0G0_ZN407_HUMAN:1615:1800_7w1m_H_1.meme	DONE
TFS_tr_A0A994J7Z0_A0A994J7Z0_HUMAN:753:801_6ki6_A_1.meme	DONE
DIMER_tr_Q9NR94_Q9NR94_HUMAN:244:295_1llm_D_1.meme	DONE
TFS_tr_H0YCZ0_H0YCZ0_HUMAN:250:303_7n5w_A_1.meme	DONE
TFS_tr_A0A0A0MTE9_A0A0A0MTE9_HUMAN:130:179_8gn4_A_1.meme	DONE
TFS_sp_Q9UIF8_BAZ2B_HUMAN:737:841_7fhj_B_1.meme	DONE
TFS_tr_H7BXP3_H7BXP3_HUMAN:338:613_5v3m_C_1.meme	DONE
TFS_tr_Q53TD0_Q53TD0_HUMAN:663:795_5ze2_N_1.meme	DONE
DIMER_sp_Q9HCC6_HES4_HUMAN:35:98_7d8t_B_1.meme	FAIL
TFS_tr_B4E0X7_B4E0X7_HUMAN:308:335_5vmv_A_1.meme	DONE
TFS_sp_P17031_ZNF26_HUMAN:227:505_5wjq_D_1.meme	DONE
TFS_sp_A8MQ14_ZN850_HUMAN:334:612_5wjq_D_1.meme	DONE
TFS_tr_A0A0A0MSL2_A0A0A0MSL2_HUMAN:63:147_5wjq_D_1.meme	DONE
TFS_tr_Q96N48_Q96N48_HUMAN:78:234_5wjq_D_1.meme	DONE
TFS_tr_Q6DHZ8_Q6DHZ8_HUMAN:76:100_6df9_A_1.meme	DONE
TFS_tr_B4DQP4_B4DQP4_HUMAN:300:406_2i13_A_1.meme	DONE
DIMER_sp_Q9HCC6_HES4_HUMAN:42:88_8osl_N_1.meme	FAIL
TFS_tr_Q9H686_Q9H686_HUMAN:227:342_5egb_A_1.meme	DONE
TFS_tr_B4DXY4_B4DXY4_HUMAN:345:621_5wjq_D_1.meme	DONE
DIMER_tr_A0A494BZV4_A0A494BZV4_HUMAN:155:204_1llm_D_1.meme	DONE
TFS_tr_A0A087WTB1_A0A087WTB1_HUMAN:191:417_5wjq_D_1.meme	DONE
TFS_tr_A0A0A0MTE9_A0A0A0MTE9_HUMAN:127:179_7txc_E_1.meme	DONE
TFS_tr_A8K654_A8K654_HUMAN:333:377_3qmb_A_1.meme	DONE
TFS_tr_H9ZYJ3_H9ZYJ3_HUMAN:304:550_5v3m_C_1.meme	DONE
DIMER_sp_Q9NQ33_ASCL3_HUMAN:101:146_7z5i_B_1.meme	DONE
TFS_sp_Q9H4Z2_ZN335_HUMAN:463:705_8ssu_A_1.meme	DONE
TFS_tr_A0A0S2Q0B1_A0A0S2Q0B1_HUMAN:1030:1114_2oeh_A_1.meme	DONE
TFS_tr_A0A8Q3SI57_A0A8Q3SI57_HUMAN:513:538_6u9q_A_1.meme	DONE
DIMER_tr_Q9H740_Q9H740_HUMAN:226:277_1llm_C_1.meme	FAIL
DIMER_tr_A0A0A0MTK1_A0A0A0MTK1_HUMAN:447:498_1llm_D_1.meme	DONE
DIMER_sp_Q8IXF0_NPAS3_HUMAN:51:447_4zpk_B_1.meme	DONE
DIMER_tr_A0A0B5IYB7_A0A0B5IYB7_HUMAN:5:97_6o3t_A_1.meme	DONE
TFS_tr_X5D988_X5D988_HUMAN:124:380_8osl_N_1.meme	DONE
TFS_tr_B3KXW2_B3KXW2_HUMAN:755:960_8ssu_A_1.meme	DONE
TFS_sp_Q9UBB5_MBD2_HUMAN:147:204_6c1y_A_1.meme	DONE
TFS_tr_B4DDN6_B4DDN6_HUMAN:623:646_6wmi_A_1.meme	DONE
DIMER_sp_Q8N8C0_ZN781_HUMAN:31:70_1llm_D_1.meme	DONE
TFS_sp_Q9UBB5_MBD2_HUMAN:145:204_6ogk_A_1.meme	DONE
DIMER_sp_Q8N8E2_ZN513_HUMAN:442:493_1llm_D_1.meme	DONE
TFS_tr_B3KUG7_B3KUG7_HUMAN:138:416_5wjq_D_1.meme	DONE
TFS_tr_Q6ZS01_Q6ZS01_HUMAN:320:424_6wmi_A_1.meme	DONE
TFS_tr_B4DFC8_B4DFC8_HUMAN:487:640_2i13_A_1.meme	DONE
TFS_tr_A0A7P0TA87_A0A7P0TA87_HUMAN:5:56_4zpk_B_1.meme	DONE
TFS_tr_A0A0C4DGQ3_A0A0C4DGQ3_HUMAN:170:312_6ml7_A_1.meme	DONE
TFS_tr_B4DR15_B4DR15_HUMAN:174:405_5v3j_E_1.meme	DONE
DIMER_sp_O75541_ZN821_HUMAN:148:187_1llm_D_1.meme	FAIL
DIMER_sp_Q92618_ZN516_HUMAN:36:80_1llm_D_1.meme	DONE
TFS_tr_Q59HG5_Q59HG5_HUMAN:185:435_5v3j_E_1.meme	DONE
DIMER_tr_Q96JS8_Q96JS8_HUMAN:126:177_1llm_D_1.meme	DONE
TFS_tr_A0A8V8TPI9_A0A8V8TPI9_HUMAN:723:832_5eh2_F_1.meme	DONE
TFS_tr_Q9BY29_Q9BY29_HUMAN:23:299_5v3j_E_1.meme	DONE
TFS_tr_A7E228_A7E228_HUMAN:751:803_4is1_D_1.meme	DONE
TFS_tr_Q8IYR9_Q8IYR9_HUMAN:95:151_1mdy_B_1.meme	FAIL
TFS_tr_A0A7P0TA87_A0A7P0TA87_HUMAN:18:60_5v0l_B_1.meme	DONE
TFS_tr_A0A3B3IS71_A0A3B3IS71_HUMAN:60:105_4roc_A_1.meme	DONE
TFS_tr_A7YF73_A7YF73_HUMAN:610:639_5eh2_F_1.meme	DONE
DIMER_tr_A0A0D9SEJ8_A0A0D9SEJ8_HUMAN:430:483_1llm_D_1.meme	DONE
DIMER_tr_Q6ZN29_Q6ZN29_HUMAN:269:353_3l1p_B_1.meme	DONE
TFS_tr_Q53TD0_Q53TD0_HUMAN:663:795_5zdz_N_1.meme	DONE
TFS_sp_Q8N8E2_ZN513_HUMAN:360:494_8sss_A_1.meme	DONE
TFS_tr_A0A8I5KRR0_A0A8I5KRR0_HUMAN:519:798_5v3j_E_1.meme	DONE
DIMER_tr_K7EN16_K7EN16_HUMAN:75:123_1llm_D_1.meme	DONE
DIMER_tr_Q6DHZ8_Q6DHZ8_HUMAN:771:809_3d1n_L_1.meme	DONE
TFS_tr_A0A1W2PQ54_A0A1W2PQ54_HUMAN:267:376_5ei9_E_1.meme	DONE
TFS_tr_A0A0A0MTT2_A0A0A0MTT2_HUMAN:332:599_5v3j_E_1.meme	DONE
TFS_tr_A0A0S2Z4K4_A0A0S2Z4K4_HUMAN:248:358_5ei9_E_1.meme	DONE
DIMER_sp_Q68DE3_USF3_HUMAN:17:72_4ati_B_1.meme	DONE
TFS_sp_Q96MN9_ZN488_HUMAN:314:340_5k5h_A_1.meme	DONE
DIMER_tr_A0A0A0MTT2_A0A0A0MTT2_HUMAN:415:463_1llm_D_1.meme	FAIL
TFS_tr_A0A0S2Z658_A0A0S2Z658_HUMAN:345:454_5ei9_E_1.meme	DONE
TFS_tr_B4DL26_B4DL26_HUMAN:60:336_5v3m_C_1.meme	DONE
DIMER_sp_O60304_ZN500_HUMAN:407:456_1llm_D_1.meme	DONE
TFS_tr_B3KVF1_B3KVF1_HUMAN:178:331_2i13_A_1.meme	DONE
TFS_sp_O15405_TOX3_HUMAN:239:326_1j5n_A_1.meme	DONE
DIMER_sp_Q9P243_ZFAT_HUMAN:906:956_1llm_C_1.meme	FAIL
TFS_tr_J3KNV1_J3KNV1_HUMAN:719:827_5t0u_A_1.meme	DONE
TFS_tr_F8W7M8_F8W7M8_HUMAN:793:1009_7w1m_H_1.meme	DONE
TFS_tr_Q8N692_Q8N692_HUMAN:1:154_5v3j_E_1.meme	DONE
TFS_tr_B5MDS3_B5MDS3_HUMAN:114:140_2kmk_A_1.meme	DONE
TFS_tr_B4DIA1_B4DIA1_HUMAN:199:454_5v3j_E_1.meme	DONE
TFS_tr_A0A0C4DGR5_A0A0C4DGR5_HUMAN:329:466_2i13_A_1.meme	DONE
DIMER_tr_M0QXU9_M0QXU9_HUMAN:367:418_1llm_D_1.meme	DONE
TFS_tr_Q59HC5_Q59HC5_HUMAN:24:305_5v3m_C_1.meme	DONE
TFS_tr_F8VR32_F8VR32_HUMAN:59:439_4zpr_B_1.meme	DONE
TFS_tr_B4DGQ9_B4DGQ9_HUMAN:304:457_2i13_A_1.meme	DONE
TFS_tr_Q5EBM5_Q5EBM5_HUMAN:174:220_7lbx_B_1.meme	DONE
DIMER_tr_A0A7P0TA87_A0A7P0TA87_HUMAN:12:55_5gnj_G_1.meme	DONE
DIMER_sp_O43711_TLX3_HUMAN:152:228_3a01_A_1.meme	DONE
TFS_tr_B4DIA1_B4DIA1_HUMAN:289:399_5ei9_E_1.meme	DONE
DIMER_tr_Q8IYR9_Q8IYR9_HUMAN:95:150_2ypb_A_1.meme	DONE
TFS_tr_Q5T282_Q5T282_HUMAN:28:243_7zxe_b_1.meme	FAIL
DIMER_sp_Q9P2Y4_ZN219_HUMAN:500:549_1llm_D_1.meme	FAIL
TFS_tr_Q2VP97_Q2VP97_HUMAN:545:697_2i13_A_1.meme	DONE
TFS_tr_G3V1M0_G3V1M0_HUMAN:277:429_2i13_A_1.meme	DONE
TFS_tr_A0A0S2Z658_A0A0S2Z658_HUMAN:306:541_5v3m_C_1.meme	DONE
DIMER_tr_Q59EZ7_Q59EZ7_HUMAN:379:428_1llm_D_1.meme	FAIL
TFS_tr_Q25QX8_Q25QX8_HUMAN:242:395_2i13_A_1.meme	DONE
DIMER_sp_P12524_MYCL_HUMAN:279:331_1hlo_A_1.meme	FAIL
TFS_sp_Q14586_ZN267_HUMAN:557:710_2i13_A_1.meme	DONE
TFS_tr_A0A8V8TNA6_A0A8V8TNA6_HUMAN:285:373_5ei9_E_1.meme	DONE
TFS_sp_Q96LX8_ZN597_HUMAN:156:419_5v3m_C_1.meme	DONE
TFS_sp_Q96MN9_ZN488_HUMAN:314:339_5k5i_A_1.meme	DONE
TFS_tr_C9JC15_C9JC15_HUMAN:80:149_5wjq_D_1.meme	DONE
TFS_sp_Q5TYW1_ZN658_HUMAN:573:849_5v3m_C_1.meme	DONE
DIMER_tr_H3BNI0_H3BNI0_HUMAN:257:308_1llm_D_1.meme	FAIL
DIMER_tr_Q59G30_Q59G30_HUMAN:277:328_1llm_D_1.meme	DONE
TFS_tr_Q53TD0_Q53TD0_HUMAN:663:795_5ze0_N_1.meme	DONE
TFS_sp_Q86UQ0_ZN589_HUMAN:249:355_5ei9_E_1.meme	DONE
TFS_tr_H3BRD6_H3BRD6_HUMAN:92:150_5t00_A_1.meme	DONE
TFS_tr_A0AAQ5BH24_A0AAQ5BH24_HUMAN:60:105_4rod_A_1.meme	DONE
DIMER_tr_X5D7M0_X5D7M0_HUMAN:22:404_4zpr_B_1.meme	DONE
DIMER_sp_Q5MCW4_ZN569_HUMAN:604:652_1llm_D_1.meme	DONE
TFS_tr_B3KUA7_B3KUA7_HUMAN:267:542_5v3m_C_1.meme	DONE
DIMER_tr_H0YLA6_H0YLA6_HUMAN:390:441_1llm_C_1.meme	DONE
TFS_tr_B3KPL8_B3KPL8_HUMAN:334:487_2i13_A_1.meme	DONE
TFS_tr_F5GY04_F5GY04_HUMAN:923:961_5k5l_G_1.meme	FAIL
TFS_tr_Q658Q3_Q658Q3_HUMAN:13:288_5v3j_E_1.meme	DONE
TFS_tr_B4DLS2_B4DLS2_HUMAN:277:553_5v3m_C_1.meme	DONE
DIMER_tr_B3KNX6_B3KNX6_HUMAN:95:151_1mdy_B_1.meme	DONE
TFS_tr_Q658Q3_Q658Q3_HUMAN:135:288_2i13_A_1.meme	DONE
TFS_tr_A0A6E1W9L1_A0A6E1W9L1_HUMAN:424:479_5k5i_A_1.meme	DONE
TFS_tr_B3KR55_B3KR55_HUMAN:335:611_5v3m_C_1.meme	DONE
DIMER_sp_Q8N7G0_PO5F2_HUMAN:124:192_7u0g_L_1.meme	DONE
TFS_tr_A0A6E1W9L1_A0A6E1W9L1_HUMAN:424:479_5k5j_A_1.meme	DONE
TFS_tr_B4DES6_B4DES6_HUMAN:334:361_6dfa_A_1.meme	DONE
TFS_sp_Q96DT7_ZBT10_HUMAN:716:772_8gn3_A_1.meme	DONE
DIMER_tr_X5D2Q4_X5D2Q4_HUMAN:52:434_4zpr_B_1.meme	DONE
TFS_tr_Q6DHZ8_Q6DHZ8_HUMAN:76:100_6df5_A_1.meme	DONE
DIMER_tr_B4DXX0_B4DXX0_HUMAN:274:322_1llm_D_1.meme	DONE
DIMER_sp_A6NK53_ZN233_HUMAN:478:529_1llm_C_1.meme	DONE
TFS_sp_Q96JM2_ZN462_HUMAN:1968:2106_7w1m_H_1.meme	DONE
TFS_tr_B4DV46_B4DV46_HUMAN:98:291_5v3m_C_1.meme	DONE
DIMER_tr_A0A0C4DFN0_A0A0C4DFN0_HUMAN:303:340_4auw_B_1.meme	DONE
TFS_tr_B4E2P6_B4E2P6_HUMAN:35:282_5wjq_D_1.meme	DONE
DIMER_sp_P31629_ZEP2_HUMAN:191:236_1llm_D_1.meme	DONE
TFS_tr_G5E975_G5E975_HUMAN:7:390_6ltj_M_1.meme	DONE
DIMER_tr_B4DHU8_B4DHU8_HUMAN:223:275_1llm_D_1.meme	FAIL
TFS_tr_B4DQV3_B4DQV3_HUMAN:75:154_8e3d_A_1.meme	DONE
TFS_tr_C9J6L6_C9J6L6_HUMAN:221:366_2i13_A_1.meme	DONE
TFS_tr_A0A1U9X8W6_A0A1U9X8W6_HUMAN:272:550_5wjq_D_1.meme	DONE
TFS_tr_F8WEC7_F8WEC7_HUMAN:551:825_5v3j_E_1.meme	DONE
TFS_tr_B3KRH5_B3KRH5_HUMAN:25:301_5v3m_C_1.meme	DONE
TFS_tr_C0IMW8_C0IMW8_HUMAN:43:116_1j5n_A_1.meme	DONE
TFS_tr_H0YLN6_H0YLN6_HUMAN:71:96_4is1_C_1.meme	DONE
DIMER_tr_Q7Z3R2_Q7Z3R2_HUMAN:202:253_1llm_D_1.meme	DONE
TFS_tr_A0A0A0MS90_A0A0A0MS90_HUMAN:7:61_6ogj_A_1.meme	DONE
DIMER_tr_D6RC96_D6RC96_HUMAN:393:424_1llm_C_1.meme	DONE
TFS_tr_A0A804HJ45_A0A804HJ45_HUMAN:481:624_6ml7_A_1.meme	DONE
DIMER_sp_A8MQ14_ZN850_HUMAN:951:1000_1llm_D_1.meme	DONE
DIMER_tr_E7EVZ1_E7EVZ1_HUMAN:2200:2253_3d1n_L_1.meme	DONE
DIMER_tr_A0A994J7H0_A0A994J7H0_HUMAN:363:407_4hn6_B_1.meme	DONE
TFS_sp_Q01954_BNC1_HUMAN:927:978_1g2f_C_1.meme	DONE
TFS_tr_K7ELU1_K7ELU1_HUMAN:275:428_2i13_A_1.meme	DONE
DIMER_tr_A4D178_A4D178_HUMAN:583:620_1s9k_E_1.meme	DONE
DIMER_tr_A4D178_A4D178_HUMAN:534:638_7x5e_B_1.meme	DONE
DIMER_sp_Q9BSG1_ZNF2_HUMAN:367:416_1llm_D_1.meme	FAIL
TFS_tr_A8K8K6_A8K8K6_HUMAN:287:478_5v3j_E_1.meme	DONE
TFS_tr_B4DYR8_B4DYR8_HUMAN:449:543_2lt7_A_1.meme	DONE
DIMER_sp_Q9UL58_ZN215_HUMAN:462:511_1llm_C_1.meme	DONE
TFS_tr_H7C1K8_H7C1K8_HUMAN:3:47_5v3j_E_1.meme	DONE
TFS_tr_A0PJD3_A0PJD3_HUMAN:832:880_6vyp_L_1.meme	DONE
DIMER_sp_Q9BW11_MAD3_HUMAN:62:122_4ati_B_1.meme	FAIL
TFS_sp_O15060_ZBT39_HUMAN:452:683_5wjq_D_1.meme	DONE
TFS_tr_B7Z9P6_B7Z9P6_HUMAN:362:389_6df9_A_1.meme	DONE
TFS_tr_Q5T942_Q5T942_HUMAN:609:662_5ei9_E_1.meme	DONE
TFS_tr_B4DNQ8_B4DNQ8_HUMAN:52:205_2i13_A_1.meme	DONE
TFS_tr_A8K2T5_A8K2T5_HUMAN:470:523_4is1_D_1.meme	DONE
TFS_tr_H3BS68_H3BS68_HUMAN:149:187_2kmk_A_1.meme	DONE
TFS_tr_Q96JS8_Q96JS8_HUMAN:3:207_5wjq_D_1.meme	DONE
TFS_tr_A0A994J7A5_A0A994J7A5_HUMAN:569:850_5v3j_E_1.meme	DONE
DIMER_sp_Q96C00_ZBTB9_HUMAN:408:459_1llm_D_1.meme	DONE
TFS_tr_B7Z885_B7Z885_HUMAN:923:961_5k5l_G_1.meme	FAIL
TFS_tr_Q32MK9_Q32MK9_HUMAN:4:68_6ml7_A_1.meme	DONE
TFS_tr_A0A994J7Z0_A0A994J7Z0_HUMAN:751:802_3uk3_C_1.meme	DONE
TFS_tr_H7C092_H7C092_HUMAN:70:177_7mwl_A_1.meme	DONE
TFS_sp_Q9BSG1_ZNF2_HUMAN:161:392_5v3j_E_1.meme	DONE
TFS_tr_B4DFU5_B4DFU5_HUMAN:340:450_5ei9_E_1.meme	DONE
DIMER_sp_P17030_ZNF25_HUMAN:256:305_1llm_D_1.meme	DONE
TFS_tr_E5RG39_E5RG39_HUMAN:123:204_5v3j_E_1.meme	DONE
TFS_tr_K7EM32_K7EM32_HUMAN:89:137_8gn3_A_1.meme	DONE
TFS_tr_B9EGE7_B9EGE7_HUMAN:641:786_8sst_A_1.meme	DONE
TFS_tr_Q8N981_Q8N981_HUMAN:2:197_5v3m_C_1.meme	DONE
DIMER_tr_F8WEL6_F8WEL6_HUMAN:248:287_1llm_D_1.meme	DONE
TFS_tr_Q8N692_Q8N692_HUMAN:2:153_2i13_A_1.meme	DONE
TFS_tr_A0A0A0MSL2_A0A0A0MSL2_HUMAN:63:147_5v3m_C_1.meme	DONE
TFS_tr_Q59FE4_Q59FE4_HUMAN:167:443_5v3m_C_1.meme	DONE
TFS_sp_O75478_TAD2A_HUMAN:211:243_6r2v_A_1.meme	DONE
TFS_tr_E5RI93_E5RI93_HUMAN:614:727_8sst_A_1.meme	DONE
TFS_tr_A0A1U9X8W6_A0A1U9X8W6_HUMAN:330:606_5v3m_C_1.meme	DONE
TFS_tr_A0A0A0MTH2_A0A0A0MTH2_HUMAN:310:586_5v3j_E_1.meme	DONE
DIMER_sp_O43309_ZSC12_HUMAN:384:437_1llm_C_1.meme	FAIL
DIMER_sp_Q9H2P0_ADNP_HUMAN:771:809_3d1n_L_1.meme	DONE
TFS_tr_C9JQE8_C9JQE8_HUMAN:615:651_3zqc_A_1.meme	DONE
TFS_tr_A0A1U9X8X7_A0A1U9X8X7_HUMAN:330:606_5v3j_E_1.meme	DONE
TFS_tr_B3KVF1_B3KVF1_HUMAN:133:366_5v3j_E_1.meme	DONE
TFS_sp_Q01954_BNC1_HUMAN:930:968_5k5l_G_1.meme	FAIL
TFS_tr_Q5T282_Q5T282_HUMAN:21:243_8ity_3_1.meme	DONE
TFS_tr_Q8N508_Q8N508_HUMAN:2:134_2i13_A_1.meme	DONE
DIMER_tr_B3KVG5_B3KVG5_HUMAN:83:131_1llm_C_1.meme	DONE
TFS_tr_E7EX64_E7EX64_HUMAN:176:339_2i13_A_1.meme	DONE
DIMER_sp_Q5JUK2_SOLH1_HUMAN:58:101_5gnj_G_1.meme	FAIL
DIMER_tr_Q8IYR9_Q8IYR9_HUMAN:95:151_1mdy_B_1.meme	DONE
DIMER_sp_Q14190_SIM2_HUMAN:2:347_5sy7_B_1.meme	DONE
DIMER_tr_A0A2R8Y6X0_A0A2R8Y6X0_HUMAN:543:582_2hdd_A_1.meme	DONE
DIMER_tr_X5DNV7_X5DNV7_HUMAN:22:402_4zpr_B_1.meme	DONE
DIMER_tr_Q6ZMW8_Q6ZMW8_HUMAN:417:473_3a01_B_1.meme	DONE
TFS_tr_H7BXP3_H7BXP3_HUMAN:364:640_5wjq_D_1.meme	DONE
TFS_tr_Q9Y4S0_Q9Y4S0_HUMAN:18:232_5wjq_D_1.meme	DONE
TFS_tr_Q5T427_Q5T427_HUMAN:73:132_6ml6_A_1.meme	DONE
DIMER_tr_H0Y5R1_H0Y5R1_HUMAN:60:424_4zpk_A_1.meme	FAIL
TFS_tr_B4DHU8_B4DHU8_HUMAN:161:340_5v3m_C_1.meme	DONE
TFS_tr_F8WEL6_F8WEL6_HUMAN:275:553_5wjq_D_1.meme	DONE
TFS_tr_E9PES6_E9PES6_HUMAN:11:153_5ze2_N_1.meme	DONE
DIMER_tr_A0A090N8F2_A0A090N8F2_HUMAN:338:389_1llm_C_1.meme	FAIL
TFS_tr_M0QY24_M0QY24_HUMAN:357:634_5wjq_D_1.meme	DONE
DIMER_tr_A0A804HIC1_A0A804HIC1_HUMAN:429:480_1llm_D_1.meme	DONE
DIMER_tr_B4DWF2_B4DWF2_HUMAN:172:225_1llm_C_1.meme	DONE
TFS_tr_A8K8U0_A8K8U0_HUMAN:68:292_5v3m_C_1.meme	DONE
TFS_tr_A0A8Q3SIR0_A0A8Q3SIR0_HUMAN:265:409_2i13_A_1.meme	DONE
TFS_tr_X6RCR8_X6RCR8_HUMAN:308:398_2oeh_A_1.meme	DONE
DIMER_tr_A0A0A0MTH2_A0A0A0MTH2_HUMAN:421:472_1llm_C_1.meme	DONE
TFS_tr_D6RBC4_D6RBC4_HUMAN:448:542_6dfa_A_1.meme	DONE
TFS_tr_F5H2K2_F5H2K2_HUMAN:36:74_4is1_C_1.meme	DONE
TFS_tr_E5RH37_E5RH37_HUMAN:805:991_7w1m_H_1.meme	DONE
DIMER_sp_Q92570_NR4A3_HUMAN:292:619_5uan_B_1.meme	FAIL
TFS_tr_C9JQE8_C9JQE8_HUMAN:611:656_3osf_A_1.meme	DONE
DIMER_tr_O43245_O43245_HUMAN:302:363_8ifo_A_1.meme	DONE
TFS_tr_E7ES08_E7ES08_HUMAN:10:155_5ze0_N_1.meme	DONE
TFS_tr_O95641_O95641_HUMAN:39:72_5wjq_D_1.meme	DONE
TFS_tr_H0Y3T8_H0Y3T8_HUMAN:307:451_2i13_A_1.meme	DONE
DIMER_tr_A8K3T5_A8K3T5_HUMAN:500:549_1llm_D_1.meme	DONE
TFS_tr_A0A3F2YNW7_A0A3F2YNW7_HUMAN:1138:1238_1kqq_A_1.meme	DONE
TFS_tr_H7C414_H7C414_HUMAN:543:735_8sss_A_1.meme	DONE
TFS_tr_H0YCZ0_H0YCZ0_HUMAN:254:303_8gn3_A_1.meme	DONE
TFS_tr_A0A090N8F2_A0A090N8F2_HUMAN:281:391_5ei9_E_1.meme	DONE
TFS_sp_Q6PCT2_FXL19_HUMAN:35:151_6asb_C_1.meme	DONE
TFS_tr_B4DMT1_B4DMT1_HUMAN:2:264_5v3j_E_1.meme	DONE
TFS_sp_P51858_HDGF_HUMAN:8:97_5xsk_A_1.meme	DONE
TFS_tr_G3V131_G3V131_HUMAN:192:467_5v3m_C_1.meme	DONE
TFS_sp_Q96PM9_Z385A_HUMAN:76:94_7n5w_A_1.meme	DONE
TFS_tr_B4DQV3_B4DQV3_HUMAN:77:332_5wjq_D_1.meme	DONE
TFS_tr_A0A1W2PQ54_A0A1W2PQ54_HUMAN:131:379_5wjq_D_1.meme	DONE
TFS_sp_O95983_MBD3_HUMAN:6:52_6ogj_A_1.meme	DONE
TFS_sp_Q86WZ6_ZN227_HUMAN:435:711_5v3m_C_1.meme	DONE
TFS_tr_M0R1P0_M0R1P0_HUMAN:234:509_5v3m_C_1.meme	DONE
TFS_tr_B4DR15_B4DR15_HUMAN:174:405_5v3m_C_1.meme	DONE
DIMER_sp_P81133_SIM1_HUMAN:2:346_4zpk_B_1.meme	FAIL
TFS_tr_Q6PJR5_Q6PJR5_HUMAN:242:258_5xsk_B_1.meme	DONE
DIMER_sp_Q9Y2P7_ZN256_HUMAN:348:398_1llm_D_1.meme	DONE
TFS_sp_Q96DT7_ZBT10_HUMAN:724:793_2kmk_A_1.meme	DONE
TFS_tr_B3KVF1_B3KVF1_HUMAN:222:332_5ei9_E_1.meme	DONE
TFS_tr_A0A994J5C6_A0A994J5C6_HUMAN:132:180_4is1_D_1.meme	DONE
TFS_sp_Q9UIF8_BAZ2B_HUMAN:736:843_7mwl_A_1.meme	DONE
TFS_tr_A8K5C8_A8K5C8_HUMAN:202:500_7w1m_H_1.meme	DONE
TFS_tr_B7Z7H3_B7Z7H3_HUMAN:190:299_5ei9_E_1.meme	DONE
TFS_tr_A0PJD3_A0PJD3_HUMAN:832:880_6vyp_N_1.meme	DONE
TFS_tr_A8K7J8_A8K7J8_HUMAN:176:453_5wjq_D_1.meme	DONE
DIMER_tr_M0R2M4_M0R2M4_HUMAN:445:496_1llm_C_1.meme	FAIL
TFS_tr_A0A8V8TPI9_A0A8V8TPI9_HUMAN:720:832_5egb_A_1.meme	DONE
TFS_sp_Q8NFD5_ARI1B_HUMAN:1125:1225_1kqq_A_1.meme	DONE
DIMER_tr_H3BUJ7_H3BUJ7_HUMAN:545:593_1llm_D_1.meme	DONE
DIMER_tr_J3KNV1_J3KNV1_HUMAN:719:747_1llm_C_1.meme	DONE
TFS_tr_B4DU56_B4DU56_HUMAN:168:466_7w1m_H_1.meme	DONE
TFS_tr_A0A1B0GWJ2_A0A1B0GWJ2_HUMAN:309:394_2oeh_A_1.meme	DONE
TFS_tr_H0Y3T8_H0Y3T8_HUMAN:288:563_5v3m_C_1.meme	DONE
TFS_tr_Q5DTE4_Q5DTE4_HUMAN:121:272_2i13_A_1.meme	DONE
TFS_tr_B3KQX0_B3KQX0_HUMAN:17:181_5t0u_A_1.meme	DONE
TFS_tr_Q7Z6U2_Q7Z6U2_HUMAN:13:161_8iue_U_1.meme	DONE
TFS_tr_Q68CP0_Q68CP0_HUMAN:1865:2003_7w1m_H_1.meme	DONE
DIMER_tr_Q8N981_Q8N981_HUMAN:19:67_1llm_D_1.meme	DONE
TFS_tr_A0A8Q3SIT7_A0A8Q3SIT7_HUMAN:245:389_2i13_A_1.meme	DONE
TFS_tr_A0A087WXA8_A0A087WXA8_HUMAN:276:552_5v3m_C_1.meme	DONE
TFS_tr_A0A090N7T3_A0A090N7T3_HUMAN:95:151_2ql2_B_1.meme	DONE
TFS_tr_I3L216_I3L216_HUMAN:125:262_5wjq_D_1.meme	DONE
TFS_tr_H7BYU6_H7BYU6_HUMAN:118:332_5v3m_C_1.meme	DONE
TFS_tr_A7E228_A7E228_HUMAN:751:802_4is1_C_1.meme	DONE
DIMER_sp_P0DV77_TPRX2_HUMAN:21:74_3a01_B_1.meme	DONE
TFS_sp_O94900_TOX_HUMAN:245:332_1j5n_A_1.meme	DONE
TFS_tr_A0A8V8TNL7_A0A8V8TNL7_HUMAN:318:379_6ml7_A_1.meme	DONE
TFS_tr_A0A994J7A5_A0A994J7A5_HUMAN:569:850_5v3m_C_1.meme	DONE
TFS_tr_E5RH37_E5RH37_HUMAN:877:991_5t0u_A_1.meme	DONE
TFS_tr_Q9H942_Q9H942_HUMAN:225:501_5wjq_D_1.meme	DONE
DIMER_sp_Q9Y4A8_NF2L3_HUMAN:535:638_7x5f_B_1.meme	DONE
DIMER_sp_Q5T619_ZN648_HUMAN:305:358_1llm_D_1.meme	DONE
DIMER_tr_X5D988_X5D988_HUMAN:22:418_5sy7_B_1.meme	DONE
TFS_tr_A8K8U0_A8K8U0_HUMAN:143:287_2i13_A_1.meme	DONE
DIMER_sp_Q8IXK0_PHC2_HUMAN:195:231_6ryl_A_1.meme	DONE
TFS_tr_B4DWF2_B4DWF2_HUMAN:119:222_5wjq_D_1.meme	DONE
TFS_tr_E7EQY4_E7EQY4_HUMAN:271:314_6vyp_N_1.meme	DONE
TFS_tr_Q5T427_Q5T427_HUMAN:73:132_6ml7_A_1.meme	DONE
TFS_tr_Q6RFS1_Q6RFS1_HUMAN:5:238_5v3j_E_1.meme	DONE
DIMER_tr_A0A8V8TNL7_A0A8V8TNL7_HUMAN:295:354_1llm_C_1.meme	DONE
DIMER_tr_H7BXP3_H7BXP3_HUMAN:337:386_1llm_D_1.meme	DONE
TFS_tr_A6NFS0_A6NFS0_HUMAN:170:315_2i13_A_1.meme	DONE
TFS_tr_I0EZ75_I0EZ75_HUMAN:64:244_5v3j_E_1.meme	DONE
TFS_tr_B4DHU8_B4DHU8_HUMAN:161:340_5wjq_D_1.meme	DONE
TFS_tr_A0A669KBK7_A0A669KBK7_HUMAN:94:369_5v3j_E_1.meme	DONE
TFS_tr_B3KQ42_B3KQ42_HUMAN:289:405_6ml5_A_1.meme	DONE
TFS_tr_Q6RFR8_Q6RFR8_HUMAN:129:220_2i13_A_1.meme	DONE
DIMER_sp_Q8IUM7_NPAS4_HUMAN:5:294_4zpr_B_1.meme	DONE
TFS_tr_Q63HJ5_Q63HJ5_HUMAN:1968:2106_8sss_A_1.meme	DONE
TFS_tr_A0A0S2Z4G1_A0A0S2Z4G1_HUMAN:211:243_6r2v_A_1.meme	DONE
TFS_tr_B3KXA1_B3KXA1_HUMAN:196:290_2gli_A_1.meme	DONE
TFS_tr_Q96K00_Q96K00_HUMAN:148:424_5v3j_E_1.meme	DONE
TFS_tr_Q8IW56_Q8IW56_HUMAN:11:69_2ql2_B_1.meme	DONE
DIMER_sp_Q15935_ZNF77_HUMAN:405:454_1llm_D_1.meme	DONE
TFS_tr_A0A024R0Y4_A0A024R0Y4_HUMAN:75:116_1h88_C_1.meme	DONE
TFS_tr_Q9Y5A5_Q9Y5A5_HUMAN:389:542_2i13_A_1.meme	DONE
TFS_tr_H0YCN3_H0YCN3_HUMAN:171:441_5v3m_C_1.meme	DONE
DIMER_tr_C9JVC3_C9JVC3_HUMAN:790:839_1llm_D_1.meme	FAIL
TFS_tr_A8K433_A8K433_HUMAN:119:375_5wjq_D_1.meme	DONE
TFS_tr_Q8N692_Q8N692_HUMAN:46:153_5ei9_E_1.meme	DONE
TFS_tr_B3KPL8_B3KPL8_HUMAN:268:535_5v3m_C_1.meme	DONE
TFS_tr_Q9Y5A5_Q9Y5A5_HUMAN:296:543_5v3j_E_1.meme	DONE
DIMER_sp_Q8NAF0_ZN579_HUMAN:69:123_1llm_D_1.meme	DONE
TFS_tr_X5DRK2_X5DRK2_HUMAN:21:180_4zpk_B_1.meme	DONE
TFS_tr_F8VR32_F8VR32_HUMAN:58:452_4zpk_B_1.meme	DONE
TFS_sp_Q8N5Y2_MS3L1_HUMAN:52:106_8hxy_M_1.meme	DONE
TFS_tr_J3QQI2_J3QQI2_HUMAN:151:175_5ke9_A_1.meme	DONE
TFS_tr_A0A1U9X8W6_A0A1U9X8W6_HUMAN:424:577_2i13_A_1.meme	DONE
DIMER_tr_Q8IYZ2_Q8IYZ2_HUMAN:207:258_1llm_C_1.meme	DONE
TFS_sp_Q96JY0_MAEL_HUMAN:5:63_4qr9_A_1.meme	DONE
DIMER_sp_P51504_ZNF80_HUMAN:103:152_1llm_C_1.meme	DONE
DIMER_tr_M0QWZ8_M0QWZ8_HUMAN:230:281_1llm_C_1.meme	FAIL
TFS_tr_B3KVD4_B3KVD4_HUMAN:105:200_6df5_A_1.meme	DONE
DIMER_tr_D2CFI5_D2CFI5_HUMAN:64:122_2r5z_A_1.meme	DONE
TFS_tr_B4E1F9_B4E1F9_HUMAN:226:523_7w1m_H_1.meme	DONE
TFS_tr_A0A075B7G4_A0A075B7G4_HUMAN:333:611_5wjq_D_1.meme	DONE
TFS_tr_B3KRH5_B3KRH5_HUMAN:175:328_2i13_A_1.meme	DONE
TFS_tr_M0QX90_M0QX90_HUMAN:243:396_2i13_A_1.meme	DONE
TFS_tr_C9K0F2_C9K0F2_HUMAN:300:453_2i13_A_1.meme	DONE
TFS_tr_B3KQX0_B3KQX0_HUMAN:3:238_7w1m_H_1.meme	DONE
TFS_tr_A8K3T5_A8K3T5_HUMAN:498:550_3uk3_D_1.meme	DONE
TFS_sp_Q9Y618_NCOR2_HUMAN:612:668_6vyp_L_1.meme	DONE
TFS_tr_Q0VAH5_Q0VAH5_HUMAN:290:443_2i13_A_1.meme	DONE
TFS_tr_B4DWF2_B4DWF2_HUMAN:120:221_5eh2_F_1.meme	DONE
TFS_tr_B2RCP2_B2RCP2_HUMAN:483:635_2i13_A_1.meme	DONE
TFS_tr_H0Y459_H0Y459_HUMAN:626:681_6vyp_N_1.meme	DONE
TFS_tr_A0A6E1W9L1_A0A6E1W9L1_HUMAN:424:479_5yeh_A_1.meme	DONE
DIMER_tr_A0A087WT67_A0A087WT67_HUMAN:524:573_1llm_D_1.meme	DONE
DIMER_tr_C8CJL6_C8CJL6_HUMAN:1:57_1lat_A_1.meme	FAIL
TFS_tr_Q59HG5_Q59HG5_HUMAN:180:432_5wjq_D_1.meme	DONE
DIMER_tr_X5D2Q4_X5D2Q4_HUMAN:52:448_5sy7_B_1.meme	DONE
TFS_tr_B4DR15_B4DR15_HUMAN:171:432_7w1m_H_1.meme	DONE
TFS_tr_B4DS85_B4DS85_HUMAN:95:150_2ypb_A_1.meme	DONE
TFS_sp_Q86TG7_PEG10_HUMAN:4:53_6mg2_B_1.meme	DONE
TFS_sp_Q86T29_ZN605_HUMAN:224:500_5v3m_C_1.meme	DONE
TFS_tr_F8WAI8_F8WAI8_HUMAN:694:916_5v3m_C_1.meme	DONE
TFS_tr_Q1RMZ5_Q1RMZ5_HUMAN:697:1010_7w1m_H_1.meme	DONE
TFS_sp_Q05516_ZBT16_HUMAN:470:624_2i13_A_1.meme	DONE
TFS_tr_Q96F93_Q96F93_HUMAN:75:353_5wjq_D_1.meme	DONE
DIMER_tr_F8VS42_F8VS42_HUMAN:58:454_5sy7_B_1.meme	DONE
TFS_tr_H0YKM5_H0YKM5_HUMAN:91:162_1j5n_A_1.meme	DONE
DIMER_sp_O15353_FOXN1_HUMAN:271:338_2a07_J_1.meme	DONE
TFS_tr_A8K1I4_A8K1I4_HUMAN:139:414_5v3m_C_1.meme	DONE
TFS_tr_M0R087_M0R087_HUMAN:52:101_2i13_A_1.meme	DONE
DIMER_tr_A0A1B0GW50_A0A1B0GW50_HUMAN:1025:1073_1llm_D_1.meme	DONE
DIMER_tr_B3KQ40_B3KQ40_HUMAN:72:122_1llm_C_1.meme	DONE
DIMER_sp_Q9BRH9_ZN251_HUMAN:403:454_1llm_D_1.meme	FAIL
TFS_tr_Q4LE49_Q4LE49_HUMAN:660:781_1kqq_A_1.meme	DONE
DIMER_sp_Q08AG5_ZN844_HUMAN:223:272_1llm_D_1.meme	DONE
TFS_tr_B4DU56_B4DU56_HUMAN:223:499_5v3m_C_1.meme	DONE
DIMER_tr_A0A8I5QKX4_A0A8I5QKX4_HUMAN:543:591_1llm_D_1.meme	DONE
DIMER_sp_Q5EBM4_ZN542_HUMAN:127:163_1llm_C_1.meme	DONE
TFS_tr_Q59EZ7_Q59EZ7_HUMAN:212:488_5v3m_C_1.meme	DONE
TFS_tr_K7EQN6_K7EQN6_HUMAN:751:802_3uk3_C_1.meme	DONE
DIMER_tr_Q6DHZ8_Q6DHZ8_HUMAN:771:810_3hdd_A_1.meme	DONE
TFS_tr_A0A0A0MTE9_A0A0A0MTE9_HUMAN:126:179_7n5w_A_1.meme	DONE
TFS_tr_B2RDP4_B2RDP4_HUMAN:185:330_2i13_A_1.meme	DONE
TFS_tr_Q8IY56_Q8IY56_HUMAN:287:478_5v3j_E_1.meme	DONE
TFS_sp_Q6PCT2_FXL19_HUMAN:39:77_3qmh_A_1.meme	DONE
TFS_tr_B4DRM0_B4DRM0_HUMAN:447:600_2i13_A_1.meme	DONE
DIMER_tr_Q6ZN29_Q6ZN29_HUMAN:297:353_5hod_A_1.meme	DONE
TFS_tr_Q9UFH1_Q9UFH1_HUMAN:2:101_5ei9_E_1.meme	DONE
DIMER_sp_P0C7X2_ZN688_HUMAN:185:230_1llm_D_1.meme	DONE
TFS_sp_Q05516_ZBT16_HUMAN:405:652_5wjq_D_1.meme	DONE
TFS_sp_Q8N5Y2_MS3L1_HUMAN:52:106_8jho_M_1.meme	DONE
TFS_tr_B4DNH5_B4DNH5_HUMAN:141:251_5ei9_E_1.meme	DONE
TFS_tr_Q6RFS3_Q6RFS3_HUMAN:35:188_2i13_A_1.meme	DONE
TFS_tr_J3KNV1_J3KNV1_HUMAN:722:799_5ke7_A_1.meme	DONE
TFS_tr_Q96F93_Q96F93_HUMAN:95:349_7w1m_H_1.meme	DONE
TFS_tr_B3KQX0_B3KQX0_HUMAN:3:181_8sst_A_1.meme	DONE
DIMER_tr_A0A1B0GV48_A0A1B0GV48_HUMAN:460:506_1llm_C_1.meme	DONE
TFS_tr_J3KT56_J3KT56_HUMAN:90:366_5v3j_E_1.meme	DONE
DIMER_tr_X5DR67_X5DR67_HUMAN:22:433_5sy7_B_1.meme	DONE
TFS_tr_Q7Z6U2_Q7Z6U2_HUMAN:13:161_7egd_P_1.meme	DONE
TFS_tr_H0YCZ0_H0YCZ0_HUMAN:251:307_1llm_D_1.meme	DONE
TFS_tr_A0A0C4DGM2_A0A0C4DGM2_HUMAN:285:395_5ei9_E_1.meme	DONE
DIMER_sp_Q96LX8_ZN597_HUMAN:210:249_1llm_C_1.meme	DONE
TFS_tr_B4DU56_B4DU56_HUMAN:333:611_5wjq_D_1.meme	DONE
TFS_sp_O94892_ZN432_HUMAN:263:536_5v3m_C_1.meme	DONE
TFS_tr_A0A994J5Q4_A0A994J5Q4_HUMAN:4:52_6u9q_A_1.meme	DONE
DIMER_sp_Q68DE3_USF3_HUMAN:20:103_8ia3_B_1.meme	DONE
DIMER_sp_Q2TB10_ZN800_HUMAN:484:538_1llm_C_1.meme	DONE
DIMER_sp_Q8IXK0_PHC2_HUMAN:195:231_6ryd_B_1.meme	DONE
DIMER_sp_Q15697_ZN174_HUMAN:352:405_1llm_D_1.meme	FAIL
DIMER_tr_B3KQX0_B3KQX0_HUMAN:71:119_1llm_C_1.meme	DONE
TFS_tr_B4DUR3_B4DUR3_HUMAN:7:61_6ogk_A_1.meme	DONE
TFS_tr_A0A0C4DGR5_A0A0C4DGR5_HUMAN:324:500_5v3j_E_1.meme	DONE
TFS_tr_S4R3U0_S4R3U0_HUMAN:254:521_5v3j_E_1.meme	DONE
TFS_sp_Q8N393_ZN786_HUMAN:574:726_2i13_A_1.meme	DONE
TFS_tr_B4DHU8_B4DHU8_HUMAN:161:340_5v3j_E_1.meme	DONE
TFS_tr_H0YNS8_H0YNS8_HUMAN:91:152_1j5n_A_1.meme	DONE
TFS_tr_Q2TB61_Q2TB61_HUMAN:761:914_2i13_A_1.meme	DONE
TFS_sp_P51858_HDGF_HUMAN:8:96_8pc6_L_1.meme	DONE
TFS_sp_Q9P2F9_ZN319_HUMAN:229:509_5v3m_C_1.meme	DONE
TFS_sp_Q8IYH5_ZZZ3_HUMAN:648:698_1h89_C_1.meme	DONE
DIMER_sp_Q86TG7_PEG10_HUMAN:4:53_6mg1_B_1.meme	DONE
DIMER_tr_Q6ZNC6_Q6ZNC6_HUMAN:191:242_1llm_D_1.meme	FAIL
TFS_tr_Q68CY6_Q68CY6_HUMAN:81:312_5v3j_E_1.meme	DONE
TFS_tr_B4DI41_B4DI41_HUMAN:387:428_3qmc_A_1.meme	DONE
TFS_tr_B3KN61_B3KN61_HUMAN:478:587_5ei9_E_1.meme	DONE
DIMER_tr_A0A669KBC9_A0A669KBC9_HUMAN:94:140_1llm_C_1.meme	DONE
DIMER_tr_D6RBC4_D6RBC4_HUMAN:460:506_1llm_C_1.meme	DONE
DIMER_sp_Q92610_ZN592_HUMAN:742:774_1llm_D_1.meme	DONE
TFS_sp_B2RPK0_HGB1A_HUMAN:9:158_6cij_N_1.meme	DONE
DIMER_sp_Q9Y467_SALL2_HUMAN:374:419_1llm_D_1.meme	DONE
DIMER_tr_A0A0A0MSL2_A0A0A0MSL2_HUMAN:97:150_1llm_C_1.meme	DONE
DIMER_sp_Q9Y462_ZN711_HUMAN:504:556_1llm_D_1.meme	DONE
DIMER_sp_Q99742_NPAS1_HUMAN:46:407_4zpk_B_1.meme	DONE
TFS_sp_Q9H4Z2_ZN335_HUMAN:496:698_5v3m_C_1.meme	DONE
TFS_tr_H0Y6F5_H0Y6F5_HUMAN:213:255_2lkx_A_1.meme	DONE
DIMER_sp_Q8IUM7_NPAS4_HUMAN:3:197_7xhv_B_1.meme	DONE
TFS_tr_Q9H942_Q9H942_HUMAN:198:474_5v3j_E_1.meme	DONE
TFS_tr_A0A1B0GTU5_A0A1B0GTU5_HUMAN:625:746_1kqq_A_1.meme	DONE
DIMER_tr_Q4KMQ4_Q4KMQ4_HUMAN:942:992_1llm_C_1.meme	DONE
TFS_sp_Q05516_ZBT16_HUMAN:457:600_6ml7_A_1.meme	DONE
DIMER_sp_Q14582_MAD4_HUMAN:55:133_8ia3_B_1.meme	DONE
DIMER_tr_A0A0C4DGB4_A0A0C4DGB4_HUMAN:272:323_1llm_D_1.meme	DONE
DIMER_sp_Q9ULJ3_ZBT21_HUMAN:544:598_1llm_C_1.meme	DONE
TFS_tr_B3KTR1_B3KTR1_HUMAN:157:310_2i13_A_1.meme	DONE
TFS_tr_A8K8A2_A8K8A2_HUMAN:274:469_5v3j_E_1.meme	DONE
DIMER_tr_A0A8V8TLT3_A0A8V8TLT3_HUMAN:320:368_1llm_D_1.meme	DONE
TFS_tr_K7EN16_K7EN16_HUMAN:3:127_2i13_A_1.meme	DONE
TFS_tr_A0A0C4DGQ9_A0A0C4DGQ9_HUMAN:131:200_2i13_A_1.meme	DONE
TFS_tr_H3BRD6_H3BRD6_HUMAN:92:150_5kkq_A_1.meme	DONE
TFS_tr_J3KPG5_J3KPG5_HUMAN:514:619_7fhj_B_1.meme	DONE
TFS_tr_B4DI41_B4DI41_HUMAN:387:428_3qmi_A_1.meme	DONE
DIMER_tr_E7EUW9_E7EUW9_HUMAN:309:357_1llm_C_1.meme	DONE
DIMER_tr_B3KXA1_B3KXA1_HUMAN:236:282_1llm_D_1.meme	DONE
DIMER_tr_A0A2R8Y6X0_A0A2R8Y6X0_HUMAN:543:581_3d1n_L_1.meme	DONE
TFS_tr_A8K3P5_A8K3P5_HUMAN:437:713_5v3j_E_1.meme	DONE
DIMER_tr_M0R186_M0R186_HUMAN:109:160_1llm_D_1.meme	DONE
DIMER_tr_A0A0C4DGM2_A0A0C4DGM2_HUMAN:370:418_1llm_D_1.meme	DONE
TFS_tr_A0A8V8TMG8_A0A8V8TMG8_HUMAN:187:331_2i13_A_1.meme	DONE
TFS_tr_G5EA50_G5EA50_HUMAN:81:123_5ke9_A_1.meme	DONE
TFS_tr_Q59GL0_Q59GL0_HUMAN:413:519_2jp9_A_1.meme	DONE
DIMER_sp_Q14584_ZN266_HUMAN:349:398_1llm_D_1.meme	FAIL
DIMER_tr_Q8IYR9_Q8IYR9_HUMAN:95:150_2ypa_A_1.meme	DONE
DIMER_tr_E5RH37_E5RH37_HUMAN:906:956_1llm_C_1.meme	FAIL
TFS_tr_C9J6L6_C9J6L6_HUMAN:229:339_5ei9_E_1.meme	DONE
TFS_tr_Q68CP0_Q68CP0_HUMAN:1865:2003_8sss_A_1.meme	DONE
DIMER_sp_O94892_ZN432_HUMAN:511:550_1llm_D_1.meme	DONE
DIMER_tr_A0A2R8YDQ8_A0A2R8YDQ8_HUMAN:43:62_1llm_C_1.meme	DONE
TFS_tr_H0Y7H8_H0Y7H8_HUMAN:1172:1257_2oeh_A_1.meme	DONE
TFS_tr_A0A804HJ45_A0A804HJ45_HUMAN:447:680_5v3j_E_1.meme	DONE
DIMER_tr_E7EX64_E7EX64_HUMAN:223:275_1llm_D_1.meme	DONE
TFS_tr_O14913_O14913_HUMAN:174:327_2i13_A_1.meme	DONE
TFS_tr_X5D7M0_X5D7M0_HUMAN:21:417_4zpk_B_1.meme	DONE
DIMER_sp_Q7Z340_ZN551_HUMAN:473:524_1llm_D_1.meme	DONE
DIMER_sp_Q2M218_ZN630_HUMAN:457:508_1llm_D_1.meme	DONE
TFS_tr_B4DP29_B4DP29_HUMAN:254:407_2i13_A_1.meme	DONE
TFS_tr_A0A0A0MS90_A0A0A0MS90_HUMAN:7:61_6ogk_A_1.meme	DONE
TFS_tr_H0YNS8_H0YNS8_HUMAN:100:154_3tmm_A_1.meme	DONE
TFS_tr_Q59FE4_Q59FE4_HUMAN:167:443_5v3j_E_1.meme	DONE
TFS_tr_A0A994J5C6_A0A994J5C6_HUMAN:132:180_4is1_C_1.meme	DONE
DIMER_sp_Q14190_SIM2_HUMAN:2:332_8osl_N_1.meme	DONE
TFS_tr_Q9UFH1_Q9UFH1_HUMAN:2:101_5egb_A_1.meme	DONE
TFS_tr_A0A804HIC1_A0A804HIC1_HUMAN:372:484_6ml6_A_1.meme	DONE
DIMER_tr_C9JLX5_C9JLX5_HUMAN:533:584_1llm_D_1.meme	FAIL
TFS_tr_Q7Z4W9_Q7Z4W9_HUMAN:95:151_1mdy_B_1.meme	FAIL
DIMER_sp_Q96T92_INSM2_HUMAN:470:489_1llm_D_1.meme	DONE
TFS_tr_B4DES6_B4DES6_HUMAN:334:361_6df5_A_1.meme	DONE
TFS_tr_B3KQJ6_B3KQJ6_HUMAN:148:424_5v3j_E_1.meme	DONE
TFS_tr_A8K8Q0_A8K8Q0_HUMAN:626:666_1gt0_C_1.meme	DONE
TFS_sp_Q9BT49_THAP7_HUMAN:58:93_2ko0_A_1.meme	DONE
TFS_tr_A8K6T5_A8K6T5_HUMAN:373:628_6w5n_D_1.meme	DONE
TFS_tr_F8WEL6_F8WEL6_HUMAN:427:580_2i13_A_1.meme	DONE
DIMER_sp_P0DV77_TPRX2_HUMAN:18:77_1puf_A_1.meme	DONE
DIMER_sp_Q96MR9_ZN560_HUMAN:709:758_1llm_D_1.meme	FAIL
TFS_tr_A0A1U9X8X7_A0A1U9X8X7_HUMAN:424:577_2i13_A_1.meme	DONE
DIMER_sp_P51508_ZNF81_HUMAN:580:631_1llm_C_1.meme	FAIL
DIMER_tr_X5D985_X5D985_HUMAN:122:378_8osl_N_1.meme	FAIL
TFS_tr_B9EGE7_B9EGE7_HUMAN:641:786_8sss_A_1.meme	DONE
TFS_tr_B4DPE6_B4DPE6_HUMAN:95:118_1ubd_C_1.meme	DONE
TFS_tr_A0A494C069_A0A494C069_HUMAN:128:271_2i13_A_1.meme	DONE
TFS_tr_E5RGL7_E5RGL7_HUMAN:372:394_6e94_A_1.meme	DONE
TFS_tr_F8VU39_F8VU39_HUMAN:542:647_7fhj_A_1.meme	DONE
DIMER_tr_Q32MK9_Q32MK9_HUMAN:16:65_1llm_D_1.meme	DONE
TFS_tr_A8K601_A8K601_HUMAN:214:407_5wjq_D_1.meme	DONE
TFS_tr_Q59HH0_Q59HH0_HUMAN:92:137_8iue_V_1.meme	DONE
TFS_tr_Q4KMQ4_Q4KMQ4_HUMAN:914:1027_5t0u_A_1.meme	DONE
DIMER_tr_F8W7M8_F8W7M8_HUMAN:894:944_1llm_C_1.meme	DONE
TFS_tr_X6RBL6_X6RBL6_HUMAN:147:204_3c2i_A_1.meme	DONE
TFS_tr_Q6RFS3_Q6RFS3_HUMAN:23:295_5wjq_D_1.meme	DONE
TFS_tr_Q96F93_Q96F93_HUMAN:77:353_5v3j_E_1.meme	DONE
DIMER_tr_E7EVZ1_E7EVZ1_HUMAN:2552:2636_3l1p_B_1.meme	DONE
TFS_tr_Q5EBM5_Q5EBM5_HUMAN:174:220_4nnu_A_1.meme	DONE
DIMER_sp_Q86UD4_ZN329_HUMAN:369:420_1llm_D_1.meme	DONE
TFS_tr_E5RH37_E5RH37_HUMAN:805:990_8sss_A_1.meme	DONE
TFS_tr_B4DJE4_B4DJE4_HUMAN:65:216_2i13_A_1.meme	DONE
DIMER_tr_J9JID5_J9JID5_HUMAN:537:586_1llm_C_1.meme	DONE
TFS_tr_A0A0S2Z4L6_A0A0S2Z4L6_HUMAN:315:451_2i13_A_1.meme	DONE
TFS_tr_Q6ZND3_Q6ZND3_HUMAN:277:553_5v3m_C_1.meme	DONE
TFS_tr_B4DFU5_B4DFU5_HUMAN:268:421_2i13_A_1.meme	DONE
TFS_tr_Q4KMQ4_Q4KMQ4_HUMAN:841:1026_8sst_A_1.meme	DONE
TFS_tr_B5MDS3_B5MDS3_HUMAN:115:138_6ml2_A_1.meme	DONE
DIMER_tr_A0A0S2Z4K5_A0A0S2Z4K5_HUMAN:107:178_1a6y_B_1.meme	DONE
TFS_sp_Q96KM6_Z512B_HUMAN:539:661_8ffz_A_1.meme	DONE
TFS_tr_A0A8I5QKX4_A0A8I5QKX4_HUMAN:613:770_2i13_A_1.meme	DONE
TFS_tr_Q05BW2_Q05BW2_HUMAN:59:158_8ia3_A_1.meme	DONE
TFS_tr_Q59G67_Q59G67_HUMAN:58:356_7w1m_H_1.meme	DONE
DIMER_sp_Q14586_ZN267_HUMAN:574:625_1llm_D_1.meme	DONE
TFS_tr_E5RG39_E5RG39_HUMAN:123:204_5v3m_C_1.meme	DONE
TFS_sp_Q9BSG1_ZNF2_HUMAN:161:392_5v3m_C_1.meme	DONE
DIMER_tr_B3KPY4_B3KPY4_HUMAN:218:255_4auw_B_1.meme	DONE
DIMER_sp_Q9UJW7_ZN229_HUMAN:459:510_1llm_D_1.meme	DONE
TFS_tr_A0A0C4DGM2_A0A0C4DGM2_HUMAN:246:450_5v3j_E_1.meme	DONE
DIMER_tr_A0A7I2PK40_A0A7I2PK40_HUMAN:35:273_5v0l_B_1.meme	FAIL
DIMER_tr_Q59EH4_Q59EH4_HUMAN:349:397_1llm_D_1.meme	DONE
TFS_sp_Q9NP66_HM20A_HUMAN:103:170_4qr9_B_1.meme	FAIL
TFS_tr_A0A0S2Z4K4_A0A0S2Z4K4_HUMAN:248:385_5v3m_C_1.meme	DONE
TFS_tr_B3KQ07_B3KQ07_HUMAN:161:334_5yef_A_1.meme	DONE
TFS_tr_E7EVG2_E7EVG2_HUMAN:212:280_8hai_K_1.meme	DONE
TFS_tr_Q6X7T3_Q6X7T3_HUMAN:161:392_5wjq_D_1.meme	DONE
DIMER_sp_Q9Y6X8_ZHX2_HUMAN:636:684_1fjl_B_1.meme	DONE
DIMER_sp_Q9Y2D1_ATF5_HUMAN:213:261_1s9k_E_1.meme	FAIL
TFS_tr_A0A0C4DGQ3_A0A0C4DGQ3_HUMAN:142:404_5wjq_D_1.meme	DONE
DIMER_tr_A0A0S2Z4K5_A0A0S2Z4K5_HUMAN:171:260_3dzy_D_1.meme	DONE
DIMER_tr_E5RG39_E5RG39_HUMAN:151:202_1llm_C_1.meme	FAIL
TFS_tr_B4DES6_B4DES6_HUMAN:334:361_6dfb_A_1.meme	DONE
DIMER_sp_Q9Y2P0_ZN835_HUMAN:136:184_1llm_D_1.meme	DONE
DIMER_tr_B4DS85_B4DS85_HUMAN:95:151_1mdy_B_1.meme	FAIL
DIMER_sp_Q8WTR7_ZN473_HUMAN:700:751_1llm_D_1.meme	DONE
TFS_tr_X5D2Q4_X5D2Q4_HUMAN:154:410_8osl_N_1.meme	DONE
TFS_tr_B7Z959_B7Z959_HUMAN:76:107_6wmi_A_1.meme	DONE
TFS_tr_A0A0C4DGQ3_A0A0C4DGQ3_HUMAN:146:407_5v3j_E_1.meme	DONE
TFS_tr_V9HW07_V9HW07_HUMAN:229:505_5v3j_E_1.meme	DONE
TFS_tr_A0A087WVZ7_A0A087WVZ7_HUMAN:631:784_2i13_A_1.meme	DONE
DIMER_tr_A0A090N8E5_A0A090N8E5_HUMAN:276:318_2hdd_A_1.meme	DONE
TFS_tr_C9K0F2_C9K0F2_HUMAN:234:503_5v3m_C_1.meme	DONE
TFS_tr_A0A669KB50_A0A669KB50_HUMAN:59:89_4mhg_A_1.meme	DONE
TFS_tr_C0IMW8_C0IMW8_HUMAN:48:115_6hc3_A_1.meme	DONE
TFS_tr_A0A090N7S8_A0A090N7S8_HUMAN:452:562_5ei9_E_1.meme	DONE
DIMER_sp_Q68DE3_USF3_HUMAN:17:72_7d8t_B_1.meme	DONE
TFS_tr_K7EKT4_K7EKT4_HUMAN:751:802_4is1_C_1.meme	DONE
TFS_tr_A8K7Y5_A8K7Y5_HUMAN:891:1040_2i13_A_1.meme	DONE
DIMER_tr_A0A0C4DGQ9_A0A0C4DGQ9_HUMAN:150:191_1llm_D_1.meme	DONE
TFS_tr_A0A8V8TMC2_A0A8V8TMC2_HUMAN:374:457_6ml6_A_1.meme	DONE
DIMER_tr_E9PB28_E9PB28_HUMAN:67:124_4ati_A_1.meme	DONE
TFS_sp_Q86U86_PB1_HUMAN:212:280_8hag_K_1.meme	DONE
TFS_tr_X6RBL6_X6RBL6_HUMAN:147:204_5bt2_A_1.meme	DONE
DIMER_tr_A0A090N8E5_A0A090N8E5_HUMAN:272:315_4j19_B_1.meme	DONE
DIMER_tr_Q7Z4W9_Q7Z4W9_HUMAN:95:149_7z5k_B_1.meme	DONE
TFS_tr_A8K654_A8K654_HUMAN:336:377_3qmi_A_1.meme	DONE
TFS_tr_A0A804HJ45_A0A804HJ45_HUMAN:443:676_5wjq_D_1.meme	DONE
TFS_tr_C9JVC3_C9JVC3_HUMAN:316:592_5v3m_C_1.meme	DONE
DIMER_sp_Q99742_NPAS1_HUMAN:142:198_8osl_N_1.meme	DONE
DIMER_tr_A0A669KBJ7_A0A669KBJ7_HUMAN:843:881_3d1n_L_1.meme	DONE
DIMER_sp_Q99742_NPAS1_HUMAN:46:420_5sy7_B_1.meme	DONE
TFS_tr_M0QY24_M0QY24_HUMAN:191:466_5v3j_E_1.meme	DONE
DIMER_sp_O43711_TLX3_HUMAN:168:224_2r5z_A_1.meme	DONE
TFS_tr_B3KNX6_B3KNX6_HUMAN:95:151_2ql2_B_1.meme	DONE
DIMER_sp_Q494X3_ZN404_HUMAN:493:546_1llm_C_1.meme	FAIL
DIMER_sp_P17031_ZNF26_HUMAN:369:417_1llm_D_1.meme	DONE
TFS_tr_S4R3U0_S4R3U0_HUMAN:194:474_5wjq_D_1.meme	DONE
TFS_sp_Q8WW32_HMGB4_HUMAN:9:153_6cij_N_1.meme	DONE
TFS_tr_H0YLN6_H0YLN6_HUMAN:71:95_8sst_A_1.meme	DONE
DIMER_sp_Q9HCC6_HES4_HUMAN:33:93_1an4_B_1.meme	FAIL
TFS_tr_Q6RFR7_Q6RFR7_HUMAN:1:248_5v3m_C_1.meme	DONE
TFS_tr_B4DXY4_B4DXY4_HUMAN:425:569_6ml7_A_1.meme	DONE
DIMER_tr_Q96N48_Q96N48_HUMAN:182:231_1llm_C_1.meme	DONE
DIMER_tr_Q3LIC1_Q3LIC1_HUMAN:120:168_1llm_D_1.meme	DONE
DIMER_tr_A0A090N8E5_A0A090N8E5_HUMAN:272:318_1fjl_A_1.meme	DONE
TFS_sp_Q5T7W0_ZN618_HUMAN:147:170_6ml7_A_1.meme	DONE
DIMER_tr_Q9UHQ8_Q9UHQ8_HUMAN:240:343_7x5e_B_1.meme	DONE
TFS_tr_Q8N506_Q8N506_HUMAN:30:225_5v3j_E_1.meme	DONE
DIMER_sp_Q7RTU7_SCX_HUMAN:76:127_7z5i_B_1.meme	DONE
TFS_tr_H7BXP3_H7BXP3_HUMAN:367:664_7w1m_H_1.meme	DONE
TFS_tr_Q8N506_Q8N506_HUMAN:29:223_5wjq_D_1.meme	DONE
TFS_tr_Q32MK9_Q32MK9_HUMAN:4:68_6ml3_A_1.meme	DONE
DIMER_tr_D2CFI5_D2CFI5_HUMAN:60:119_1puf_A_1.meme	DONE
TFS_tr_H0Y6F5_H0Y6F5_HUMAN:331:375_1k61_B_1.meme	DONE
DIMER_tr_A4D178_A4D178_HUMAN:535:638_7x5g_B_1.meme	DONE
TFS_tr_Q6RFR7_Q6RFR7_HUMAN:1:248_5wjq_D_1.meme	DONE
TFS_tr_Q6PJR5_Q6PJR5_HUMAN:242:258_8pc6_K_1.meme	DONE
TFS_sp_Q8TF50_ZN526_HUMAN:304:550_5v3j_E_1.meme	DONE
TFS_tr_B3KPY4_B3KPY4_HUMAN:182:377_5wjq_D_1.meme	DONE
TFS_tr_E9PES6_E9PES6_HUMAN:11:153_5zdz_N_1.meme	DONE
TFS_tr_K7EN48_K7EN48_HUMAN:2:112_5v3j_E_1.meme	DONE
DIMER_sp_P51522_ZNF83_HUMAN:315:388_1llm_C_1.meme	DONE
TFS_tr_A8K2T5_A8K2T5_HUMAN:470:523_3uk3_D_1.meme	DONE
TFS_tr_B3KVF1_B3KVF1_HUMAN:129:360_5wjq_D_1.meme	DONE
DIMER_sp_Q8N393_ZN786_HUMAN:423:472_1llm_D_1.meme	FAIL
TFS_tr_A0A286R9D9_A0A286R9D9_HUMAN:1:136_5ze2_N_1.meme	DONE
TFS_tr_A0A286R9D9_A0A286R9D9_HUMAN:1:137_6cij_N_1.meme	DONE
DIMER_tr_B3KRH5_B3KRH5_HUMAN:248:299_1llm_D_1.meme	FAIL
TFS_tr_B4DLS2_B4DLS2_HUMAN:135:413_5wjq_D_1.meme	DONE
TFS_tr_A0A0C4DGQ9_A0A0C4DGQ9_HUMAN:129:200_6ml6_A_1.meme	DONE
TFS_tr_A0A7P0N7C4_A0A7P0N7C4_HUMAN:1620:1843_5wjq_D_1.meme	DONE
TFS_tr_A8K3T5_A8K3T5_HUMAN:498:550_4is1_D_1.meme	DONE
TFS_tr_C9JE98_C9JE98_HUMAN:614:650_3zqc_A_1.meme	DONE
DIMER_sp_Q8N895_ZN366_HUMAN:502:556_1llm_C_1.meme	DONE
TFS_tr_E9PES6_E9PES6_HUMAN:9:153_6cij_N_1.meme	DONE
TFS_tr_B7Z6M2_B7Z6M2_HUMAN:356:632_5v3j_E_1.meme	DONE
DIMER_tr_Q60F94_Q60F94_HUMAN:280:328_1llm_C_1.meme	FAIL
TFS_tr_K7EQN6_K7EQN6_HUMAN:751:803_3uk3_D_1.meme	DONE
DIMER_tr_A8K8Q0_A8K8Q0_HUMAN:626:666_1hf0_B_1.meme	DONE
TFS_tr_A0A6E1W9L1_A0A6E1W9L1_HUMAN:424:479_5und_A_1.meme	DONE
DIMER_sp_Q9NX65_ZSC32_HUMAN:575:626_1llm_D_1.meme	FAIL
TFS_tr_Q6X7T3_Q6X7T3_HUMAN:210:363_2i13_A_1.meme	DONE
TFS_tr_K7EKT4_K7EKT4_HUMAN:751:802_3uk3_C_1.meme	DONE
TFS_tr_A0A8V8TLT3_A0A8V8TLT3_HUMAN:296:403_6ml2_A_1.meme	DONE
DIMER_tr_B4DMI8_B4DMI8_HUMAN:353:401_1llm_C_1.meme	FAIL
TFS_tr_B3KQ07_B3KQ07_HUMAN:151:334_5wjq_D_1.meme	DONE
TFS_tr_B4DFU5_B4DFU5_HUMAN:202:478_5v3j_E_1.meme	DONE
TFS_tr_A0A669KB72_A0A669KB72_HUMAN:345:399_5ef6_A_1.meme	DONE
DIMER_sp_Q86UE3_ZN546_HUMAN:720:767_1llm_D_1.meme	DONE
TFS_sp_O14497_ARI1A_HUMAN:1030:1114_2oeh_A_1.meme	DONE
TFS_tr_E7ESY4_E7ESY4_HUMAN:288:314_3osf_A_1.meme	DONE
TFS_tr_A0A669KBC9_A0A669KBC9_HUMAN:105:144_1ubd_C_1.meme	DONE
TFS_tr_Q59FE4_Q59FE4_HUMAN:289:442_2i13_A_1.meme	DONE
TFS_tr_B4DPE6_B4DPE6_HUMAN:102:117_8cuc_F_1.meme	DONE
TFS_tr_H0Y9S1_H0Y9S1_HUMAN:11:127_5eh2_F_1.meme	DONE
TFS_tr_A0A0C4DGP9_A0A0C4DGP9_HUMAN:363:516_2i13_A_1.meme	DONE
TFS_tr_A0A090N7T3_A0A090N7T3_HUMAN:95:150_2ypa_A_1.meme	DONE
TFS_tr_B7Z5S2_B7Z5S2_HUMAN:233:386_2i13_A_1.meme	DONE
TFS_sp_Q86T29_ZN605_HUMAN:224:500_5v3j_E_1.meme	DONE
DIMER_tr_A0A669KB72_A0A669KB72_HUMAN:253:301_2hot_A_1.meme	DONE
TFS_sp_Q96JM2_ZN462_HUMAN:1968:2106_8sss_A_1.meme	DONE
TFS_sp_Q8IYH5_ZZZ3_HUMAN:655:698_1mse_C_1.meme	DONE
TFS_tr_A0A8I5KRB5_A0A8I5KRB5_HUMAN:569:842_5v3m_C_1.meme	DONE
TFS_tr_A0AAQ5BIH9_A0AAQ5BIH9_HUMAN:180:379_5v3m_C_1.meme	DONE
DIMER_sp_Q13398_ZN211_HUMAN:395:446_1llm_D_1.meme	FAIL
TFS_tr_Q6RFR5_Q6RFR5_HUMAN:13:123_5ei9_E_1.meme	DONE
TFS_tr_A0A8Q3SI57_A0A8Q3SI57_HUMAN:1100:1120_6wmi_A_1.meme	DONE
DIMER_sp_Q5TGS1_HES3_HUMAN:2:47_8osl_O_1.meme	DONE
TFS_tr_K7EQN6_K7EQN6_HUMAN:751:802_4is1_C_1.meme	DONE
DIMER_tr_B2RBM8_B2RBM8_HUMAN:771:810_3hdd_A_1.meme	DONE
TFS_tr_A0A8V8TMC2_A0A8V8TMC2_HUMAN:376:457_6ml2_A_1.meme	DONE
DIMER_sp_Q7Z398_ZN550_HUMAN:313:364_1llm_D_1.meme	FAIL
TFS_tr_H7C1K8_H7C1K8_HUMAN:2:35_1f2i_H_1.meme	DONE
DIMER_tr_M0QY24_M0QY24_HUMAN:694:741_1llm_D_1.meme	FAIL
TFS_tr_Q9H686_Q9H686_HUMAN:227:342_5ei9_E_1.meme	DONE
DIMER_sp_A6NFD8_HELT_HUMAN:14:62_8osk_N_1.meme	DONE
TFS_tr_A0A8I5KRB5_A0A8I5KRB5_HUMAN:569:842_5v3j_E_1.meme	DONE
DIMER_sp_Q6N043_Z280D_HUMAN:390:441_1llm_C_1.meme	DONE
TFS_tr_H0Y5B5_H0Y5B5_HUMAN:156:224_8hak_N_1.meme	DONE
DIMER_sp_O95125_ZN202_HUMAN:590:640_1llm_D_1.meme	DONE
DIMER_sp_Q8IUM7_NPAS4_HUMAN:4:333_7xi4_B_1.meme	DONE
DIMER_sp_Q8IXF0_NPAS3_HUMAN:52:448_5sy7_B_1.meme	DONE
TFS_tr_D6RA71_D6RA71_HUMAN:150:188_8gui_L_1.meme	DONE
TFS_tr_A0A994J6Y5_A0A994J6Y5_HUMAN:21:77_8h7a_B_1.meme	DONE
DIMER_sp_Q9BW11_MAD3_HUMAN:59:158_8ia3_A_1.meme	FAIL
TFS_sp_Q96T92_INSM2_HUMAN:263:313_6e94_A_1.meme	DONE
TFS_tr_Q96N48_Q96N48_HUMAN:158:234_5ei9_E_1.meme	DONE
TFS_tr_Q32MK9_Q32MK9_HUMAN:4:68_6ml4_A_1.meme	DONE
TFS_tr_A0A669KBK7_A0A669KBK7_HUMAN:89:369_5wjq_D_1.meme	DONE
DIMER_tr_Q8N9U5_Q8N9U5_HUMAN:120:174_1llm_D_1.meme	FAIL
TFS_tr_H3BVG7_H3BVG7_HUMAN:92:150_5t00_A_1.meme	DONE
TFS_tr_H0YLZ7_H0YLZ7_HUMAN:29:304_5wjq_D_1.meme	DONE
DIMER_sp_Q96BV0_ZN775_HUMAN:472:535_1llm_D_1.meme	FAIL
TFS_sp_Q6ZN18_AEBP2_HUMAN:315:357_1tf3_A_1.meme	DONE
TFS_tr_A0AAQ5BH52_A0AAQ5BH52_HUMAN:60:105_8iue_V_1.meme	DONE
DIMER_sp_Q7RTU4_BHA09_HUMAN:66:122_6od4_B_1.meme	FAIL
DIMER_tr_A0A8I5KRB5_A0A8I5KRB5_HUMAN:705:753_1llm_D_1.meme	FAIL
TFS_tr_Q6P579_Q6P579_HUMAN:146:256_5ei9_E_1.meme	DONE
TFS_tr_B3KUA7_B3KUA7_HUMAN:292:570_5wjq_D_1.meme	DONE
TFS_sp_Q8TF50_ZN526_HUMAN:304:550_5v3m_C_1.meme	DONE
DIMER_tr_B4DFD9_B4DFD9_HUMAN:372:417_1llm_D_1.meme	DONE
TFS_tr_B7Z4R7_B7Z4R7_HUMAN:162:437_5v3m_C_1.meme	DONE
TFS_sp_Q96E29_MTEF3_HUMAN:187:365_5co0_O_1.meme	DONE
DIMER_sp_Q5SVQ8_ZBT41_HUMAN:601:655_1llm_C_1.meme	FAIL
DIMER_tr_Q7KYZ0_Q7KYZ0_HUMAN:38:99_8ifo_A_1.meme	DONE
TFS_tr_A0A0A0MTE9_A0A0A0MTE9_HUMAN:126:179_8h9h_G_1.meme	DONE
TFS_tr_Q6PJR5_Q6PJR5_HUMAN:242:258_8pep_K_1.meme	DONE
TFS_tr_Q9NV05_Q9NV05_HUMAN:148:424_5v3m_C_1.meme	DONE
DIMER_tr_B3KNX6_B3KNX6_HUMAN:95:150_2ypb_A_1.meme	DONE
TFS_tr_B4DGQ9_B4DGQ9_HUMAN:189:458_5wjq_D_1.meme	DONE
TFS_tr_B4DFT8_B4DFT8_HUMAN:228:287_6ml2_A_1.meme	DONE
DIMER_tr_A0A090N7T3_A0A090N7T3_HUMAN:95:150_2ypa_A_1.meme	DONE
DIMER_tr_X5DRK2_X5DRK2_HUMAN:30:180_5nj8_A_1.meme	DONE
DIMER_sp_P12524_MYCL_HUMAN:285:359_5gnj_G_1.meme	FAIL
TFS_tr_B4DGQ9_B4DGQ9_HUMAN:215:472_5v3m_C_1.meme	DONE
TFS_tr_B4DNQ8_B4DNQ8_HUMAN:68:178_5ei9_E_1.meme	DONE
DIMER_tr_Q59EZ8_Q59EZ8_HUMAN:292:343_1llm_D_1.meme	DONE
DIMER_tr_M0R2M9_M0R2M9_HUMAN:91:138_7z5k_B_1.meme	DONE
TFS_tr_K7EM32_K7EM32_HUMAN:89:137_7ysf_A_1.meme	DONE
TFS_sp_Q9P215_POGK_HUMAN:195:231_2glo_A_1.meme	DONE
DIMER_tr_F8VPL6_F8VPL6_HUMAN:179:223_2hap_D_1.meme	DONE
DIMER_tr_H0Y9S1_H0Y9S1_HUMAN:76:131_1llm_D_1.meme	FAIL
TFS_tr_H3BS68_H3BS68_HUMAN:134:192_5k5h_A_1.meme	DONE
TFS_tr_B3KNB1_B3KNB1_HUMAN:83:359_5v3j_E_1.meme	DONE
TFS_tr_B7Z9P6_B7Z9P6_HUMAN:362:389_5vmv_A_1.meme	DONE
TFS_tr_F8VU39_F8VU39_HUMAN:542:647_7mwh_A_1.meme	DONE
TFS_sp_C9JSJ3_MEIOS_HUMAN:541:602_4s2q_D_1.meme	DONE
TFS_tr_B4DNH5_B4DNH5_HUMAN:66:335_5v3m_C_1.meme	DONE
TFS_tr_X5D9I7_X5D9I7_HUMAN:22:435_5sy7_B_1.meme	DONE
TFS_tr_A0A3B3IT59_A0A3B3IT59_HUMAN:52:106_8hy0_M_1.meme	DONE
TFS_tr_A0A0C4DGQ9_A0A0C4DGQ9_HUMAN:129:200_6ml7_A_1.meme	DONE
TFS_tr_A8K1G6_A8K1G6_HUMAN:238:514_5v3m_C_1.meme	DONE
DIMER_tr_A8K8Q0_A8K8Q0_HUMAN:622:666_1apl_C_1.meme	DONE
TFS_sp_Q86WZ6_ZN227_HUMAN:435:711_5v3j_E_1.meme	DONE
DIMER_tr_B3KNK7_B3KNK7_HUMAN:449:500_1llm_C_1.meme	FAIL
TFS_tr_Q9BY29_Q9BY29_HUMAN:49:327_5wjq_D_1.meme	DONE
DIMER_tr_Q6RFS1_Q6RFS1_HUMAN:67:116_1llm_D_1.meme	FAIL
TFS_tr_B3KQ42_B3KQ42_HUMAN:289:405_6ml6_A_1.meme	DONE
DIMER_sp_Q96MX3_ZNF48_HUMAN:301:349_1llm_D_1.meme	FAIL
DIMER_sp_P0CG24_ZN883_HUMAN:235:286_1llm_D_1.meme	DONE
TFS_tr_J3KNV1_J3KNV1_HUMAN:718:827_5eh2_F_1.meme	DONE
DIMER_tr_B4DRP8_B4DRP8_HUMAN:332:383_1llm_D_1.meme	DONE
TFS_tr_H0YM09_H0YM09_HUMAN:49:75_4is1_D_1.meme	DONE
TFS_tr_A0A8V8TMG8_A0A8V8TMG8_HUMAN:138:402_5wjq_D_1.meme	DONE
TFS_sp_Q7Z6K1_THAP5_HUMAN:1:84_2ko0_A_1.meme	DONE
TFS_tr_D6RC96_D6RC96_HUMAN:367:435_7txc_E_1.meme	DONE
TFS_sp_O95983_MBD3_HUMAN:6:52_5bt2_A_1.meme	DONE
TFS_sp_Q96JF6_ZN594_HUMAN:376:670_7w1m_H_1.meme	DONE
DIMER_tr_Q8IW09_Q8IW09_HUMAN:851:900_1llm_D_1.meme	DONE
TFS_tr_H0YM09_H0YM09_HUMAN:49:74_4is1_C_1.meme	DONE
TFS_sp_Q6ZN19_ZN841_HUMAN:256:532_5v3m_C_1.meme	DONE
TFS_tr_X5D2Q4_X5D2Q4_HUMAN:52:448_5sy7_B_1.meme	DONE
DIMER_tr_Q59FE4_Q59FE4_HUMAN:334:407_1llm_D_1.meme	DONE
TFS_tr_A8K8K6_A8K8K6_HUMAN:327:478_2i13_A_1.meme	DONE
TFS_sp_Q6ZN19_ZN841_HUMAN:602:755_2i13_A_1.meme	DONE
TFS_tr_Q96JS8_Q96JS8_HUMAN:6:207_5v3j_E_1.meme	DONE
DIMER_sp_Q8IUM7_NPAS4_HUMAN:69:135_5nj8_A_1.meme	DONE
TFS_tr_M0R1P0_M0R1P0_HUMAN:234:509_5v3j_E_1.meme	DONE
TFS_tr_C9IYV0_C9IYV0_HUMAN:72:139_5v3j_E_1.meme	DONE
TFS_tr_A0A8Q3SIT7_A0A8Q3SIT7_HUMAN:280:389_5ei9_E_1.meme	DONE
TFS_tr_Q6DHZ8_Q6DHZ8_HUMAN:771:809_3d1n_L_1.meme	DONE
DIMER_tr_B4DYU5_B4DYU5_HUMAN:346:392_1llm_D_1.meme	FAIL
TFS_tr_Q6P579_Q6P579_HUMAN:130:283_2i13_A_1.meme	DONE
DIMER_tr_B3KUA7_B3KUA7_HUMAN:545:596_1llm_D_1.meme	DONE
TFS_tr_B4DE54_B4DE54_HUMAN:217:332_7yuk_A_1.meme	DONE
TFS_sp_C9JSJ3_MEIOS_HUMAN:541:602_4euw_A_1.meme	DONE
TFS_tr_X5D988_X5D988_HUMAN:22:418_5sy7_B_1.meme	DONE
DIMER_sp_Q96ND8_ZN583_HUMAN:294:345_1llm_D_1.meme	DONE
TFS_tr_A0A804HJ45_A0A804HJ45_HUMAN:494:648_2i13_A_1.meme	DONE
TFS_sp_Q8N9N5_BANP_HUMAN:209:324_7yuk_A_1.meme	DONE
TFS_tr_K7EN48_K7EN48_HUMAN:10:112_2i13_A_1.meme	DONE
TFS_sp_Q14586_ZN267_HUMAN:407:683_5v3m_C_1.meme	DONE
TFS_tr_X5D985_X5D985_HUMAN:20:402_4zpr_B_1.meme	DONE
DIMER_sp_Q9HAH1_ZN556_HUMAN:173:221_1llm_D_1.meme	DONE
TFS_tr_C9JE98_C9JE98_HUMAN:611:667_6vyp_L_1.meme	DONE
TFS_tr_F8VS42_F8VS42_HUMAN:58:454_5sy7_B_1.meme	DONE
TFS_tr_D6RJ09_D6RJ09_HUMAN:3:32_7xur_A_1.meme	DONE
DIMER_tr_B2RBM8_B2RBM8_HUMAN:771:810_1hdd_D_1.meme	DONE
TFS_tr_H0YLN6_H0YLN6_HUMAN:71:96_3uk3_C_1.meme	DONE
DIMER_sp_Q8WYA1_BMAL2_HUMAN:109:472_8osk_N_1.meme	FAIL
TFS_tr_B3KP07_B3KP07_HUMAN:22:77_7yun_B_1.meme	DONE
TFS_tr_Q68CP0_Q68CP0_HUMAN:1922:1998_5kkq_A_1.meme	DONE
TFS_tr_A0A8I5KRB5_A0A8I5KRB5_HUMAN:566:840_5wjq_D_1.meme	DONE
TFS_tr_M0QXU9_M0QXU9_HUMAN:256:532_5v3j_E_1.meme	DONE
TFS_tr_B4DPE6_B4DPE6_HUMAN:250:282_7dta_A_1.meme	DONE
DIMER_sp_Q9H116_GZF1_HUMAN:517:568_1llm_C_1.meme	DONE
TFS_tr_C9J0Q5_C9J0Q5_HUMAN:610:655_3osf_A_1.meme	DONE
DIMER_tr_B4DMT1_B4DMT1_HUMAN:100:151_1llm_D_1.meme	DONE
DIMER_sp_Q7RTU4_BHA09_HUMAN:66:122_6od5_B_1.meme	FAIL
TFS_sp_Q96JM2_ZN462_HUMAN:1968:2106_5t0u_A_1.meme	DONE
DIMER_tr_X5D7M0_X5D7M0_HUMAN:22:418_5sy7_B_1.meme	DONE
TFS_tr_A0A2R8YE36_A0A2R8YE36_HUMAN:101:291_5wjq_D_1.meme	DONE
TFS_tr_B7Z6K4_B7Z6K4_HUMAN:548:733_8sss_A_1.meme	DONE
TFS_tr_B2R8D6_B2R8D6_HUMAN:118:393_5v3m_C_1.meme	DONE
TFS_tr_B1ALC2_B1ALC2_HUMAN:115:138_6ml6_A_1.meme	DONE
DIMER_tr_H7BYU6_H7BYU6_HUMAN:172:223_1llm_C_1.meme	DONE
TFS_tr_A0A8I5KWX0_A0A8I5KWX0_HUMAN:361:465_5ei9_E_1.meme	DONE
TFS_tr_Q96F93_Q96F93_HUMAN:77:353_5v3m_C_1.meme	DONE
TFS_tr_A0A8V8TNA6_A0A8V8TNA6_HUMAN:290:373_5wjq_D_1.meme	DONE
TFS_tr_A8K3P5_A8K3P5_HUMAN:463:741_5wjq_D_1.meme	DONE
TFS_tr_B3KVD4_B3KVD4_HUMAN:105:200_6df8_A_1.meme	DONE
TFS_tr_A8K7J8_A8K7J8_HUMAN:184:453_5v3m_C_1.meme	DONE
DIMER_sp_Q8NAP3_ZBT38_HUMAN:1008:1059_1llm_C_1.meme	DONE
TFS_tr_Q8N692_Q8N692_HUMAN:1:154_5v3m_C_1.meme	DONE
DIMER_tr_G3V131_G3V131_HUMAN:274:322_1llm_D_1.meme	DONE
TFS_tr_H7C2H0_H7C2H0_HUMAN:324:525_6ryu_V_1.meme	DONE
DIMER_tr_A0A8V8TMG8_A0A8V8TMG8_HUMAN:251:299_1llm_D_1.meme	FAIL
DIMER_tr_A0A8Q3WKH9_A0A8Q3WKH9_HUMAN:1:41_1llm_D_1.meme	DONE
TFS_tr_A0A087X2F1_A0A087X2F1_HUMAN:157:310_2i13_A_1.meme	DONE
TFS_sp_Q96DT7_ZBT10_HUMAN:720:772_8gn4_A_1.meme	DONE
TFS_tr_A0A087WXA8_A0A087WXA8_HUMAN:276:552_5v3j_E_1.meme	DONE
TFS_tr_Q9NVM2_Q9NVM2_HUMAN:48:103_4qr9_B_1.meme	DONE
TFS_tr_A0A087X0M6_A0A087X0M6_HUMAN:398:551_2i13_A_1.meme	DONE
DIMER_sp_P52746_ZN142_HUMAN:1563:1611_1llm_C_1.meme	FAIL
TFS_tr_A0A7P0N7C4_A0A7P0N7C4_HUMAN:1623:1856_5v3m_C_1.meme	DONE
TFS_tr_B4DHU8_B4DHU8_HUMAN:176:339_2i13_A_1.meme	DONE
DIMER_sp_O75123_ZN623_HUMAN:233:284_1llm_D_1.meme	DONE
TFS_tr_F5H2K2_F5H2K2_HUMAN:36:74_3uk3_C_1.meme	DONE
TFS_tr_H0YN23_H0YN23_HUMAN:197:224_5v3m_C_1.meme	DONE
DIMER_tr_A0A669KB72_A0A669KB72_HUMAN:253:301_3hdd_A_1.meme	DONE
TFS_tr_Q9Y4S0_Q9Y4S0_HUMAN:18:232_5v3j_E_1.meme	DONE
DIMER_sp_Q8N7G0_PO5F2_HUMAN:124:192_7u0i_M_1.meme	DONE
TFS_tr_Q6P579_Q6P579_HUMAN:78:335_5v3m_C_1.meme	DONE
TFS_tr_O14913_O14913_HUMAN:134:412_5wjq_D_1.meme	DONE
TFS_tr_X6RCR8_X6RCR8_HUMAN:308:394_1kqq_A_1.meme	DONE
TFS_tr_X5D7M0_X5D7M0_HUMAN:22:404_4zpr_B_1.meme	DONE
TFS_sp_Q96KM6_Z512B_HUMAN:784:810_5k5h_A_1.meme	DONE
DIMER_sp_Q9BW11_MAD3_HUMAN:62:173_7d8t_B_1.meme	FAIL
TFS_tr_B3KM38_B3KM38_HUMAN:174:289_7yuk_A_1.meme	DONE
DIMER_sp_A9YTQ3_AHRR_HUMAN:32:175_5sy7_B_1.meme	DONE
DIMER_sp_Q5SXM1_ZN678_HUMAN:319:370_1llm_D_1.meme	FAIL
TFS_tr_B7Z4V7_B7Z4V7_HUMAN:387:441_1llm_C_1.meme	DONE
TFS_tr_B4DNH5_B4DNH5_HUMAN:66:335_5v3j_E_1.meme	DONE
DIMER_sp_Q8WXB4_ZN606_HUMAN:621:673_1llm_D_1.meme	DONE
TFS_tr_H0YA13_H0YA13_HUMAN:115:225_5ei9_E_1.meme	DONE
DIMER_tr_Q6ZMW8_Q6ZMW8_HUMAN:93:149_5hod_A_1.meme	DONE
TFS_tr_A0A087WVT1_A0A087WVT1_HUMAN:2:258_5v3m_C_1.meme	DONE
DIMER_sp_Q96NL3_ZN599_HUMAN:533:584_1llm_D_1.meme	DONE
DIMER_tr_A0A0C4DH12_A0A0C4DH12_HUMAN:106:145_1llm_D_1.meme	DONE
TFS_tr_B3KUG7_B3KUG7_HUMAN:140:416_5v3m_C_1.meme	DONE
DIMER_tr_O14913_O14913_HUMAN:304:354_1llm_D_1.meme	DONE
DIMER_tr_Q9NS42_Q9NS42_HUMAN:460:511_1llm_D_1.meme	DONE
TFS_tr_H0YCN3_H0YCN3_HUMAN:171:441_5v3j_E_1.meme	DONE
TFS_tr_Q63HJ5_Q63HJ5_HUMAN:2025:2101_5t00_A_1.meme	DONE
TFS_tr_H0YLZ7_H0YLZ7_HUMAN:30:304_5v3j_E_1.meme	DONE
TFS_tr_B4DIA1_B4DIA1_HUMAN:245:398_2i13_A_1.meme	DONE
DIMER_tr_A8K601_A8K601_HUMAN:1041:1068_1llm_C_1.meme	FAIL
DIMER_tr_H0Y5R1_H0Y5R1_HUMAN:60:424_8osl_N_1.meme	FAIL
TFS_sp_Q8N8E2_ZN513_HUMAN:358:494_2i13_A_1.meme	DONE
TFS_tr_B4DFT8_B4DFT8_HUMAN:228:287_6ml4_A_1.meme	DONE
TFS_tr_C9J0Q5_C9J0Q5_HUMAN:611:667_6vyp_N_1.meme	DONE
TFS_tr_B4DI41_B4DI41_HUMAN:384:428_3qmb_A_1.meme	DONE
TFS_tr_H3BRD6_H3BRD6_HUMAN:85:150_7ysf_A_1.meme	DONE
TFS_tr_Q9NR94_Q9NR94_HUMAN:245:521_5v3m_C_1.meme	DONE
TFS_sp_Q8N8E2_ZN513_HUMAN:362:477_5t0u_A_1.meme	DONE
TFS_sp_Q8N8E2_ZN513_HUMAN:360:494_8sst_A_1.meme	DONE
DIMER_tr_B2RB84_B2RB84_HUMAN:83:131_1llm_C_1.meme	DONE
DIMER_tr_B4DV46_B4DV46_HUMAN:127:178_1llm_D_1.meme	DONE
TFS_sp_A8MQ14_ZN850_HUMAN:430:583_2i13_A_1.meme	DONE
DIMER_tr_B4DQP4_B4DQP4_HUMAN:354:410_1llm_D_1.meme	DONE
TFS_tr_X5DR67_X5DR67_HUMAN:22:433_5sy7_B_1.meme	DONE
TFS_tr_H3BVG7_H3BVG7_HUMAN:92:150_5kkq_A_1.meme	DONE
TFS_tr_M0QY62_M0QY62_HUMAN:325:601_5v3m_C_1.meme	DONE
TFS_tr_Q6ZS01_Q6ZS01_HUMAN:317:425_5wjq_D_1.meme	DONE
DIMER_sp_Q9H4Z2_ZN335_HUMAN:1072:1121_1llm_D_1.meme	DONE
DIMER_sp_Q9NR11_ZN302_HUMAN:306:355_1llm_D_1.meme	DONE
TFS_tr_Q8IW09_Q8IW09_HUMAN:275:477_5v3m_C_1.meme	DONE
DIMER_tr_F8WEC7_F8WEC7_HUMAN:688:739_1llm_D_1.meme	FAIL
TFS_tr_C9JCJ0_C9JCJ0_HUMAN:84:163_5wjq_D_1.meme	DONE
DIMER_sp_Q9Y2H8_ZN510_HUMAN:542:593_1llm_C_1.meme	FAIL
DIMER_tr_Q8NC84_Q8NC84_HUMAN:227:278_1llm_D_1.meme	DONE
TFS_tr_B3KNB1_B3KNB1_HUMAN:83:359_5v3m_C_1.meme	DONE
TFS_tr_A0A3B3IT59_A0A3B3IT59_HUMAN:52:106_8jho_M_1.meme	DONE
DIMER_tr_B4E2P7_B4E2P7_HUMAN:301:349_1llm_D_1.meme	DONE
TFS_tr_X5DNV7_X5DNV7_HUMAN:21:415_4zpk_B_1.meme	FAIL
DIMER_tr_A0A087WXA8_A0A087WXA8_HUMAN:443:494_1llm_D_1.meme	DONE
DIMER_sp_O43151_TET3_HUMAN:72:89_1hcq_B_1.meme	DONE
DIMER_tr_E7EVZ1_E7EVZ1_HUMAN:2905:2960_3hdd_B_1.meme	DONE
DIMER_tr_X5DR67_X5DR67_HUMAN:140:419_4zpr_B_1.meme	DONE
TFS_tr_A0A0A0MTK1_A0A0A0MTK1_HUMAN:309:607_7w1m_H_1.meme	DONE
DIMER_sp_Q9H5V7_IKZF5_HUMAN:108:176_1llm_C_1.meme	DONE
DIMER_tr_A0A090N8E5_A0A090N8E5_HUMAN:276:318_3hdd_A_1.meme	DONE
TFS_tr_M0R1P0_M0R1P0_HUMAN:233:532_7w1m_H_1.meme	DONE
TFS_tr_Q658S5_Q658S5_HUMAN:312:465_2i13_A_1.meme	DONE
TFS_tr_Q9NS43_Q9NS43_HUMAN:285:438_2i13_A_1.meme	DONE
TFS_tr_B2RB84_B2RB84_HUMAN:58:166_5wjq_D_1.meme	DONE
DIMER_sp_Q9Y6X8_ZHX2_HUMAN:631:684_2hos_B_1.meme	DONE
TFS_tr_C9JVC3_C9JVC3_HUMAN:298:451_2i13_A_1.meme	DONE
TFS_tr_B3KPY4_B3KPY4_HUMAN:182:377_5v3m_C_1.meme	DONE
TFS_tr_A0A0C4DFN0_A0A0C4DFN0_HUMAN:321:430_5ei9_E_1.meme	DONE
TFS_tr_A0A669KBJ7_A0A669KBJ7_HUMAN:511:545_6dfa_A_1.meme	DONE
DIMER_tr_E9PB28_E9PB28_HUMAN:67:124_4atk_B_1.meme	DONE
TFS_tr_M0QWZ8_M0QWZ8_HUMAN:113:339_5v3j_E_1.meme	DONE
DIMER_sp_Q96IT1_ZN496_HUMAN:433:496_1llm_D_1.meme	DONE
TFS_tr_B4E1F9_B4E1F9_HUMAN:402:554_2i13_A_1.meme	DONE
DIMER_sp_Q86TG7_PEG10_HUMAN:4:53_7l4v_B_1.meme	DONE
TFS_tr_Q5T282_Q5T282_HUMAN:28:243_7zwc_b_1.meme	FAIL
DIMER_tr_E7EVZ1_E7EVZ1_HUMAN:2580:2636_5hod_A_1.meme	DONE
TFS_tr_A0A0C4DH12_A0A0C4DH12_HUMAN:92:150_5k5h_A_1.meme	DONE
TFS_tr_D6RBC4_D6RBC4_HUMAN:448:542_2lt7_A_1.meme	DONE
TFS_tr_X5DR67_X5DR67_HUMAN:140:419_4zpr_B_1.meme	DONE
DIMER_sp_Q8WYA1_BMAL2_HUMAN:104:472_8osl_N_1.meme	FAIL
DIMER_sp_Q8TD17_ZN398_HUMAN:509:560_1llm_D_1.meme	DONE
TFS_tr_Q53Z40_Q53Z40_HUMAN:287:478_5v3m_C_1.meme	DONE
TFS_tr_F5GY04_F5GY04_HUMAN:920:971_1g2f_C_1.meme	DONE
DIMER_sp_Q86TG7_PEG10_HUMAN:4:53_1h88_B_1.meme	DONE
DIMER_sp_Q9NSJ1_Z355P_HUMAN:70:118_1llm_D_1.meme	FAIL
TFS_tr_A0A994J4C0_A0A994J4C0_HUMAN:242:258_8pep_K_1.meme	DONE
DIMER_tr_A8K5C8_A8K5C8_HUMAN:369:417_1llm_D_1.meme	DONE
TFS_tr_Q68CY6_Q68CY6_HUMAN:159:311_2i13_A_1.meme	DONE
TFS_sp_Q6PCT2_FXL19_HUMAN:34:77_3qmb_A_1.meme	DONE
TFS_tr_A7MAY2_A7MAY2_HUMAN:243:388_5v3m_C_1.meme	DONE
TFS_tr_C9JCJ0_C9JCJ0_HUMAN:84:163_5v3j_E_1.meme	DONE
DIMER_tr_Q9Y5A5_Q9Y5A5_HUMAN:489:539_1llm_C_1.meme	DONE
TFS_sp_O94900_TOX_HUMAN:252:323_6cij_N_1.meme	DONE
TFS_tr_B3KY96_B3KY96_HUMAN:205:436_5wjq_D_1.meme	DONE
DIMER_tr_A0A669KBJ7_A0A669KBJ7_HUMAN:843:882_2hdd_A_1.meme	DONE
TFS_tr_F8WCU9_F8WCU9_HUMAN:19:101_1kqq_A_1.meme	DONE
DIMER_sp_Q86XU0_ZN677_HUMAN:373:424_1llm_D_1.meme	DONE
DIMER_tr_Q59G67_Q59G67_HUMAN:168:219_1llm_D_1.meme	FAIL
DIMER_tr_Q6ZMW8_Q6ZMW8_HUMAN:420:475_1au7_B_1.meme	DONE
TFS_tr_Q05BY5_Q05BY5_HUMAN:142:281_5v3j_E_1.meme	DONE
TFS_tr_G3V1M0_G3V1M0_HUMAN:236:430_5wjq_D_1.meme	DONE
TFS_tr_E7EV75_E7EV75_HUMAN:21:77_8h7a_A_1.meme	DONE
TFS_tr_B4DY71_B4DY71_HUMAN:715:825_5ei9_E_1.meme	DONE
TFS_sp_Q8N488_RYBP_HUMAN:81:105_2o9l_A_1.meme	DONE
TFS_tr_Q63HJ5_Q63HJ5_HUMAN:2025:2101_5kkq_A_1.meme	DONE
TFS_tr_E7EX64_E7EX64_HUMAN:161:340_5v3m_C_1.meme	DONE
TFS_tr_M0QY62_M0QY62_HUMAN:325:601_5v3j_E_1.meme	DONE
TFS_tr_B1ALC2_B1ALC2_HUMAN:115:138_6ml5_A_1.meme	DONE
TFS_tr_Q8NC84_Q8NC84_HUMAN:210:363_2i13_A_1.meme	DONE
TFS_tr_Q25QX8_Q25QX8_HUMAN:174:452_5wjq_D_1.meme	DONE
DIMER_tr_A0A0C4DGQ3_A0A0C4DGQ3_HUMAN:172:220_1llm_D_1.meme	DONE
TFS_tr_F5H2K2_F5H2K2_HUMAN:34:74_2i13_A_1.meme	DONE
DIMER_tr_X5D2Q4_X5D2Q4_HUMAN:51:447_4zpk_B_1.meme	DONE
DIMER_tr_B4DNQ8_B4DNQ8_HUMAN:69:118_1llm_D_1.meme	DONE
TFS_tr_M0QY24_M0QY24_HUMAN:648:801_2i13_A_1.meme	DONE
TFS_tr_A2VDJ6_A2VDJ6_HUMAN:220:496_5v3j_E_1.meme	DONE
TFS_sp_Q9C0G0_ZN407_HUMAN:1486:1747_5wjq_D_1.meme	DONE
TFS_sp_Q5T7W0_ZN618_HUMAN:146:172_2kmk_A_1.meme	DONE
TFS_tr_B4DMI8_B4DMI8_HUMAN:103:401_7w1m_H_1.meme	DONE
TFS_tr_B4DI41_B4DI41_HUMAN:387:428_3qmd_A_1.meme	DONE
TFS_tr_A0A0C4DH12_A0A0C4DH12_HUMAN:66:152_2i13_A_1.meme	DONE
TFS_tr_B4DY71_B4DY71_HUMAN:577:852_5wjq_D_1.meme	DONE
TFS_tr_B3KXA1_B3KXA1_HUMAN:249:291_1tf3_A_1.meme	DONE
TFS_tr_A0A1B0GWJ2_A0A1B0GWJ2_HUMAN:285:385_1kqq_A_1.meme	DONE
DIMER_sp_Q96JM2_ZN462_HUMAN:2052:2132_1llm_C_1.meme	DONE
DIMER_sp_A6NFI3_ZN316_HUMAN:773:822_1llm_D_1.meme	DONE
DIMER_tr_H0YLZ7_H0YLZ7_HUMAN:252:306_1llm_D_1.meme	DONE
TFS_tr_B3KQJ6_B3KQJ6_HUMAN:148:424_5v3m_C_1.meme	DONE
TFS_tr_A0A994J5Q4_A0A994J5Q4_HUMAN:2:54_3uk3_D_1.meme	DONE
DIMER_sp_P17017_ZNF14_HUMAN:473:524_1llm_D_1.meme	FAIL
TFS_tr_X5DR67_X5DR67_HUMAN:140:432_4zpk_B_1.meme	DONE
TFS_tr_Q53EM1_Q53EM1_HUMAN:333:609_5v3j_E_1.meme	DONE
DIMER_tr_G5EA50_G5EA50_HUMAN:73:119_1llm_D_1.meme	DONE
DIMER_tr_A0A1W2PQ54_A0A1W2PQ54_HUMAN:212:261_1llm_D_1.meme	DONE
TFS_tr_A8K7Y5_A8K7Y5_HUMAN:599:877_5wjq_D_1.meme	DONE
TFS_sp_C9JSJ3_MEIOS_HUMAN:541:600_6yov_L_1.meme	DONE
TFS_tr_Q05BW2_Q05BW2_HUMAN:59:135_8ots_M_1.meme	DONE
DIMER_sp_A0A1W2PPF3_DUXB_HUMAN:103:159_3a01_B_1.meme	DONE
DIMER_sp_Q9UL36_ZN236_HUMAN:535:584_1llm_C_1.meme	FAIL
DIMER_tr_A0A8Q3SIR0_A0A8Q3SIR0_HUMAN:357:408_1llm_C_1.meme	DONE
TFS_tr_A0A669KBK7_A0A669KBK7_HUMAN:94:369_5v3m_C_1.meme	DONE
DIMER_tr_Q658Q3_Q658Q3_HUMAN:125:173_1llm_D_1.meme	DONE
TFS_tr_Q05GC8_Q05GC8_HUMAN:1106:1132_6ml7_A_1.meme	DONE
TFS_tr_A7YF73_A7YF73_HUMAN:615:639_6e93_A_1.meme	DONE
TFS_sp_Q86T29_ZN605_HUMAN:178:331_2i13_A_1.meme	DONE
TFS_tr_C9J6L6_C9J6L6_HUMAN:199:367_5wjq_D_1.meme	DONE
TFS_tr_B7Z1H1_B7Z1H1_HUMAN:208:398_5v3j_E_1.meme	DONE
TFS_sp_Q96JF6_ZN594_HUMAN:357:510_2i13_A_1.meme	DONE
DIMER_tr_X5D985_X5D985_HUMAN:15:415_4zpk_B_1.meme	DONE
TFS_tr_A7MAY2_A7MAY2_HUMAN:220:388_5wjq_D_1.meme	DONE
TFS_tr_B4DNH5_B4DNH5_HUMAN:66:335_5wjq_D_1.meme	DONE
DIMER_sp_Q14582_MAD4_HUMAN:55:111_1an4_B_1.meme	DONE
DIMER_sp_Q86WZ6_ZN227_HUMAN:518:569_1llm_D_1.meme	FAIL
TFS_tr_A8K7Y5_A8K7Y5_HUMAN:573:849_5v3m_C_1.meme	DONE
TFS_tr_A0A0C4DGQ3_A0A0C4DGQ3_HUMAN:146:407_5v3m_C_1.meme	DONE
TFS_tr_F8VPL6_F8VPL6_HUMAN:116:222_5eh2_F_1.meme	DONE
TFS_tr_B3KR55_B3KR55_HUMAN:249:527_5wjq_D_1.meme	DONE
TFS_tr_H0Y4T7_H0Y4T7_HUMAN:80:106_3osg_A_1.meme	DONE
TFS_tr_A0A994J7Z0_A0A994J7Z0_HUMAN:751:802_4is1_C_1.meme	DONE
DIMER_tr_Q6NVX3_Q6NVX3_HUMAN:97:148_7z5k_B_1.meme	DONE
TFS_tr_B4DTN0_B4DTN0_HUMAN:39:84_4rod_A_1.meme	DONE
TFS_tr_B4DSG8_B4DSG8_HUMAN:137:371_5v3m_C_1.meme	DONE
TFS_tr_A7MAY2_A7MAY2_HUMAN:242:387_2i13_A_1.meme	DONE
DIMER_sp_Q499Z4_ZN672_HUMAN:225:274_1llm_D_1.meme	DONE
TFS_sp_P55201_BRPF1_HUMAN:637:723_8hag_K_1.meme	DONE
DIMER_tr_S4R3U0_S4R3U0_HUMAN:337:385_1llm_D_1.meme	DONE
TFS_sp_Q9BY31_ZN717_HUMAN:366:642_5v3m_C_1.meme	DONE
TFS_tr_A0A286R9D9_A0A286R9D9_HUMAN:1:136_5ze1_N_1.meme	DONE
TFS_tr_A8K3T5_A8K3T5_HUMAN:494:548_6u9q_A_1.meme	DONE
TFS_tr_Q6RFR6_Q6RFR6_HUMAN:2:150_2i13_A_1.meme	DONE
DIMER_sp_O15015_ZN646_HUMAN:1201:1251_1llm_D_1.meme	DONE
TFS_tr_B4DK53_B4DK53_HUMAN:283:436_2i13_A_1.meme	DONE
TFS_tr_B7Z6M2_B7Z6M2_HUMAN:298:576_5wjq_D_1.meme	DONE
DIMER_sp_P17027_ZNF23_HUMAN:222:273_1llm_D_1.meme	DONE
TFS_tr_A0A494BZV4_A0A494BZV4_HUMAN:70:303_5wjq_D_1.meme	DONE
TFS_tr_Q3LIC1_Q3LIC1_HUMAN:37:304_5v3m_C_1.meme	DONE
DIMER_sp_Q6ZT77_ZN826_HUMAN:118:169_1llm_D_1.meme	DONE
TFS_tr_H7C092_H7C092_HUMAN:71:175_7mwh_B_1.meme	DONE
TFS_tr_Q6PJQ2_Q6PJQ2_HUMAN:776:1019_8ssr_A_1.meme	DONE
TFS_tr_B4DYR8_B4DYR8_HUMAN:449:543_5vmx_A_1.meme	DONE
DIMER_tr_E7EVZ1_E7EVZ1_HUMAN:2904:2960_3a01_B_1.meme	DONE
TFS_tr_A0A1B0GV48_A0A1B0GV48_HUMAN:448:542_5vmy_A_1.meme	DONE
DIMER_tr_F8VR32_F8VR32_HUMAN:59:439_4zpr_B_1.meme	DONE
DIMER_tr_A6NFS0_A6NFS0_HUMAN:207:256_1llm_D_1.meme	DONE
TFS_tr_B3KUG7_B3KUG7_HUMAN:262:416_2i13_A_1.meme	DONE
TFS_tr_Q5SY20_Q5SY20_HUMAN:292:309_4is1_C_1.meme	DONE
TFS_tr_F5GY04_F5GY04_HUMAN:920:972_7txc_E_1.meme	DONE
TFS_tr_A0A8V8TMG8_A0A8V8TMG8_HUMAN:140:402_5v3m_C_1.meme	DONE
DIMER_tr_A0A6E1W9L1_A0A6E1W9L1_HUMAN:424:468_1llm_D_1.meme	FAIL
TFS_sp_O94892_ZN432_HUMAN:233:531_7w1m_H_1.meme	DONE
TFS_tr_F8VR32_F8VR32_HUMAN:159:415_8osl_N_1.meme	DONE
DIMER_tr_Q8N692_Q8N692_HUMAN:47:95_1llm_D_1.meme	DONE
TFS_tr_A0A0S2Z4L6_A0A0S2Z4L6_HUMAN:314:424_5ei9_E_1.meme	DONE
TFS_sp_Q96LX8_ZN597_HUMAN:156:263_5ei9_E_1.meme	DONE
TFS_tr_G3XAG1_G3XAG1_HUMAN:438:465_6df8_A_1.meme	DONE
TFS_tr_A0A8C8KI51_A0A8C8KI51_HUMAN:2:216_8gpn_K_1.meme	DONE
TFS_sp_O94892_ZN432_HUMAN:270:423_2i13_A_1.meme	DONE
TFS_tr_F8VPL6_F8VPL6_HUMAN:116:222_5egb_A_1.meme	DONE
DIMER_tr_B4DXA9_B4DXA9_HUMAN:514:565_1llm_D_1.meme	DONE
TFS_tr_A0AV05_A0AV05_HUMAN:204:474_5v3m_C_1.meme	DONE
DIMER_tr_A0A2R8Y6X0_A0A2R8Y6X0_HUMAN:543:582_1hdd_D_1.meme	DONE
TFS_sp_Q8WTR7_ZN473_HUMAN:589:864_5wjq_D_1.meme	DONE
TFS_tr_A0A8Q3SIR0_A0A8Q3SIR0_HUMAN:257:409_5v3j_E_1.meme	DONE
TFS_sp_Q96JM2_ZN462_HUMAN:2025:2101_5t00_A_1.meme	DONE
TFS_tr_A0A0A0MTK1_A0A0A0MTK1_HUMAN:336:611_5v3m_C_1.meme	DONE
TFS_tr_A8K9W2_A8K9W2_HUMAN:270:423_2i13_A_1.meme	DONE
TFS_tr_A0A1U9X8W3_A0A1U9X8W3_HUMAN:424:577_2i13_A_1.meme	DONE
TFS_tr_B3KNB1_B3KNB1_HUMAN:109:387_5wjq_D_1.meme	DONE
DIMER_tr_B2RBM8_B2RBM8_HUMAN:771:810_2hdd_A_1.meme	DONE
DIMER_sp_P17021_ZNF17_HUMAN:496:545_1llm_C_1.meme	FAIL
TFS_tr_Q9GZQ5_Q9GZQ5_HUMAN:2:146_8gpn_K_1.meme	DONE
DIMER_tr_Q59FS2_Q59FS2_HUMAN:596:647_1llm_D_1.meme	DONE
DIMER_tr_Q8IW56_Q8IW56_HUMAN:12:66_7z5k_B_1.meme	FAIL
TFS_tr_Q8IW56_Q8IW56_HUMAN:12:67_2ypb_A_1.meme	DONE
DIMER_sp_Q9NQ33_ASCL3_HUMAN:126:146_1am9_C_1.meme	FAIL
TFS_tr_C9J6L6_C9J6L6_HUMAN:222:367_5v3j_E_1.meme	DONE
DIMER_tr_Q9UHQ8_Q9UHQ8_HUMAN:240:343_7x5f_B_1.meme	DONE
DIMER_tr_Q6ZND3_Q6ZND3_HUMAN:556:606_1llm_D_1.meme	DONE
TFS_tr_X5D7M0_X5D7M0_HUMAN:124:380_8osl_N_1.meme	DONE
TFS_tr_Q8N508_Q8N508_HUMAN:2:134_5v3j_E_1.meme	DONE
TFS_tr_Q86XA2_Q86XA2_HUMAN:190:466_5wjq_D_1.meme	DONE
TFS_tr_A0A075B7G4_A0A075B7G4_HUMAN:223:499_5v3j_E_1.meme	DONE
DIMER_sp_P17025_ZN182_HUMAN:232:276_1llm_D_1.meme	FAIL
TFS_tr_Q2VP97_Q2VP97_HUMAN:395:670_5v3m_C_1.meme	DONE
TFS_tr_Q9NVM2_Q9NVM2_HUMAN:48:103_4qr9_A_1.meme	DONE
TFS_tr_H0Y6F5_H0Y6F5_HUMAN:331:375_1mnm_D_1.meme	DONE
TFS_sp_P51858_HDGF_HUMAN:7:97_5xsk_B_1.meme	DONE
TFS_tr_Q6NUI8_Q6NUI8_HUMAN:395:636_5v3m_C_1.meme	DONE
TFS_tr_B3KNK7_B3KNK7_HUMAN:394:669_5v3j_E_1.meme	DONE
TFS_tr_M0QWZ8_M0QWZ8_HUMAN:229:339_5ei9_E_1.meme	DONE
DIMER_tr_A0A2R8YEW3_A0A2R8YEW3_HUMAN:274:318_1hdd_D_1.meme	DONE
DIMER_tr_A0A0S2Z4K5_A0A0S2Z4K5_HUMAN:107:178_1hlz_B_1.meme	DONE
DIMER_sp_Q9BWE0_REPI1_HUMAN:401:450_1llm_D_1.meme	DONE
TFS_tr_A0A3B3IS71_A0A3B3IS71_HUMAN:60:105_8ity_V_1.meme	DONE
TFS_tr_A8KAD9_A8KAD9_HUMAN:249:402_2i13_A_1.meme	DONE
TFS_tr_B4DK53_B4DK53_HUMAN:189:461_5v3j_E_1.meme	DONE
DIMER_tr_A0A7P0N7C4_A0A7P0N7C4_HUMAN:1763:1811_1llm_C_1.meme	DONE
TFS_tr_A0A8I5QKX4_A0A8I5QKX4_HUMAN:491:770_5v3j_E_1.meme	DONE
DIMER_sp_Q7RTU7_SCX_HUMAN:84:127_8ow0_B_1.meme	DONE
TFS_tr_B7Z1H1_B7Z1H1_HUMAN:261:371_5ei9_E_1.meme	DONE
TFS_sp_Q86UQ0_ZN589_HUMAN:250:364_5wjq_D_1.meme	DONE
TFS_tr_G5EA50_G5EA50_HUMAN:86:128_1tf3_A_1.meme	DONE
DIMER_tr_Q8IYR9_Q8IYR9_HUMAN:95:148_7z5i_B_1.meme	DONE
DIMER_sp_P17023_ZNF19_HUMAN:299:350_1llm_D_1.meme	DONE
TFS_tr_Q8IY56_Q8IY56_HUMAN:297:478_5wjq_D_1.meme	DONE
TFS_tr_A8K601_A8K601_HUMAN:207:407_5v3m_C_1.meme	DONE
TFS_tr_E7EVR1_E7EVR1_HUMAN:298:408_5ei9_E_1.meme	DONE
TFS_tr_A7E228_A7E228_HUMAN:753:801_6ki6_A_1.meme	DONE
TFS_tr_Q68CP0_Q68CP0_HUMAN:1865:2003_8sst_A_1.meme	DONE
TFS_tr_A0A090N7T3_A0A090N7T3_HUMAN:95:149_7z5k_B_1.meme	DONE
TFS_tr_A0A2R8YE36_A0A2R8YE36_HUMAN:98:291_5v3j_E_1.meme	DONE
TFS_tr_B4DM57_B4DM57_HUMAN:156:431_5v3j_E_1.meme	DONE
TFS_tr_C9JQE8_C9JQE8_HUMAN:612:668_6vyp_L_1.meme	DONE
TFS_tr_Q6ZND3_Q6ZND3_HUMAN:303:581_5wjq_D_1.meme	DONE
TFS_sp_Q9BSG1_ZNF2_HUMAN:161:417_5wjq_D_1.meme	DONE
TFS_tr_Q6PJQ2_Q6PJQ2_HUMAN:910:1024_5t0u_A_1.meme	DONE
TFS_tr_O14913_O14913_HUMAN:136:412_5v3j_E_1.meme	DONE
TFS_tr_C9JQE8_C9JQE8_HUMAN:611:656_3osg_A_1.meme	DONE
TFS_tr_Q6RFR8_Q6RFR8_HUMAN:129:214_5ei9_E_1.meme	DONE
DIMER_sp_Q5TGS1_HES3_HUMAN:1:46_8osj_N_1.meme	DONE
TFS_tr_Q96JS8_Q96JS8_HUMAN:25:178_2i13_A_1.meme	DONE
DIMER_sp_Q6ZNG2_DBX2_HUMAN:190:248_3a01_A_1.meme	DONE
DIMER_tr_Q53EM1_Q53EM1_HUMAN:528:576_1llm_C_1.meme	FAIL
TFS_tr_E5RH37_E5RH37_HUMAN:743:955_8ssu_A_1.meme	DONE
TFS_tr_A8K8Q0_A8K8Q0_HUMAN:504:546_2lkx_A_1.meme	DONE
DIMER_sp_Q12870_TCF15_HUMAN:73:124_7z5i_B_1.meme	DONE
TFS_tr_Q96JS8_Q96JS8_HUMAN:6:207_5v3m_C_1.meme	DONE
TFS_tr_A8K3P5_A8K3P5_HUMAN:439:736_7w1m_H_1.meme	DONE
TFS_tr_Q1RMZ5_Q1RMZ5_HUMAN:694:981_5wjq_D_1.meme	DONE
DIMER_sp_Q9H707_ZN552_HUMAN:294:345_1llm_D_1.meme	DONE
TFS_tr_B7Z4V7_B7Z4V7_HUMAN:521:561_5wjq_D_1.meme	DONE
TFS_tr_A0A8V8TMG8_A0A8V8TMG8_HUMAN:140:402_5v3j_E_1.meme	DONE
TFS_tr_A0A669KB72_A0A669KB72_HUMAN:345:399_5eg0_B_1.meme	DONE
TFS_sp_Q96KM6_Z512B_HUMAN:512:639_5yel_B_1.meme	DONE
DIMER_tr_U3KPW8_U3KPW8_HUMAN:194:242_1du0_A_1.meme	DONE
DIMER_tr_X5DRF3_X5DRF3_HUMAN:22:182_5sy7_B_1.meme	DONE
DIMER_tr_X5DRF3_X5DRF3_HUMAN:30:180_5nj8_A_1.meme	FAIL
TFS_tr_A0A0C4DGQ3_A0A0C4DGQ3_HUMAN:183:336_2i13_A_1.meme	DONE
DIMER_sp_P36508_ZNF76_HUMAN:223:275_1llm_D_1.meme	FAIL
TFS_tr_B4DTA0_B4DTA0_HUMAN:235:511_5wjq_D_1.meme	DONE
DIMER_tr_Q7Z4B9_Q7Z4B9_HUMAN:129:178_1llm_D_1.meme	DONE
TFS_tr_Q6RFR8_Q6RFR8_HUMAN:129:218_5v3j_E_1.meme	DONE
TFS_tr_E7ENS2_E7ENS2_HUMAN:2:261_8gpn_K_1.meme	DONE
TFS_tr_Q53EM1_Q53EM1_HUMAN:333:609_5v3m_C_1.meme	DONE
TFS_tr_A0A994J5B8_A0A994J5B8_HUMAN:636:691_6vyp_N_1.meme	DONE
TFS_tr_A0A0S2Z4J5_A0A0S2Z4J5_HUMAN:470:623_2i13_A_1.meme	DONE
DIMER_tr_A0A0S2Z4J5_A0A0S2Z4J5_HUMAN:543:581_1llm_D_1.meme	DONE
TFS_tr_A0A0S2Z4K4_A0A0S2Z4K4_HUMAN:249:385_2i13_A_1.meme	DONE
TFS_tr_A0A087X2F1_A0A087X2F1_HUMAN:70:338_5v3j_E_1.meme	DONE
DIMER_tr_A0AAQ5BIH9_A0AAQ5BIH9_HUMAN:319:364_1llm_C_1.meme	DONE
TFS_tr_B4E0X7_B4E0X7_HUMAN:308:335_6df5_A_1.meme	DONE
TFS_tr_O95641_O95641_HUMAN:24:72_2i13_A_1.meme	DONE
TFS_tr_B3KQ42_B3KQ42_HUMAN:289:405_6ml7_A_1.meme	DONE
TFS_tr_A0A1B0GTU5_A0A1B0GTU5_HUMAN:649:733_2oeh_A_1.meme	DONE
TFS_sp_Q96MX3_ZNF48_HUMAN:201:353_2i13_A_1.meme	DONE
TFS_tr_B4DUR3_B4DUR3_HUMAN:7:61_6ogj_B_1.meme	DONE
TFS_tr_B7Z5S2_B7Z5S2_HUMAN:193:471_5wjq_D_1.meme	DONE
DIMER_sp_Q7RTV3_ZN367_HUMAN:168:216_1llm_D_1.meme	DONE
TFS_tr_S4R3C8_S4R3C8_HUMAN:86:112_4m9v_C_1.meme	DONE
TFS_sp_Q8TF20_ZN721_HUMAN:208:484_5v3j_E_1.meme	DONE
DIMER_tr_Q9H942_Q9H942_HUMAN:309:357_1llm_D_1.meme	DONE
TFS_sp_A8MQ14_ZN850_HUMAN:308:584_5v3m_C_1.meme	DONE
TFS_tr_Q59HC5_Q59HC5_HUMAN:508:785_7w1m_H_1.meme	DONE
DIMER_tr_Q6ZS01_Q6ZS01_HUMAN:317:345_1llm_C_1.meme	DONE
TFS_sp_O43151_TET3_HUMAN:53:95_6asd_C_1.meme	DONE
DIMER_sp_P31629_ZEP2_HUMAN:1852:1865_7xv8_B_1.meme	DONE
TFS_tr_A0A8V8TLS8_A0A8V8TLS8_HUMAN:318:459_6ml5_A_1.meme	DONE
DIMER_tr_H3BRD6_H3BRD6_HUMAN:106:145_1llm_C_1.meme	DONE
TFS_tr_Q59HG5_Q59HG5_HUMAN:294:404_5ei9_E_1.meme	DONE
DIMER_sp_Q6ECI4_ZN470_HUMAN:451:502_1llm_D_1.meme	DONE
TFS_tr_B4DWJ5_B4DWJ5_HUMAN:148:377_5v3j_E_1.meme	DONE
TFS_sp_Q8N5Y2_MS3L1_HUMAN:52:106_8hy0_M_1.meme	DONE
TFS_tr_F8W7M8_F8W7M8_HUMAN:793:978_8sss_A_1.meme	DONE
TFS_tr_G5E975_G5E975_HUMAN:9:390_7y8r_M_1.meme	DONE
TFS_tr_Q6RFS3_Q6RFS3_HUMAN:81:351_5v3j_E_1.meme	DONE
TFS_sp_Q8N488_RYBP_HUMAN:81:105_2o8k_A_1.meme	DONE
TFS_tr_A0A1B0GV48_A0A1B0GV48_HUMAN:448:542_5vmx_A_1.meme	DONE
DIMER_sp_Q6P9A1_ZN530_HUMAN:545:596_1llm_D_1.meme	DONE
TFS_tr_H0Y9S1_H0Y9S1_HUMAN:8:127_5egb_A_1.meme	DONE
TFS_tr_B9EGE7_B9EGE7_HUMAN:638:825_8ssu_A_1.meme	DONE
DIMER_tr_X5DNV7_X5DNV7_HUMAN:22:416_5sy7_B_1.meme	DONE
DIMER_sp_O60393_NOBOX_HUMAN:274:318_3hdd_B_1.meme	DONE
TFS_tr_Q9H942_Q9H942_HUMAN:198:474_5v3m_C_1.meme	DONE
TFS_tr_A0A1B0GUB4_A0A1B0GUB4_HUMAN:81:398_7zxe_c_1.meme	DONE
TFS_tr_A0AAQ5BH24_A0AAQ5BH24_HUMAN:60:105_8ity_V_1.meme	DONE
TFS_tr_E7EV75_E7EV75_HUMAN:21:77_7y43_A_1.meme	DONE
TFS_tr_A0A087X0M6_A0A087X0M6_HUMAN:302:580_5wjq_D_1.meme	DONE
TFS_tr_A0AAQ5BH24_A0AAQ5BH24_HUMAN:60:105_8iue_V_1.meme	DONE
TFS_tr_H0Y5I5_H0Y5I5_HUMAN:310:490_8ssq_A_1.meme	DONE
DIMER_tr_A0A087WVT1_A0A087WVT1_HUMAN:178:226_1llm_D_1.meme	DONE
TFS_sp_Q96T92_INSM2_HUMAN:470:489_1llm_D_1.meme	DONE
TFS_tr_Q7Z516_Q7Z516_HUMAN:517:572_6vyp_L_1.meme	DONE
DIMER_tr_H0YKC7_H0YKC7_HUMAN:85:128_6fqq_A_1.meme	DONE
TFS_tr_Q63HJ5_Q63HJ5_HUMAN:1968:2106_7w1m_H_1.meme	DONE
TFS_tr_A8K4L4_A8K4L4_HUMAN:267:542_5v3m_C_1.meme	DONE
DIMER_sp_Q9NZV7_ZIM2_HUMAN:467:512_1llm_C_1.meme	FAIL
DIMER_tr_B4DP29_B4DP29_HUMAN:271:319_1llm_D_1.meme	FAIL
TFS_tr_A0A804HIC1_A0A804HIC1_HUMAN:406:484_6ml3_A_1.meme	DONE
TFS_sp_Q8NCK3_ZN485_HUMAN:154:432_5wjq_D_1.meme	DONE
TFS_tr_B3KTR1_B3KTR1_HUMAN:145:255_5ei9_E_1.meme	DONE
TFS_sp_Q9UBB5_MBD2_HUMAN:147:204_3c2i_A_1.meme	DONE
DIMER_tr_A0A994J5J9_A0A994J5J9_HUMAN:217:253_6ryl_C_1.meme	DONE
TFS_tr_B4DFC8_B4DFC8_HUMAN:306:585_5wjq_D_1.meme	DONE
TFS_tr_A0A0C4DFN0_A0A0C4DFN0_HUMAN:305:456_2i13_A_1.meme	DONE
DIMER_tr_A8K8Q0_A8K8Q0_HUMAN:621:665_3d1n_L_1.meme	DONE
TFS_tr_A0A0C4DFN0_A0A0C4DFN0_HUMAN:267:462_5v3m_C_1.meme	DONE
DIMER_tr_B7ZLF3_B7ZLF3_HUMAN:68:117_1llm_C_1.meme	DONE
TFS_tr_H0Y5B5_H0Y5B5_HUMAN:156:224_8hag_K_1.meme	DONE
TFS_tr_C9J0Q5_C9J0Q5_HUMAN:610:655_3osg_A_1.meme	DONE
TFS_tr_A0A8Q3SIR0_A0A8Q3SIR0_HUMAN:300:409_5ei9_E_1.meme	DONE
TFS_tr_A0A804HJ45_A0A804HJ45_HUMAN:447:680_5v3m_C_1.meme	DONE
TFS_tr_Q86XA2_Q86XA2_HUMAN:285:438_2i13_A_1.meme	DONE
TFS_tr_A0A494C1I7_A0A494C1I7_HUMAN:306:459_2i13_A_1.meme	DONE
TFS_tr_Q7Z4W9_Q7Z4W9_HUMAN:95:150_2ypb_A_1.meme	FAIL
TFS_tr_J3KT56_J3KT56_HUMAN:90:366_5v3m_C_1.meme	DONE
DIMER_sp_Q96JF6_ZN594_HUMAN:458:509_1llm_D_1.meme	DONE
TFS_sp_O14497_ARI1A_HUMAN:1006:1127_1kqq_A_1.meme	DONE
DIMER_sp_Q9C0G0_ZN407_HUMAN:1712:1760_1llm_C_1.meme	DONE
TFS_tr_F8WEC7_F8WEC7_HUMAN:551:825_5v3m_C_1.meme	DONE
DIMER_tr_K7EKT4_K7EKT4_HUMAN:128:176_1llm_D_1.meme	DONE
TFS_tr_X5DNV7_X5DNV7_HUMAN:122:378_8osl_N_1.meme	FAIL
TFS_tr_Q59GL0_Q59GL0_HUMAN:413:519_2prt_A_1.meme	DONE
DIMER_sp_Q99676_ZN184_HUMAN:640:690_1llm_C_1.meme	DONE
TFS_tr_X5D7M0_X5D7M0_HUMAN:22:418_5sy7_B_1.meme	DONE
TFS_tr_A0A8I5QKX4_A0A8I5QKX4_HUMAN:491:770_5v3m_C_1.meme	DONE
TFS_tr_B7Z1H1_B7Z1H1_HUMAN:208:398_5v3m_C_1.meme	DONE
TFS_tr_F8VU39_F8VU39_HUMAN:542:647_7mwh_B_1.meme	DONE
TFS_tr_B4DNQ8_B4DNQ8_HUMAN:6:262_5v3m_C_1.meme	DONE
TFS_tr_H0YNY7_H0YNY7_HUMAN:77:138_8ssu_A_1.meme	DONE
TFS_sp_Q8NFU7_TET1_HUMAN:587:630_6asd_C_1.meme	DONE
TFS_tr_C9K0F2_C9K0F2_HUMAN:260:503_5wjq_D_1.meme	DONE
DIMER_tr_Q6DHZ8_Q6DHZ8_HUMAN:771:810_1hdd_D_1.meme	DONE
TFS_tr_Q6P495_Q6P495_HUMAN:21:53_2gli_A_1.meme	DONE
TFS_tr_J9JID5_J9JID5_HUMAN:484:765_5v3j_E_1.meme	DONE
TFS_sp_P52739_ZN131_HUMAN:323:439_6ml6_A_1.meme	DONE
TFS_tr_A0A494C0U8_A0A494C0U8_HUMAN:310:586_5v3m_C_1.meme	DONE
TFS_tr_H0YB79_H0YB79_HUMAN:174:195_1a1f_A_1.meme	DONE
TFS_tr_A7YF73_A7YF73_HUMAN:615:640_4m9v_C_1.meme	DONE
TFS_tr_K7EN16_K7EN16_HUMAN:6:127_5wjq_D_1.meme	DONE
TFS_tr_B2RDP4_B2RDP4_HUMAN:137:414_5wjq_D_1.meme	DONE
DIMER_sp_Q9Y6X8_ZHX2_HUMAN:639:680_3a01_B_1.meme	DONE
DIMER_tr_F8VPL6_F8VPL6_HUMAN:140:188_1llm_C_1.meme	DONE
TFS_tr_B4DM57_B4DM57_HUMAN:194:347_2i13_A_1.meme	DONE
TFS_tr_B4DXA9_B4DXA9_HUMAN:441:593_2i13_A_1.meme	DONE
TFS_tr_A0A8Q3SIR0_A0A8Q3SIR0_HUMAN:257:409_5v3m_C_1.meme	DONE
TFS_tr_Q8IW09_Q8IW09_HUMAN:242:484_8ssu_A_1.meme	DONE
TFS_tr_Q68CY6_Q68CY6_HUMAN:81:312_5v3m_C_1.meme	DONE
TFS_sp_Q9BY31_ZN717_HUMAN:348:501_2i13_A_1.meme	DONE
DIMER_tr_B3KQ42_B3KQ42_HUMAN:256:288_5krb_G_1.meme	DONE
TFS_tr_U3KPW8_U3KPW8_HUMAN:194:242_3hdd_A_1.meme	DONE
TFS_tr_B4DMT1_B4DMT1_HUMAN:83:236_2i13_A_1.meme	DONE
DIMER_tr_A0A0B5IYB7_A0A0B5IYB7_HUMAN:5:100_2c6y_A_1.meme	DONE
DIMER_tr_A2VDJ6_A2VDJ6_HUMAN:247:298_1llm_D_1.meme	DONE
TFS_tr_B7ZLN6_B7ZLN6_HUMAN:138:413_5wjq_D_1.meme	DONE
DIMER_tr_F8VS42_F8VS42_HUMAN:57:453_4zpk_B_1.meme	DONE
TFS_sp_Q86TG7_PEG10_HUMAN:4:53_1h89_A_1.meme	DONE
TFS_tr_B4DMG1_B4DMG1_HUMAN:5:57_4qr9_A_1.meme	DONE
TFS_tr_Q59EZ7_Q59EZ7_HUMAN:210:488_5wjq_D_1.meme	DONE
TFS_sp_Q86T29_ZN605_HUMAN:337:638_7w1m_H_1.meme	DONE
TFS_tr_I0EZ75_I0EZ75_HUMAN:106:244_2i13_A_1.meme	DONE
TFS_tr_A0AV05_A0AV05_HUMAN:204:474_5v3j_E_1.meme	DONE
TFS_sp_Q9UBB5_MBD2_HUMAN:145:216_6ogj_B_1.meme	DONE
DIMER_tr_A0A994J7Z0_A0A994J7Z0_HUMAN:128:176_1llm_D_1.meme	DONE
TFS_tr_Q5DTE4_Q5DTE4_HUMAN:118:219_5eh2_F_1.meme	DONE
TFS_tr_B3KUG7_B3KUG7_HUMAN:140:416_5v3j_E_1.meme	DONE
TFS_tr_A0A669KBL4_A0A669KBL4_HUMAN:81:123_5ke9_A_1.meme	DONE
TFS_tr_E7ES08_E7ES08_HUMAN:11:155_5zdz_N_1.meme	DONE
TFS_tr_Q9H726_Q9H726_HUMAN:108:139_6lff_A_1.meme	DONE
TFS_tr_Q8NC84_Q8NC84_HUMAN:120:392_5v3m_C_1.meme	DONE
TFS_tr_A0A2R8Y6X0_A0A2R8Y6X0_HUMAN:211:245_6v8u_A_1.meme	DONE
DIMER_sp_Q9Y6X8_ZHX2_HUMAN:631:684_2hdd_B_1.meme	DONE
TFS_tr_A0AAQ5BIH9_A0AAQ5BIH9_HUMAN:182:286_5ei9_E_1.meme	DONE
TFS_tr_B4DMI8_B4DMI8_HUMAN:130:406_5wjq_D_1.meme	DONE
TFS_tr_Q8N506_Q8N506_HUMAN:113:223_5ei9_E_1.meme	DONE
DIMER_tr_S4R3C8_S4R3C8_HUMAN:37:70_2hos_B_1.meme	DONE
TFS_tr_B3KPY4_B3KPY4_HUMAN:236:345_5ei9_E_1.meme	DONE
TFS_tr_H0YNS8_H0YNS8_HUMAN:100:154_7lbx_B_1.meme	DONE
DIMER_tr_A0A0S2Z4K5_A0A0S2Z4K5_HUMAN:171:260_3e00_D_1.meme	DONE
TFS_tr_K7EN16_K7EN16_HUMAN:3:127_5v3j_E_1.meme	DONE
TFS_tr_M0R0F3_M0R0F3_HUMAN:306:459_2i13_A_1.meme	DONE
TFS_tr_B4DQV3_B4DQV3_HUMAN:75:154_7n5t_A_1.meme	DONE
TFS_tr_H0YCN3_H0YCN3_HUMAN:139:414_5wjq_D_1.meme	DONE
DIMER_tr_B7Z2Y7_B7Z2Y7_HUMAN:396:445_1llm_D_1.meme	DONE
TFS_tr_A0A3B3IT59_A0A3B3IT59_HUMAN:52:106_8hxy_M_1.meme	DONE
TFS_tr_Q63HN4_Q63HN4_HUMAN:563:837_5v3m_C_1.meme	DONE
TFS_tr_A0A087WYR5_A0A087WYR5_HUMAN:174:405_5v3j_E_1.meme	DONE
TFS_tr_Q59EH4_Q59EH4_HUMAN:266:541_5v3j_E_1.meme	DONE
DIMER_sp_Q9H4I2_ZHX3_HUMAN:622:666_1apl_C_1.meme	FAIL
DIMER_sp_Q6ZNA1_ZN836_HUMAN:356:407_1llm_C_1.meme	DONE
TFS_sp_Q6ZN19_ZN841_HUMAN:256:532_5v3j_E_1.meme	DONE
DIMER_tr_B4DK65_B4DK65_HUMAN:237:282_1llm_D_1.meme	DONE
TFS_sp_Q96LX8_ZN597_HUMAN:156:419_5v3j_E_1.meme	DONE
DIMER_tr_Q6DHZ8_Q6DHZ8_HUMAN:771:810_1du0_A_1.meme	DONE
TFS_tr_E5RI93_E5RI93_HUMAN:615:719_5yel_B_1.meme	DONE
TFS_tr_A0A994J5B8_A0A994J5B8_HUMAN:628:679_3osg_A_1.meme	DONE
DIMER_tr_H7C2N6_H7C2N6_HUMAN:190:238_5t01_B_1.meme	DONE
TFS_tr_B4DPE6_B4DPE6_HUMAN:100:122_6e93_A_1.meme	DONE
TFS_tr_B2RDP4_B2RDP4_HUMAN:139:414_5v3j_E_1.meme	DONE
TFS_tr_B4DI14_B4DI14_HUMAN:2:121_5v3m_C_1.meme	DONE
TFS_tr_H7C414_H7C414_HUMAN:543:735_8sst_A_1.meme	DONE
DIMER_tr_B3KQJ6_B3KQJ6_HUMAN:343:391_1llm_D_1.meme	DONE
TFS_sp_Q96FV9_THOC1_HUMAN:411:454_6f42_A_1.meme	DONE
TFS_tr_B2RDP4_B2RDP4_HUMAN:139:414_5v3m_C_1.meme	DONE
TFS_tr_M0QXU9_M0QXU9_HUMAN:255:532_5wjq_D_1.meme	DONE
TFS_tr_B4DFU5_B4DFU5_HUMAN:202:478_5v3m_C_1.meme	DONE
DIMER_tr_A0A994J5J9_A0A994J5J9_HUMAN:217:253_6ryl_A_1.meme	DONE
DIMER_tr_H0Y5R1_H0Y5R1_HUMAN:60:422_5sy7_A_1.meme	FAIL
DIMER_tr_M0R087_M0R087_HUMAN:61:101_1llm_C_1.meme	DONE
DIMER_tr_A8K2T5_A8K2T5_HUMAN:472:522_1llm_D_1.meme	FAIL
TFS_sp_Q86UQ0_ZN589_HUMAN:249:355_5eh2_F_1.meme	DONE
TFS_tr_G3V131_G3V131_HUMAN:139:434_7w1m_H_1.meme	DONE
TFS_tr_A0A669KBC9_A0A669KBC9_HUMAN:94:148_1g2f_C_1.meme	DONE
TFS_tr_K7EN16_K7EN16_HUMAN:19:127_5ei9_E_1.meme	DONE
TFS_tr_H0YCN3_H0YCN3_HUMAN:153:306_2i13_A_1.meme	DONE
TFS_tr_A0AV05_A0AV05_HUMAN:186:339_2i13_A_1.meme	DONE
TFS_tr_A0A994J7A5_A0A994J7A5_HUMAN:566:850_5wjq_D_1.meme	DONE
TFS_tr_M0R0F3_M0R0F3_HUMAN:211:487_5wjq_D_1.meme	DONE
TFS_sp_Q9Y618_NCOR2_HUMAN:612:668_6vyp_N_1.meme	DONE
TFS_tr_B2R8D6_B2R8D6_HUMAN:115:393_5wjq_D_1.meme	DONE
TFS_tr_A0A8I5QKX4_A0A8I5QKX4_HUMAN:485:770_5wjq_D_1.meme	DONE
DIMER_tr_B4DI14_B4DI14_HUMAN:41:92_1llm_C_1.meme	DONE
TFS_tr_A0A0S2Z4J5_A0A0S2Z4J5_HUMAN:405:623_5v3m_C_1.meme	DONE
TFS_tr_B3KVD4_B3KVD4_HUMAN:105:200_5vmv_A_1.meme	DONE
TFS_sp_P52739_ZN131_HUMAN:323:439_6ml7_A_1.meme	DONE
DIMER_tr_A4LBB6_A4LBB6_HUMAN:81:124_7ssa_L_1.meme	DONE
TFS_tr_B4DTA0_B4DTA0_HUMAN:208:484_5v3j_E_1.meme	DONE
TFS_tr_A8K433_A8K433_HUMAN:116:377_7w1m_H_1.meme	DONE
TFS_tr_X5DRF3_X5DRF3_HUMAN:21:180_4zpk_B_1.meme	DONE
DIMER_tr_A0A994J5R8_A0A994J5R8_HUMAN:368:419_1llm_D_1.meme	DONE
DIMER_tr_B3KNY8_B3KNY8_HUMAN:315:388_1llm_C_1.meme	DONE
TFS_tr_B4DS85_B4DS85_HUMAN:95:151_1mdy_B_1.meme	DONE
TFS_tr_Q6RFR5_Q6RFR5_HUMAN:9:177_5v3m_C_1.meme	DONE
TFS_tr_X5DRF3_X5DRF3_HUMAN:22:180_4zpr_B_1.meme	DONE
TFS_tr_B4DV46_B4DV46_HUMAN:98:291_5v3j_E_1.meme	DONE
TFS_tr_A0A0S2Z4L6_A0A0S2Z4L6_HUMAN:314:451_5wjq_D_1.meme	DONE
TFS_tr_F8WEL6_F8WEL6_HUMAN:249:525_5v3j_E_1.meme	DONE
TFS_tr_H7C414_H7C414_HUMAN:601:800_8ssu_A_1.meme	DONE
TFS_tr_A0A494BZV4_A0A494BZV4_HUMAN:154:264_5ei9_E_1.meme	DONE
TFS_tr_G3V131_G3V131_HUMAN:210:354_2i13_A_1.meme	DONE
TFS_tr_G3XAG1_G3XAG1_HUMAN:438:465_6dfa_A_1.meme	DONE
DIMER_tr_H3BS68_H3BS68_HUMAN:148:187_1llm_D_1.meme	FAIL
TFS_tr_B4DX96_B4DX96_HUMAN:249:444_5v3j_E_1.meme	DONE
TFS_tr_A0A669KBC9_A0A669KBC9_HUMAN:87:144_6b0r_D_1.meme	DONE
DIMER_tr_F8VPL6_F8VPL6_HUMAN:171:223_1hwt_C_1.meme	DONE
TFS_tr_G5EA50_G5EA50_HUMAN:66:123_6b0r_D_1.meme	DONE
TFS_tr_B3KXK2_B3KXK2_HUMAN:1062:1088_6ml6_A_1.meme	DONE
TFS_tr_Q9H836_Q9H836_HUMAN:7:390_6ltj_M_1.meme	DONE
TFS_tr_B3KR55_B3KR55_HUMAN:308:598_7w1m_H_1.meme	DONE
TFS_tr_A0A8V8TMG8_A0A8V8TMG8_HUMAN:141:402_7w1m_H_1.meme	DONE
TFS_tr_Q7Z4B9_Q7Z4B9_HUMAN:112:265_2i13_A_1.meme	DONE
TFS_sp_Q9BWE0_REPI1_HUMAN:263:537_5v3j_E_1.meme	DONE
TFS_tr_B3KQ07_B3KQ07_HUMAN:160:298_2i13_A_1.meme	DONE
DIMER_sp_Q13105_ZBT17_HUMAN:528:576_1llm_C_1.meme	FAIL
DIMER_tr_M0QY62_M0QY62_HUMAN:548:599_1llm_D_1.meme	DONE
TFS_tr_Q5SY20_Q5SY20_HUMAN:292:309_3uk3_D_1.meme	DONE
TFS_tr_Q53Z40_Q53Z40_HUMAN:297:478_5wjq_D_1.meme	DONE
TFS_tr_Q3MN16_Q3MN16_HUMAN:151:179_1tf3_A_1.meme	DONE
TFS_tr_E7EX64_E7EX64_HUMAN:223:340_6wmi_A_1.meme	DONE
TFS_tr_B3KVG5_B3KVG5_HUMAN:59:165_5eh2_F_1.meme	DONE
TFS_tr_A0A0G2JRV3_A0A0G2JRV3_HUMAN:9:335_7y8r_M_1.meme	DONE
TFS_tr_Q5T427_Q5T427_HUMAN:73:132_6ml4_A_1.meme	DONE
TFS_tr_O95641_O95641_HUMAN:36:72_5eh2_F_1.meme	DONE
TFS_tr_B2RBM8_B2RBM8_HUMAN:76:100_4f6m_A_1.meme	DONE
TFS_sp_Q8NFU7_TET1_HUMAN:587:630_3pt6_A_1.meme	DONE
TFS_tr_E5RGL7_E5RGL7_HUMAN:372:394_6e93_A_1.meme	DONE
TFS_tr_A8K1G6_A8K1G6_HUMAN:180:458_5wjq_D_1.meme	DONE
DIMER_sp_A6NP11_ZN716_HUMAN:294:343_1llm_D_1.meme	DONE
TFS_tr_A0A1B0GV48_A0A1B0GV48_HUMAN:448:542_2lt7_A_1.meme	DONE
TFS_sp_O15405_TOX3_HUMAN:253:325_3nm9_P_1.meme	FAIL
TFS_tr_H0Y488_H0Y488_HUMAN:623:744_1kqq_A_1.meme	DONE
TFS_sp_Q14586_ZN267_HUMAN:433:711_5wjq_D_1.meme	DONE
DIMER_tr_B9EGE7_B9EGE7_HUMAN:639:687_1llm_C_1.meme	DONE
TFS_tr_H7BYU6_H7BYU6_HUMAN:118:332_5v3j_E_1.meme	DONE
TFS_tr_A0A1U9X8X7_A0A1U9X8X7_HUMAN:330:606_5v3m_C_1.meme	DONE
TFS_tr_Q13580_Q13580_HUMAN:2:118_5v3m_C_1.meme	DONE
TFS_sp_Q96PM9_Z385A_HUMAN:76:94_8e3e_A_1.meme	DONE
TFS_sp_Q8WTV1_THAP3_HUMAN:1:82_2ko0_A_1.meme	DONE
TFS_tr_Q8N506_Q8N506_HUMAN:30:225_5v3m_C_1.meme	DONE
TFS_sp_Q8TCN5_ZN507_HUMAN:641:805_8sss_A_1.meme	DONE
TFS_tr_F8W7M8_F8W7M8_HUMAN:793:978_8sst_A_1.meme	DONE
DIMER_tr_B4DTA0_B4DTA0_HUMAN:459:512_1llm_C_1.meme	DONE
TFS_tr_H0YM09_H0YM09_HUMAN:49:75_3uk3_D_1.meme	DONE
TFS_tr_K7ELU1_K7ELU1_HUMAN:321:597_5v3j_E_1.meme	DONE
TFS_tr_J3QQI2_J3QQI2_HUMAN:151:175_5ke8_A_1.meme	DONE
TFS_tr_A0A0A0MTT2_A0A0A0MTT2_HUMAN:398:551_2i13_A_1.meme	DONE
TFS_tr_C9JCJ0_C9JCJ0_HUMAN:82:163_5ei9_E_1.meme	DONE
TFS_tr_Q05BG0_Q05BG0_HUMAN:232:508_5v3m_C_1.meme	DONE
TFS_tr_B4DTN0_B4DTN0_HUMAN:39:84_8iue_V_1.meme	DONE
TFS_tr_V9HW07_V9HW07_HUMAN:379:532_2i13_A_1.meme	DONE
TFS_tr_A0A994J6Y5_A0A994J6Y5_HUMAN:21:77_7y43_A_1.meme	DONE
TFS_tr_B3KXA1_B3KXA1_HUMAN:247:286_1ubd_C_1.meme	DONE
DIMER_sp_Q9BUY5_ZN426_HUMAN:362:410_1llm_D_1.meme	DONE
TFS_tr_Q05GC8_Q05GC8_HUMAN:1108:1128_6wmi_A_1.meme	DONE
TFS_tr_A0A0A0MTK1_A0A0A0MTK1_HUMAN:336:611_5v3j_E_1.meme	DONE
TFS_tr_B7Z885_B7Z885_HUMAN:926:977_6vtx_A_1.meme	DONE
DIMER_sp_Q12870_TCF15_HUMAN:81:124_7ssa_L_1.meme	DONE
TFS_tr_E9PES6_E9PES6_HUMAN:10:153_5ze0_N_1.meme	DONE
TFS_sp_Q6ZN18_AEBP2_HUMAN:262:356_2gli_A_1.meme	DONE
TFS_tr_A0A8V8TLS8_A0A8V8TLS8_HUMAN:318:460_6ml4_A_1.meme	DONE
TFS_tr_B4E0X7_B4E0X7_HUMAN:308:335_6dfa_A_1.meme	DONE
TFS_tr_M0QX90_M0QX90_HUMAN:154:425_5v3j_E_1.meme	DONE
DIMER_sp_Q76KX8_ZN534_HUMAN:533:584_1llm_D_1.meme	DONE
TFS_tr_F5H2K2_F5H2K2_HUMAN:36:74_4is1_D_1.meme	DONE
TFS_tr_Q9UFH1_Q9UFH1_HUMAN:2:101_2i13_A_1.meme	DONE
TFS_tr_A0A140VJP0_A0A140VJP0_HUMAN:5:63_4qr9_B_1.meme	FAIL
DIMER_tr_A8K8Q0_A8K8Q0_HUMAN:622:666_1k61_B_1.meme	DONE
TFS_tr_Q9UFH1_Q9UFH1_HUMAN:1:101_5v3m_C_1.meme	DONE
TFS_tr_Q5T942_Q5T942_HUMAN:594:661_2kmk_A_1.meme	DONE
TFS_tr_C9IYV0_C9IYV0_HUMAN:72:139_5wjq_D_1.meme	DONE
TFS_tr_H0YNY7_H0YNY7_HUMAN:77:138_5yeh_A_1.meme	DONE
DIMER_tr_A0A2R8Y6X0_A0A2R8Y6X0_HUMAN:543:582_3hdd_A_1.meme	DONE
TFS_tr_A0A0C4DGM2_A0A0C4DGM2_HUMAN:246:450_5v3m_C_1.meme	DONE
DIMER_sp_P52743_ZN137_HUMAN:98:149_1llm_C_1.meme	DONE
TFS_sp_Q05516_ZBT16_HUMAN:405:656_5v3m_C_1.meme	DONE
TFS_tr_B4DSG8_B4DSG8_HUMAN:222:332_5ei9_E_1.meme	DONE
TFS_tr_B1ALC2_B1ALC2_HUMAN:115:138_6ml3_A_1.meme	DONE
TFS_sp_C9JSJ3_MEIOS_HUMAN:541:600_6l6y_D_1.meme	DONE
DIMER_tr_Q6DHZ8_Q6DHZ8_HUMAN:771:810_2hdd_A_1.meme	DONE
DIMER_tr_A0A669KBJ7_A0A669KBJ7_HUMAN:843:882_1hdd_D_1.meme	DONE
TFS_tr_A0A0A0MTH2_A0A0A0MTH2_HUMAN:448:558_5ei9_E_1.meme	DONE
TFS_tr_Q3LIC1_Q3LIC1_HUMAN:1:280_7w1m_H_1.meme	DONE
DIMER_tr_Q6NVX3_Q6NVX3_HUMAN:97:148_7z5i_B_1.meme	DONE
TFS_tr_A0A0A0MTT2_A0A0A0MTT2_HUMAN:332:599_5v3m_C_1.meme	DONE
DIMER_sp_P81133_SIM1_HUMAN:2:333_4zpr_B_1.meme	FAIL
TFS_tr_Q05BW2_Q05BW2_HUMAN:59:138_5i50_A_1.meme	DONE
TFS_tr_B3KNX6_B3KNX6_HUMAN:95:151_1mdy_B_1.meme	FAIL
DIMER_sp_Q9Y6Q3_ZFP37_HUMAN:459:507_1llm_D_1.meme	FAIL
DIMER_sp_Q6ZMY9_ZN517_HUMAN:394:442_1llm_D_1.meme	FAIL
TFS_tr_E5RI93_E5RI93_HUMAN:614:727_8sss_A_1.meme	DONE
TFS_tr_A0A087X2F1_A0A087X2F1_HUMAN:145:255_5ei9_E_1.meme	DONE
TFS_tr_A0A994J5R8_A0A994J5R8_HUMAN:201:470_5v3j_E_1.meme	DONE
DIMER_tr_B4DQV3_B4DQV3_HUMAN:102:157_1llm_C_1.meme	DONE
TFS_tr_C9JNM8_C9JNM8_HUMAN:53:139_5co0_O_1.meme	DONE
TFS_tr_B2RE18_B2RE18_HUMAN:28:284_5wjq_D_1.meme	DONE
TFS_tr_B7Z4R7_B7Z4R7_HUMAN:20:298_5wjq_D_1.meme	DONE
DIMER_tr_B4DRM0_B4DRM0_HUMAN:212:256_1llm_D_1.meme	FAIL
TFS_tr_H0YCZ0_H0YCZ0_HUMAN:250:303_8h9h_G_1.meme	DONE
DIMER_tr_B2RBM8_B2RBM8_HUMAN:771:809_3d1n_L_1.meme	DONE
TFS_tr_B3KVD4_B3KVD4_HUMAN:105:200_4f6m_A_1.meme	DONE
TFS_tr_F8WEC7_F8WEC7_HUMAN:577:852_5wjq_D_1.meme	DONE
TFS_tr_A0A494C1I7_A0A494C1I7_HUMAN:324:600_5v3m_C_1.meme	DONE
TFS_tr_A0A0S2Z4G1_A0A0S2Z4G1_HUMAN:75:117_1h8a_C_1.meme	DONE
TFS_tr_A0A0S2Z4G1_A0A0S2Z4G1_HUMAN:75:116_1h88_C_1.meme	DONE
TFS_tr_A8K8K6_A8K8K6_HUMAN:297:478_5wjq_D_1.meme	DONE
TFS_tr_B7Z7H3_B7Z7H3_HUMAN:131:382_5wjq_D_1.meme	DONE
TFS_sp_Q96JF6_ZN594_HUMAN:237:511_5wjq_D_1.meme	DONE
DIMER_sp_Q9UIF8_BAZ2B_HUMAN:1745:1777_1ga5_B_1.meme	DONE
TFS_tr_Q658Q3_Q658Q3_HUMAN:13:288_5v3m_C_1.meme	DONE
TFS_tr_B3KPY4_B3KPY4_HUMAN:182:377_5v3j_E_1.meme	DONE
TFS_tr_Q6P579_Q6P579_HUMAN:78:335_5v3j_E_1.meme	DONE
TFS_tr_B4DYR8_B4DYR8_HUMAN:449:543_5vmv_A_1.meme	DONE
DIMER_tr_Q05BW2_Q05BW2_HUMAN:59:136_1nlw_A_1.meme	DONE
TFS_tr_B7Z885_B7Z885_HUMAN:920:971_1g2f_C_1.meme	DONE
TFS_tr_Q5T427_Q5T427_HUMAN:73:132_6ml3_A_1.meme	DONE
TFS_tr_A0A087WYR5_A0A087WYR5_HUMAN:252:404_2i13_A_1.meme	DONE
TFS_tr_A0A140VJP0_A0A140VJP0_HUMAN:5:63_4qr9_A_1.meme	FAIL
TFS_tr_A0A140VJP0_A0A140VJP0_HUMAN:5:63_1ckt_A_1.meme	DONE
TFS_tr_A0A8V8TLS8_A0A8V8TLS8_HUMAN:318:460_6ml6_A_1.meme	DONE
TFS_tr_A8K654_A8K654_HUMAN:336:377_3qmd_A_1.meme	DONE
DIMER_tr_A0A0B5IYB7_A0A0B5IYB7_HUMAN:5:83_7vox_C_1.meme	DONE
DIMER_tr_U3KPW8_U3KPW8_HUMAN:194:242_2hot_A_1.meme	DONE
DIMER_sp_Q7RTU7_SCX_HUMAN:84:127_7ssa_L_1.meme	DONE
DIMER_tr_A0A7I2PK40_A0A7I2PK40_HUMAN:30:163_8osl_N_1.meme	FAIL
TFS_tr_B3KTR1_B3KTR1_HUMAN:70:338_5v3j_E_1.meme	DONE
DIMER_sp_Q96BR9_ZBT8A_HUMAN:282:328_1llm_C_1.meme	FAIL
TFS_tr_B4DXX0_B4DXX0_HUMAN:210:354_2i13_A_1.meme	DONE
TFS_sp_Q9NP66_HM20A_HUMAN:103:170_4qr9_A_1.meme	FAIL
TFS_tr_B3KVG5_B3KVG5_HUMAN:58:165_2i13_A_1.meme	DONE
DIMER_sp_Q5EBL2_ZN628_HUMAN:592:640_1llm_D_1.meme	DONE
TFS_tr_B3KN61_B3KN61_HUMAN:397:644_5v3m_C_1.meme	DONE
TFS_tr_A0A1U9X8X7_A0A1U9X8X7_HUMAN:272:550_5wjq_D_1.meme	DONE
TFS_sp_Q4LE39_ARI4B_HUMAN:308:398_2oeh_A_1.meme	DONE
TFS_tr_B4DQV3_B4DQV3_HUMAN:218:332_2i13_A_1.meme	DONE
TFS_tr_B4DGQ9_B4DGQ9_HUMAN:215:472_5v3j_E_1.meme	DONE
TFS_tr_X6RBL6_X6RBL6_HUMAN:147:204_6c1y_A_1.meme	DONE
TFS_tr_A0A994J7A5_A0A994J7A5_HUMAN:578:734_2i13_A_1.meme	DONE
DIMER_tr_A0A8V8TMK4_A0A8V8TMK4_HUMAN:22:80_2r5z_A_1.meme	DONE
TFS_tr_Q658M0_Q658M0_HUMAN:147:174_6df5_A_1.meme	DONE
DIMER_tr_A0A087X0M6_A0A087X0M6_HUMAN:919:968_1llm_D_1.meme	FAIL
TFS_tr_S4R3U0_S4R3U0_HUMAN:254:521_5v3m_C_1.meme	DONE
TFS_sp_Q99551_MTEF1_HUMAN:73:396_3mva_O_1.meme	DONE
DIMER_sp_Q86XF7_ZN575_HUMAN:117:170_1llm_C_1.meme	DONE
TFS_tr_H0Y5I5_H0Y5I5_HUMAN:276:413_2i13_A_1.meme	DONE
TFS_tr_C9JC15_C9JC15_HUMAN:80:149_5v3m_C_1.meme	DONE
DIMER_tr_A0A669KBJ7_A0A669KBJ7_HUMAN:843:882_1du0_A_1.meme	DONE
TFS_tr_B3KN61_B3KN61_HUMAN:398:644_5wjq_D_1.meme	DONE
TFS_tr_Q9H686_Q9H686_HUMAN:228:342_5eh2_F_1.meme	DONE
TFS_tr_A0A8V8TLT3_A0A8V8TLT3_HUMAN:286:404_6ml4_A_1.meme	DONE
DIMER_tr_X5D985_X5D985_HUMAN:20:402_4zpr_B_1.meme	DONE
TFS_sp_O95983_MBD3_HUMAN:6:52_6c1y_A_1.meme	DONE
TFS_tr_Q05BY5_Q05BY5_HUMAN:143:279_2i13_A_1.meme	DONE
TFS_tr_A0A0A0MTK1_A0A0A0MTK1_HUMAN:355:499_2i13_A_1.meme	DONE
TFS_tr_B4DS85_B4DS85_HUMAN:95:151_2ql2_B_1.meme	DONE
TFS_tr_A0A0A0MS90_A0A0A0MS90_HUMAN:7:61_6ogj_B_1.meme	DONE
TFS_tr_B2RB84_B2RB84_HUMAN:59:165_5egb_A_1.meme	DONE
TFS_tr_A0A994J5C6_A0A994J5C6_HUMAN:132:180_3uk3_C_1.meme	DONE
TFS_sp_Q9BWE0_REPI1_HUMAN:390:537_2i13_A_1.meme	DONE
TFS_sp_Q8TF20_ZN721_HUMAN:318:596_5wjq_D_1.meme	DONE
TFS_tr_A0A0S2Z4J5_A0A0S2Z4J5_HUMAN:405:627_5wjq_D_1.meme	DONE
TFS_tr_A0A090N7S8_A0A090N7S8_HUMAN:340:587_5wjq_D_1.meme	DONE
TFS_tr_X5DRF3_X5DRF3_HUMAN:30:180_5nj8_A_1.meme	DONE
DIMER_tr_A0A087WYR5_A0A087WYR5_HUMAN:380:429_1llm_D_1.meme	FAIL
TFS_sp_Q5T5X7_BEND3_HUMAN:720:824_7v9i_A_1.meme	DONE
TFS_tr_G3XAG1_G3XAG1_HUMAN:438:465_6df9_A_1.meme	DONE
DIMER_tr_Q5DTE4_Q5DTE4_HUMAN:138:187_1llm_D_1.meme	DONE
DIMER_tr_A0A994J5J9_A0A994J5J9_HUMAN:217:253_6ryi_B_1.meme	DONE
DIMER_sp_Q96SZ4_ZSC10_HUMAN:632:681_1llm_D_1.meme	DONE
DIMER_tr_K7EIE6_K7EIE6_HUMAN:369:417_1llm_D_1.meme	DONE
TFS_sp_Q6PCT2_FXL19_HUMAN:39:77_3qmd_A_1.meme	DONE
TFS_tr_B3KY96_B3KY96_HUMAN:209:442_5v3j_E_1.meme	DONE
TFS_tr_A0A669KBL4_A0A669KBL4_HUMAN:66:123_6b0r_D_1.meme	DONE
DIMER_tr_B3KTR1_B3KTR1_HUMAN:174:225_1llm_D_1.meme	DONE
TFS_tr_B9EGN4_B9EGN4_HUMAN:459:730_5v3m_C_1.meme	DONE
TFS_tr_A0A2R8Y6X0_A0A2R8Y6X0_HUMAN:211:245_4f6n_A_1.meme	DONE
DIMER_sp_P17024_ZNF20_HUMAN:309:357_1llm_D_1.meme	DONE
TFS_tr_J3KT56_J3KT56_HUMAN:116:226_5ei9_E_1.meme	DONE
DIMER_sp_O43167_ZBT24_HUMAN:432:480_1llm_D_1.meme	DONE
DIMER_tr_A8K3H7_A8K3H7_HUMAN:213:261_1a02_J_1.meme	DONE
TFS_sp_O15405_TOX3_HUMAN:246:317_6cij_N_1.meme	DONE
TFS_tr_A0A1B0GV48_A0A1B0GV48_HUMAN:448:542_6dfc_A_1.meme	DONE
DIMER_tr_B4E1F9_B4E1F9_HUMAN:447:495_1llm_C_1.meme	FAIL
TFS_tr_A8K601_A8K601_HUMAN:1041:1068_6df9_A_1.meme	DONE
TFS_tr_B3KUA7_B3KUA7_HUMAN:267:542_5v3j_E_1.meme	DONE
DIMER_sp_Q9BS31_ZN649_HUMAN:287:337_1llm_D_1.meme	DONE
DIMER_tr_A0A669KBL4_A0A669KBL4_HUMAN:73:119_1llm_C_1.meme	DONE
DIMER_tr_A0A8V8TNA6_A0A8V8TNA6_HUMAN:320:371_1llm_D_1.meme	DONE
TFS_tr_F8W7M8_F8W7M8_HUMAN:865:979_5t0u_A_1.meme	DONE
TFS_tr_B4DK53_B4DK53_HUMAN:187:461_5wjq_D_1.meme	DONE
TFS_tr_A0A087WYF4_A0A087WYF4_HUMAN:211:364_2i13_A_1.meme	DONE
TFS_tr_Q658S5_Q658S5_HUMAN:356:634_5wjq_D_1.meme	DONE
TFS_tr_A8K8Q0_A8K8Q0_HUMAN:622:666_1k61_B_1.meme	DONE
TFS_tr_H7C1K8_H7C1K8_HUMAN:4:47_2i13_A_1.meme	DONE
DIMER_tr_F8VS42_F8VS42_HUMAN:58:440_4zpr_B_1.meme	DONE
TFS_tr_A0AA34QVT6_A0AA34QVT6_HUMAN:119:264_2i13_A_1.meme	DONE
TFS_tr_A0A994J5R8_A0A994J5R8_HUMAN:267:420_2i13_A_1.meme	DONE
DIMER_tr_E7EW59_E7EW59_HUMAN:237:282_1llm_D_1.meme	DONE
TFS_tr_U3KPW8_U3KPW8_HUMAN:194:242_1du0_A_1.meme	DONE
TFS_tr_B3KQX0_B3KQX0_HUMAN:15:236_8ssu_A_1.meme	DONE
TFS_tr_U3KPW8_U3KPW8_HUMAN:194:242_2hdd_A_1.meme	DONE
TFS_sp_Q8NFU7_TET1_HUMAN:586:632_2kkf_A_1.meme	DONE
DIMER_sp_Q14582_MAD4_HUMAN:55:133_8ia3_E_1.meme	DONE
TFS_tr_Q658M0_Q658M0_HUMAN:147:174_6dfb_A_1.meme	DONE
TFS_tr_B4DYU5_B4DYU5_HUMAN:316:412_5ei9_E_1.meme	DONE
DIMER_sp_Q9H2S9_IKZF4_HUMAN:224:268_2hap_D_1.meme	DONE
TFS_tr_B7Z9P6_B7Z9P6_HUMAN:362:389_6dfa_A_1.meme	DONE
DIMER_sp_Q8IX07_FOG1_HUMAN:297:338_1llm_D_1.meme	DONE
TFS_sp_Q8WTR7_ZN473_HUMAN:683:836_2i13_A_1.meme	DONE
DIMER_tr_Q6NVX3_Q6NVX3_HUMAN:105:148_7ssa_L_1.meme	DONE
TFS_sp_Q8TF50_ZN526_HUMAN:444:550_5ei9_E_1.meme	DONE
TFS_tr_Q5T942_Q5T942_HUMAN:609:662_5eh2_F_1.meme	DONE
TFS_tr_Q05BG0_Q05BG0_HUMAN:232:508_5v3j_E_1.meme	DONE
TFS_tr_A8K5C8_A8K5C8_HUMAN:227:505_5wjq_D_1.meme	DONE
TFS_tr_A0A1C7CYX1_A0A1C7CYX1_HUMAN:1027:1063_4r2d_A_1.meme	DONE
TFS_tr_A8K6T5_A8K6T5_HUMAN:372:628_7mbn_D_1.meme	DONE
TFS_sp_Q96T92_INSM2_HUMAN:422:448_1g2f_C_1.meme	DONE
TFS_sp_Q9BT49_THAP7_HUMAN:58:93_2l1g_A_1.meme	DONE
TFS_tr_D6RC96_D6RC96_HUMAN:390:422_6u9q_A_1.meme	DONE
TFS_tr_Q25QX8_Q25QX8_HUMAN:205:490_7w1m_H_1.meme	DONE
DIMER_tr_Q6X7T3_Q6X7T3_HUMAN:227:276_1llm_D_1.meme	DONE
TFS_tr_B2RB84_B2RB84_HUMAN:59:165_5ei9_E_1.meme	DONE
TFS_tr_Q9H686_Q9H686_HUMAN:224:347_5v3j_E_1.meme	DONE
DIMER_sp_Q9NW07_ZN358_HUMAN:149:200_1llm_D_1.meme	DONE
DIMER_sp_Q8NCP5_ZBT44_HUMAN:397:446_1llm_C_1.meme	DONE
TFS_tr_B4DXX0_B4DXX0_HUMAN:139:434_7w1m_H_1.meme	DONE
TFS_tr_B2RB92_B2RB92_HUMAN:362:638_5v3m_C_1.meme	DONE
TFS_tr_A0A0S2Z696_A0A0S2Z696_HUMAN:217:298_7yuk_A_1.meme	DONE
TFS_sp_Q96DT7_ZBT10_HUMAN:723:787_6ml3_A_1.meme	DONE
TFS_tr_Q59FW1_Q59FW1_HUMAN:80:106_3osf_A_1.meme	DONE
TFS_tr_A0A0S2Z5C2_A0A0S2Z5C2_HUMAN:177:293_8htx_A_1.meme	DONE
DIMER_tr_A0A075B7G4_A0A075B7G4_HUMAN:166:217_1llm_D_1.meme	DONE
TFS_tr_A0A1B0GVK1_A0A1B0GVK1_HUMAN:345:445_1kqq_A_1.meme	DONE
TFS_tr_A8K8Q0_A8K8Q0_HUMAN:626:666_1hf0_B_1.meme	DONE
TFS_tr_Q6ZND3_Q6ZND3_HUMAN:259:412_2i13_A_1.meme	DONE
TFS_tr_A0A8V8TLT3_A0A8V8TLT3_HUMAN:296:403_6ml3_A_1.meme	DONE
DIMER_tr_B7ZBM3_B7ZBM3_HUMAN:455:516_7vox_C_1.meme	DONE
TFS_tr_B2RBM8_B2RBM8_HUMAN:439:473_6dfa_A_1.meme	DONE
DIMER_tr_A0A0S2Z658_A0A0S2Z658_HUMAN:374:425_1llm_D_1.meme	DONE
TFS_tr_H3BS68_H3BS68_HUMAN:127:188_6ml3_A_1.meme	DONE
TFS_tr_F5GY04_F5GY04_HUMAN:926:977_6vtx_A_1.meme	DONE
TFS_tr_B4DMI8_B4DMI8_HUMAN:130:406_5v3m_C_1.meme	DONE
TFS_tr_A0A0C4DFN0_A0A0C4DFN0_HUMAN:267:462_5wjq_D_1.meme	DONE
TFS_tr_Q6ZND3_Q6ZND3_HUMAN:277:553_5v3j_E_1.meme	DONE
TFS_tr_Q86XA2_Q86XA2_HUMAN:221:494_5v3j_E_1.meme	DONE
TFS_sp_A8MQ14_ZN850_HUMAN:561:859_7w1m_H_1.meme	DONE
TFS_tr_H0Y5I5_H0Y5I5_HUMAN:310:490_8ssr_A_1.meme	DONE
TFS_sp_Q9NP66_HM20A_HUMAN:94:171_2gzk_A_1.meme	DONE
TFS_tr_I3L216_I3L216_HUMAN:125:262_5v3j_E_1.meme	DONE
TFS_sp_P29374_ARI4A_HUMAN:308:397_1kqq_A_1.meme	DONE
TFS_tr_B7Z4R7_B7Z4R7_HUMAN:135:433_7w1m_H_1.meme	DONE
DIMER_tr_B9EGN4_B9EGN4_HUMAN:458:509_1llm_C_1.meme	DONE
TFS_tr_B3KTR1_B3KTR1_HUMAN:70:338_5v3m_C_1.meme	DONE
TFS_tr_A0A1B0GTJ8_A0A1B0GTJ8_HUMAN:1245:1330_2oeh_A_1.meme	DONE
TFS_sp_Q96JF6_ZN594_HUMAN:459:730_5v3j_E_1.meme	DONE
TFS_tr_H7C2H0_H7C2H0_HUMAN:324:525_6ryr_W_1.meme	DONE
TFS_tr_F8VU39_F8VU39_HUMAN:541:648_7mwl_A_1.meme	DONE
TFS_tr_Q9Y4S0_Q9Y4S0_HUMAN:67:212_2i13_A_1.meme	DONE
TFS_tr_Q9NR94_Q9NR94_HUMAN:245:521_5v3j_E_1.meme	DONE
TFS_tr_M0QWZ8_M0QWZ8_HUMAN:113:339_5wjq_D_1.meme	DONE
TFS_sp_Q05516_ZBT16_HUMAN:405:656_5v3j_E_1.meme	DONE
TFS_sp_Q5T5X7_BEND3_HUMAN:715:825_7w27_C_1.meme	DONE
TFS_tr_H7BYU6_H7BYU6_HUMAN:117:228_2i13_A_1.meme	DONE
TFS_tr_Q658Q3_Q658Q3_HUMAN:14:288_7w1m_H_1.meme	DONE
TFS_tr_A0A5F9ZHS3_A0A5F9ZHS3_HUMAN:2:629_8gpn_K_1.meme	DONE
TFS_tr_A0AAQ5BIH9_A0AAQ5BIH9_HUMAN:180:379_5v3j_E_1.meme	DONE
TFS_tr_Q7Z5Y5_Q7Z5Y5_HUMAN:1:108_8gpn_K_1.meme	DONE
TFS_tr_A8K7Y5_A8K7Y5_HUMAN:573:849_5v3j_E_1.meme	DONE
TFS_tr_A2VDJ6_A2VDJ6_HUMAN:220:496_5wjq_D_1.meme	DONE
TFS_tr_A0A087WYR5_A0A087WYR5_HUMAN:174:430_5wjq_D_1.meme	DONE
TFS_tr_Q9NS43_Q9NS43_HUMAN:387:663_5v3m_C_1.meme	DONE
TFS_tr_A0A494BZV4_A0A494BZV4_HUMAN:69:303_5v3m_C_1.meme	DONE
TFS_tr_A0A5F9ZI68_A0A5F9ZI68_HUMAN:2:350_8gpn_K_1.meme	DONE
TFS_tr_F8VR32_F8VR32_HUMAN:59:453_5sy7_B_1.meme	DONE
TFS_sp_Q8NHM5_KDM2B_HUMAN:66:573_7uv9_K_1.meme	DONE
#List of PWMs
TFS_sp_P78364_PHC1_HUMAN:800:835_5vmz_A_1.meme	DONE
TFS_tr_H0YN23_H0YN23_HUMAN:197:224_5v3j_E_1.meme	DONE
TFS_tr_Q3MN16_Q3MN16_HUMAN:7:39_2gli_A_1.meme	DONE
TFS_tr_H0Y4T7_H0Y4T7_HUMAN:80:106_3osf_A_1.meme	DONE
TFS_sp_Q9UBB5_MBD2_HUMAN:151:216_6ogj_A_1.meme	DONE
TFS_tr_M0R2M9_M0R2M9_HUMAN:89:140_2ypa_A_1.meme	DONE
TFS_tr_B0QYW7_B0QYW7_HUMAN:3:39_1lo1_A_1.meme	DONE
TFS_tr_Q7Z6U0_Q7Z6U0_HUMAN:13:91_5iy7_P_1.meme	DONE
TFS_tr_A0A1C7CYX1_A0A1C7CYX1_HUMAN:1030:1060_7txc_E_1.meme	DONE
TFS_tr_A0A1C7CYX1_A0A1C7CYX1_HUMAN:1030:1064_1g2f_C_1.meme	DONE
DIMER_tr_Q5T942_Q5T942_HUMAN:611:659_1llm_D_1.meme	DONE
TFS_sp_Q63HK5_TSH3_HUMAN:1041:1068_5vmz_A_1.meme	DONE
TFS_tr_A0A8J9GB59_A0A8J9GB59_HUMAN:316:401_2oeh_A_1.meme	DONE
TFS_tr_D6RC96_D6RC96_HUMAN:395:437_6e94_A_1.meme	DONE
DIMER_tr_A0A0C4DGR5_A0A0C4DGR5_HUMAN:358:421_1llm_D_1.meme	DONE
DIMER_tr_Q6RFS3_Q6RFS3_HUMAN:270:319_1llm_D_1.meme	DONE
TFS_sp_Q86V15_CASZ1_HUMAN:668:692_6vtx_A_1.meme	DONE
TFS_tr_H3BNI0_H3BNI0_HUMAN:144:254_5ei9_E_1.meme	DONE
TFS_tr_H9ZYJ3_H9ZYJ3_HUMAN:444:550_5ei9_E_1.meme	DONE
DIMER_tr_Q53Z40_Q53Z40_HUMAN:426:477_1llm_D_1.meme	DONE
TFS_tr_A0A669KB50_A0A669KB50_HUMAN:59:89_8e67_A_1.meme	DONE
TFS_tr_Q53Z40_Q53Z40_HUMAN:369:478_5ei9_E_1.meme	DONE
TFS_tr_C9K0F2_C9K0F2_HUMAN:372:482_5ei9_E_1.meme	DONE
TFS_tr_F8WEC7_F8WEC7_HUMAN:715:825_5ei9_E_1.meme	DONE
TFS_tr_Q59G30_Q59G30_HUMAN:288:441_2i13_A_1.meme	DONE
DIMER_tr_A0A0J9YWD6_A0A0J9YWD6_HUMAN:100:148_4iqr_A_1.meme	DONE
TFS_tr_B4DYU5_B4DYU5_HUMAN:239:396_2i13_A_1.meme	DONE
TFS_sp_Q96NX9_DACH2_HUMAN:502:561_7x5f_B_1.meme	DONE
TFS_tr_C9JE62_C9JE62_HUMAN:81:97_7m5w_A_1.meme	DONE
DIMER_sp_Q9H2P0_ADNP_HUMAN:771:810_3hdd_A_1.meme	DONE
DIMER_sp_Q86TG7_PEG10_HUMAN:4:53_6mg3_B_1.meme	DONE
DIMER_sp_Q9HCC6_HES4_HUMAN:41:98_4ati_A_1.meme	DONE
TFS_tr_A0A0S2Z658_A0A0S2Z658_HUMAN:307:454_2i13_A_1.meme	DONE
TFS_tr_Q53Z40_Q53Z40_HUMAN:327:478_2i13_A_1.meme	DONE
TFS_tr_E7EV75_E7EV75_HUMAN:297:313_5xsk_B_1.meme	DONE
TFS_tr_Q96F93_Q96F93_HUMAN:199:353_2i13_A_1.meme	DONE
TFS_tr_A8K7J8_A8K7J8_HUMAN:300:453_2i13_A_1.meme	DONE
TFS_tr_M0QY62_M0QY62_HUMAN:307:460_2i13_A_1.meme	DONE
TFS_sp_P51858_HDGF_HUMAN:8:96_8pep_L_1.meme	DONE
DIMER_tr_A7E228_A7E228_HUMAN:128:176_1llm_D_1.meme	DONE
DIMER_tr_B4DR15_B4DR15_HUMAN:380:429_1llm_D_1.meme	DONE
TFS_sp_Q96JM2_ZN462_HUMAN:2025:2101_5kkq_A_1.meme	DONE
TFS_tr_H0YKM5_H0YKM5_HUMAN:100:154_3tmm_A_1.meme	DONE
TFS_tr_Q05BY5_Q05BY5_HUMAN:170:280_5ei9_E_1.meme	DONE
TFS_tr_A0A8V8TLS8_A0A8V8TLS8_HUMAN:318:460_6ml7_A_1.meme	DONE
TFS_tr_A0A0A0MTK1_A0A0A0MTK1_HUMAN:334:611_5wjq_D_1.meme	DONE
DIMER_sp_Q8TF20_ZN721_HUMAN:263:314_1llm_C_1.meme	DONE
TFS_tr_A0A494C069_A0A494C069_HUMAN:105:339_5v3m_C_1.meme	DONE
TFS_tr_E7EPA0_E7EPA0_HUMAN:226:290_3osg_A_1.meme	DONE
TFS_sp_Q15329_E2F5_HUMAN:49:116_4yo2_A_1.meme	DONE
TFS_tr_A6NFS0_A6NFS0_HUMAN:103:316_5wjq_D_1.meme	DONE
DIMER_tr_Q25QX8_Q25QX8_HUMAN:231:271_1llm_C_1.meme	DONE
DIMER_tr_M0R2M9_M0R2M9_HUMAN:116:136_1am9_D_1.meme	DONE
DIMER_tr_B3KPL8_B3KPL8_HUMAN:351:399_1llm_D_1.meme	DONE
TFS_tr_A0A090N7S8_A0A090N7S8_HUMAN:345:592_5v3j_E_1.meme	DONE
DIMER_tr_B4DI41_B4DI41_HUMAN:389:433_4hn6_B_1.meme	DONE
TFS_sp_Q96SQ7_ATOH8_HUMAN:231:285_2ypa_A_1.meme	DONE
TFS_tr_A8K3P5_A8K3P5_HUMAN:437:713_5v3m_C_1.meme	DONE
TFS_tr_Q59HC5_Q59HC5_HUMAN:26:277_5wjq_D_1.meme	DONE
TFS_tr_Q6RFS1_Q6RFS1_HUMAN:50:203_2i13_A_1.meme	DONE
TFS_sp_Q9HCC6_HES4_HUMAN:33:93_1an4_B_1.meme	DONE
TFS_tr_B4DXA9_B4DXA9_HUMAN:350:597_5v3m_C_1.meme	DONE
TFS_tr_Q96N48_Q96N48_HUMAN:86:234_5v3j_E_1.meme	DONE
TFS_sp_A6NDX5_ZN840_HUMAN:444:711_5v3j_E_1.meme	DONE
TFS_tr_Q7Z4B9_Q7Z4B9_HUMAN:22:294_5v3m_C_1.meme	DONE
TFS_tr_B7Z1H1_B7Z1H1_HUMAN:200:398_5wjq_D_1.meme	DONE
TFS_tr_M0R087_M0R087_HUMAN:52:101_5v3j_E_1.meme	DONE
DIMER_tr_X5D9I7_X5D9I7_HUMAN:142:421_4zpr_B_1.meme	DONE
TFS_tr_Q9H726_Q9H726_HUMAN:107:139_2o4a_A_1.meme	DONE
TFS_tr_Q59FW1_Q59FW1_HUMAN:80:106_3osg_A_1.meme	DONE
TFS_tr_C9DZM4_C9DZM4_HUMAN:2:149_8gpn_K_1.meme	DONE
TFS_sp_Q86WZ6_ZN227_HUMAN:377:655_5wjq_D_1.meme	DONE
TFS_sp_Q01658_NC2B_HUMAN:10:93_7cvo_B_1.meme	DONE
TFS_sp_Q12870_TCF15_HUMAN:73:124_7z5i_B_1.meme	DONE
TFS_tr_A0A0C4DH12_A0A0C4DH12_HUMAN:85:146_6ml3_A_1.meme	DONE
DIMER_tr_B7Z4R7_B7Z4R7_HUMAN:105:144_1llm_D_1.meme	DONE
TFS_tr_Q59HH0_Q59HH0_HUMAN:92:137_4roc_A_1.meme	DONE
TFS_tr_A6NFS0_A6NFS0_HUMAN:98:323_5v3j_E_1.meme	DONE
TFS_tr_A0A024R0Y4_A0A024R0Y4_HUMAN:75:117_1h8a_C_1.meme	DONE
TFS_tr_M0R087_M0R087_HUMAN:60:100_8sst_A_1.meme	DONE
TFS_tr_H0Y2R3_H0Y2R3_HUMAN:516:616_1kqq_A_1.meme	DONE
TFS_tr_I3L135_I3L135_HUMAN:186:249_7m5w_A_1.meme	DONE
TFS_tr_B4DSG8_B4DSG8_HUMAN:160:303_2i13_A_1.meme	DONE
TFS_tr_H3BS68_H3BS68_HUMAN:108:194_2i13_A_1.meme	DONE
TFS_tr_A0A1C7CYX1_A0A1C7CYX1_HUMAN:1027:1063_1p47_A_1.meme	DONE
TFS_sp_Q9NRE2_TSH2_HUMAN:926:950_6e93_A_1.meme	DONE
TFS_tr_U3KPW8_U3KPW8_HUMAN:194:242_2hot_A_1.meme	DONE
TFS_tr_A0A669KBJ7_A0A669KBJ7_HUMAN:148:172_6df8_A_1.meme	DONE
TFS_tr_Q8IW56_Q8IW56_HUMAN:12:67_2ypa_A_1.meme	DONE
TFS_tr_A6NFS0_A6NFS0_HUMAN:206:316_5ei9_E_1.meme	DONE
TFS_tr_A0A1B0GV48_A0A1B0GV48_HUMAN:448:542_5vmv_A_1.meme	DONE
TFS_tr_A8KAK2_A8KAK2_HUMAN:118:332_5v3j_E_1.meme	DONE
DIMER_tr_Q05BY5_Q05BY5_HUMAN:199:250_1llm_C_1.meme	DONE
DIMER_tr_A0A8V8TPI9_A0A8V8TPI9_HUMAN:724:752_1llm_C_1.meme	DONE
DIMER_tr_A4D2L0_A4D2L0_HUMAN:12:52_2nny_B_1.meme	DONE
DIMER_tr_Q68CP0_Q68CP0_HUMAN:1949:2029_1llm_C_1.meme	DONE
TFS_tr_A0A7I2PK40_A0A7I2PK40_HUMAN:35:273_5v0l_B_1.meme	DONE
TFS_sp_Q15326_ZMY11_HUMAN:21:77_8h7a_B_1.meme	DONE
TFS_tr_Q7Z4W9_Q7Z4W9_HUMAN:95:150_2ypa_A_1.meme	DONE
TFS_tr_H0YKM5_H0YKM5_HUMAN:94:162_2gzk_A_1.meme	DONE
DIMER_tr_B7Z1H1_B7Z1H1_HUMAN:290:341_1llm_D_1.meme	DONE
TFS_tr_A0A1W2PQ54_A0A1W2PQ54_HUMAN:131:379_5v3m_C_1.meme	DONE
TFS_sp_Q96T92_INSM2_HUMAN:265:313_2i13_A_1.meme	DONE
TFS_tr_Q8IYR9_Q8IYR9_HUMAN:95:150_2ypa_A_1.meme	DONE
TFS_tr_H9ZYJ3_H9ZYJ3_HUMAN:304:550_5v3j_E_1.meme	DONE
TFS_sp_O43151_TET3_HUMAN:55:79_3qmh_A_1.meme	DONE
DIMER_sp_Q8NCK3_ZN485_HUMAN:380:433_1llm_D_1.meme	DONE
TFS_tr_A4D2L0_A4D2L0_HUMAN:12:55_1dux_F_1.meme	DONE
TFS_sp_Q01658_NC2B_HUMAN:13:132_4wzs_B_1.meme	DONE
DIMER_sp_Q8N1L9_BATF2_HUMAN:23:71_5t01_B_1.meme	DONE
DIMER_sp_Q8N1L9_BATF2_HUMAN:19:67_1dh3_C_1.meme	DONE
DIMER_tr_Q5T427_Q5T427_HUMAN:72:122_1llm_C_1.meme	DONE
DIMER_tr_B3KR55_B3KR55_HUMAN:222:273_1llm_D_1.meme	DONE
TFS_tr_A0A0A0MTH2_A0A0A0MTH2_HUMAN:310:586_5v3m_C_1.meme	DONE
DIMER_tr_Q96N48_Q96N48_HUMAN:211:230_2hap_D_1.meme	DONE
TFS_tr_A0A1B0GV63_A0A1B0GV63_HUMAN:187:272_2oeh_A_1.meme	DONE
TFS_tr_X5D2Q4_X5D2Q4_HUMAN:52:434_4zpr_B_1.meme	DONE
TFS_sp_Q96K83_ZN521_HUMAN:117:224_5ei9_E_1.meme	DONE
TFS_sp_Q4LE39_ARI4B_HUMAN:583:632_8jho_M_1.meme	DONE
TFS_tr_H7BXP3_H7BXP3_HUMAN:338:613_5v3j_E_1.meme	DONE
DIMER_tr_E9PJ73_E9PJ73_HUMAN:19:66_1dh3_C_1.meme	DONE
DIMER_sp_Q5T7W0_ZN618_HUMAN:188:212_1llm_D_1.meme	DONE
TFS_sp_Q6PJG2_MDEAS_HUMAN:832:880_6vyp_N_1.meme	DONE
DIMER_tr_A8K8A2_A8K8A2_HUMAN:386:437_1llm_D_1.meme	DONE
TFS_tr_A0A669KBC9_A0A669KBC9_HUMAN:107:149_1tf3_A_1.meme	DONE
TFS_tr_J3KNV1_J3KNV1_HUMAN:715:827_5ei9_E_1.meme	DONE
TFS_sp_Q8TE85_GRHL3_HUMAN:229:464_5mpf_A_1.meme	DONE
TFS_tr_B4DR15_B4DR15_HUMAN:174:430_5wjq_D_1.meme	DONE
TFS_tr_A0A8V8TLS8_A0A8V8TLS8_HUMAN:320:459_6ml2_A_1.meme	DONE
TFS_sp_Q7RTU4_BHA09_HUMAN:66:122_6od5_B_1.meme	DONE
TFS_tr_E7EVR1_E7EVR1_HUMAN:254:407_2i13_A_1.meme	DONE
TFS_tr_B3KNK7_B3KNK7_HUMAN:394:669_5v3m_C_1.meme	DONE
DIMER_tr_X5D9I7_X5D9I7_HUMAN:142:434_4zpk_B_1.meme	DONE
TFS_tr_B4DMI8_B4DMI8_HUMAN:225:377_2i13_A_1.meme	DONE
TFS_tr_A4D2L0_A4D2L0_HUMAN:12:56_1k6o_A_1.meme	DONE
TFS_tr_Q59FE4_Q59FE4_HUMAN:165:443_5wjq_D_1.meme	DONE
TFS_tr_Q05BW2_Q05BW2_HUMAN:53:139_1nkp_A_1.meme	DONE
TFS_tr_A0A8V8TPI9_A0A8V8TPI9_HUMAN:724:832_5t0u_A_1.meme	DONE
TFS_sp_Q96MX3_ZNF48_HUMAN:272:381_5ei9_E_1.meme	DONE
DIMER_sp_Q96SQ7_ATOH8_HUMAN:231:285_2ypa_A_1.meme	DONE
DIMER_tr_A0A8V8TLS8_A0A8V8TLS8_HUMAN:376:424_1llm_D_1.meme	DONE
DIMER_tr_E7EUW9_E7EUW9_HUMAN:688:725_1au7_B_1.meme	DONE
DIMER_tr_Q8IW56_Q8IW56_HUMAN:12:67_2ypa_A_1.meme	DONE
TFS_tr_A8K8A2_A8K8A2_HUMAN:274:468_5wjq_D_1.meme	DONE
TFS_tr_B4DU56_B4DU56_HUMAN:373:526_2i13_A_1.meme	DONE
TFS_tr_Q8IW56_Q8IW56_HUMAN:12:65_7z5i_B_1.meme	DONE
TFS_sp_Q6PJG2_MDEAS_HUMAN:832:880_6vyp_L_1.meme	DONE
TFS_tr_B2RB92_B2RB92_HUMAN:362:638_5v3j_E_1.meme	DONE
DIMER_tr_F8VR32_F8VR32_HUMAN:58:452_4zpk_B_1.meme	DONE
DIMER_tr_J3KT56_J3KT56_HUMAN:229:280_1llm_D_1.meme	DONE
TFS_tr_H3BVG7_H3BVG7_HUMAN:66:152_2i13_A_1.meme	DONE
TFS_tr_A0A0C4DGM2_A0A0C4DGM2_HUMAN:246:454_5wjq_D_1.meme	DONE
TFS_tr_H3BNI0_H3BNI0_HUMAN:118:394_5v3m_C_1.meme	DONE
TFS_sp_Q5T7W0_ZN618_HUMAN:147:170_6ml5_A_1.meme	DONE
DIMER_tr_X5D988_X5D988_HUMAN:124:380_8osl_N_1.meme	DONE
TFS_tr_B4E1F9_B4E1F9_HUMAN:225:499_5wjq_D_1.meme	DONE
TFS_tr_B3KNK7_B3KNK7_HUMAN:337:613_5wjq_D_1.meme	DONE
TFS_tr_H3BVG7_H3BVG7_HUMAN:85:150_7ysf_A_1.meme	DONE
TFS_sp_Q86TG7_PEG10_HUMAN:4:53_7l4v_B_1.meme	DONE
DIMER_tr_Q6P579_Q6P579_HUMAN:231:282_1llm_D_1.meme	DONE
TFS_sp_Q9NRE2_TSH2_HUMAN:211:238_5v3m_C_1.meme	DONE
TFS_tr_H0Y488_H0Y488_HUMAN:647:731_2oeh_A_1.meme	DONE
TFS_tr_Q7Z4B9_Q7Z4B9_HUMAN:63:294_5wjq_D_1.meme	DONE
TFS_tr_A0A087WYF4_A0A087WYF4_HUMAN:121:393_5v3m_C_1.meme	DONE
TFS_tr_A0A0C4DGQ9_A0A0C4DGQ9_HUMAN:131:198_5wjq_D_1.meme	DONE
TFS_sp_A6NDX5_ZN840_HUMAN:370:523_2i13_A_1.meme	DONE
TFS_tr_C9J461_C9J461_HUMAN:105:147_4yo2_A_1.meme	DONE
TFS_tr_B4E2P6_B4E2P6_HUMAN:147:257_5ei9_E_1.meme	DONE
TFS_tr_H0YKM5_H0YKM5_HUMAN:94:162_6cij_N_1.meme	DONE
TFS_tr_Q7Z4B9_Q7Z4B9_HUMAN:156:266_5ei9_E_1.meme	DONE
TFS_tr_Q3LIC1_Q3LIC1_HUMAN:103:256_2i13_A_1.meme	DONE
DIMER_tr_B0QYW7_B0QYW7_HUMAN:1:37_1hcq_B_1.meme	DONE
DIMER_sp_Q7RTV0_PHF5A_HUMAN:81:105_3rkq_B_1.meme	DONE
TFS_tr_H0Y5I5_H0Y5I5_HUMAN:338:482_5yel_B_1.meme	DONE
TFS_tr_H0Y5B5_H0Y5B5_HUMAN:156:224_7w9v_K_1.meme	DONE
TFS_tr_A8K8A2_A8K8A2_HUMAN:357:467_5ei9_E_1.meme	DONE
TFS_tr_Q8N508_Q8N508_HUMAN:2:134_5wjq_D_1.meme	DONE
DIMER_tr_K7EQN6_K7EQN6_HUMAN:128:176_1llm_D_1.meme	DONE
TFS_sp_Q9Y5B6_PAXB1_HUMAN:504:528_8ow0_b_1.meme	DONE
TFS_sp_Q15326_ZMY11_HUMAN:21:77_7y43_A_1.meme	DONE
TFS_tr_H0Y5I5_H0Y5I5_HUMAN:310:484_5und_A_1.meme	DONE
TFS_tr_B4DMI8_B4DMI8_HUMAN:130:406_5v3j_E_1.meme	DONE
TFS_sp_O94892_ZN432_HUMAN:263:536_5v3j_E_1.meme	DONE
TFS_tr_Q59G67_Q59G67_HUMAN:55:332_5wjq_D_1.meme	DONE
TFS_sp_Q9H2P0_ADNP_HUMAN:76:100_6df5_A_1.meme	DONE
TFS_sp_Q63HK5_TSH3_HUMAN:207:407_5v3m_C_1.meme	DONE
TFS_tr_G3V131_G3V131_HUMAN:217:495_5wjq_D_1.meme	DONE
TFS_sp_Q8NHM5_KDM2B_HUMAN:613:651_3qmc_A_1.meme	DONE
TFS_tr_Q5DTE4_Q5DTE4_HUMAN:119:273_5v3j_E_1.meme	DONE
TFS_tr_A0A0S2Z4K4_A0A0S2Z4K4_HUMAN:248:385_5wjq_D_1.meme	DONE
TFS_tr_Q6P495_Q6P495_HUMAN:165:186_1a1g_A_1.meme	DONE
TFS_tr_C9J872_C9J872_HUMAN:105:148_4yo2_A_1.meme	DONE
TFS_tr_Q3LIC1_Q3LIC1_HUMAN:7:285_5wjq_D_1.meme	DONE
DIMER_tr_A0A087WYF4_A0A087WYF4_HUMAN:228:277_1llm_D_1.meme	DONE
DIMER_tr_B1ALC2_B1ALC2_HUMAN:156:180_1llm_D_1.meme	DONE
TFS_tr_E9PJ73_E9PJ73_HUMAN:19:66_1dh3_C_1.meme	DONE
TFS_tr_B4DES6_B4DES6_HUMAN:334:361_5vmv_A_1.meme	DONE
TFS_tr_F8VU39_F8VU39_HUMAN:542:647_7fhj_B_1.meme	DONE
TFS_tr_A0A0C4DGR5_A0A0C4DGR5_HUMAN:326:500_5wjq_D_1.meme	DONE
TFS_sp_Q86T29_ZN605_HUMAN:250:528_5wjq_D_1.meme	DONE
TFS_tr_A0A7P0TA87_A0A7P0TA87_HUMAN:6:58_4zpr_B_1.meme	DONE
TFS_tr_Q59G67_Q59G67_HUMAN:85:361_5v3j_E_1.meme	DONE
TFS_tr_Q5T942_Q5T942_HUMAN:609:662_5egb_A_1.meme	DONE
DIMER_sp_Q8N1L9_BATF2_HUMAN:21:70_1nwq_C_1.meme	DONE
TFS_sp_O75478_TAD2A_HUMAN:75:117_1h8a_C_1.meme	DONE
TFS_sp_Q15329_E2F5_HUMAN:88:117_1cf7_B_1.meme	DONE
TFS_tr_A0A024R0Y4_A0A024R0Y4_HUMAN:211:243_6r2v_A_1.meme	DONE
DIMER_tr_A0A090N7S8_A0A090N7S8_HUMAN:509:560_1llm_D_1.meme	DONE
DIMER_tr_H0Y5I5_H0Y5I5_HUMAN:568:619_1llm_D_1.meme	DONE
TFS_tr_Q658N3_Q658N3_HUMAN:8:93_4awl_B_1.meme	DONE
TFS_tr_B3KQ07_B3KQ07_HUMAN:151:334_5v3j_E_1.meme	DONE
TFS_tr_Q96K00_Q96K00_HUMAN:174:452_5wjq_D_1.meme	DONE
DIMER_tr_A4D2L0_A4D2L0_HUMAN:12:50_3mfk_B_1.meme	DONE
TFS_tr_A8KAK2_A8KAK2_HUMAN:117:224_5ei9_E_1.meme	DONE
TFS_tr_A0A0A0MS90_A0A0A0MS90_HUMAN:7:61_3c2i_A_1.meme	DONE
DIMER_sp_Q12870_TCF15_HUMAN:73:124_7z5k_B_1.meme	DONE
TFS_tr_F8VXY9_F8VXY9_HUMAN:226:290_3osf_A_1.meme	DONE
TFS_sp_Q92966_SNPC3_HUMAN:28:411_7zwc_b_1.meme	DONE
TFS_tr_Q96N48_Q96N48_HUMAN:80:234_2i13_A_1.meme	DONE
TFS_tr_A0A1B0GUB4_A0A1B0GUB4_HUMAN:149:451_8iue_4_1.meme	DONE
TFS_tr_C9JE98_C9JE98_HUMAN:610:655_3osg_A_1.meme	DONE
TFS_tr_E5RHS3_E5RHS3_HUMAN:365:393_2jx1_A_1.meme	DONE
TFS_tr_B5MDS3_B5MDS3_HUMAN:156:180_1llm_D_1.meme	DONE
TFS_tr_A0A994J6Y5_A0A994J6Y5_HUMAN:21:77_8h7a_A_1.meme	DONE
TFS_tr_B4DI41_B4DI41_HUMAN:387:428_3qmh_A_1.meme	DONE
TFS_sp_Q86WZ6_ZN227_HUMAN:333:486_2i13_A_1.meme	DONE
TFS_tr_F8VXY9_F8VXY9_HUMAN:204:325_5eyb_A_1.meme	DONE
TFS_tr_F5H2K2_F5H2K2_HUMAN:36:74_3uk3_D_1.meme	DONE
DIMER_tr_Q9BY29_Q9BY29_HUMAN:22:73_1llm_D_1.meme	DONE
TFS_tr_O14913_O14913_HUMAN:136:412_5v3m_C_1.meme	DONE
TFS_tr_Q68CP0_Q68CP0_HUMAN:1865:2003_5t0u_A_1.meme	DONE
TFS_tr_Q05CG0_Q05CG0_HUMAN:315:401_2oeh_A_1.meme	DONE
DIMER_sp_Q9P2F9_ZN319_HUMAN:228:276_1llm_C_1.meme	DONE
TFS_tr_X5DNV7_X5DNV7_HUMAN:22:402_4zpr_B_1.meme	DONE
TFS_tr_B3KQ40_B3KQ40_HUMAN:73:132_6ml3_A_1.meme	DONE
TFS_tr_Q6DHZ8_Q6DHZ8_HUMAN:76:100_4f6m_A_1.meme	DONE
TFS_tr_A0A087WYF4_A0A087WYF4_HUMAN:255:365_5ei9_E_1.meme	DONE
TFS_tr_X6RBL6_X6RBL6_HUMAN:145:216_6ogj_B_1.meme	DONE
DIMER_tr_B3KQ07_B3KQ07_HUMAN:216:269_1llm_C_1.meme	DONE
TFS_tr_J3KT56_J3KT56_HUMAN:87:366_5wjq_D_1.meme	DONE
TFS_tr_B4DPR9_B4DPR9_HUMAN:53:376_3mva_O_1.meme	DONE
TFS_tr_A8K433_A8K433_HUMAN:197:349_2i13_A_1.meme	DONE
TFS_tr_A0A494C0U8_A0A494C0U8_HUMAN:310:586_5v3j_E_1.meme	DONE
TFS_sp_Q96MN9_ZN488_HUMAN:314:339_5k5l_E_1.meme	DONE
TFS_tr_K7EQN6_K7EQN6_HUMAN:751:803_4is1_D_1.meme	DONE
TFS_tr_C9JNM8_C9JNM8_HUMAN:53:139_3mva_O_1.meme	DONE
TFS_tr_C0IMW8_C0IMW8_HUMAN:48:115_6erq_C_1.meme	DONE
TFS_sp_P41218_MNDA_HUMAN:206:395_5z7d_B_1.meme	DONE
TFS_tr_B7Z1H1_B7Z1H1_HUMAN:246:398_2i13_A_1.meme	DONE
DIMER_tr_O43245_O43245_HUMAN:303:368_6bse_A_1.meme	DONE
TFS_tr_M0R2M9_M0R2M9_HUMAN:89:140_2ypb_A_1.meme	DONE
TFS_sp_Q9Y222_DMTF1_HUMAN:306:344_1msf_C_1.meme	DONE
TFS_tr_A0A0A0MTH2_A0A0A0MTH2_HUMAN:376:529_2i13_A_1.meme	DONE
TFS_tr_A0A1C7CYX1_A0A1C7CYX1_HUMAN:1030:1064_1g2d_C_1.meme	DONE
TFS_sp_Q9Y483_MTF2_HUMAN:45:358_5xfr_B_1.meme	DONE
TFS_sp_Q7RTU7_SCX_HUMAN:76:131_2ql2_B_1.meme	DONE
TFS_tr_Q1RMZ5_Q1RMZ5_HUMAN:761:916_2i13_A_1.meme	DONE
TFS_tr_Q9H726_Q9H726_HUMAN:111:143_2d5v_A_1.meme	DONE
DIMER_tr_X5D985_X5D985_HUMAN:20:416_5sy7_B_1.meme	DONE
TFS_sp_Q8N1L9_BATF2_HUMAN:25:71_1t2k_D_1.meme	DONE
DIMER_sp_Q8IXF0_NPAS3_HUMAN:52:434_4zpr_B_1.meme	DONE
TFS_tr_A0A7P0TA87_A0A7P0TA87_HUMAN:6:108_5sy7_B_1.meme	DONE
TFS_sp_Q8NCK3_ZN485_HUMAN:157:432_5v3m_C_1.meme	DONE
TFS_sp_P51858_HDGF_HUMAN:8:96_8peo_K_1.meme	DONE
TFS_tr_H0YMS9_H0YMS9_HUMAN:3:28_3f27_D_1.meme	DONE
TFS_sp_Q8NHM5_KDM2B_HUMAN:609:722_6asb_C_1.meme	DONE
TFS_sp_P17031_ZNF26_HUMAN:229:505_5v3m_C_1.meme	DONE
TFS_tr_A0A090N7S8_A0A090N7S8_HUMAN:345:592_5v3m_C_1.meme	DONE
TFS_tr_A0A7I2PK40_A0A7I2PK40_HUMAN:31:273_5nj8_A_1.meme	DONE
TFS_tr_A0A1B0GV63_A0A1B0GV63_HUMAN:163:263_1kqq_A_1.meme	DONE
TFS_tr_Q658N3_Q658N3_HUMAN:5:92_6r2v_B_1.meme	DONE
TFS_tr_D6RBC4_D6RBC4_HUMAN:448:542_5vmv_A_1.meme	DONE
TFS_tr_E7EN32_E7EN32_HUMAN:2:385_8gpn_K_1.meme	DONE
TFS_tr_B4E1F9_B4E1F9_HUMAN:252:528_5v3j_E_1.meme	DONE
TFS_tr_I3L216_I3L216_HUMAN:126:262_2i13_A_1.meme	DONE
TFS_tr_A0A0C4DGR5_A0A0C4DGR5_HUMAN:324:500_5v3m_C_1.meme	DONE
TFS_tr_A0AV05_A0AV05_HUMAN:172:447_5wjq_D_1.meme	DONE
TFS_tr_A7E228_A7E228_HUMAN:751:803_3uk3_D_1.meme	DONE
TFS_tr_A0A0C4DGQ9_A0A0C4DGQ9_HUMAN:129:200_6ml5_A_1.meme	DONE
TFS_tr_B1ALC2_B1ALC2_HUMAN:115:138_6ml2_A_1.meme	DONE
TFS_sp_Q6ZN18_AEBP2_HUMAN:302:356_1g2d_C_1.meme	DONE
TFS_sp_Q7RTU4_BHA09_HUMAN:59:122_2ypa_B_1.meme	DONE
TFS_tr_Q7Z4W9_Q7Z4W9_HUMAN:95:149_7z5k_B_1.meme	DONE
TFS_tr_E5RG39_E5RG39_HUMAN:123:204_5ei9_E_1.meme	DONE
TFS_tr_Q3MN16_Q3MN16_HUMAN:151:172_1a1f_A_1.meme	DONE
TFS_tr_Q59G30_Q59G30_HUMAN:192:467_5wjq_D_1.meme	DONE
TFS_sp_Q96MX3_ZNF48_HUMAN:114:381_5v3j_E_1.meme	DONE
TFS_tr_A8K8K6_A8K8K6_HUMAN:287:478_5v3m_C_1.meme	DONE
TFS_sp_Q9H2P0_ADNP_HUMAN:439:473_6dfa_A_1.meme	DONE
TFS_sp_Q96NX9_DACH2_HUMAN:502:561_7x5e_B_1.meme	DONE
DIMER_tr_B4E2P6_B4E2P6_HUMAN:204:255_1llm_C_1.meme	DONE
DIMER_tr_Q1RMZ5_Q1RMZ5_HUMAN:779:832_1llm_C_1.meme	DONE
TFS_sp_Q9HD90_NDF4_HUMAN:88:143_2ypb_A_1.meme	DONE
TFS_sp_Q14103_HNRPD_HUMAN:191:225_8bhy_S_1.meme	DONE
DIMER_tr_B7Z6K4_B7Z6K4_HUMAN:649:699_1llm_C_1.meme	DONE
TFS_tr_B4DNH5_B4DNH5_HUMAN:181:334_2i13_A_1.meme	DONE
TFS_tr_A0A8Q3SI57_A0A8Q3SI57_HUMAN:1098:1123_6ml3_A_1.meme	DONE
DIMER_tr_Q9Y4S0_Q9Y4S0_HUMAN:103:158_1llm_D_1.meme	DONE
TFS_tr_Q658N3_Q658N3_HUMAN:10:93_7cvo_B_1.meme	DONE
TFS_tr_F8WAI8_F8WAI8_HUMAN:694:916_5v3j_E_1.meme	DONE
TFS_sp_Q9P2F9_ZN319_HUMAN:254:536_5wjq_D_1.meme	DONE
TFS_sp_O00488_ZN593_HUMAN:61:81_2kmk_A_1.meme	DONE
TFS_tr_A0A8I5KWX0_A0A8I5KWX0_HUMAN:361:548_5wjq_D_1.meme	DONE
TFS_tr_E7EVR1_E7EVR1_HUMAN:164:436_5v3m_C_1.meme	DONE
TFS_sp_Q96MN9_ZN488_HUMAN:314:339_5k5l_G_1.meme	DONE
DIMER_tr_Q96K00_Q96K00_HUMAN:287:360_1llm_D_1.meme	DONE
TFS_tr_A0A1B0GUB4_A0A1B0GUB4_HUMAN:81:398_7zwc_c_1.meme	DONE
TFS_tr_A0A494C069_A0A494C069_HUMAN:105:339_5v3j_E_1.meme	DONE
TFS_tr_Q4LE49_Q4LE49_HUMAN:684:768_2oeh_A_1.meme	DONE
TFS_tr_A0A0S2Z5G4_A0A0S2Z5G4_HUMAN:177:293_8htx_A_1.meme	DONE
TFS_tr_A0A8J9GB59_A0A8J9GB59_HUMAN:292:392_1kqq_A_1.meme	DONE
TFS_sp_P12980_LYL1_HUMAN:151:205_7z5k_B_1.meme	DONE
TFS_tr_A8K5C8_A8K5C8_HUMAN:229:505_5v3m_C_1.meme	DONE
DIMER_tr_I3L216_I3L216_HUMAN:182:233_1llm_D_1.meme	DONE
TFS_tr_A0A8Q3SI57_A0A8Q3SI57_HUMAN:513:538_6ki6_A_1.meme	DONE
TFS_tr_Q6ZNB4_Q6ZNB4_HUMAN:85:115_7q94_B_1.meme	DONE
TFS_tr_A0A1U9X8W6_A0A1U9X8W6_HUMAN:330:606_5v3j_E_1.meme	DONE
TFS_tr_Q6P495_Q6P495_HUMAN:165:186_1a1f_A_1.meme	DONE
TFS_tr_E9PJ73_E9PJ73_HUMAN:25:70_1t2k_D_1.meme	DONE
TFS_tr_A0A6E1W9L1_A0A6E1W9L1_HUMAN:424:479_5yeg_A_1.meme	DONE
TFS_sp_A8MQ14_ZN850_HUMAN:308:584_5v3j_E_1.meme	DONE
TFS_sp_P17031_ZNF26_HUMAN:229:505_5v3j_E_1.meme	DONE
TFS_tr_B2RBM8_B2RBM8_HUMAN:76:100_4f6n_A_1.meme	DONE
TFS_tr_C9J872_C9J872_HUMAN:108:146_1cf7_A_1.meme	DONE
DIMER_sp_P12980_LYL1_HUMAN:151:199_7z5i_B_1.meme	DONE
DIMER_tr_X5DR67_X5DR67_HUMAN:140:432_4zpk_B_1.meme	DONE
TFS_tr_D6RJ09_D6RJ09_HUMAN:3:32_8iuh_4_1.meme	DONE
DIMER_tr_U3KPW8_U3KPW8_HUMAN:194:242_2hos_A_1.meme	DONE
TFS_tr_H3BNI0_H3BNI0_HUMAN:128:281_2i13_A_1.meme	DONE
DIMER_tr_Q6PJQ2_Q6PJQ2_HUMAN:939:989_1llm_C_1.meme	DONE
TFS_sp_Q99742_NPAS1_HUMAN:142:198_8osl_N_1.meme	DONE
DIMER_sp_Q8N1L9_BATF2_HUMAN:23:71_1jnm_A_1.meme	DONE
TFS_tr_H0YMS9_H0YMS9_HUMAN:3:28_6l6y_D_1.meme	DONE
TFS_sp_Q9H582_ZN644_HUMAN:438:564_2i13_A_1.meme	DONE
TFS_sp_Q96MN9_ZN488_HUMAN:314:339_5k5l_F_1.meme	DONE
DIMER_tr_B4DU56_B4DU56_HUMAN:166:217_1llm_D_1.meme	DONE
TFS_tr_B3KR55_B3KR55_HUMAN:373:526_2i13_A_1.meme	DONE
TFS_tr_B2R8D6_B2R8D6_HUMAN:240:393_2i13_A_1.meme	DONE
TFS_sp_Q96E29_MTEF3_HUMAN:187:365_3n7q_A_1.meme	DONE
DIMER_sp_A6NDX5_ZN840_HUMAN:331:382_1llm_C_1.meme	DONE
TFS_sp_Q8NHM5_KDM2B_HUMAN:613:651_3qmd_A_1.meme	DONE
TFS_tr_A0A0C4DGM2_A0A0C4DGM2_HUMAN:297:450_2i13_A_1.meme	DONE
TFS_tr_Q5DTE4_Q5DTE4_HUMAN:119:273_5v3m_C_1.meme	DONE
TFS_sp_Q8NCK3_ZN485_HUMAN:157:432_5v3j_E_1.meme	DONE
TFS_tr_Q59HC5_Q59HC5_HUMAN:24:305_5v3j_E_1.meme	DONE
DIMER_tr_Q96F93_Q96F93_HUMAN:301:349_1llm_D_1.meme	DONE
DIMER_tr_Q8IYR9_Q8IYR9_HUMAN:95:149_7z5k_B_1.meme	DONE
TFS_tr_A0A994J5C6_A0A994J5C6_HUMAN:132:180_3uk3_D_1.meme	DONE
TFS_tr_B3KQ40_B3KQ40_HUMAN:73:132_6ml7_A_1.meme	DONE
TFS_sp_O43151_TET3_HUMAN:55:79_3qmg_A_1.meme	DONE
DIMER_tr_E7EUW9_E7EUW9_HUMAN:688:725_5wc9_A_1.meme	DONE
TFS_tr_A0A3B3ISB6_A0A3B3ISB6_HUMAN:335:361_2jx1_A_1.meme	DONE
DIMER_tr_X5D9I7_X5D9I7_HUMAN:22:435_5sy7_B_1.meme	DONE
DIMER_tr_Q2VP97_Q2VP97_HUMAN:394:443_1llm_D_1.meme	DONE
DIMER_sp_Q63HK5_TSH3_HUMAN:1041:1068_1llm_C_1.meme	DONE
DIMER_tr_H0YCZ0_H0YCZ0_HUMAN:251:307_1llm_D_1.meme	DONE
TFS_tr_X5D985_X5D985_HUMAN:20:416_5sy7_B_1.meme	DONE
TFS_tr_X5D985_X5D985_HUMAN:122:378_8osl_N_1.meme	DONE
TFS_tr_Q9BY29_Q9BY29_HUMAN:23:299_5v3m_C_1.meme	DONE
DIMER_tr_X5D988_X5D988_HUMAN:21:417_4zpk_B_1.meme	DONE
TFS_sp_Q8NHM5_KDM2B_HUMAN:608:651_3qmb_A_1.meme	DONE
DIMER_sp_Q9HCC6_HES4_HUMAN:35:98_4atk_B_1.meme	DONE
DIMER_sp_P12980_LYL1_HUMAN:151:205_7z5k_B_1.meme	DONE
DIMER_tr_A0A0S2Z4K4_A0A0S2Z4K4_HUMAN:305:356_1llm_D_1.meme	DONE
TFS_sp_Q14103_HNRPD_HUMAN:191:225_6zhe_A_1.meme	DONE
TFS_tr_E5RG39_E5RG39_HUMAN:123:204_5egb_A_1.meme	DONE
TFS_sp_Q86TG7_PEG10_HUMAN:4:53_1h89_B_1.meme	DONE
DIMER_tr_A8K7Y5_A8K7Y5_HUMAN:908:959_1llm_C_1.meme	DONE
DIMER_tr_B0QYW7_B0QYW7_HUMAN:4:38_1r4i_B_1.meme	DONE
DIMER_tr_E7EUW9_E7EUW9_HUMAN:688:725_1hf0_B_1.meme	DONE
DIMER_tr_H3BVG7_H3BVG7_HUMAN:106:145_1llm_C_1.meme	DONE
DIMER_tr_A0A1U9X8W6_A0A1U9X8W6_HUMAN:385:436_1llm_D_1.meme	DONE
DIMER_sp_Q6ZRF7_ZN818_HUMAN:65:108_1llm_D_1.meme	DONE
TFS_tr_B7Z5S2_B7Z5S2_HUMAN:167:443_5v3j_E_1.meme	DONE
TFS_tr_Q7Z6U0_Q7Z6U0_HUMAN:13:91_5iya_P_1.meme	DONE
TFS_tr_E7EV75_E7EV75_HUMAN:21:77_8h7a_B_1.meme	DONE
TFS_tr_A0A669KBC9_A0A669KBC9_HUMAN:54:148_2gli_A_1.meme	DONE
TFS_sp_Q9C0G0_ZN407_HUMAN:1630:1796_5t0u_A_1.meme	DONE
TFS_tr_C0IMW8_C0IMW8_HUMAN:48:115_6erp_C_1.meme	DONE
TFS_sp_Q96ME7_ZN512_HUMAN:439:466_6df5_A_1.meme	DONE
TFS_tr_Q8N508_Q8N508_HUMAN:2:134_5v3m_C_1.meme	DONE
TFS_sp_Q9HCC6_HES4_HUMAN:35:98_4atk_B_1.meme	DONE
DIMER_tr_X5D9I7_X5D9I7_HUMAN:141:397_8osl_N_1.meme	DONE
TFS_tr_H3BNI0_H3BNI0_HUMAN:118:394_5v3j_E_1.meme	DONE
TFS_sp_A9YTQ3_AHRR_HUMAN:39:277_5v0l_B_1.meme	DONE
TFS_tr_M0R1P0_M0R1P0_HUMAN:259:537_5wjq_D_1.meme	DONE
TFS_sp_Q8IYH5_ZZZ3_HUMAN:655:698_1msf_C_1.meme	DONE
TFS_tr_Q9Y4S0_Q9Y4S0_HUMAN:94:227_7w1m_H_1.meme	DONE
TFS_tr_A8K3P5_A8K3P5_HUMAN:587:740_2i13_A_1.meme	DONE
TFS_tr_B0QYW7_B0QYW7_HUMAN:1:36_4aa6_A_1.meme	DONE
TFS_tr_X5D9I7_X5D9I7_HUMAN:141:397_8osl_N_1.meme	DONE
TFS_tr_B2RB92_B2RB92_HUMAN:316:469_2i13_A_1.meme	DONE
DIMER_tr_X5DR67_X5DR67_HUMAN:139:395_8osl_N_1.meme	DONE
DIMER_tr_A8K7J8_A8K7J8_HUMAN:373:424_1llm_D_1.meme	DONE
TFS_sp_Q12789_TF3C1_HUMAN:1:716_8clj_A_1.meme	DONE
TFS_tr_A0A1B0GUB4_A0A1B0GUB4_HUMAN:144:451_7xur_A_1.meme	DONE
TFS_tr_A0A8V8TPI9_A0A8V8TPI9_HUMAN:720:832_5ei9_E_1.meme	DONE
DIMER_tr_U3KPW8_U3KPW8_HUMAN:194:242_2hdd_A_1.meme	DONE
DIMER_sp_Q7RTU4_BHA09_HUMAN:59:122_2ypb_B_1.meme	DONE
TFS_tr_C8CJL6_C8CJL6_HUMAN:1:61_1lo1_A_1.meme	DONE
TFS_tr_B0QYW7_B0QYW7_HUMAN:1:37_1hcq_B_1.meme	DONE
TFS_tr_Q1RMZ5_Q1RMZ5_HUMAN:694:916_5v3j_E_1.meme	DONE
DIMER_sp_Q6ZN18_AEBP2_HUMAN:302:348_1llm_D_1.meme	DONE
TFS_tr_Q3MN16_Q3MN16_HUMAN:151:176_8ffz_A_1.meme	DONE
TFS_tr_A0AAQ5BH24_A0AAQ5BH24_HUMAN:60:105_4roe_A_1.meme	DONE
TFS_sp_Q6N021_TET2_HUMAN:1474:1521_1ais_B_1.meme	DONE
TFS_tr_B4DWF2_B4DWF2_HUMAN:120:221_5ei9_E_1.meme	DONE
TFS_tr_A0A087WYF4_A0A087WYF4_HUMAN:121:393_5v3j_E_1.meme	DONE
TFS_sp_Q96MA1_DMRTB_HUMAN:4:65_4yj0_C_1.meme	DONE
TFS_tr_B2RBM8_B2RBM8_HUMAN:76:100_6v8u_A_1.meme	DONE
TFS_tr_B4DWF2_B4DWF2_HUMAN:120:221_5egb_A_1.meme	DONE
TFS_tr_A0A3B3ISN1_A0A3B3ISN1_HUMAN:505:531_2jx1_A_1.meme	DONE
TFS_tr_A0A494C0U8_A0A494C0U8_HUMAN:252:530_5wjq_D_1.meme	DONE
TFS_tr_H7C414_H7C414_HUMAN:593:730_2i13_A_1.meme	DONE
TFS_tr_D6RBC4_D6RBC4_HUMAN:448:542_5vmx_A_1.meme	DONE
DIMER_tr_H7C414_H7C414_HUMAN:685:735_1llm_C_1.meme	DONE
DIMER_tr_B2RB92_B2RB92_HUMAN:361:412_1llm_D_1.meme	DONE
TFS_tr_F8VS42_F8VS42_HUMAN:58:440_4zpr_B_1.meme	DONE
DIMER_sp_Q8IXK0_PHC2_HUMAN:195:231_6ryi_B_1.meme	DONE
TFS_sp_Q8TF20_ZN721_HUMAN:218:371_2i13_A_1.meme	DONE
TFS_tr_Q05BY5_Q05BY5_HUMAN:142:281_5v3m_C_1.meme	DONE
DIMER_sp_Q9HD90_NDF4_HUMAN:88:143_2ypb_A_1.meme	DONE
TFS_tr_B4DS48_B4DS48_HUMAN:902:932_2jx1_A_1.meme	DONE
TFS_tr_B7Z6K4_B7Z6K4_HUMAN:620:734_5t0u_A_1.meme	DONE
TFS_sp_Q8WTV1_THAP3_HUMAN:1:82_2l1g_A_1.meme	DONE
TFS_tr_D6RAX4_D6RAX4_HUMAN:14:31_7et6_D_1.meme	DONE
TFS_sp_Q9Y222_DMTF1_HUMAN:226:344_1h88_C_1.meme	DONE
TFS_tr_A0A994J7Z0_A0A994J7Z0_HUMAN:751:803_3uk3_D_1.meme	DONE
TFS_sp_Q6ZRF7_ZN818_HUMAN:66:112_5wjq_D_1.meme	DONE
TFS_sp_Q99742_NPAS1_HUMAN:45:406_4zpr_B_1.meme	DONE
TFS_tr_A0A3B3ISB6_A0A3B3ISB6_HUMAN:336:407_2mf8_A_1.meme	DONE
DIMER_sp_P12980_LYL1_HUMAN:148:209_2ypa_A_1.meme	DONE
TFS_sp_Q96SQ7_ATOH8_HUMAN:231:285_2ypb_A_1.meme	DONE
TFS_tr_U3KPW8_U3KPW8_HUMAN:194:242_2hos_A_1.meme	DONE
TFS_tr_Q6RFS1_Q6RFS1_HUMAN:1:232_5wjq_D_1.meme	DONE
TFS_tr_A0A8V8TPI9_A0A8V8TPI9_HUMAN:724:832_7w1m_H_1.meme	DONE
TFS_tr_A8K8A2_A8K8A2_HUMAN:314:466_2i13_A_1.meme	DONE
TFS_tr_B4DXA9_B4DXA9_HUMAN:457:567_5ei9_E_1.meme	DONE
TFS_tr_Q6RFS3_Q6RFS3_HUMAN:81:351_5v3m_C_1.meme	DONE
DIMER_tr_B2RBM8_B2RBM8_HUMAN:771:810_1du0_A_1.meme	DONE
TFS_tr_A0A087X0M6_A0A087X0M6_HUMAN:276:552_5v3m_C_1.meme	DONE
TFS_sp_Q8TF20_ZN721_HUMAN:208:484_5v3m_C_1.meme	DONE
TFS_tr_A8K8K6_A8K8K6_HUMAN:369:478_5ei9_E_1.meme	DONE
TFS_tr_B4DXX0_B4DXX0_HUMAN:192:467_5v3j_E_1.meme	DONE
TFS_tr_Q5T7U1_Q5T7U1_HUMAN:8:60_7w1m_E_1.meme	DONE
TFS_sp_Q9H2P0_ADNP_HUMAN:76:100_4f6m_A_1.meme	DONE
TFS_tr_C8CJL6_C8CJL6_HUMAN:1:59_1hcq_B_1.meme	DONE
TFS_tr_E5KSU5_E5KSU5_HUMAN:44:237_3tq6_A_1.meme	DONE
TFS_tr_Q3MN16_Q3MN16_HUMAN:151:172_1a1g_A_1.meme	DONE
TFS_tr_J3KT56_J3KT56_HUMAN:100:253_2i13_A_1.meme	DONE
TFS_tr_A0A494C069_A0A494C069_HUMAN:190:300_5ei9_E_1.meme	DONE
TFS_tr_B3KQ40_B3KQ40_HUMAN:73:132_6ml2_A_1.meme	DONE
DIMER_tr_C9K0F2_C9K0F2_HUMAN:401:452_1llm_D_1.meme	DONE
TFS_tr_Q05BW2_Q05BW2_HUMAN:59:136_1nlw_A_1.meme	DONE
TFS_tr_B4DYU5_B4DYU5_HUMAN:231:411_5v3j_E_1.meme	DONE
TFS_sp_Q8IXK0_PHC2_HUMAN:195:231_6ryi_B_1.meme	DONE
TFS_sp_P12980_LYL1_HUMAN:148:209_2ypa_A_1.meme	DONE
TFS_sp_Q9HD90_NDF4_HUMAN:87:145_2ql2_B_1.meme	DONE
TFS_tr_H3BVG7_H3BVG7_HUMAN:92:150_5yef_A_1.meme	DONE
TFS_tr_H0YN23_H0YN23_HUMAN:197:224_5wjq_D_1.meme	DONE
TFS_tr_A0A0C4DH12_A0A0C4DH12_HUMAN:85:150_7ysf_A_1.meme	DONE
TFS_tr_M0R087_M0R087_HUMAN:52:101_5wjq_D_1.meme	DONE
TFS_tr_A0A494C0U8_A0A494C0U8_HUMAN:404:557_2i13_A_1.meme	DONE
TFS_tr_A8KAK2_A8KAK2_HUMAN:118:332_5wjq_D_1.meme	DONE
TFS_sp_O43151_TET3_HUMAN:55:79_3qmi_A_1.meme	DONE
TFS_tr_B4DIA1_B4DIA1_HUMAN:199:454_5v3m_C_1.meme	DONE
TFS_tr_X5D9I7_X5D9I7_HUMAN:142:434_4zpk_B_1.meme	DONE
TFS_tr_B4DWF2_B4DWF2_HUMAN:119:221_2i13_A_1.meme	DONE
TFS_tr_A0A1W2PQ54_A0A1W2PQ54_HUMAN:195:348_2i13_A_1.meme	DONE
TFS_tr_A0A0J9YWD6_A0A0J9YWD6_HUMAN:100:148_4iqr_A_1.meme	DONE
TFS_tr_A0A8I5KWX0_A0A8I5KWX0_HUMAN:359:558_5v3m_C_1.meme	DONE
DIMER_sp_Q7RTU7_SCX_HUMAN:76:127_7z5k_B_1.meme	DONE
TFS_tr_A0A8I5QJC6_A0A8I5QJC6_HUMAN:393:441_3cbb_B_1.meme	DONE
TFS_tr_Q6RFR8_Q6RFR8_HUMAN:129:220_5wjq_D_1.meme	DONE
DIMER_tr_Q96N48_Q96N48_HUMAN:211:230_1hwt_C_1.meme	DONE
TFS_tr_B4DXA9_B4DXA9_HUMAN:350:597_5v3j_E_1.meme	DONE
TFS_sp_Q8N3X6_LCORL_HUMAN:96:126_6ycq_A_1.meme	DONE
TFS_tr_Q05BY5_Q05BY5_HUMAN:144:280_5wjq_D_1.meme	DONE
DIMER_tr_A0A994J5J9_A0A994J5J9_HUMAN:217:253_6ryd_B_1.meme	DONE
TFS_tr_Q2VP97_Q2VP97_HUMAN:421:697_5wjq_D_1.meme	DONE
TFS_sp_Q96MX3_ZNF48_HUMAN:114:381_5v3m_C_1.meme	DONE
TFS_tr_B2RB92_B2RB92_HUMAN:388:666_5wjq_D_1.meme	DONE
DIMER_sp_Q96SQ7_ATOH8_HUMAN:231:282_6od3_B_1.meme	DONE
DIMER_tr_Q7Z4W9_Q7Z4W9_HUMAN:95:150_2ypa_A_1.meme	DONE
DIMER_sp_Q8TCN5_ZN507_HUMAN:639:687_1llm_D_1.meme	DONE
TFS_tr_B7Z6K4_B7Z6K4_HUMAN:548:733_8sst_A_1.meme	DONE
TFS_tr_H0YCZ0_H0YCZ0_HUMAN:250:303_7n5u_A_1.meme	DONE
TFS_sp_O94900_TOX_HUMAN:259:331_3nm9_P_1.meme	DONE
TFS_tr_B3KR55_B3KR55_HUMAN:335:611_5v3j_E_1.meme	DONE
TFS_tr_F8VS42_F8VS42_HUMAN:160:416_8osl_N_1.meme	DONE
TFS_tr_C9JE25_C9JE25_HUMAN:73:158_3mva_O_1.meme	DONE
TFS_tr_E7EUW9_E7EUW9_HUMAN:242:361_5yef_A_1.meme	DONE
DIMER_tr_X5DRF3_X5DRF3_HUMAN:22:180_4zpr_B_1.meme	DONE
TFS_tr_A8K601_A8K601_HUMAN:207:407_5v3j_E_1.meme	DONE
TFS_tr_C9J6L6_C9J6L6_HUMAN:222:367_5v3m_C_1.meme	DONE
TFS_sp_Q8IXK0_PHC2_HUMAN:195:231_6ryd_B_1.meme	DONE
TFS_sp_Q9H8Y1_VRTN_HUMAN:503:542_6w8w_A_1.meme	DONE
DIMER_tr_A4D2L0_A4D2L0_HUMAN:12:55_1dux_F_1.meme	DONE
DIMER_tr_B3KVF1_B3KVF1_HUMAN:195:244_1llm_D_1.meme	DONE
TFS_tr_Q25QX8_Q25QX8_HUMAN:176:452_5v3m_C_1.meme	DONE
TFS_tr_Q5DTE4_Q5DTE4_HUMAN:119:277_5wjq_D_1.meme	DONE
TFS_sp_Q8TCN5_ZN507_HUMAN:638:821_8ssu_A_1.meme	DONE
TFS_tr_A0A494C069_A0A494C069_HUMAN:106:339_5wjq_D_1.meme	DONE
TFS_tr_E7EPA0_E7EPA0_HUMAN:306:344_1msf_C_1.meme	DONE
TFS_sp_Q96JF6_ZN594_HUMAN:459:730_5v3m_C_1.meme	DONE
DIMER_sp_Q96K83_ZN521_HUMAN:172:223_1llm_C_1.meme	DONE
DIMER_sp_Q8IXF0_NPAS3_HUMAN:154:410_8osl_N_1.meme	DONE
DIMER_tr_Q05BW2_Q05BW2_HUMAN:59:158_8ia3_A_1.meme	DONE
TFS_tr_Q2VP97_Q2VP97_HUMAN:395:670_5v3j_E_1.meme	DONE
DIMER_tr_E7EVR1_E7EVR1_HUMAN:271:320_1llm_D_1.meme	DONE
TFS_tr_C9JE62_C9JE62_HUMAN:79:95_4y60_C_1.meme	DONE
TFS_tr_A0A7P0TA87_A0A7P0TA87_HUMAN:14:60_5nj8_A_1.meme	DONE
TFS_tr_X6RBL6_X6RBL6_HUMAN:145:204_6ogk_A_1.meme	DONE
TFS_sp_O94892_ZN432_HUMAN:286:564_5wjq_D_1.meme	DONE
TFS_tr_B4DES6_B4DES6_HUMAN:334:361_6df9_A_1.meme	DONE
TFS_tr_X5DRF3_X5DRF3_HUMAN:22:182_5sy7_B_1.meme	DONE
DIMER_tr_B4DSG8_B4DSG8_HUMAN:223:272_1llm_D_1.meme	DONE
TFS_tr_A6NFS0_A6NFS0_HUMAN:98:323_5v3m_C_1.meme	DONE
TFS_tr_Q6LES8_Q6LES8_HUMAN:43:237_3tmm_A_1.meme	DONE
TFS_tr_Q6RFS1_Q6RFS1_HUMAN:5:238_5v3m_C_1.meme	DONE
TFS_tr_Q5T942_Q5T942_HUMAN:613:661_6e93_A_1.meme	DONE
TFS_sp_O95983_MBD3_HUMAN:6:52_3c2i_A_1.meme	DONE
DIMER_sp_Q86T29_ZN605_HUMAN:223:272_1llm_D_1.meme	DONE
TFS_sp_Q01658_NC2B_HUMAN:8:93_4awl_B_1.meme	DONE
TFS_tr_X5D2Q4_X5D2Q4_HUMAN:51:447_4zpk_B_1.meme	DONE
DIMER_tr_A7YF73_A7YF73_HUMAN:682:709_1llm_D_1.meme	DONE
TFS_tr_E7EUW9_E7EUW9_HUMAN:242:361_5kkq_A_1.meme	DONE
TFS_tr_Q6RFR8_Q6RFR8_HUMAN:129:218_5v3m_C_1.meme	DONE
TFS_tr_H0Y2R3_H0Y2R3_HUMAN:540:625_2oeh_A_1.meme	DONE
TFS_tr_Q59G30_Q59G30_HUMAN:168:442_5v3m_C_1.meme	DONE
TFS_tr_Q25QX8_Q25QX8_HUMAN:176:452_5v3j_E_1.meme	DONE
DIMER_tr_A8K433_A8K433_HUMAN:325:374_1llm_D_1.meme	DONE
TFS_tr_Q96K00_Q96K00_HUMAN:148:424_5v3m_C_1.meme	DONE
TFS_tr_C8CJL6_C8CJL6_HUMAN:1:58_4aa6_B_1.meme	DONE
TFS_tr_C9K0F2_C9K0F2_HUMAN:234:503_5v3j_E_1.meme	DONE
TFS_tr_Q59G30_Q59G30_HUMAN:168:442_5v3j_E_1.meme	DONE
TFS_tr_X5DR67_X5DR67_HUMAN:139:395_8osl_N_1.meme	DONE
TFS_sp_A6NDX5_ZN840_HUMAN:443:711_5wjq_D_1.meme	DONE
TFS_tr_B4DIA1_B4DIA1_HUMAN:204:454_5wjq_D_1.meme	DONE
DIMER_sp_Q14190_SIM2_HUMAN:2:335_4zpr_B_1.meme	DONE
TFS_tr_B7Z885_B7Z885_HUMAN:920:972_7txc_E_1.meme	DONE
TFS_tr_B0QYW7_B0QYW7_HUMAN:3:39_8ifo_A_1.meme	DONE
DIMER_tr_Q7Z4W9_Q7Z4W9_HUMAN:95:148_7z5i_B_1.meme	DONE
DIMER_tr_A8K3P5_A8K3P5_HUMAN:660:711_1llm_C_1.meme	DONE
DIMER_tr_F5H2K2_F5H2K2_HUMAN:36:70_1llm_C_1.meme	DONE
DIMER_tr_O43245_O43245_HUMAN:303:368_6bsf_A_1.meme	DONE
DIMER_sp_Q96SQ7_ATOH8_HUMAN:231:285_2ypb_A_1.meme	DONE
DIMER_tr_A0A8I5KWX0_A0A8I5KWX0_HUMAN:498:543_1llm_D_1.meme	DONE
TFS_sp_Q8N1L9_BATF2_HUMAN:19:67_5zko_C_1.meme	DONE
DIMER_tr_H9ZYJ3_H9ZYJ3_HUMAN:498:554_1llm_D_1.meme	DONE
TFS_tr_X5D988_X5D988_HUMAN:22:404_4zpr_B_1.meme	DONE
TFS_tr_B3KNX6_B3KNX6_HUMAN:95:150_2ypb_A_1.meme	DONE
TFS_sp_Q9HD90_NDF4_HUMAN:88:142_7z5k_B_1.meme	DONE
TFS_tr_C9JE98_C9JE98_HUMAN:611:667_6vyp_N_1.meme	DONE
DIMER_tr_A4D2L0_A4D2L0_HUMAN:12:50_3ri4_D_1.meme	DONE
TFS_tr_A7E228_A7E228_HUMAN:751:802_3uk3_C_1.meme	DONE
TFS_tr_H0YMS9_H0YMS9_HUMAN:2:28_1j5n_A_1.meme	DONE
TFS_sp_Q9C0G0_ZN407_HUMAN:1615:1796_8sss_A_1.meme	DONE
TFS_tr_Q8N692_Q8N692_HUMAN:2:154_5wjq_D_1.meme	DONE
DIMER_tr_A8K8K6_A8K8K6_HUMAN:426:477_1llm_D_1.meme	DONE
DIMER_tr_C9J6L6_C9J6L6_HUMAN:314:363_1llm_D_1.meme	DONE
DIMER_tr_F8WAI8_F8WAI8_HUMAN:779:832_1llm_C_1.meme	DONE
TFS_sp_Q86TG7_PEG10_HUMAN:4:53_1h88_B_1.meme	DONE
TFS_tr_C9J872_C9J872_HUMAN:68:150_1cf7_B_1.meme	DONE
TFS_tr_A0A6Q8NVI4_A0A6Q8NVI4_HUMAN:1202:1287_2oeh_A_1.meme	DONE
TFS_tr_A0A994J7Z0_A0A994J7Z0_HUMAN:751:803_4is1_D_1.meme	DONE
TFS_tr_A0A8Q3SI57_A0A8Q3SI57_HUMAN:514:536_1g2d_C_1.meme	DONE
TFS_tr_Q6P495_Q6P495_HUMAN:165:193_1tf3_A_1.meme	DONE
DIMER_tr_Q8IW56_Q8IW56_HUMAN:12:67_2ypb_A_1.meme	DONE
TFS_tr_Q9Y4S0_Q9Y4S0_HUMAN:18:232_5v3m_C_1.meme	DONE
TFS_tr_E7EV10_E7EV10_HUMAN:271:314_6vyp_N_1.meme	DONE
TFS_tr_E9PCS8_E9PCS8_HUMAN:271:314_6vyp_N_1.meme	DONE
TFS_sp_O95983_MBD3_HUMAN:6:52_6ogk_A_1.meme	DONE
TFS_tr_A0A6Q8NVI4_A0A6Q8NVI4_HUMAN:1178:1278_1kqq_A_1.meme	DONE
TFS_tr_A0A8I5KWX0_A0A8I5KWX0_HUMAN:359:558_5v3j_E_1.meme	DONE
TFS_tr_Q9BY29_Q9BY29_HUMAN:145:298_2i13_A_1.meme	DONE
TFS_tr_E7EUW9_E7EUW9_HUMAN:242:361_5t00_A_1.meme	DONE
TFS_tr_A0A0C4DH12_A0A0C4DH12_HUMAN:107:145_2kmk_A_1.meme	DONE
TFS_sp_Q9UI36_DACH1_HUMAN:652:727_7x5e_B_1.meme	DONE
DIMER_tr_B3KNX6_B3KNX6_HUMAN:95:149_7z5k_B_1.meme	DONE
DIMER_tr_M0R2M9_M0R2M9_HUMAN:91:137_7z5i_B_1.meme	DONE
TFS_sp_Q8IXF0_NPAS3_HUMAN:154:410_8osl_N_1.meme	DONE
TFS_tr_B3KQ40_B3KQ40_HUMAN:73:132_6ml4_A_1.meme	DONE
TFS_tr_J3KNV1_J3KNV1_HUMAN:715:827_5egb_A_1.meme	DONE
TFS_tr_O43245_O43245_HUMAN:303:368_6bsf_A_1.meme	DONE
DIMER_tr_C8CJL6_C8CJL6_HUMAN:1:60_1r4i_B_1.meme	DONE
TFS_sp_Q9P2F9_ZN319_HUMAN:229:509_5v3j_E_1.meme	DONE
TFS_tr_Q59G67_Q59G67_HUMAN:67:220_2i13_A_1.meme	DONE
TFS_tr_E5RH37_E5RH37_HUMAN:805:990_8sst_A_1.meme	DONE
TFS_tr_Q6RFS1_Q6RFS1_HUMAN:94:204_5ei9_E_1.meme	DONE
TFS_tr_B7Z4R7_B7Z4R7_HUMAN:116:269_2i13_A_1.meme	DONE
DIMER_tr_B3KNX6_B3KNX6_HUMAN:95:148_7z5i_B_1.meme	DONE
TFS_tr_O43245_O43245_HUMAN:302:358_1lo1_A_1.meme	DONE
TFS_sp_Q7RTU4_BHA09_HUMAN:59:122_2ypb_B_1.meme	DONE
TFS_sp_O75478_TAD2A_HUMAN:75:116_1h88_C_1.meme	DONE
TFS_tr_M0R1P0_M0R1P0_HUMAN:411:564_2i13_A_1.meme	DONE
TFS_tr_B3KQ40_B3KQ40_HUMAN:73:132_6ml6_A_1.meme	DONE
TFS_sp_Q6ZRF7_ZN818_HUMAN:66:114_5egb_A_1.meme	DONE
TFS_sp_Q15326_ZMY11_HUMAN:21:77_8h7a_A_1.meme	DONE
TFS_tr_A8K8A2_A8K8A2_HUMAN:274:469_5v3m_C_1.meme	DONE
TFS_tr_H7BXP3_H7BXP3_HUMAN:488:640_2i13_A_1.meme	DONE
TFS_tr_D6RAX4_D6RAX4_HUMAN:14:31_7et6_A_1.meme	DONE
TFS_tr_Q96TA9_Q96TA9_HUMAN:623:744_1kqq_A_1.meme	DONE
TFS_sp_Q6N021_TET2_HUMAN:1474:1521_1d3u_B_1.meme	DONE
TFS_tr_A0A669KBJ7_A0A669KBJ7_HUMAN:843:881_3d1n_L_1.meme	DONE
TFS_tr_B4E2P6_B4E2P6_HUMAN:40:287_5v3j_E_1.meme	DONE
TFS_tr_A8K5C8_A8K5C8_HUMAN:379:532_2i13_A_1.meme	DONE
TFS_tr_A0A3F2YNW7_A0A3F2YNW7_HUMAN:1162:1247_2oeh_A_1.meme	DONE
TFS_tr_Q6DHZ8_Q6DHZ8_HUMAN:76:100_6dfa_A_1.meme	DONE
TFS_tr_Q8IYR9_Q8IYR9_HUMAN:95:150_2ypb_A_1.meme	DONE
TFS_sp_Q8TCN5_ZN507_HUMAN:641:805_8sst_A_1.meme	DONE
DIMER_tr_Q7Z4W9_Q7Z4W9_HUMAN:95:151_1mdy_B_1.meme	DONE
TFS_tr_A0A0A0MTT2_A0A0A0MTT2_HUMAN:272:552_5wjq_D_1.meme	DONE
DIMER_sp_A9YTQ3_AHRR_HUMAN:39:277_5v0l_B_1.meme	DONE
TFS_tr_E7EPA0_E7EPA0_HUMAN:226:344_1h88_C_1.meme	DONE
TFS_tr_A0A0J9YX80_A0A0J9YX80_HUMAN:86:134_4iqr_B_1.meme	DONE
TFS_tr_C9JE62_C9JE62_HUMAN:81:97_6jrp_A_1.meme	DONE
TFS_tr_C9JQE8_C9JQE8_HUMAN:612:668_6vyp_N_1.meme	DONE
DIMER_sp_Q9H2P0_ADNP_HUMAN:771:810_1hdd_D_1.meme	DONE
DIMER_tr_Q8IW56_Q8IW56_HUMAN:12:65_7z5i_B_1.meme	DONE
TFS_tr_Q7Z6U0_Q7Z6U0_HUMAN:13:91_6o9l_P_1.meme	DONE
DIMER_tr_A0A7I2PK40_A0A7I2PK40_HUMAN:31:273_5nj8_A_1.meme	DONE
DIMER_tr_B7Z5S2_B7Z5S2_HUMAN:417:469_1llm_C_1.meme	DONE
DIMER_tr_A0A1U9X8X7_A0A1U9X8X7_HUMAN:385:436_1llm_D_1.meme	DONE
TFS_tr_B3KQ07_B3KQ07_HUMAN:151:334_5v3m_C_1.meme	DONE
TFS_tr_B4E2P6_B4E2P6_HUMAN:40:287_5v3m_C_1.meme	DONE
TFS_sp_Q14188_TFDP2_HUMAN:166:208_4yo2_A_1.meme	DONE
TFS_sp_Q96ME7_ZN512_HUMAN:439:466_5vmv_A_1.meme	DONE
TFS_sp_Q86V15_CASZ1_HUMAN:1454:1486_5yj3_C_1.meme	DONE
TFS_tr_Q53TD0_Q53TD0_HUMAN:663:796_6cij_N_1.meme	DONE
DIMER_tr_B4DIA1_B4DIA1_HUMAN:318:369_1llm_D_1.meme	DONE
TFS_tr_B4DPR9_B4DPR9_HUMAN:53:376_5co0_O_1.meme	DONE
TFS_tr_H3BS68_H3BS68_HUMAN:127:192_7ysf_A_1.meme	DONE
TFS_sp_Q9C0G0_ZN407_HUMAN:1615:1796_8sst_A_1.meme	DONE
TFS_tr_Q7Z4W9_Q7Z4W9_HUMAN:95:151_2ql2_B_1.meme	DONE
TFS_tr_Q8IYR9_Q8IYR9_HUMAN:95:149_7z5k_B_1.meme	DONE
DIMER_tr_B0QYW7_B0QYW7_HUMAN:3:39_8ifo_A_1.meme	DONE
TFS_tr_H0YKM5_H0YKM5_HUMAN:100:154_6hc3_A_1.meme	DONE
TFS_tr_A0A8I5KVB5_A0A8I5KVB5_HUMAN:20:152_1hlv_A_1.meme	DONE
TFS_sp_O15405_TOX3_HUMAN:223:324_2gzk_A_1.meme	DONE
DIMER_tr_X5D7M0_X5D7M0_HUMAN:124:380_8osl_N_1.meme	DONE
DIMER_sp_Q96SQ7_ATOH8_HUMAN:231:282_6od4_B_1.meme	DONE
DIMER_tr_B3KVD4_B3KVD4_HUMAN:143:196_1llm_D_1.meme	DONE
TFS_tr_B3KQX0_B3KQX0_HUMAN:3:181_8sss_A_1.meme	DONE
TFS_tr_E7EVR1_E7EVR1_HUMAN:164:436_5v3j_E_1.meme	DONE
TFS_tr_H9ZYJ3_H9ZYJ3_HUMAN:305:550_5wjq_D_1.meme	DONE
DIMER_tr_A0A494C069_A0A494C069_HUMAN:191:240_1llm_D_1.meme	DONE
TFS_tr_B4DQV3_B4DQV3_HUMAN:75:154_8e3e_A_1.meme	DONE
TFS_tr_C8CJL6_C8CJL6_HUMAN:1:60_1r4i_B_1.meme	DONE
TFS_sp_Q8N8E2_ZN513_HUMAN:360:494_5wjq_D_1.meme	DONE
DIMER_tr_Q59HC5_Q59HC5_HUMAN:77:126_1llm_D_1.meme	DONE
TFS_sp_P17031_ZNF26_HUMAN:379:532_2i13_A_1.meme	DONE
DIMER_tr_C8CJL6_C8CJL6_HUMAN:1:61_8ifo_A_1.meme	DONE
TFS_tr_F8WEC7_F8WEC7_HUMAN:671:824_2i13_A_1.meme	DONE
DIMER_tr_Q05BW2_Q05BW2_HUMAN:59:138_8ia3_B_1.meme	DONE
DIMER_tr_B3KNX6_B3KNX6_HUMAN:95:150_2ypa_A_1.meme	DONE
TFS_tr_Q96N48_Q96N48_HUMAN:86:234_5v3m_C_1.meme	DONE
TFS_tr_Q6P495_Q6P495_HUMAN:165:190_8ffz_A_1.meme	DONE
TFS_tr_B2RBM8_B2RBM8_HUMAN:76:100_6df5_A_1.meme	DONE
TFS_sp_Q96ME7_ZN512_HUMAN:439:466_6dfb_A_1.meme	DONE
TFS_tr_Q658N3_Q658N3_HUMAN:9:143_1jfi_B_1.meme	DONE
TFS_tr_Q5T427_Q5T427_HUMAN:73:132_6ml5_A_1.meme	DONE
TFS_tr_B4DPR9_B4DPR9_HUMAN:80:377_3n7q_A_1.meme	DONE
TFS_tr_A0A994J5C6_A0A994J5C6_HUMAN:128:180_2i13_A_1.meme	DONE
TFS_tr_X5D985_X5D985_HUMAN:15:415_4zpk_B_1.meme	DONE
TFS_sp_O00488_ZN593_HUMAN:57:112_2drp_A_1.meme	DONE
TFS_sp_O43151_TET3_HUMAN:52:94_5w9s_C_1.meme	DONE
TFS_tr_Q6P579_Q6P579_HUMAN:93:335_5wjq_D_1.meme	DONE
TFS_tr_B2R8D6_B2R8D6_HUMAN:118:393_5v3j_E_1.meme	DONE
DIMER_tr_Q8N508_Q8N508_HUMAN:54:105_1llm_D_1.meme	DONE
TFS_tr_A0A087X0M6_A0A087X0M6_HUMAN:276:552_5v3j_E_1.meme	DONE
TFS_tr_H0Y5B5_H0Y5B5_HUMAN:156:224_8hai_K_1.meme	DONE
TFS_tr_A0A0A0MS90_A0A0A0MS90_HUMAN:7:61_6c1y_A_1.meme	DONE
TFS_sp_Q92966_SNPC3_HUMAN:21:411_8iue_3_1.meme	DONE
TFS_tr_D6RC96_D6RC96_HUMAN:395:437_6e93_A_1.meme	DONE
DIMER_sp_Q9H582_ZN644_HUMAN:497:548_1llm_C_1.meme	DONE
TFS_sp_Q6ZN18_AEBP2_HUMAN:313:352_1ubd_C_1.meme	DONE
TFS_sp_Q4LE39_ARI4B_HUMAN:308:394_1kqq_A_1.meme	DONE
TFS_tr_B3KPL8_B3KPL8_HUMAN:268:535_5v3j_E_1.meme	DONE
DIMER_tr_Q8IW56_Q8IW56_HUMAN:12:67_1mdy_A_1.meme	DONE
TFS_tr_D6RBC4_D6RBC4_HUMAN:448:542_6dfc_A_1.meme	DONE
TFS_tr_B3KNK7_B3KNK7_HUMAN:516:669_2i13_A_1.meme	DONE
TFS_tr_B4E1F9_B4E1F9_HUMAN:252:528_5v3m_C_1.meme	DONE
DIMER_tr_Q6RFR8_Q6RFR8_HUMAN:136:187_1llm_D_1.meme	DONE
TFS_sp_Q12870_TCF15_HUMAN:67:128_2ypa_A_1.meme	DONE
TFS_tr_B4DYU5_B4DYU5_HUMAN:231:411_5v3m_C_1.meme	DONE
TFS_sp_Q6ZN18_AEBP2_HUMAN:302:356_1g2f_C_1.meme	DONE
TFS_tr_Q9H726_Q9H726_HUMAN:107:139_2o49_A_1.meme	DONE
DIMER_tr_F8VS42_F8VS42_HUMAN:160:416_8osl_N_1.meme	DONE
TFS_tr_C9JE98_C9JE98_HUMAN:610:655_3osf_A_1.meme	DONE
TFS_sp_Q96K83_ZN521_HUMAN:118:332_5wjq_D_1.meme	DONE
TFS_tr_B4DXA9_B4DXA9_HUMAN:345:592_5wjq_D_1.meme	DONE
TFS_tr_A7YF73_A7YF73_HUMAN:615:640_4gzn_C_1.meme	DONE
TFS_tr_A0A7I2PK40_A0A7I2PK40_HUMAN:28:171_5sy7_B_1.meme	DONE
TFS_tr_B4DXX0_B4DXX0_HUMAN:192:467_5v3m_C_1.meme	DONE
TFS_sp_Q9HCC6_HES4_HUMAN:35:98_7d8t_B_1.meme	DONE
TFS_tr_Q96K00_Q96K00_HUMAN:130:283_2i13_A_1.meme	DONE
DIMER_tr_F8VR32_F8VR32_HUMAN:159:415_8osl_N_1.meme	DONE
DIMER_tr_A0A8I5QJC6_A0A8I5QJC6_HUMAN:393:441_3cbb_B_1.meme	DONE
TFS_tr_B7Z5S2_B7Z5S2_HUMAN:167:443_5v3m_C_1.meme	DONE
TFS_sp_Q9HD90_NDF4_HUMAN:88:141_7z5i_B_1.meme	DONE
TFS_sp_O94900_TOX_HUMAN:245:330_2gzk_A_1.meme	DONE
TFS_tr_B3KVD4_B3KVD4_HUMAN:105:200_6dfc_A_1.meme	DONE
TFS_tr_B3KNX6_B3KNX6_HUMAN:95:150_2ypa_A_1.meme	DONE
TFS_tr_B1ALC2_B1ALC2_HUMAN:115:138_6ml7_A_1.meme	DONE
TFS_sp_Q01658_NC2B_HUMAN:5:92_6r2v_B_1.meme	DONE
TFS_tr_A0A087WYF4_A0A087WYF4_HUMAN:162:393_5wjq_D_1.meme	DONE
TFS_tr_A4D2L0_A4D2L0_HUMAN:12:56_1hbx_G_1.meme	DONE
DIMER_tr_A0A994J5C6_A0A994J5C6_HUMAN:128:176_1llm_C_1.meme	DONE
TFS_tr_B4DU56_B4DU56_HUMAN:223:499_5v3j_E_1.meme	DONE
TFS_tr_X5DNV7_X5DNV7_HUMAN:22:416_5sy7_B_1.meme	DONE
TFS_sp_Q96T92_INSM2_HUMAN:263:313_6e93_A_1.meme	DONE
TFS_tr_A8K433_A8K433_HUMAN:119:350_5v3m_C_1.meme	DONE
DIMER_tr_A4D2L0_A4D2L0_HUMAN:12:50_5e8i_G_1.meme	DONE
TFS_sp_Q96E29_MTEF3_HUMAN:187:365_3mva_O_1.meme	DONE
TFS_tr_M0R087_M0R087_HUMAN:52:101_5v3m_C_1.meme	DONE
TFS_sp_Q01658_NC2B_HUMAN:9:143_1jfi_B_1.meme	DONE
TFS_tr_A0A0S2Z658_A0A0S2Z658_HUMAN:286:537_5wjq_D_1.meme	DONE
DIMER_sp_Q86TG7_PEG10_HUMAN:4:53_6mg2_B_1.meme	DONE
TFS_tr_A0A8I5KWX0_A0A8I5KWX0_HUMAN:368:519_2i13_A_1.meme	DONE
TFS_tr_Q6PJQ2_Q6PJQ2_HUMAN:838:1023_8sss_A_1.meme	DONE
TFS_tr_H0YN23_H0YN23_HUMAN:185:271_2i13_A_1.meme	DONE
DIMER_sp_Q8N3X6_LCORL_HUMAN:96:126_6ycq_A_1.meme	DONE
TFS_tr_B4DXX0_B4DXX0_HUMAN:217:495_5wjq_D_1.meme	DONE
TFS_tr_Q05CG0_Q05CG0_HUMAN:308:397_1kqq_A_1.meme	DONE
DIMER_tr_X5DNV7_X5DNV7_HUMAN:21:415_4zpk_B_1.meme	DONE
TFS_tr_Q96TA9_Q96TA9_HUMAN:647:731_2oeh_A_1.meme	DONE
TFS_tr_A0A0S2Z4K4_A0A0S2Z4K4_HUMAN:248:385_5v3j_E_1.meme	DONE
DIMER_tr_X5D7M0_X5D7M0_HUMAN:21:417_4zpk_B_1.meme	DONE
TFS_tr_A8K433_A8K433_HUMAN:119:350_5v3j_E_1.meme	DONE
TFS_tr_E7EVR1_E7EVR1_HUMAN:205:436_5wjq_D_1.meme	DONE
DIMER_sp_Q99742_NPAS1_HUMAN:45:406_4zpr_B_1.meme	DONE
TFS_sp_Q15329_E2F5_HUMAN:49:115_1cf7_A_1.meme	DONE
DIMER_tr_B4DNH5_B4DNH5_HUMAN:170:218_1llm_D_1.meme	DONE
TFS_tr_H3BNI0_H3BNI0_HUMAN:115:394_5wjq_D_1.meme	DONE
TFS_tr_A0A804HKG3_A0A804HKG3_HUMAN:216:332_8htx_A_1.meme	DONE
TFS_sp_O60284_ST18_HUMAN:721:795_2mf8_A_1.meme	DONE
DIMER_sp_Q8IXK0_PHC2_HUMAN:195:231_6ryl_B_1.meme	DONE
TFS_tr_A0A0S2Z658_A0A0S2Z658_HUMAN:306:541_5v3j_E_1.meme	DONE
TFS_tr_A0A0A0MTH2_A0A0A0MTH2_HUMAN:336:614_5wjq_D_1.meme	DONE
DIMER_tr_B5MDS3_B5MDS3_HUMAN:156:180_1llm_D_1.meme	DONE
DIMER_tr_O43245_O43245_HUMAN:303:361_1hcq_B_1.meme	DONE
DIMER_tr_A8KAK2_A8KAK2_HUMAN:172:223_1llm_C_1.meme	DONE
TFS_tr_H9ZYJ3_H9ZYJ3_HUMAN:444:550_2i13_A_1.meme	DONE
TFS_tr_Q9H6A7_Q9H6A7_HUMAN:127:152_7prv_A_1.meme	DONE
TFS_tr_Q6PJQ2_Q6PJQ2_HUMAN:838:1023_8sst_A_1.meme	DONE
TFS_tr_Q8IW56_Q8IW56_HUMAN:12:66_7z5k_B_1.meme	DONE
TFS_tr_Q59HH0_Q59HH0_HUMAN:92:137_4rod_A_1.meme	DONE
DIMER_sp_Q14190_SIM2_HUMAN:2:346_4zpk_B_1.meme	DONE
TFS_tr_Q8IYR9_Q8IYR9_HUMAN:95:151_2ql2_B_1.meme	DONE
DIMER_tr_A0A7P0TA87_A0A7P0TA87_HUMAN:27:63_1am9_A_1.meme	DONE
TFS_tr_A7YF73_A7YF73_HUMAN:615:639_6e94_A_1.meme	DONE
TFS_tr_Q658Q3_Q658Q3_HUMAN:12:288_5wjq_D_1.meme	DONE
TFS_tr_A0A0C4DGR5_A0A0C4DGR5_HUMAN:313:410_5ei9_E_1.meme	DONE
TFS_tr_G3V131_G3V131_HUMAN:192:467_5v3j_E_1.meme	DONE
TFS_tr_Q59GP6_Q59GP6_HUMAN:895:930_5vmz_A_1.meme	DONE
TFS_tr_B7Z885_B7Z885_HUMAN:926:977_5keb_A_1.meme	DONE
DIMER_tr_U3KPW8_U3KPW8_HUMAN:194:242_3hdd_A_1.meme	DONE
TFS_tr_A0A804HKG3_A0A804HKG3_HUMAN:217:332_7yuk_A_1.meme	DONE
TFS_tr_A0A1B0GUB4_A0A1B0GUB4_HUMAN:149:451_8iuh_4_1.meme	DONE
TFS_tr_Q53EM1_Q53EM1_HUMAN:483:635_2i13_A_1.meme	DONE
TFS_tr_B4DSG8_B4DSG8_HUMAN:137:371_5v3j_E_1.meme	DONE
TFS_tr_Q53EM1_Q53EM1_HUMAN:306:580_5wjq_D_1.meme	DONE
TFS_tr_F8WAI8_F8WAI8_HUMAN:694:981_5wjq_D_1.meme	DONE
TFS_sp_A6NDX5_ZN840_HUMAN:444:711_5v3m_C_1.meme	DONE
TFS_tr_E9PM59_E9PM59_HUMAN:149:207_8of0_B_1.meme	DONE
TFS_tr_A0A1W2PQ54_A0A1W2PQ54_HUMAN:131:379_5v3j_E_1.meme	DONE
TFS_tr_A8K5C8_A8K5C8_HUMAN:229:505_5v3j_E_1.meme	DONE
TFS_tr_B4DSG8_B4DSG8_HUMAN:138:371_5wjq_D_1.meme	DONE
DIMER_tr_X5DRF3_X5DRF3_HUMAN:21:180_4zpk_B_1.meme	DONE
TFS_tr_Q1RMZ5_Q1RMZ5_HUMAN:694:916_5v3m_C_1.meme	DONE
TFS_sp_Q5T7W0_ZN618_HUMAN:147:170_6ml3_A_1.meme	DONE
TFS_tr_Q3LIC1_Q3LIC1_HUMAN:37:304_5v3j_E_1.meme	DONE
TFS_tr_Q59G67_Q59G67_HUMAN:85:361_5v3m_C_1.meme	DONE
TFS_tr_A0A669KBJ7_A0A669KBJ7_HUMAN:843:882_1du0_A_1.meme	DONE
DIMER_tr_X5D2Q4_X5D2Q4_HUMAN:154:410_8osl_N_1.meme	DONE
TFS_tr_A0A669KBJ7_A0A669KBJ7_HUMAN:148:172_6v8u_A_1.meme	DONE
DIMER_tr_A0A669KBJ7_A0A669KBJ7_HUMAN:843:882_3hdd_A_1.meme	DONE
DIMER_tr_X5D988_X5D988_HUMAN:22:404_4zpr_B_1.meme	DONE
DIMER_sp_Q9HD90_NDF4_HUMAN:88:142_7z5k_B_1.meme	DONE
TFS_sp_Q7Z5D8_NANGN_HUMAN:120:160_5jlw_A_1.meme	DONE
TFS_tr_B3KVF1_B3KVF1_HUMAN:133:366_5v3m_C_1.meme	DONE
DIMER_tr_M0R1P0_M0R1P0_HUMAN:512:563_1llm_D_1.meme	DONE
TFS_sp_Q8NCK3_ZN485_HUMAN:279:432_2i13_A_1.meme	DONE
TFS_tr_K7EQN6_K7EQN6_HUMAN:128:180_2i13_A_1.meme	DONE
TFS_tr_F8WAI8_F8WAI8_HUMAN:761:916_2i13_A_1.meme	DONE
TFS_tr_A0A3B3IU83_A0A3B3IU83_HUMAN:335:361_2jx1_A_1.meme	DONE
TFS_tr_B5MDS3_B5MDS3_HUMAN:115:138_6ml3_A_1.meme	DONE
TFS_tr_C0IMW8_C0IMW8_HUMAN:48:115_7lbx_A_1.meme	DONE
TFS_tr_B3KPL8_B3KPL8_HUMAN:208:488_5wjq_D_1.meme	DONE
TFS_tr_X5D988_X5D988_HUMAN:21:417_4zpk_B_1.meme	DONE
TFS_tr_Q7Z4B9_Q7Z4B9_HUMAN:22:294_5v3j_E_1.meme	DONE
TFS_tr_E5RHS3_E5RHS3_HUMAN:368:439_2mf8_A_1.meme	DONE
TFS_tr_A0A090N7S8_A0A090N7S8_HUMAN:436:588_2i13_A_1.meme	DONE
TFS_tr_A0A0S2Z5G4_A0A0S2Z5G4_HUMAN:178:293_7yuk_A_1.meme	DONE
TFS_tr_Q59HH0_Q59HH0_HUMAN:92:137_8ity_V_1.meme	DONE
DIMER_tr_A0A494C0U8_A0A494C0U8_HUMAN:505:556_1llm_D_1.meme	DONE
DIMER_tr_A0AV05_A0AV05_HUMAN:394:442_1llm_D_1.meme	DONE
DIMER_tr_O43245_O43245_HUMAN:303:361_4aa6_B_1.meme	DONE
TFS_tr_A8K601_A8K601_HUMAN:1041:1068_5vmz_A_1.meme	DONE
TFS_tr_B4E2P6_B4E2P6_HUMAN:131:282_2i13_A_1.meme	DONE
TFS_tr_B3KM38_B3KM38_HUMAN:173:289_8htx_A_1.meme	DONE
TFS_tr_D6RJ09_D6RJ09_HUMAN:3:32_8iue_4_1.meme	DONE
TFS_tr_E5RG39_E5RG39_HUMAN:124:204_5eh2_F_1.meme	DONE
TFS_tr_M0QY62_M0QY62_HUMAN:351:628_5wjq_D_1.meme	DONE
DIMER_tr_Q05BW2_Q05BW2_HUMAN:59:158_8ia3_E_1.meme	DONE
TFS_tr_I3L216_I3L216_HUMAN:125:262_5v3m_C_1.meme	DONE
TFS_tr_B4DYU5_B4DYU5_HUMAN:231:411_5wjq_D_1.meme	DONE
TFS_tr_C9JE62_C9JE62_HUMAN:79:95_6l6y_D_1.meme	DONE
TFS_tr_A8K7J8_A8K7J8_HUMAN:184:453_5v3j_E_1.meme	DONE
TFS_tr_B3KTR1_B3KTR1_HUMAN:66:338_5wjq_D_1.meme	DONE
TFS_sp_Q9Y5B6_PAXB1_HUMAN:504:528_4jjn_B_1.meme	DONE
TFS_tr_Q53Z40_Q53Z40_HUMAN:287:478_5v3j_E_1.meme	DONE
DIMER_sp_A9YTQ3_AHRR_HUMAN:35:277_5nj8_A_1.meme	DONE
TFS_tr_B3KNX6_B3KNX6_HUMAN:95:149_7z5k_B_1.meme	DONE
DIMER_tr_B2R8D6_B2R8D6_HUMAN:341:394_1llm_D_1.meme	DONE
DIMER_tr_X5DNV7_X5DNV7_HUMAN:122:378_8osl_N_1.meme	DONE
TFS_sp_Q5T7W0_ZN618_HUMAN:147:170_6ml6_A_1.meme	DONE
DIMER_sp_Q9HD90_NDF4_HUMAN:88:141_7z5i_B_1.meme	DONE
DIMER_tr_F8VR32_F8VR32_HUMAN:59:453_5sy7_B_1.meme	DONE
TFS_tr_X5D9I7_X5D9I7_HUMAN:142:421_4zpr_B_1.meme	DONE
TFS_tr_Q8N508_Q8N508_HUMAN:1:107_5ei9_E_1.meme	DONE
TFS_tr_A0A994J7Z0_A0A994J7Z0_HUMAN:753:801_6ki6_A_1.meme	DONE
TFS_tr_E7ES08_E7ES08_HUMAN:9:156_6cij_N_1.meme	DONE
TFS_tr_Q6DHZ8_Q6DHZ8_HUMAN:76:100_6df9_A_1.meme	DONE
TFS_sp_Q63HK5_TSH3_HUMAN:207:407_5v3j_E_1.meme	DONE
TFS_tr_C9JE25_C9JE25_HUMAN:73:158_5co0_O_1.meme	DONE
DIMER_sp_Q9HD90_NDF4_HUMAN:88:143_2ypa_A_1.meme	DONE
TFS_sp_Q8IYH5_ZZZ3_HUMAN:648:698_1h88_C_1.meme	DONE
TFS_tr_H0YCZ0_H0YCZ0_HUMAN:250:303_7n5w_A_1.meme	DONE
TFS_sp_Q14188_TFDP2_HUMAN:181:206_1cf7_A_1.meme	DONE
TFS_tr_A0A8Q3SI57_A0A8Q3SI57_HUMAN:513:538_6u9q_A_1.meme	DONE
TFS_tr_B7Z4R7_B7Z4R7_HUMAN:162:437_5v3j_E_1.meme	DONE
DIMER_tr_Q7Z4W9_Q7Z4W9_HUMAN:95:150_2ypb_A_1.meme	DONE
TFS_sp_Q14586_ZN267_HUMAN:407:683_5v3j_E_1.meme	DONE
TFS_sp_Q9UBB5_MBD2_HUMAN:147:204_6c1y_A_1.meme	DONE
TFS_tr_B4DR15_B4DR15_HUMAN:252:404_2i13_A_1.meme	DONE
TFS_tr_D6RC96_D6RC96_HUMAN:393:422_6ki6_A_1.meme	DONE
TFS_tr_I3L216_I3L216_HUMAN:125:235_5ei9_E_1.meme	DONE
DIMER_tr_A0A0A0MTK1_A0A0A0MTK1_HUMAN:447:498_1llm_D_1.meme	DONE
TFS_sp_Q9UBB5_MBD2_HUMAN:145:204_6ogk_A_1.meme	DONE
DIMER_sp_Q8N8E2_ZN513_HUMAN:442:493_1llm_D_1.meme	DONE
TFS_tr_O43245_O43245_HUMAN:302:363_8ifo_A_1.meme	DONE
TFS_tr_O43245_O43245_HUMAN:303:361_1hcq_B_1.meme	DONE
TFS_sp_Q96MX3_ZNF48_HUMAN:108:381_5wjq_D_1.meme	DONE
TFS_tr_A0A7P0TA87_A0A7P0TA87_HUMAN:18:60_5v0l_B_1.meme	DONE
TFS_tr_A7E228_A7E228_HUMAN:751:803_4is1_D_1.meme	DONE
TFS_tr_Q96N48_Q96N48_HUMAN:78:234_5wjq_D_1.meme	DONE
TFS_tr_A0A7P0TA87_A0A7P0TA87_HUMAN:5:56_4zpk_B_1.meme	DONE
TFS_sp_Q9C0G0_ZN407_HUMAN:1615:1800_7w1m_H_1.meme	DONE
TFS_tr_A0A8V8TPI9_A0A8V8TPI9_HUMAN:723:832_5eh2_F_1.meme	DONE
TFS_sp_P17031_ZNF26_HUMAN:227:505_5wjq_D_1.meme	DONE
TFS_tr_H7BXP3_H7BXP3_HUMAN:338:613_5v3m_C_1.meme	DONE
DIMER_tr_A0A7I2PK40_A0A7I2PK40_HUMAN:28:171_5sy7_B_1.meme	DONE
TFS_tr_C9J461_C9J461_HUMAN:120:145_1cf7_A_1.meme	DONE
TFS_sp_Q12870_TCF15_HUMAN:73:128_2ql2_B_1.meme	DONE
TFS_tr_A7YF73_A7YF73_HUMAN:610:639_5eh2_F_1.meme	DONE
TFS_sp_Q96MN9_ZN488_HUMAN:314:340_5k5h_A_1.meme	DONE
TFS_sp_Q8N8E2_ZN513_HUMAN:360:494_8sss_A_1.meme	DONE
DIMER_sp_Q9HCC6_HES4_HUMAN:35:98_7d8t_B_1.meme	DONE
TFS_tr_H9ZYJ3_H9ZYJ3_HUMAN:304:550_5v3m_C_1.meme	DONE
DIMER_tr_Q6DHZ8_Q6DHZ8_HUMAN:771:809_3d1n_L_1.meme	DONE
TFS_tr_A0A0S2Z4K4_A0A0S2Z4K4_HUMAN:248:358_5ei9_E_1.meme	DONE
TFS_sp_A8MQ14_ZN850_HUMAN:334:612_5wjq_D_1.meme	DONE
TFS_tr_B4DR15_B4DR15_HUMAN:174:405_5v3j_E_1.meme	DONE
DIMER_tr_A0A0A0MTT2_A0A0A0MTT2_HUMAN:415:463_1llm_D_1.meme	DONE
TFS_tr_X5D988_X5D988_HUMAN:124:380_8osl_N_1.meme	DONE
TFS_tr_B5MDS3_B5MDS3_HUMAN:114:140_2kmk_A_1.meme	DONE
TFS_tr_B3KVF1_B3KVF1_HUMAN:178:331_2i13_A_1.meme	DONE
TFS_tr_Q6LES8_Q6LES8_HUMAN:44:240_6hb4_A_1.meme	DONE
DIMER_tr_A0A7P0TA87_A0A7P0TA87_HUMAN:12:55_5gnj_G_1.meme	DONE
TFS_tr_J3KNV1_J3KNV1_HUMAN:719:827_5t0u_A_1.meme	DONE
TFS_tr_A0A0A0MTT2_A0A0A0MTT2_HUMAN:332:599_5v3j_E_1.meme	DONE
TFS_sp_O15405_TOX3_HUMAN:239:326_1j5n_A_1.meme	DONE
TFS_tr_F8VXY9_F8VXY9_HUMAN:226:290_3osg_A_1.meme	DONE
TFS_tr_E5KSU5_E5KSU5_HUMAN:43:237_3tmm_A_1.meme	DONE
TFS_sp_Q96MN9_ZN488_HUMAN:314:339_5k5i_A_1.meme	DONE
TFS_tr_F8VS42_F8VS42_HUMAN:57:453_4zpk_B_1.meme	DONE
TFS_tr_Q8N692_Q8N692_HUMAN:1:154_5v3j_E_1.meme	DONE
DIMER_tr_Q8IYR9_Q8IYR9_HUMAN:95:150_2ypb_A_1.meme	DONE
TFS_tr_Q9BY29_Q9BY29_HUMAN:23:299_5v3j_E_1.meme	DONE
TFS_tr_Q59HC5_Q59HC5_HUMAN:24:305_5v3m_C_1.meme	DONE
TFS_tr_A0A0C4DGR5_A0A0C4DGR5_HUMAN:329:466_2i13_A_1.meme	DONE
TFS_sp_Q12870_TCF15_HUMAN:66:128_2ypb_A_1.meme	DONE
TFS_tr_B4DIA1_B4DIA1_HUMAN:289:399_5ei9_E_1.meme	DONE
TFS_sp_Q9H582_ZN644_HUMAN:410:480_5egb_A_1.meme	DONE
TFS_sp_Q96SQ7_ATOH8_HUMAN:231:282_6od4_B_1.meme	DONE
TFS_sp_Q14586_ZN267_HUMAN:557:710_2i13_A_1.meme	DONE
TFS_tr_Q25QX8_Q25QX8_HUMAN:242:395_2i13_A_1.meme	DONE
DIMER_tr_X5D7M0_X5D7M0_HUMAN:22:404_4zpr_B_1.meme	DONE
DIMER_sp_Q9HCC6_HES4_HUMAN:42:88_8osl_N_1.meme	DONE
TFS_tr_Q5T7U1_Q5T7U1_HUMAN:8:60_6wg3_E_1.meme	DONE
TFS_tr_A0A0S2Z658_A0A0S2Z658_HUMAN:345:454_5ei9_E_1.meme	DONE
TFS_tr_A0A1W2PQ54_A0A1W2PQ54_HUMAN:267:376_5ei9_E_1.meme	DONE
TFS_tr_B4DIA1_B4DIA1_HUMAN:199:454_5v3j_E_1.meme	DONE
TFS_tr_A0A6E1W9L1_A0A6E1W9L1_HUMAN:424:479_5k5i_A_1.meme	DONE
TFS_tr_B4DES6_B4DES6_HUMAN:334:361_6dfa_A_1.meme	DONE
TFS_tr_Q2VP97_Q2VP97_HUMAN:545:697_2i13_A_1.meme	DONE
TFS_tr_Q6DHZ8_Q6DHZ8_HUMAN:76:100_6df5_A_1.meme	DONE
TFS_tr_A0AAQ5BH24_A0AAQ5BH24_HUMAN:60:105_4rod_A_1.meme	DONE
TFS_tr_A0A0S2Z658_A0A0S2Z658_HUMAN:306:541_5v3m_C_1.meme	DONE
DIMER_tr_Q59G30_Q59G30_HUMAN:277:328_1llm_D_1.meme	DONE
TFS_tr_A0A0A0MS90_A0A0A0MS90_HUMAN:7:61_6ogj_A_1.meme	DONE
DIMER_tr_B4DXX0_B4DXX0_HUMAN:274:322_1llm_D_1.meme	DONE
DIMER_tr_X5D2Q4_X5D2Q4_HUMAN:52:434_4zpr_B_1.meme	DONE
TFS_sp_Q7Z5D8_NANGN_HUMAN:120:160_1ahd_P_1.meme	DONE
TFS_tr_B3KPL8_B3KPL8_HUMAN:334:487_2i13_A_1.meme	DONE
TFS_tr_I3L1Q4_I3L1Q4_HUMAN:171:234_7m5w_A_1.meme	DONE
DIMER_tr_D6RC96_D6RC96_HUMAN:393:424_1llm_C_1.meme	DONE
TFS_tr_B4DQV3_B4DQV3_HUMAN:75:154_8e3d_A_1.meme	DONE
TFS_sp_Q96JM2_ZN462_HUMAN:1968:2106_7w1m_H_1.meme	DONE
TFS_tr_C9J6L6_C9J6L6_HUMAN:221:366_2i13_A_1.meme	DONE
DIMER_tr_H3BNI0_H3BNI0_HUMAN:257:308_1llm_D_1.meme	DONE
DIMER_tr_M0R2M9_M0R2M9_HUMAN:91:139_1mdy_A_1.meme	DONE
TFS_tr_H3BS68_H3BS68_HUMAN:149:187_2kmk_A_1.meme	DONE
TFS_tr_Q658Q3_Q658Q3_HUMAN:135:288_2i13_A_1.meme	DONE
DIMER_sp_A8MQ14_ZN850_HUMAN:951:1000_1llm_D_1.meme	DONE
TFS_tr_A0A3B3ISN1_A0A3B3ISN1_HUMAN:506:577_2mf8_A_1.meme	DONE
TFS_tr_A0A6E1W9L1_A0A6E1W9L1_HUMAN:424:479_5k5j_A_1.meme	DONE
TFS_tr_Q658Q3_Q658Q3_HUMAN:13:288_5v3j_E_1.meme	DONE
TFS_tr_A0A994J7Z0_A0A994J7Z0_HUMAN:751:802_3uk3_C_1.meme	DONE
TFS_sp_Q8IXF0_NPAS3_HUMAN:52:448_5sy7_B_1.meme	DONE
TFS_tr_B3KR55_B3KR55_HUMAN:335:611_5v3m_C_1.meme	DONE
TFS_tr_Q5T942_Q5T942_HUMAN:609:662_5ei9_E_1.meme	DONE
TFS_tr_B4E2P6_B4E2P6_HUMAN:35:282_5wjq_D_1.meme	DONE
TFS_tr_B7Z885_B7Z885_HUMAN:923:961_5k5l_G_1.meme	DONE
TFS_sp_O75478_TAD2A_HUMAN:211:243_6r2v_A_1.meme	DONE
TFS_tr_E5RG39_E5RG39_HUMAN:123:204_5v3j_E_1.meme	DONE
TFS_tr_A8KAK2_A8KAK2_HUMAN:117:228_2i13_A_1.meme	DONE
TFS_sp_O75398_DEAF1_HUMAN:504:552_3cbb_A_1.meme	DONE
TFS_tr_Q8IYR9_Q8IYR9_HUMAN:95:151_1mdy_B_1.meme	DONE
TFS_tr_F8VR32_F8VR32_HUMAN:59:439_4zpr_B_1.meme	DONE
TFS_tr_A0A1U9X8W6_A0A1U9X8W6_HUMAN:272:550_5wjq_D_1.meme	DONE
DIMER_sp_Q9H2P0_ADNP_HUMAN:771:809_3d1n_L_1.meme	DONE
TFS_tr_F8WEC7_F8WEC7_HUMAN:551:825_5v3j_E_1.meme	DONE
TFS_tr_C9JQE8_C9JQE8_HUMAN:615:651_3zqc_A_1.meme	DONE
TFS_tr_C0IMW8_C0IMW8_HUMAN:43:116_1j5n_A_1.meme	DONE
TFS_tr_Q5T427_Q5T427_HUMAN:73:132_6ml6_A_1.meme	DONE
TFS_sp_Q63HK5_TSH3_HUMAN:214:407_5wjq_D_1.meme	DONE
TFS_tr_Q8N508_Q8N508_HUMAN:2:134_2i13_A_1.meme	DONE
TFS_tr_Q8N692_Q8N692_HUMAN:2:153_2i13_A_1.meme	DONE
TFS_tr_F5H2K2_F5H2K2_HUMAN:36:74_4is1_C_1.meme	DONE
TFS_tr_X6RCR8_X6RCR8_HUMAN:308:398_2oeh_A_1.meme	DONE
TFS_sp_Q8N1L9_BATF2_HUMAN:19:67_1dh3_C_1.meme	DONE
TFS_tr_D6RBC4_D6RBC4_HUMAN:448:542_6dfa_A_1.meme	DONE
TFS_tr_C9JQE8_C9JQE8_HUMAN:611:656_3osf_A_1.meme	DONE
DIMER_sp_Q8IXF0_NPAS3_HUMAN:51:447_4zpk_B_1.meme	DONE
TFS_tr_Q59FE4_Q59FE4_HUMAN:167:443_5v3m_C_1.meme	DONE
TFS_tr_H0YCZ0_H0YCZ0_HUMAN:254:303_8gn3_A_1.meme	DONE
TFS_tr_A8K8K6_A8K8K6_HUMAN:287:478_5v3j_E_1.meme	DONE
TFS_tr_A0A1U9X8W6_A0A1U9X8W6_HUMAN:330:606_5v3m_C_1.meme	DONE
DIMER_tr_O43245_O43245_HUMAN:302:363_8ifo_A_1.meme	DONE
DIMER_tr_A0A0A0MTH2_A0A0A0MTH2_HUMAN:421:472_1llm_C_1.meme	DONE
TFS_tr_B3KVF1_B3KVF1_HUMAN:133:366_5v3j_E_1.meme	DONE
DIMER_tr_B3KNX6_B3KNX6_HUMAN:95:151_1mdy_B_1.meme	DONE
TFS_tr_A0A3F2YNW7_A0A3F2YNW7_HUMAN:1138:1238_1kqq_A_1.meme	DONE
TFS_sp_O95983_MBD3_HUMAN:6:52_6ogj_A_1.meme	DONE
TFS_sp_P51858_HDGF_HUMAN:8:97_5xsk_A_1.meme	DONE
TFS_tr_A0A1U9X8X7_A0A1U9X8X7_HUMAN:330:606_5v3j_E_1.meme	DONE
TFS_tr_A0A994J5C6_A0A994J5C6_HUMAN:132:180_4is1_D_1.meme	DONE
TFS_sp_Q96ME7_ZN512_HUMAN:439:466_6df9_A_1.meme	DONE
TFS_tr_A8KAK2_A8KAK2_HUMAN:118:332_5v3m_C_1.meme	DONE
TFS_tr_H7BXP3_H7BXP3_HUMAN:364:640_5wjq_D_1.meme	DONE
TFS_sp_Q86V15_CASZ1_HUMAN:668:692_2wbs_A_1.meme	DONE
TFS_tr_A0A0A0MTH2_A0A0A0MTH2_HUMAN:310:586_5v3j_E_1.meme	DONE
TFS_tr_A0A1B0GWJ2_A0A1B0GWJ2_HUMAN:309:394_2oeh_A_1.meme	DONE
TFS_tr_B3KVF1_B3KVF1_HUMAN:222:332_5ei9_E_1.meme	DONE
TFS_tr_B4DS48_B4DS48_HUMAN:506:577_2mf8_A_1.meme	DONE
DIMER_tr_J3KNV1_J3KNV1_HUMAN:719:747_1llm_C_1.meme	DONE
TFS_tr_Q9H6A7_Q9H6A7_HUMAN:127:152_5e6b_A_1.meme	DONE
TFS_tr_E5RH37_E5RH37_HUMAN:805:991_7w1m_H_1.meme	DONE
TFS_tr_Q9Y4S0_Q9Y4S0_HUMAN:18:232_5wjq_D_1.meme	DONE
TFS_tr_A0A8V8TPI9_A0A8V8TPI9_HUMAN:720:832_5egb_A_1.meme	DONE
TFS_tr_A0A994J5J9_A0A994J5J9_HUMAN:217:253_6ryl_C_1.meme	DONE
TFS_tr_A7E228_A7E228_HUMAN:751:802_4is1_C_1.meme	DONE
TFS_sp_Q96K83_ZN521_HUMAN:117:228_2i13_A_1.meme	DONE
DIMER_tr_Q8IYR9_Q8IYR9_HUMAN:95:151_1mdy_B_1.meme	DONE
DIMER_sp_Q8IXK0_PHC2_HUMAN:195:231_6ryl_A_1.meme	DONE
TFS_tr_G3V131_G3V131_HUMAN:192:467_5v3m_C_1.meme	DONE
DIMER_tr_B4DWF2_B4DWF2_HUMAN:172:225_1llm_C_1.meme	DONE
TFS_tr_B4DQV3_B4DQV3_HUMAN:77:332_5wjq_D_1.meme	DONE
TFS_sp_Q14190_SIM2_HUMAN:2:347_5sy7_B_1.meme	DONE
DIMER_tr_H7BXP3_H7BXP3_HUMAN:337:386_1llm_D_1.meme	DONE
TFS_tr_B4DR15_B4DR15_HUMAN:174:405_5v3m_C_1.meme	DONE
TFS_tr_Q5T427_Q5T427_HUMAN:73:132_6ml7_A_1.meme	DONE
TFS_sp_Q86WZ6_ZN227_HUMAN:435:711_5v3m_C_1.meme	DONE
TFS_tr_Q68CP0_Q68CP0_HUMAN:1865:2003_7w1m_H_1.meme	DONE
TFS_tr_M0R1P0_M0R1P0_HUMAN:234:509_5v3m_C_1.meme	DONE
TFS_tr_I3L216_I3L216_HUMAN:125:262_5wjq_D_1.meme	DONE
TFS_tr_H7C414_H7C414_HUMAN:543:735_8sss_A_1.meme	DONE
TFS_sp_P78364_PHC1_HUMAN:800:835_6df9_A_1.meme	DONE
TFS_tr_A0A024R0Y4_A0A024R0Y4_HUMAN:75:116_1h88_C_1.meme	DONE
TFS_tr_Q5DTE4_Q5DTE4_HUMAN:121:272_2i13_A_1.meme	DONE
TFS_tr_J3KQH6_J3KQH6_HUMAN:755:790_6df9_A_1.meme	DONE
TFS_tr_A0A1W2PQ54_A0A1W2PQ54_HUMAN:131:379_5wjq_D_1.meme	DONE
TFS_sp_O94900_TOX_HUMAN:245:332_1j5n_A_1.meme	DONE
TFS_tr_Q6RFR8_Q6RFR8_HUMAN:129:220_2i13_A_1.meme	DONE
TFS_tr_B3KQX0_B3KQX0_HUMAN:17:181_5t0u_A_1.meme	DONE
TFS_tr_E5RH37_E5RH37_HUMAN:877:991_5t0u_A_1.meme	DONE
TFS_tr_B4DWF2_B4DWF2_HUMAN:119:222_5wjq_D_1.meme	DONE
TFS_tr_Q8N692_Q8N692_HUMAN:46:153_5ei9_E_1.meme	DONE
TFS_tr_A0A994J5J9_A0A994J5J9_HUMAN:217:253_6ryi_B_1.meme	DONE
DIMER_tr_X5D988_X5D988_HUMAN:22:418_5sy7_B_1.meme	DONE
TFS_sp_Q8N5Y2_MS3L1_HUMAN:52:106_8hxy_M_1.meme	DONE
TFS_tr_A6NFS0_A6NFS0_HUMAN:170:315_2i13_A_1.meme	DONE
TFS_tr_A0A6E1W9L1_A0A6E1W9L1_HUMAN:424:479_5yeh_A_1.meme	DONE
TFS_sp_Q14188_TFDP2_HUMAN:129:210_1cf7_B_1.meme	DONE
TFS_sp_Q9NRE2_TSH2_HUMAN:211:238_5v3j_E_1.meme	DONE
TFS_tr_Q6RFS1_Q6RFS1_HUMAN:5:238_5v3j_E_1.meme	DONE
TFS_sp_Q9H582_ZN644_HUMAN:446:473_4m9v_C_1.meme	DONE
TFS_tr_Q8IW56_Q8IW56_HUMAN:11:69_2ql2_B_1.meme	DONE
TFS_tr_B3KVD4_B3KVD4_HUMAN:105:200_6df5_A_1.meme	DONE
TFS_tr_B4DWF2_B4DWF2_HUMAN:120:221_5eh2_F_1.meme	DONE
TFS_tr_C9K0F2_C9K0F2_HUMAN:300:453_2i13_A_1.meme	DONE
DIMER_tr_B3KQ40_B3KQ40_HUMAN:72:122_1llm_C_1.meme	DONE
TFS_tr_Q4LE49_Q4LE49_HUMAN:660:781_1kqq_A_1.meme	DONE
TFS_tr_A0A1U9X8W6_A0A1U9X8W6_HUMAN:424:577_2i13_A_1.meme	DONE
TFS_tr_A8K433_A8K433_HUMAN:119:375_5wjq_D_1.meme	DONE
TFS_tr_B3KPL8_B3KPL8_HUMAN:268:535_5v3m_C_1.meme	DONE
TFS_tr_K7EQN6_K7EQN6_HUMAN:751:802_3uk3_C_1.meme	DONE
TFS_tr_H0YKM5_H0YKM5_HUMAN:91:162_1j5n_A_1.meme	DONE
TFS_tr_Q96K00_Q96K00_HUMAN:148:424_5v3j_E_1.meme	DONE
TFS_sp_P41218_MNDA_HUMAN:206:393_4qgu_A_1.meme	DONE
DIMER_tr_X5DNV7_X5DNV7_HUMAN:22:402_4zpr_B_1.meme	DONE
TFS_sp_Q86TG7_PEG10_HUMAN:4:53_6mg2_B_1.meme	DONE
TFS_tr_B4DNH5_B4DNH5_HUMAN:141:251_5ei9_E_1.meme	DONE
TFS_tr_F8WAI8_F8WAI8_HUMAN:694:916_5v3m_C_1.meme	DONE
TFS_tr_M0R087_M0R087_HUMAN:52:101_2i13_A_1.meme	DONE
TFS_tr_F8VR32_F8VR32_HUMAN:58:452_4zpk_B_1.meme	DONE
TFS_tr_Q96F93_Q96F93_HUMAN:75:353_5wjq_D_1.meme	DONE
TFS_sp_Q86T29_ZN605_HUMAN:224:500_5v3m_C_1.meme	DONE
DIMER_tr_Q6DHZ8_Q6DHZ8_HUMAN:771:810_3hdd_A_1.meme	DONE
TFS_tr_A0A0C4DGM2_A0A0C4DGM2_HUMAN:285:395_5ei9_E_1.meme	DONE
DIMER_tr_C8CJL6_C8CJL6_HUMAN:1:57_1lat_A_1.meme	DONE
TFS_tr_B4DU56_B4DU56_HUMAN:223:499_5v3m_C_1.meme	DONE
TFS_tr_Q6RFS3_Q6RFS3_HUMAN:35:188_2i13_A_1.meme	DONE
DIMER_sp_Q8IXK0_PHC2_HUMAN:195:231_6ryd_B_1.meme	DONE
TFS_tr_J3KNV1_J3KNV1_HUMAN:722:799_5ke7_A_1.meme	DONE
TFS_tr_J3KT56_J3KT56_HUMAN:90:366_5v3j_E_1.meme	DONE
TFS_sp_O94892_ZN432_HUMAN:263:536_5v3m_C_1.meme	DONE
TFS_sp_Q9HCC6_HES4_HUMAN:41:98_4ati_A_1.meme	DONE
TFS_sp_Q8N5Y2_MS3L1_HUMAN:52:106_8jho_M_1.meme	DONE
TFS_tr_B3KQX0_B3KQX0_HUMAN:3:181_8sst_A_1.meme	DONE
TFS_tr_A0A0C4DGR5_A0A0C4DGR5_HUMAN:324:500_5v3j_E_1.meme	DONE
DIMER_tr_B3KQX0_B3KQX0_HUMAN:71:119_1llm_C_1.meme	DONE
DIMER_sp_Q14190_SIM2_HUMAN:2:347_5sy7_B_1.meme	DONE
TFS_tr_B4DU56_B4DU56_HUMAN:333:611_5wjq_D_1.meme	DONE
TFS_tr_A8K7J8_A8K7J8_HUMAN:176:453_5wjq_D_1.meme	DONE
DIMER_tr_X5D2Q4_X5D2Q4_HUMAN:52:448_5sy7_B_1.meme	DONE
DIMER_sp_Q86TG7_PEG10_HUMAN:4:53_6mg1_B_1.meme	DONE
TFS_tr_A8K3P5_A8K3P5_HUMAN:437:713_5v3j_E_1.meme	DONE
TFS_tr_A8K8A2_A8K8A2_HUMAN:274:469_5v3j_E_1.meme	DONE
TFS_sp_Q9P2F9_ZN319_HUMAN:229:509_5v3m_C_1.meme	DONE
DIMER_sp_Q99742_NPAS1_HUMAN:46:407_4zpk_B_1.meme	DONE
DIMER_tr_A0A1B0GV48_A0A1B0GV48_HUMAN:460:506_1llm_C_1.meme	DONE
TFS_tr_H0YCZ0_H0YCZ0_HUMAN:251:307_1llm_D_1.meme	DONE
DIMER_tr_A0A669KBC9_A0A669KBC9_HUMAN:94:140_1llm_C_1.meme	DONE
TFS_sp_P51858_HDGF_HUMAN:8:96_8pc6_L_1.meme	DONE
TFS_sp_Q96K83_ZN521_HUMAN:118:332_5v3m_C_1.meme	DONE
TFS_sp_Q99742_NPAS1_HUMAN:46:407_4zpk_B_1.meme	DONE
TFS_sp_Q9UI36_DACH1_HUMAN:652:727_7x5g_B_1.meme	DONE
TFS_tr_Q59FE4_Q59FE4_HUMAN:167:443_5v3j_E_1.meme	DONE
DIMER_tr_X5DR67_X5DR67_HUMAN:22:433_5sy7_B_1.meme	DONE
TFS_tr_B3KTR1_B3KTR1_HUMAN:157:310_2i13_A_1.meme	DONE
TFS_sp_Q8IYH5_ZZZ3_HUMAN:648:698_1h89_C_1.meme	DONE
TFS_sp_Q12789_TF3C1_HUMAN:1:716_8cli_A_1.meme	DONE
TFS_tr_A0A8V8TMG8_A0A8V8TMG8_HUMAN:187:331_2i13_A_1.meme	DONE
TFS_tr_Q68CP0_Q68CP0_HUMAN:1865:2003_8sss_A_1.meme	DONE
DIMER_tr_F8VS42_F8VS42_HUMAN:58:454_5sy7_B_1.meme	DONE
DIMER_tr_D6RBC4_D6RBC4_HUMAN:460:506_1llm_C_1.meme	DONE
TFS_tr_B4DI41_B4DI41_HUMAN:387:428_3qmc_A_1.meme	DONE
TFS_sp_Q14190_SIM2_HUMAN:2:346_4zpk_B_1.meme	DONE
TFS_tr_O14913_O14913_HUMAN:174:327_2i13_A_1.meme	DONE
DIMER_tr_E7EUW9_E7EUW9_HUMAN:309:357_1llm_C_1.meme	DONE
TFS_tr_Q96F93_Q96F93_HUMAN:77:353_5v3j_E_1.meme	DONE
TFS_tr_A8K601_A8K601_HUMAN:214:407_5wjq_D_1.meme	DONE
TFS_tr_A0A0C4DGQ9_A0A0C4DGQ9_HUMAN:131:200_2i13_A_1.meme	DONE
TFS_tr_Q9H6A7_Q9H6A7_HUMAN:127:152_6x6d_A_1.meme	DONE
TFS_tr_C9J6L6_C9J6L6_HUMAN:229:339_5ei9_E_1.meme	DONE
TFS_tr_B4DI41_B4DI41_HUMAN:387:428_3qmi_A_1.meme	DONE
DIMER_tr_Q8IYR9_Q8IYR9_HUMAN:95:150_2ypa_A_1.meme	DONE
DIMER_sp_O94892_ZN432_HUMAN:511:550_1llm_D_1.meme	DONE
DIMER_tr_A0A0C4DGM2_A0A0C4DGM2_HUMAN:370:418_1llm_D_1.meme	DONE
TFS_tr_A0A1U9X8X7_A0A1U9X8X7_HUMAN:424:577_2i13_A_1.meme	DONE
TFS_tr_C9JE62_C9JE62_HUMAN:68:95_2gzk_A_1.meme	DONE
DIMER_sp_P12980_LYL1_HUMAN:148:209_2ypb_A_1.meme	DONE
TFS_tr_A0A494C069_A0A494C069_HUMAN:128:271_2i13_A_1.meme	DONE
TFS_sp_Q8N3X6_LCORL_HUMAN:96:126_4ldx_B_1.meme	DONE
TFS_tr_Q6RFS3_Q6RFS3_HUMAN:23:295_5wjq_D_1.meme	DONE
TFS_tr_M0R2M9_M0R2M9_HUMAN:91:139_1mdy_A_1.meme	DONE
TFS_sp_Q9Y222_DMTF1_HUMAN:226:290_3osf_A_1.meme	DONE
DIMER_sp_Q99742_NPAS1_HUMAN:46:420_5sy7_B_1.meme	DONE
TFS_tr_A0A0A0MS90_A0A0A0MS90_HUMAN:7:61_6ogk_A_1.meme	DONE
DIMER_tr_E5RH37_E5RH37_HUMAN:906:956_1llm_C_1.meme	DONE
DIMER_tr_F8W7M8_F8W7M8_HUMAN:894:944_1llm_C_1.meme	DONE
TFS_sp_Q6ZRF7_ZN818_HUMAN:66:114_5eh2_F_1.meme	DONE
DIMER_sp_Q96T92_INSM2_HUMAN:470:489_1llm_D_1.meme	DONE
TFS_tr_E7EPA0_E7EPA0_HUMAN:204:325_5eyb_A_1.meme	DONE
TFS_tr_A0A994J5C6_A0A994J5C6_HUMAN:132:180_4is1_C_1.meme	DONE
TFS_tr_Q6LES8_Q6LES8_HUMAN:44:237_3tq6_A_1.meme	DONE
TFS_tr_F8VU39_F8VU39_HUMAN:542:647_7fhj_A_1.meme	DONE
TFS_tr_B4DES6_B4DES6_HUMAN:334:361_6df5_A_1.meme	DONE
DIMER_sp_Q14586_ZN267_HUMAN:574:625_1llm_D_1.meme	DONE
TFS_sp_Q9BT49_THAP7_HUMAN:58:93_2ko0_A_1.meme	DONE
TFS_tr_X5D7M0_X5D7M0_HUMAN:21:417_4zpk_B_1.meme	DONE
TFS_tr_E5RH37_E5RH37_HUMAN:805:990_8sss_A_1.meme	DONE
TFS_sp_A9YTQ3_AHRR_HUMAN:32:175_5sy7_B_1.meme	DONE
TFS_sp_Q96SQ7_ATOH8_HUMAN:230:285_2ql2_B_1.meme	DONE
TFS_tr_Q59HH0_Q59HH0_HUMAN:92:137_8iue_V_1.meme	DONE
TFS_tr_Q7Z4W9_Q7Z4W9_HUMAN:95:151_1mdy_B_1.meme	DONE
TFS_tr_A0A0C4DGM2_A0A0C4DGM2_HUMAN:246:450_5v3j_E_1.meme	DONE
TFS_tr_X6RBL6_X6RBL6_HUMAN:147:204_3c2i_A_1.meme	DONE
TFS_tr_X5D2Q4_X5D2Q4_HUMAN:154:410_8osl_N_1.meme	DONE
TFS_tr_A0A0S2Z4K4_A0A0S2Z4K4_HUMAN:248:385_5v3m_C_1.meme	DONE
DIMER_tr_X5D985_X5D985_HUMAN:122:378_8osl_N_1.meme	DONE
TFS_tr_B3KQ07_B3KQ07_HUMAN:161:334_5yef_A_1.meme	DONE
TFS_sp_Q8IXK0_PHC2_HUMAN:195:231_6ryl_B_1.meme	DONE
TFS_tr_C9K0F2_C9K0F2_HUMAN:234:503_5v3m_C_1.meme	DONE
TFS_tr_E5RG39_E5RG39_HUMAN:123:204_5v3m_C_1.meme	DONE
TFS_tr_B5MDS3_B5MDS3_HUMAN:115:138_6ml2_A_1.meme	DONE
TFS_tr_A8K7Y5_A8K7Y5_HUMAN:891:1040_2i13_A_1.meme	DONE
TFS_tr_Q05BW2_Q05BW2_HUMAN:59:158_8ia3_A_1.meme	DONE
TFS_sp_Q6ZRF7_ZN818_HUMAN:66:114_2i13_A_1.meme	DONE
DIMER_sp_Q7RTU7_SCX_HUMAN:76:127_7z5i_B_1.meme	DONE
TFS_tr_A0A2R8YF72_A0A2R8YF72_HUMAN:923:953_2jx1_A_1.meme	DONE
TFS_tr_A0A090N7S8_A0A090N7S8_HUMAN:452:562_5ei9_E_1.meme	DONE
TFS_tr_B4DES6_B4DES6_HUMAN:334:361_6dfb_A_1.meme	DONE
DIMER_tr_A0A0C4DGQ9_A0A0C4DGQ9_HUMAN:150:191_1llm_D_1.meme	DONE
TFS_tr_C0IMW8_C0IMW8_HUMAN:48:115_6hc3_A_1.meme	DONE
DIMER_tr_A0A7I2PK40_A0A7I2PK40_HUMAN:35:273_5v0l_B_1.meme	DONE
DIMER_tr_Q7Z4W9_Q7Z4W9_HUMAN:95:149_7z5k_B_1.meme	DONE
DIMER_tr_E5RG39_E5RG39_HUMAN:151:202_1llm_C_1.meme	DONE
TFS_tr_B3KNX6_B3KNX6_HUMAN:95:151_2ql2_B_1.meme	DONE
TFS_tr_A0A669KB50_A0A669KB50_HUMAN:59:89_4mhg_A_1.meme	DONE
TFS_tr_X6RBL6_X6RBL6_HUMAN:147:204_5bt2_A_1.meme	DONE
DIMER_sp_P17031_ZNF26_HUMAN:369:417_1llm_D_1.meme	DONE
TFS_tr_B3KVF1_B3KVF1_HUMAN:129:360_5wjq_D_1.meme	DONE
TFS_sp_Q9NRE2_TSH2_HUMAN:926:950_6e94_A_1.meme	DONE
TFS_tr_X5D9I7_X5D9I7_HUMAN:22:435_5sy7_B_1.meme	DONE
DIMER_sp_Q99742_NPAS1_HUMAN:142:198_8osl_N_1.meme	DONE
TFS_sp_Q86T29_ZN605_HUMAN:224:500_5v3j_E_1.meme	DONE
TFS_tr_A0A286R9D9_A0A286R9D9_HUMAN:1:137_6cij_N_1.meme	DONE
DIMER_tr_A0A669KBJ7_A0A669KBJ7_HUMAN:843:881_3d1n_L_1.meme	DONE
DIMER_tr_Q3LIC1_Q3LIC1_HUMAN:120:168_1llm_D_1.meme	DONE
DIMER_sp_Q7RTU4_BHA09_HUMAN:59:122_2ypa_B_1.meme	DONE
TFS_tr_E9PES6_E9PES6_HUMAN:9:153_6cij_N_1.meme	DONE
DIMER_tr_C8CJL6_C8CJL6_HUMAN:1:59_1hcq_B_1.meme	DONE
TFS_tr_B3KQ07_B3KQ07_HUMAN:151:334_5wjq_D_1.meme	DONE
DIMER_tr_Q96N48_Q96N48_HUMAN:182:231_1llm_C_1.meme	DONE
TFS_sp_Q5T7W0_ZN618_HUMAN:147:170_6ml7_A_1.meme	DONE
TFS_sp_P41218_MNDA_HUMAN:206:395_5z7d_C_1.meme	DONE
TFS_tr_X5D2Q4_X5D2Q4_HUMAN:52:448_5sy7_B_1.meme	DONE
TFS_tr_X5D985_X5D985_HUMAN:20:402_4zpr_B_1.meme	DONE
DIMER_sp_Q9HCC6_HES4_HUMAN:33:93_1an4_B_1.meme	DONE
TFS_tr_A0A0C4DGQ9_A0A0C4DGQ9_HUMAN:129:200_6ml6_A_1.meme	DONE
DIMER_sp_Q7RTU4_BHA09_HUMAN:59:122_1mdy_A_1.meme	DONE
TFS_tr_Q59FE4_Q59FE4_HUMAN:289:442_2i13_A_1.meme	DONE
TFS_sp_Q96JM2_ZN462_HUMAN:1968:2106_8sss_A_1.meme	DONE
TFS_tr_B7Z4R7_B7Z4R7_HUMAN:162:437_5v3m_C_1.meme	DONE
TFS_tr_X5D988_X5D988_HUMAN:22:418_5sy7_B_1.meme	DONE
DIMER_tr_X5D7M0_X5D7M0_HUMAN:22:418_5sy7_B_1.meme	DONE
TFS_tr_C9JE98_C9JE98_HUMAN:614:650_3zqc_A_1.meme	DONE
TFS_tr_B7Z5S2_B7Z5S2_HUMAN:233:386_2i13_A_1.meme	DONE
TFS_tr_K7EQN6_K7EQN6_HUMAN:751:803_3uk3_D_1.meme	DONE
TFS_tr_A0A6E1W9L1_A0A6E1W9L1_HUMAN:424:479_5und_A_1.meme	DONE
DIMER_sp_P12980_LYL1_HUMAN:151:208_1mdy_A_1.meme	DONE
TFS_tr_B4DNH5_B4DNH5_HUMAN:66:335_5v3m_C_1.meme	DONE
TFS_tr_E7ESY4_E7ESY4_HUMAN:288:314_3osf_A_1.meme	DONE
DIMER_tr_B4DMI8_B4DMI8_HUMAN:353:401_1llm_C_1.meme	DONE
TFS_sp_Q96E29_MTEF3_HUMAN:187:365_5co0_O_1.meme	DONE
TFS_tr_A0A669KBC9_A0A669KBC9_HUMAN:105:144_1ubd_C_1.meme	DONE
DIMER_tr_M0R2M9_M0R2M9_HUMAN:91:138_7z5k_B_1.meme	DONE
TFS_sp_Q8IYH5_ZZZ3_HUMAN:655:698_1mse_C_1.meme	DONE
TFS_tr_K7EQN6_K7EQN6_HUMAN:751:802_4is1_C_1.meme	DONE
TFS_tr_Q9BY29_Q9BY29_HUMAN:49:327_5wjq_D_1.meme	DONE
TFS_tr_A0A8Q3SI57_A0A8Q3SI57_HUMAN:1100:1120_6wmi_A_1.meme	DONE
TFS_sp_P41218_MNDA_HUMAN:206:395_5z7d_A_1.meme	DONE
TFS_tr_A0A8V8TMG8_A0A8V8TMG8_HUMAN:138:402_5wjq_D_1.meme	DONE
TFS_tr_Q6P579_Q6P579_HUMAN:146:256_5ei9_E_1.meme	DONE
DIMER_tr_B2RBM8_B2RBM8_HUMAN:771:810_3hdd_A_1.meme	DONE
TFS_tr_H0Y5B5_H0Y5B5_HUMAN:156:224_8hak_N_1.meme	DONE
TFS_sp_Q14103_HNRPD_HUMAN:191:225_7nfc_F_1.meme	DONE
TFS_tr_Q96N48_Q96N48_HUMAN:158:234_5ei9_E_1.meme	DONE
DIMER_sp_Q9H2P0_ADNP_HUMAN:771:810_1du0_A_1.meme	DONE
TFS_tr_A0A994J6Y5_A0A994J6Y5_HUMAN:21:77_8h7a_B_1.meme	DONE
TFS_sp_Q86WZ6_ZN227_HUMAN:435:711_5v3j_E_1.meme	DONE
TFS_tr_D6RA71_D6RA71_HUMAN:150:188_8gui_L_1.meme	DONE
TFS_tr_M0R1P0_M0R1P0_HUMAN:234:509_5v3j_E_1.meme	DONE
TFS_sp_Q96T92_INSM2_HUMAN:263:313_6e94_A_1.meme	DONE
TFS_tr_H3BVG7_H3BVG7_HUMAN:92:150_5t00_A_1.meme	DONE
TFS_sp_Q96K83_ZN521_HUMAN:118:332_5v3j_E_1.meme	DONE
TFS_tr_E9PJ73_E9PJ73_HUMAN:23:45_1skn_P_1.meme	DONE
TFS_sp_Q6ZN18_AEBP2_HUMAN:315:357_1tf3_A_1.meme	DONE
TFS_tr_F8VU39_F8VU39_HUMAN:542:647_7mwh_A_1.meme	DONE
DIMER_sp_Q7RTU4_BHA09_HUMAN:66:122_6od4_B_1.meme	DONE
TFS_tr_H3BS68_H3BS68_HUMAN:134:192_5k5h_A_1.meme	DONE
DIMER_tr_B3KNX6_B3KNX6_HUMAN:95:150_2ypb_A_1.meme	DONE
TFS_tr_J3KNV1_J3KNV1_HUMAN:718:827_5eh2_F_1.meme	DONE
TFS_tr_A0A0C4DGQ9_A0A0C4DGQ9_HUMAN:129:200_6ml7_A_1.meme	DONE
TFS_sp_Q14586_ZN267_HUMAN:407:683_5v3m_C_1.meme	DONE
DIMER_sp_Q8IXF0_NPAS3_HUMAN:52:448_5sy7_B_1.meme	DONE
TFS_sp_P12980_LYL1_HUMAN:150:207_2ql2_B_1.meme	DONE
TFS_sp_Q9Y222_DMTF1_HUMAN:226:290_3osg_A_1.meme	DONE
TFS_tr_A8K8K6_A8K8K6_HUMAN:327:478_2i13_A_1.meme	DONE
TFS_tr_Q6P579_Q6P579_HUMAN:130:283_2i13_A_1.meme	DONE
TFS_tr_D6RC96_D6RC96_HUMAN:367:435_7txc_E_1.meme	DONE
TFS_tr_B2R8D6_B2R8D6_HUMAN:118:393_5v3m_C_1.meme	DONE
DIMER_sp_Q9H2P0_ADNP_HUMAN:771:810_2hdd_A_1.meme	DONE
TFS_sp_Q92966_SNPC3_HUMAN:28:411_7xur_B_1.meme	DONE
TFS_sp_P41218_MNDA_HUMAN:210:395_8i6k_A_1.meme	DONE
TFS_tr_Q96F93_Q96F93_HUMAN:77:353_5v3m_C_1.meme	DONE
TFS_tr_A8K3P5_A8K3P5_HUMAN:463:741_5wjq_D_1.meme	DONE
DIMER_tr_B3KNK7_B3KNK7_HUMAN:449:500_1llm_C_1.meme	DONE
DIMER_sp_Q8N3X6_LCORL_HUMAN:96:126_4ldx_B_1.meme	DONE
TFS_tr_A8K7J8_A8K7J8_HUMAN:184:453_5v3m_C_1.meme	DONE
DIMER_tr_Q6RFS1_Q6RFS1_HUMAN:67:116_1llm_D_1.meme	DONE
DIMER_sp_Q96MX3_ZNF48_HUMAN:301:349_1llm_D_1.meme	DONE
DIMER_tr_Q59FE4_Q59FE4_HUMAN:334:407_1llm_D_1.meme	DONE
TFS_sp_O95983_MBD3_HUMAN:6:52_5bt2_A_1.meme	DONE
TFS_tr_Q6DHZ8_Q6DHZ8_HUMAN:771:809_3d1n_L_1.meme	DONE
TFS_tr_B7Z6K4_B7Z6K4_HUMAN:548:733_8sss_A_1.meme	DONE
TFS_sp_Q9H2P0_ADNP_HUMAN:76:100_4f6n_A_1.meme	DONE
TFS_tr_C9JE98_C9JE98_HUMAN:611:667_6vyp_L_1.meme	DONE
DIMER_tr_X5D2Q4_X5D2Q4_HUMAN:51:447_4zpk_B_1.meme	DONE
TFS_sp_Q96JM2_ZN462_HUMAN:1968:2106_5t0u_A_1.meme	DONE
TFS_tr_D6RJ09_D6RJ09_HUMAN:3:32_7xur_A_1.meme	DONE
TFS_sp_Q8N8E2_ZN513_HUMAN:360:494_8sst_A_1.meme	DONE
DIMER_tr_B4DYU5_B4DYU5_HUMAN:346:392_1llm_D_1.meme	DONE
TFS_tr_Q6P579_Q6P579_HUMAN:78:335_5v3m_C_1.meme	DONE
TFS_tr_Q68CP0_Q68CP0_HUMAN:1922:1998_5kkq_A_1.meme	DONE
TFS_tr_B4DNH5_B4DNH5_HUMAN:66:335_5v3j_E_1.meme	DONE
DIMER_tr_G3V131_G3V131_HUMAN:274:322_1llm_D_1.meme	DONE
TFS_tr_Q9Y4S0_Q9Y4S0_HUMAN:18:232_5v3j_E_1.meme	DONE
DIMER_tr_B2RBM8_B2RBM8_HUMAN:771:810_1hdd_D_1.meme	DONE
TFS_tr_A0A8I5KWX0_A0A8I5KWX0_HUMAN:361:465_5ei9_E_1.meme	DONE
TFS_tr_O14913_O14913_HUMAN:134:412_5wjq_D_1.meme	DONE
TFS_tr_A0A087X0M6_A0A087X0M6_HUMAN:398:551_2i13_A_1.meme	DONE
TFS_tr_B3KVD4_B3KVD4_HUMAN:105:200_6df8_A_1.meme	DONE
TFS_tr_Q8N692_Q8N692_HUMAN:1:154_5v3m_C_1.meme	DONE
TFS_tr_B1ALC2_B1ALC2_HUMAN:115:138_6ml6_A_1.meme	DONE
TFS_tr_B3KM38_B3KM38_HUMAN:174:289_7yuk_A_1.meme	DONE
DIMER_tr_C8CJL6_C8CJL6_HUMAN:1:58_4aa6_B_1.meme	DONE
DIMER_sp_Q7RTU4_BHA09_HUMAN:66:122_6od5_B_1.meme	DONE
TFS_tr_F8VS42_F8VS42_HUMAN:58:454_5sy7_B_1.meme	DONE
DIMER_sp_A9YTQ3_AHRR_HUMAN:32:175_5sy7_B_1.meme	DONE
TFS_tr_X6RCR8_X6RCR8_HUMAN:308:394_1kqq_A_1.meme	DONE
TFS_tr_F5H2K2_F5H2K2_HUMAN:36:74_3uk3_C_1.meme	DONE
TFS_tr_M0QY62_M0QY62_HUMAN:325:601_5v3m_C_1.meme	DONE
DIMER_tr_O14913_O14913_HUMAN:304:354_1llm_D_1.meme	DONE
TFS_tr_H0YN23_H0YN23_HUMAN:197:224_5v3m_C_1.meme	DONE
TFS_sp_Q7RTU7_SCX_HUMAN:76:131_2ypa_A_1.meme	DONE
DIMER_tr_X5DR67_X5DR67_HUMAN:140:419_4zpr_B_1.meme	DONE
TFS_sp_Q96ME7_ZN512_HUMAN:439:466_6dfa_A_1.meme	DONE
DIMER_tr_A0A8V8TMG8_A0A8V8TMG8_HUMAN:251:299_1llm_D_1.meme	DONE
TFS_tr_B4DI41_B4DI41_HUMAN:384:428_3qmb_A_1.meme	DONE
TFS_tr_B4DIA1_B4DIA1_HUMAN:245:398_2i13_A_1.meme	DONE
DIMER_tr_A0A0C4DH12_A0A0C4DH12_HUMAN:106:145_1llm_D_1.meme	DONE
TFS_sp_A8MQ14_ZN850_HUMAN:430:583_2i13_A_1.meme	DONE
TFS_sp_Q8N8E2_ZN513_HUMAN:358:494_2i13_A_1.meme	DONE
TFS_tr_H3BVG7_H3BVG7_HUMAN:92:150_5kkq_A_1.meme	DONE
TFS_sp_Q7RTU7_SCX_HUMAN:76:131_2ypb_A_1.meme	DONE
TFS_sp_Q8IXK0_PHC2_HUMAN:195:231_6ryl_A_1.meme	DONE
DIMER_tr_A8K601_A8K601_HUMAN:1041:1068_1llm_C_1.meme	DONE
TFS_sp_Q8N8E2_ZN513_HUMAN:362:477_5t0u_A_1.meme	DONE
DIMER_sp_O43151_TET3_HUMAN:72:89_1hcq_B_1.meme	DONE
DIMER_sp_Q86TG7_PEG10_HUMAN:4:53_1h88_B_1.meme	DONE
DIMER_sp_Q86TG7_PEG10_HUMAN:4:53_7l4v_B_1.meme	DONE
TFS_tr_Q53Z40_Q53Z40_HUMAN:287:478_5v3m_C_1.meme	DONE
TFS_tr_B4E1F9_B4E1F9_HUMAN:402:554_2i13_A_1.meme	DONE
DIMER_tr_F8WEC7_F8WEC7_HUMAN:688:739_1llm_D_1.meme	DONE
TFS_sp_Q8N1L9_BATF2_HUMAN:21:70_1nwq_C_1.meme	DONE
TFS_tr_M0QY62_M0QY62_HUMAN:325:601_5v3j_E_1.meme	DONE
TFS_sp_Q9C0G0_ZN407_HUMAN:1486:1747_5wjq_D_1.meme	DONE
TFS_tr_Q05BY5_Q05BY5_HUMAN:142:281_5v3j_E_1.meme	DONE
TFS_tr_Q25QX8_Q25QX8_HUMAN:174:452_5wjq_D_1.meme	DONE
TFS_tr_A0A669KBJ7_A0A669KBJ7_HUMAN:511:545_6dfa_A_1.meme	DONE
TFS_tr_X5D7M0_X5D7M0_HUMAN:22:404_4zpr_B_1.meme	DONE
TFS_tr_D6RBC4_D6RBC4_HUMAN:448:542_2lt7_A_1.meme	DONE
TFS_tr_A0A0C4DH12_A0A0C4DH12_HUMAN:92:150_5k5h_A_1.meme	DONE
TFS_tr_Q53EM1_Q53EM1_HUMAN:333:609_5v3j_E_1.meme	DONE
TFS_sp_Q63HK5_TSH3_HUMAN:1041:1068_6df9_A_1.meme	DONE
TFS_tr_A8K7Y5_A8K7Y5_HUMAN:599:877_5wjq_D_1.meme	DONE
DIMER_tr_F8VR32_F8VR32_HUMAN:59:439_4zpr_B_1.meme	DONE
TFS_tr_X5DR67_X5DR67_HUMAN:22:433_5sy7_B_1.meme	DONE
DIMER_tr_A8K5C8_A8K5C8_HUMAN:369:417_1llm_D_1.meme	DONE
TFS_tr_M0R2M9_M0R2M9_HUMAN:91:138_7z5k_B_1.meme	DONE
TFS_tr_X5DNV7_X5DNV7_HUMAN:21:415_4zpk_B_1.meme	DONE
TFS_tr_X5DR67_X5DR67_HUMAN:140:419_4zpr_B_1.meme	DONE
TFS_tr_A8K7Y5_A8K7Y5_HUMAN:573:849_5v3m_C_1.meme	DONE
TFS_sp_Q9Y222_DMTF1_HUMAN:204:325_5eyb_A_1.meme	DONE
TFS_tr_B4DNH5_B4DNH5_HUMAN:66:335_5wjq_D_1.meme	DONE
TFS_sp_O94900_TOX_HUMAN:252:323_6cij_N_1.meme	DONE
TFS_tr_C9J461_C9J461_HUMAN:68:149_1cf7_B_1.meme	DONE
TFS_tr_B7Z1H1_B7Z1H1_HUMAN:208:398_5v3j_E_1.meme	DONE
DIMER_tr_A0A669KBJ7_A0A669KBJ7_HUMAN:843:882_2hdd_A_1.meme	DONE
TFS_tr_E7EV75_E7EV75_HUMAN:21:77_8h7a_A_1.meme	DONE
TFS_tr_A0A1B0GWJ2_A0A1B0GWJ2_HUMAN:285:385_1kqq_A_1.meme	DONE
TFS_sp_Q8N488_RYBP_HUMAN:81:105_2o9l_A_1.meme	DONE
DIMER_tr_Q59G67_Q59G67_HUMAN:168:219_1llm_D_1.meme	DONE
TFS_tr_B1ALC2_B1ALC2_HUMAN:115:138_6ml5_A_1.meme	DONE
DIMER_tr_B0QYW7_B0QYW7_HUMAN:1:36_4aa6_A_1.meme	DONE
TFS_tr_F5H2K2_F5H2K2_HUMAN:34:74_2i13_A_1.meme	DONE
TFS_tr_B3KR55_B3KR55_HUMAN:249:527_5wjq_D_1.meme	DONE
TFS_tr_C9J6L6_C9J6L6_HUMAN:199:367_5wjq_D_1.meme	DONE
DIMER_tr_A0A1W2PQ54_A0A1W2PQ54_HUMAN:212:261_1llm_D_1.meme	DONE
TFS_sp_Q7Z5D8_NANGN_HUMAN:120:160_5jlx_A_1.meme	DONE
TFS_tr_A0A0C4DH12_A0A0C4DH12_HUMAN:66:152_2i13_A_1.meme	DONE
TFS_sp_Q5T7W0_ZN618_HUMAN:146:172_2kmk_A_1.meme	DONE
TFS_sp_Q86T29_ZN605_HUMAN:178:331_2i13_A_1.meme	DONE
TFS_tr_M0R2M9_M0R2M9_HUMAN:87:141_2ql2_B_1.meme	DONE
DIMER_sp_Q96JM2_ZN462_HUMAN:2052:2132_1llm_C_1.meme	DONE
TFS_tr_B4DI41_B4DI41_HUMAN:387:428_3qmd_A_1.meme	DONE
TFS_sp_Q96JF6_ZN594_HUMAN:357:510_2i13_A_1.meme	DONE
TFS_tr_B4DSG8_B4DSG8_HUMAN:137:371_5v3m_C_1.meme	DONE
DIMER_tr_Q658Q3_Q658Q3_HUMAN:125:173_1llm_D_1.meme	DONE
TFS_tr_Q3LIC1_Q3LIC1_HUMAN:37:304_5v3m_C_1.meme	DONE
TFS_tr_F8VR32_F8VR32_HUMAN:159:415_8osl_N_1.meme	DONE
TFS_sp_Q92966_SNPC3_HUMAN:28:411_7zxe_b_1.meme	DONE
TFS_tr_F8VXY9_F8VXY9_HUMAN:226:344_1h88_C_1.meme	DONE
TFS_tr_X5DR67_X5DR67_HUMAN:140:432_4zpk_B_1.meme	DONE
TFS_tr_A7YF73_A7YF73_HUMAN:615:639_6e93_A_1.meme	DONE
TFS_tr_A0A8V8TMG8_A0A8V8TMG8_HUMAN:140:402_5v3m_C_1.meme	DONE
TFS_tr_A0A994J7Z0_A0A994J7Z0_HUMAN:751:802_4is1_C_1.meme	DONE
TFS_tr_H0Y4T7_H0Y4T7_HUMAN:80:106_3osg_A_1.meme	DONE
TFS_sp_Q8IXF0_NPAS3_HUMAN:52:434_4zpr_B_1.meme	DONE
DIMER_tr_B4DXA9_B4DXA9_HUMAN:514:565_1llm_D_1.meme	DONE
TFS_sp_Q9NRM2_ZN277_HUMAN:225:242_7txc_E_1.meme	DONE
TFS_tr_A0A0A0MTK1_A0A0A0MTK1_HUMAN:336:611_5v3m_C_1.meme	DONE
DIMER_sp_Q86WZ6_ZN227_HUMAN:518:569_1llm_D_1.meme	DONE
TFS_sp_Q9NRE2_TSH2_HUMAN:211:238_5wjq_D_1.meme	DONE
DIMER_tr_A6NFS0_A6NFS0_HUMAN:207:256_1llm_D_1.meme	DONE
TFS_tr_A0AV05_A0AV05_HUMAN:204:474_5v3m_C_1.meme	DONE
TFS_tr_A0A1B0GV48_A0A1B0GV48_HUMAN:448:542_5vmy_A_1.meme	DONE
DIMER_tr_Q8N692_Q8N692_HUMAN:47:95_1llm_D_1.meme	DONE
TFS_tr_B3KNK7_B3KNK7_HUMAN:394:669_5v3j_E_1.meme	DONE
TFS_sp_Q7Z5D8_NANGN_HUMAN:120:160_4xid_A_1.meme	DONE
DIMER_tr_X5D985_X5D985_HUMAN:15:415_4zpk_B_1.meme	DONE
TFS_sp_O94892_ZN432_HUMAN:270:423_2i13_A_1.meme	DONE
TFS_tr_Q2VP97_Q2VP97_HUMAN:395:670_5v3m_C_1.meme	DONE
TFS_sp_Q96JM2_ZN462_HUMAN:2025:2101_5t00_A_1.meme	DONE
TFS_tr_Q9GZQ5_Q9GZQ5_HUMAN:2:146_8gpn_K_1.meme	DONE
DIMER_tr_A0A6E1W9L1_A0A6E1W9L1_HUMAN:424:468_1llm_D_1.meme	DONE
TFS_tr_C9J6L6_C9J6L6_HUMAN:222:367_5v3j_E_1.meme	DONE
TFS_tr_B0QYW7_B0QYW7_HUMAN:4:38_1r4i_B_1.meme	DONE
TFS_sp_P12980_LYL1_HUMAN:151:208_1mdy_A_1.meme	DONE
TFS_sp_Q9UI36_DACH1_HUMAN:652:727_7x5f_B_1.meme	DONE
TFS_tr_Q8N508_Q8N508_HUMAN:2:134_5v3j_E_1.meme	DONE
TFS_tr_Q8IW56_Q8IW56_HUMAN:12:67_2ypb_A_1.meme	DONE
TFS_tr_B7Z1H1_B7Z1H1_HUMAN:261:371_5ei9_E_1.meme	DONE
TFS_sp_P51858_HDGF_HUMAN:7:97_5xsk_B_1.meme	DONE
TFS_sp_Q12870_TCF15_HUMAN:73:124_7z5k_B_1.meme	DONE
DIMER_sp_Q7RTU7_SCX_HUMAN:84:127_8ow0_B_1.meme	DONE
TFS_sp_Q99742_NPAS1_HUMAN:46:420_5sy7_B_1.meme	DONE
DIMER_tr_B2RBM8_B2RBM8_HUMAN:771:810_2hdd_A_1.meme	DONE
TFS_tr_O14913_O14913_HUMAN:136:412_5v3j_E_1.meme	DONE
DIMER_sp_Q12870_TCF15_HUMAN:73:124_7z5i_B_1.meme	DONE
TFS_tr_E7EVR1_E7EVR1_HUMAN:298:408_5ei9_E_1.meme	DONE
TFS_tr_Q1RMZ5_Q1RMZ5_HUMAN:694:981_5wjq_D_1.meme	DONE
TFS_tr_Q68CP0_Q68CP0_HUMAN:1865:2003_8sst_A_1.meme	DONE
TFS_tr_A0A8V8TMG8_A0A8V8TMG8_HUMAN:140:402_5v3j_E_1.meme	DONE
TFS_tr_A8K601_A8K601_HUMAN:207:407_5v3m_C_1.meme	DONE
DIMER_tr_Q8IW56_Q8IW56_HUMAN:12:66_7z5k_B_1.meme	DONE
TFS_sp_Q86V15_CASZ1_HUMAN:1454:1486_5yj3_D_1.meme	DONE
TFS_tr_Q53EM1_Q53EM1_HUMAN:333:609_5v3m_C_1.meme	DONE
TFS_tr_E5RH37_E5RH37_HUMAN:743:955_8ssu_A_1.meme	DONE
TFS_tr_X5D7M0_X5D7M0_HUMAN:124:380_8osl_N_1.meme	DONE
DIMER_tr_Q8IYR9_Q8IYR9_HUMAN:95:148_7z5i_B_1.meme	DONE
TFS_tr_A7E228_A7E228_HUMAN:753:801_6ki6_A_1.meme	DONE
TFS_tr_Q6PJQ2_Q6PJQ2_HUMAN:910:1024_5t0u_A_1.meme	DONE
TFS_tr_Q6RFR8_Q6RFR8_HUMAN:129:214_5ei9_E_1.meme	DONE
TFS_tr_C9JQE8_C9JQE8_HUMAN:611:656_3osg_A_1.meme	DONE
TFS_tr_C9JQE8_C9JQE8_HUMAN:612:668_6vyp_L_1.meme	DONE
TFS_sp_Q8TF20_ZN721_HUMAN:208:484_5v3j_E_1.meme	DONE
TFS_sp_A8MQ14_ZN850_HUMAN:308:584_5v3m_C_1.meme	DONE
TFS_tr_Q6RFR8_Q6RFR8_HUMAN:129:218_5v3j_E_1.meme	DONE
TFS_tr_A0A0S2Z4K4_A0A0S2Z4K4_HUMAN:249:385_2i13_A_1.meme	DONE
TFS_sp_Q96MX3_ZNF48_HUMAN:201:353_2i13_A_1.meme	DONE
DIMER_tr_Q53EM1_Q53EM1_HUMAN:528:576_1llm_C_1.meme	DONE
TFS_tr_A0A8V8TLS8_A0A8V8TLS8_HUMAN:318:459_6ml5_A_1.meme	DONE
DIMER_tr_U3KPW8_U3KPW8_HUMAN:194:242_1du0_A_1.meme	DONE
TFS_tr_B7Z5S2_B7Z5S2_HUMAN:193:471_5wjq_D_1.meme	DONE
TFS_tr_Q6RFS3_Q6RFS3_HUMAN:81:351_5v3j_E_1.meme	DONE
TFS_tr_F8W7M8_F8W7M8_HUMAN:793:978_8sss_A_1.meme	DONE
TFS_tr_A0A1B0GUB4_A0A1B0GUB4_HUMAN:81:398_7zxe_c_1.meme	DONE
TFS_sp_Q7RTU4_BHA09_HUMAN:59:122_1mdy_A_1.meme	DONE
TFS_tr_A0A087X0M6_A0A087X0M6_HUMAN:302:580_5wjq_D_1.meme	DONE
DIMER_tr_X5DRF3_X5DRF3_HUMAN:22:182_5sy7_B_1.meme	DONE
DIMER_tr_Q7Z4B9_Q7Z4B9_HUMAN:129:178_1llm_D_1.meme	DONE
TFS_sp_Q8N1L9_BATF2_HUMAN:19:67_5zko_A_1.meme	DONE
TFS_tr_E7EUW9_E7EUW9_HUMAN:242:361_5t0u_A_1.meme	DONE
TFS_sp_O43151_TET3_HUMAN:53:95_6asd_C_1.meme	DONE
DIMER_sp_O75398_DEAF1_HUMAN:504:552_3cbb_A_1.meme	DONE
TFS_tr_A0A1B0GV48_A0A1B0GV48_HUMAN:448:542_5vmx_A_1.meme	DONE
DIMER_tr_X5DRF3_X5DRF3_HUMAN:30:180_5nj8_A_1.meme	DONE
TFS_tr_H0Y5I5_H0Y5I5_HUMAN:310:490_8ssq_A_1.meme	DONE
TFS_tr_J3KT56_J3KT56_HUMAN:90:366_5v3m_C_1.meme	DONE
TFS_sp_Q8NCK3_ZN485_HUMAN:154:432_5wjq_D_1.meme	DONE
DIMER_tr_A0A0J9YX80_A0A0J9YX80_HUMAN:86:134_4iqr_B_1.meme	DONE
TFS_tr_F8WEC7_F8WEC7_HUMAN:551:825_5v3m_C_1.meme	DONE
TFS_sp_Q8N5Y2_MS3L1_HUMAN:52:106_8hy0_M_1.meme	DONE
TFS_sp_Q8N488_RYBP_HUMAN:81:105_2o8k_A_1.meme	DONE
TFS_tr_E7EV75_E7EV75_HUMAN:21:77_7y43_A_1.meme	DONE
TFS_tr_A4D2L0_A4D2L0_HUMAN:12:56_1bc7_C_1.meme	DONE
TFS_tr_A0AAQ5BH24_A0AAQ5BH24_HUMAN:60:105_8ity_V_1.meme	DONE
TFS_sp_Q96T92_INSM2_HUMAN:470:489_1llm_D_1.meme	DONE
TFS_tr_A0AAQ5BH24_A0AAQ5BH24_HUMAN:60:105_8iue_V_1.meme	DONE
TFS_tr_C9K0F2_C9K0F2_HUMAN:260:503_5wjq_D_1.meme	DONE
TFS_tr_B3KTR1_B3KTR1_HUMAN:145:255_5ei9_E_1.meme	DONE
DIMER_tr_A0A994J5J9_A0A994J5J9_HUMAN:217:253_6ryl_C_1.meme	DONE
TFS_tr_A0A494C0U8_A0A494C0U8_HUMAN:310:586_5v3m_C_1.meme	DONE
TFS_sp_Q9UBB5_MBD2_HUMAN:147:204_3c2i_A_1.meme	DONE
TFS_tr_B7Z1H1_B7Z1H1_HUMAN:208:398_5v3m_C_1.meme	DONE
TFS_tr_H0Y5B5_H0Y5B5_HUMAN:156:224_8hag_K_1.meme	DONE
TFS_sp_Q9HD90_NDF4_HUMAN:88:143_2ypa_A_1.meme	DONE
TFS_tr_F8VU39_F8VU39_HUMAN:542:647_7mwh_B_1.meme	DONE
TFS_sp_Q9HCC6_HES4_HUMAN:42:92_4h10_A_1.meme	DONE
TFS_tr_A0AV05_A0AV05_HUMAN:204:474_5v3j_E_1.meme	DONE
DIMER_sp_Q12870_TCF15_HUMAN:81:124_7ssa_L_1.meme	DONE
DIMER_sp_Q9C0G0_ZN407_HUMAN:1712:1760_1llm_C_1.meme	DONE
DIMER_tr_X5DNV7_X5DNV7_HUMAN:22:416_5sy7_B_1.meme	DONE
DIMER_sp_Q96JF6_ZN594_HUMAN:458:509_1llm_D_1.meme	DONE
TFS_tr_B4DXA9_B4DXA9_HUMAN:441:593_2i13_A_1.meme	DONE
TFS_tr_Q7Z4W9_Q7Z4W9_HUMAN:95:150_2ypb_A_1.meme	DONE
TFS_tr_B4DMI8_B4DMI8_HUMAN:130:406_5wjq_D_1.meme	DONE
DIMER_tr_Q6DHZ8_Q6DHZ8_HUMAN:771:810_1hdd_D_1.meme	DONE
TFS_tr_Q6P495_Q6P495_HUMAN:21:53_2gli_A_1.meme	DONE
TFS_tr_X5DNV7_X5DNV7_HUMAN:122:378_8osl_N_1.meme	DONE
TFS_tr_U3KPW8_U3KPW8_HUMAN:194:242_3hdd_A_1.meme	DONE
TFS_tr_A7YF73_A7YF73_HUMAN:615:640_4m9v_C_1.meme	DONE
TFS_tr_Q5DTE4_Q5DTE4_HUMAN:118:219_5eh2_F_1.meme	DONE
DIMER_tr_A0A994J7Z0_A0A994J7Z0_HUMAN:128:176_1llm_D_1.meme	DONE
TFS_tr_X5D7M0_X5D7M0_HUMAN:22:418_5sy7_B_1.meme	DONE
TFS_sp_Q86TG7_PEG10_HUMAN:4:53_1h89_A_1.meme	DONE
TFS_sp_Q7RTU4_BHA09_HUMAN:65:123_2ql2_B_1.meme	DONE
TFS_tr_Q9H726_Q9H726_HUMAN:108:139_6lff_A_1.meme	DONE
TFS_sp_Q9UBB5_MBD2_HUMAN:145:216_6ogj_B_1.meme	DONE
TFS_tr_Q5T7U1_Q5T7U1_HUMAN:8:60_6wge_E_1.meme	DONE
DIMER_sp_Q7RTU7_SCX_HUMAN:84:127_7ssa_L_1.meme	DONE
TFS_tr_B4DQV3_B4DQV3_HUMAN:75:154_7n5t_A_1.meme	DONE
DIMER_tr_F8VS42_F8VS42_HUMAN:57:453_4zpk_B_1.meme	DONE
TFS_tr_B2R8D6_B2R8D6_HUMAN:115:393_5wjq_D_1.meme	DONE
TFS_tr_H7C414_H7C414_HUMAN:543:735_8sst_A_1.meme	DONE
TFS_sp_Q92966_SNPC3_HUMAN:21:411_8ity_3_1.meme	DONE
TFS_tr_Q59GP6_Q59GP6_HUMAN:895:930_6df9_A_1.meme	DONE
TFS_tr_J3KQH6_J3KQH6_HUMAN:755:790_5vmz_A_1.meme	DONE
DIMER_tr_Q6DHZ8_Q6DHZ8_HUMAN:771:810_1du0_A_1.meme	DONE
TFS_tr_H7C414_H7C414_HUMAN:601:800_8ssu_A_1.meme	DONE
TFS_tr_X5DRF3_X5DRF3_HUMAN:22:180_4zpr_B_1.meme	DONE
TFS_tr_X5DRF3_X5DRF3_HUMAN:21:180_4zpk_B_1.meme	DONE
TFS_tr_A0A669KBC9_A0A669KBC9_HUMAN:94:148_1g2f_C_1.meme	DONE
DIMER_tr_M0R087_M0R087_HUMAN:61:101_1llm_C_1.meme	DONE
DIMER_tr_A0A994J5J9_A0A994J5J9_HUMAN:217:253_6ryl_A_1.meme	DONE
TFS_tr_B3KVD4_B3KVD4_HUMAN:105:200_5vmv_A_1.meme	DONE
TFS_tr_A0AV05_A0AV05_HUMAN:186:339_2i13_A_1.meme	DONE
TFS_sp_Q9H8Y1_VRTN_HUMAN:503:542_6w8v_A_1.meme	DONE
TFS_tr_G3V131_G3V131_HUMAN:210:354_2i13_A_1.meme	DONE
TFS_tr_B3KQ07_B3KQ07_HUMAN:160:298_2i13_A_1.meme	DONE
DIMER_tr_M0QY62_M0QY62_HUMAN:548:599_1llm_D_1.meme	DONE
TFS_tr_Q7Z4B9_Q7Z4B9_HUMAN:112:265_2i13_A_1.meme	DONE
TFS_tr_Q53Z40_Q53Z40_HUMAN:297:478_5wjq_D_1.meme	DONE
TFS_tr_A0A669KBC9_A0A669KBC9_HUMAN:87:144_6b0r_D_1.meme	DONE
TFS_tr_F8W7M8_F8W7M8_HUMAN:793:978_8sst_A_1.meme	DONE
TFS_tr_A0A1U9X8X7_A0A1U9X8X7_HUMAN:330:606_5v3m_C_1.meme	DONE
TFS_tr_A0A0A0MTK1_A0A0A0MTK1_HUMAN:336:611_5v3j_E_1.meme	DONE
TFS_sp_Q14586_ZN267_HUMAN:433:711_5wjq_D_1.meme	DONE
TFS_sp_Q86V15_CASZ1_HUMAN:668:692_5ke7_A_1.meme	DONE
TFS_tr_A0A1B0GV48_A0A1B0GV48_HUMAN:448:542_2lt7_A_1.meme	DONE
DIMER_tr_H3BS68_H3BS68_HUMAN:148:187_1llm_D_1.meme	DONE
TFS_tr_H0Y488_H0Y488_HUMAN:623:744_1kqq_A_1.meme	DONE
TFS_tr_B2RBM8_B2RBM8_HUMAN:76:100_4f6m_A_1.meme	DONE
TFS_tr_A0A0A0MTT2_A0A0A0MTT2_HUMAN:398:551_2i13_A_1.meme	DONE
TFS_tr_Q5T427_Q5T427_HUMAN:73:132_6ml4_A_1.meme	DONE
TFS_tr_A0A8V8TLS8_A0A8V8TLS8_HUMAN:318:460_6ml4_A_1.meme	DONE
TFS_sp_Q8TCN5_ZN507_HUMAN:641:805_8sss_A_1.meme	DONE
TFS_sp_O15405_TOX3_HUMAN:253:325_3nm9_P_1.meme	DONE
TFS_tr_Q3MN16_Q3MN16_HUMAN:151:179_1tf3_A_1.meme	DONE
TFS_sp_Q8WTV1_THAP3_HUMAN:1:82_2ko0_A_1.meme	DONE
TFS_sp_Q6ZN18_AEBP2_HUMAN:262:356_2gli_A_1.meme	DONE
TFS_sp_Q96MA1_DMRTB_HUMAN:4:65_4yj0_B_1.meme	DONE
TFS_tr_A0A0C4DGM2_A0A0C4DGM2_HUMAN:246:450_5v3m_C_1.meme	DONE
TFS_sp_Q6ZRF7_ZN818_HUMAN:66:114_5ei9_E_1.meme	DONE
TFS_tr_B7Z885_B7Z885_HUMAN:926:977_6vtx_A_1.meme	DONE
TFS_tr_E9PES6_E9PES6_HUMAN:10:153_5ze0_N_1.meme	DONE
TFS_tr_B7Z4R7_B7Z4R7_HUMAN:20:298_5wjq_D_1.meme	DONE
TFS_tr_E7EUW9_E7EUW9_HUMAN:242:361_8sss_A_1.meme	DONE
TFS_tr_A0A994J6Y5_A0A994J6Y5_HUMAN:21:77_7y43_A_1.meme	DONE
TFS_tr_A0A0A0MTT2_A0A0A0MTT2_HUMAN:332:599_5v3m_C_1.meme	DONE
TFS_tr_Q3LIC1_Q3LIC1_HUMAN:1:280_7w1m_H_1.meme	DONE
TFS_tr_B3KTR1_B3KTR1_HUMAN:70:338_5v3j_E_1.meme	DONE
TFS_tr_F5H2K2_F5H2K2_HUMAN:36:74_4is1_D_1.meme	DONE
TFS_sp_Q9H582_ZN644_HUMAN:410:480_5ei9_E_1.meme	DONE
TFS_tr_F8WEC7_F8WEC7_HUMAN:577:852_5wjq_D_1.meme	DONE
TFS_sp_Q96JF6_ZN594_HUMAN:237:511_5wjq_D_1.meme	DONE
DIMER_sp_Q8N1L9_BATF2_HUMAN:22:67_1ysa_D_1.meme	DONE
TFS_tr_B4DSG8_B4DSG8_HUMAN:222:332_5ei9_E_1.meme	DONE
DIMER_sp_Q9HD90_NDF4_HUMAN:88:143_1mdy_B_1.meme	DONE
TFS_tr_A8K8K6_A8K8K6_HUMAN:297:478_5wjq_D_1.meme	DONE
TFS_tr_Q5T942_Q5T942_HUMAN:594:661_2kmk_A_1.meme	DONE
TFS_sp_Q9Y483_MTF2_HUMAN:48:352_5xfq_A_1.meme	DONE
TFS_sp_Q8IXF0_NPAS3_HUMAN:51:447_4zpk_B_1.meme	DONE
TFS_tr_A0A140VJP0_A0A140VJP0_HUMAN:5:63_4qr9_B_1.meme	DONE
TFS_tr_A0A0A0MTH2_A0A0A0MTH2_HUMAN:448:558_5ei9_E_1.meme	DONE
TFS_tr_C9JNM8_C9JNM8_HUMAN:53:139_5co0_O_1.meme	DONE
TFS_sp_Q14103_HNRPD_HUMAN:191:225_6zhe_F_1.meme	DONE
DIMER_tr_Q6DHZ8_Q6DHZ8_HUMAN:771:810_2hdd_A_1.meme	DONE
DIMER_tr_A0A669KBJ7_A0A669KBJ7_HUMAN:843:882_1hdd_D_1.meme	DONE
TFS_tr_B1ALC2_B1ALC2_HUMAN:115:138_6ml3_A_1.meme	DONE
TFS_tr_Q658N3_Q658N3_HUMAN:13:132_4wzs_B_1.meme	DONE
DIMER_tr_B4DQV3_B4DQV3_HUMAN:102:157_1llm_C_1.meme	DONE
TFS_tr_Q658Q3_Q658Q3_HUMAN:13:288_5v3m_C_1.meme	DONE
TFS_tr_B3KVD4_B3KVD4_HUMAN:105:200_4f6m_A_1.meme	DONE
TFS_tr_A4D2L0_A4D2L0_HUMAN:12:56_1bc8_C_1.meme	DONE
TFS_tr_A0A1U9X8X7_A0A1U9X8X7_HUMAN:272:550_5wjq_D_1.meme	DONE
TFS_tr_H0YCZ0_H0YCZ0_HUMAN:250:303_8h9h_G_1.meme	DONE
DIMER_tr_B2RBM8_B2RBM8_HUMAN:771:809_3d1n_L_1.meme	DONE
TFS_sp_A9YTQ3_AHRR_HUMAN:35:277_5nj8_A_1.meme	DONE
TFS_tr_B4DXX0_B4DXX0_HUMAN:210:354_2i13_A_1.meme	DONE
TFS_tr_Q6P579_Q6P579_HUMAN:78:335_5v3j_E_1.meme	DONE
TFS_tr_B7Z885_B7Z885_HUMAN:920:971_1g2f_C_1.meme	DONE
TFS_sp_Q7Z5D8_NANGN_HUMAN:120:160_4xic_A_1.meme	DONE
TFS_tr_E7EPA0_E7EPA0_HUMAN:226:290_3osf_A_1.meme	DONE
TFS_sp_Q4LE39_ARI4B_HUMAN:308:398_2oeh_A_1.meme	DONE
DIMER_tr_Q05BW2_Q05BW2_HUMAN:59:136_1nlw_A_1.meme	DONE
TFS_tr_E5KSU5_E5KSU5_HUMAN:44:240_6hb4_A_1.meme	DONE
TFS_tr_Q5T427_Q5T427_HUMAN:73:132_6ml3_A_1.meme	DONE
TFS_tr_B4DQV3_B4DQV3_HUMAN:218:332_2i13_A_1.meme	DONE
TFS_tr_X6RBL6_X6RBL6_HUMAN:147:204_6c1y_A_1.meme	DONE
TFS_tr_Q05BW2_Q05BW2_HUMAN:59:138_5i50_A_1.meme	DONE
TFS_tr_Q05BY5_Q05BY5_HUMAN:143:279_2i13_A_1.meme	DONE
TFS_tr_B3KNX6_B3KNX6_HUMAN:95:151_1mdy_B_1.meme	DONE
TFS_tr_A0A0A0MTK1_A0A0A0MTK1_HUMAN:355:499_2i13_A_1.meme	DONE
TFS_tr_A0A140VJP0_A0A140VJP0_HUMAN:5:63_1ckt_A_1.meme	DONE
TFS_tr_A0A140VJP0_A0A140VJP0_HUMAN:5:63_4qr9_A_1.meme	DONE
TFS_tr_X5DRF3_X5DRF3_HUMAN:30:180_5nj8_A_1.meme	DONE
TFS_sp_Q8TF20_ZN721_HUMAN:318:596_5wjq_D_1.meme	DONE
TFS_tr_A0A090N7S8_A0A090N7S8_HUMAN:340:587_5wjq_D_1.meme	DONE
DIMER_tr_B0QYW7_B0QYW7_HUMAN:2:39_2c7a_A_1.meme	DONE
DIMER_tr_Q5DTE4_Q5DTE4_HUMAN:138:187_1llm_D_1.meme	DONE
TFS_sp_O95983_MBD3_HUMAN:6:52_6c1y_A_1.meme	DONE
TFS_sp_Q8TE85_GRHL3_HUMAN:229:463_5mpf_B_1.meme	DONE
TFS_tr_O43245_O43245_HUMAN:303:361_4aa6_B_1.meme	DONE
TFS_tr_A0A994J5C6_A0A994J5C6_HUMAN:132:180_3uk3_C_1.meme	DONE
DIMER_tr_A0A087X0M6_A0A087X0M6_HUMAN:919:968_1llm_D_1.meme	DONE
TFS_tr_A0A0A0MS90_A0A0A0MS90_HUMAN:7:61_6ogj_B_1.meme	DONE
TFS_tr_F8VXY9_F8VXY9_HUMAN:306:344_1h8a_C_1.meme	DONE
DIMER_tr_A0A669KBJ7_A0A669KBJ7_HUMAN:843:882_1du0_A_1.meme	DONE
TFS_tr_A0A994J5J9_A0A994J5J9_HUMAN:217:253_6ryl_A_1.meme	DONE
TFS_tr_A0A8V8TLS8_A0A8V8TLS8_HUMAN:318:460_6ml6_A_1.meme	DONE
DIMER_tr_A0A994J5J9_A0A994J5J9_HUMAN:217:253_6ryi_B_1.meme	DONE
DIMER_tr_B3KTR1_B3KTR1_HUMAN:174:225_1llm_D_1.meme	DONE
TFS_tr_J3KT56_J3KT56_HUMAN:116:226_5ei9_E_1.meme	DONE
TFS_sp_Q14190_SIM2_HUMAN:2:335_4zpr_B_1.meme	DONE
TFS_tr_A8K601_A8K601_HUMAN:1041:1068_6df9_A_1.meme	DONE
TFS_sp_Q9H2P0_ADNP_HUMAN:76:100_6v8u_A_1.meme	DONE
TFS_tr_H0Y5I5_H0Y5I5_HUMAN:276:413_2i13_A_1.meme	DONE
TFS_tr_A0A1B0GV48_A0A1B0GV48_HUMAN:448:542_6dfc_A_1.meme	DONE
TFS_tr_A0A3B3IU83_A0A3B3IU83_HUMAN:336:407_2mf8_A_1.meme	DONE
DIMER_tr_U3KPW8_U3KPW8_HUMAN:194:242_2hot_A_1.meme	DONE
TFS_sp_O15405_TOX3_HUMAN:246:317_6cij_N_1.meme	DONE
TFS_tr_F8W7M8_F8W7M8_HUMAN:865:979_5t0u_A_1.meme	DONE
TFS_tr_A0A087WYF4_A0A087WYF4_HUMAN:211:364_2i13_A_1.meme	DONE
TFS_tr_B3KQX0_B3KQX0_HUMAN:15:236_8ssu_A_1.meme	DONE
TFS_sp_O60284_ST18_HUMAN:765:795_2jx1_A_1.meme	DONE
TFS_tr_B4DYU5_B4DYU5_HUMAN:316:412_5ei9_E_1.meme	DONE
TFS_tr_Q5T942_Q5T942_HUMAN:609:662_5eh2_F_1.meme	DONE
TFS_sp_Q96MA1_DMRTB_HUMAN:7:65_4yj0_A_1.meme	DONE
TFS_tr_U3KPW8_U3KPW8_HUMAN:194:242_1du0_A_1.meme	DONE
TFS_tr_A0A1C7CYX1_A0A1C7CYX1_HUMAN:1027:1063_4r2d_A_1.meme	DONE
DIMER_tr_B4E1F9_B4E1F9_HUMAN:447:495_1llm_C_1.meme	DONE
TFS_tr_A8K5C8_A8K5C8_HUMAN:227:505_5wjq_D_1.meme	DONE
TFS_tr_A0A2R8YF72_A0A2R8YF72_HUMAN:879:953_2mf8_A_1.meme	DONE
TFS_tr_B2RB92_B2RB92_HUMAN:362:638_5v3m_C_1.meme	DONE
TFS_tr_B4DMI8_B4DMI8_HUMAN:130:406_5v3m_C_1.meme	DONE
TFS_sp_P12980_LYL1_HUMAN:148:209_2ypb_A_1.meme	DONE
TFS_sp_Q9BT49_THAP7_HUMAN:58:93_2l1g_A_1.meme	DONE
TFS_sp_Q96T92_INSM2_HUMAN:422:448_1g2f_C_1.meme	DONE
TFS_tr_D6RC96_D6RC96_HUMAN:390:422_6u9q_A_1.meme	DONE
TFS_tr_Q25QX8_Q25QX8_HUMAN:205:490_7w1m_H_1.meme	DONE
TFS_tr_A0A994J5J9_A0A994J5J9_HUMAN:217:253_6ryd_B_1.meme	DONE
TFS_tr_Q59FW1_Q59FW1_HUMAN:80:106_3osf_A_1.meme	DONE
TFS_tr_B4DXX0_B4DXX0_HUMAN:139:434_7w1m_H_1.meme	DONE
TFS_tr_H3BS68_H3BS68_HUMAN:127:188_6ml3_A_1.meme	DONE
TFS_sp_Q96JF6_ZN594_HUMAN:459:730_5v3j_E_1.meme	DONE
DIMER_tr_X5D985_X5D985_HUMAN:20:402_4zpr_B_1.meme	DONE
TFS_tr_B2RBM8_B2RBM8_HUMAN:439:473_6dfa_A_1.meme	DONE
TFS_tr_B3KTR1_B3KTR1_HUMAN:70:338_5v3m_C_1.meme	DONE
TFS_tr_U3KPW8_U3KPW8_HUMAN:194:242_2hdd_A_1.meme	DONE
TFS_tr_H0Y5I5_H0Y5I5_HUMAN:310:490_8ssr_A_1.meme	DONE
TFS_tr_I3L216_I3L216_HUMAN:125:262_5v3j_E_1.meme	DONE
TFS_sp_A8MQ14_ZN850_HUMAN:561:859_7w1m_H_1.meme	DONE
DIMER_tr_A0A0S2Z658_A0A0S2Z658_HUMAN:374:425_1llm_D_1.meme	DONE
TFS_tr_Q9Y4S0_Q9Y4S0_HUMAN:67:212_2i13_A_1.meme	DONE
TFS_sp_Q9H582_ZN644_HUMAN:410:480_5eh2_F_1.meme	DONE
TFS_tr_C8CJL6_C8CJL6_HUMAN:1:61_8ifo_A_1.meme	DONE
TFS_tr_F8VU39_F8VU39_HUMAN:541:648_7mwl_A_1.meme	DONE
TFS_tr_A8K7Y5_A8K7Y5_HUMAN:573:849_5v3j_E_1.meme	DONE
TFS_tr_B7Z4R7_B7Z4R7_HUMAN:135:433_7w1m_H_1.meme	DONE
TFS_tr_Q658Q3_Q658Q3_HUMAN:14:288_7w1m_H_1.meme	DONE
TFS_tr_F8VR32_F8VR32_HUMAN:59:453_5sy7_B_1.meme	DONE
DIMER_tr_F8VS42_F8VS42_HUMAN:58:440_4zpr_B_1.meme	DONE
TFS_sp_Q8NHM5_KDM2B_HUMAN:66:573_7uv9_K_1.meme	DONE
TFS_tr_A0A5F9ZI68_A0A5F9ZI68_HUMAN:2:350_8gpn_K_1.meme	DONE
DIMER_tr_A0A7I2PK40_A0A7I2PK40_HUMAN:30:163_8osl_N_1.meme	DONE
TFS_tr_Q9BY29_Q9BY29_HUMAN:108:406_7w1m_H_1.meme	DONE
TFS_tr_Q59HC5_Q59HC5_HUMAN:22:273_8ssr_A_1.meme	DONE
DIMER_tr_A0A7P0TA87_A0A7P0TA87_HUMAN:27:63_1am9_D_1.meme	DONE
TFS_tr_B7Z5S2_B7Z5S2_HUMAN:168:466_7w1m_H_1.meme	DONE
DIMER_sp_Q96SQ7_ATOH8_HUMAN:228:282_5i50_B_1.meme	DONE
TFS_tr_A0A0A0MTT2_A0A0A0MTT2_HUMAN:295:575_7w1m_H_1.meme	DONE
TFS_tr_F8W7M8_F8W7M8_HUMAN:731:974_8ssr_A_1.meme	DONE
TFS_tr_B2R8D6_B2R8D6_HUMAN:120:391_7w1m_H_1.meme	DONE
TFS_tr_Q53TD0_Q53TD0_HUMAN:663:795_5ze1_N_1.meme	DONE
TFS_tr_E9PES6_E9PES6_HUMAN:11:153_5ze1_N_1.meme	DONE
TFS_tr_A0A494C0U8_A0A494C0U8_HUMAN:255:553_7w1m_H_1.meme	DONE
TFS_sp_Q8TCN5_ZN507_HUMAN:638:821_8ssq_A_1.meme	DONE
TFS_tr_B7Z6K4_B7Z6K4_HUMAN:548:764_7w1m_H_1.meme	DONE
TFS_tr_Q6RFS3_Q6RFS3_HUMAN:82:374_7w1m_H_1.meme	DONE
DIMER_tr_Q05BW2_Q05BW2_HUMAN:59:138_5i50_A_1.meme	DONE
TFS_tr_M0QY62_M0QY62_HUMAN:298:596_7w1m_H_1.meme	DONE
TFS_sp_Q9P2F9_ZN319_HUMAN:200:446_8ssr_A_1.meme	DONE
TFS_tr_A0A087X0M6_A0A087X0M6_HUMAN:529:827_7w1m_H_1.meme	DONE
TFS_tr_A0A1U9X8X7_A0A1U9X8X7_HUMAN:248:545_7w1m_H_1.meme	DONE
TFS_tr_A0A286R9D9_A0A286R9D9_HUMAN:1:136_5ze0_N_1.meme	DONE
TFS_sp_A6NDX5_ZN840_HUMAN:417:707_7w1m_H_1.meme	DONE
TFS_tr_Q53EM1_Q53EM1_HUMAN:307:604_7w1m_H_1.meme	DONE
DIMER_tr_M0R2M9_M0R2M9_HUMAN:116:136_1am9_B_1.meme	DONE
TFS_tr_A8K7Y5_A8K7Y5_HUMAN:546:844_7w1m_H_1.meme	DONE
TFS_sp_Q8TCN5_ZN507_HUMAN:638:821_8ssr_A_1.meme	DONE
DIMER_tr_A0A7P0TA87_A0A7P0TA87_HUMAN:27:63_1am9_B_1.meme	DONE
TFS_sp_Q7RTU7_SCX_HUMAN:67:124_5i50_B_1.meme	DONE
DIMER_sp_Q7RTU7_SCX_HUMAN:67:124_5i50_B_1.meme	DONE
TFS_tr_E7ES08_E7ES08_HUMAN:11:155_5ze2_N_1.meme	DONE
TFS_tr_Q6LES8_Q6LES8_HUMAN:44:236_7lbw_A_1.meme	DONE
TFS_tr_H7C414_H7C414_HUMAN:543:800_7w1m_H_1.meme	DONE
TFS_tr_B7Z6K4_B7Z6K4_HUMAN:486:729_8ssr_A_1.meme	DONE
TFS_sp_Q14586_ZN267_HUMAN:464:734_7w1m_H_1.meme	DONE
TFS_tr_A0A286R9D9_A0A286R9D9_HUMAN:1:136_5zdz_N_1.meme	DONE
TFS_tr_B3KNK7_B3KNK7_HUMAN:368:665_7w1m_H_1.meme	DONE
TFS_sp_Q8TF20_ZN721_HUMAN:377:666_7w1m_H_1.meme	DONE
TFS_tr_O14913_O14913_HUMAN:137:435_7w1m_H_1.meme	DONE
TFS_tr_E7ES08_E7ES08_HUMAN:11:155_5ze1_N_1.meme	DONE
TFS_tr_A0A1U9X8W6_A0A1U9X8W6_HUMAN:303:601_7w1m_H_1.meme	DONE
TFS_sp_Q8NCK3_ZN485_HUMAN:159:430_7w1m_H_1.meme	DONE
TFS_tr_Q96K00_Q96K00_HUMAN:121:419_7w1m_H_1.meme	DONE
TFS_tr_B3KPL8_B3KPL8_HUMAN:231:511_7w1m_H_1.meme	DONE
TFS_sp_Q86WZ6_ZN227_HUMAN:436:734_7w1m_H_1.meme	DONE
TFS_tr_Q59FE4_Q59FE4_HUMAN:168:466_7w1m_H_1.meme	DONE
TFS_tr_Q59G30_Q59G30_HUMAN:184:437_7w1m_H_1.meme	DONE
TFS_sp_P17031_ZNF26_HUMAN:202:500_7w1m_H_1.meme	DONE
TFS_sp_Q9P2F9_ZN319_HUMAN:258:532_7w1m_H_1.meme	DONE
TFS_tr_A0A7I2PK40_A0A7I2PK40_HUMAN:30:163_8osk_N_1.meme	DONE
TFS_tr_B2RB92_B2RB92_HUMAN:363:661_7w1m_H_1.meme	DONE
TFS_sp_Q9Y5B6_PAXB1_HUMAN:504:528_8ow0_f_1.meme	DONE
TFS_tr_Q6PJQ2_Q6PJQ2_HUMAN:838:1054_7w1m_H_1.meme	DONE
TFS_tr_Q2VP97_Q2VP97_HUMAN:424:721_7w1m_H_1.meme	DONE
TFS_tr_A8K7J8_A8K7J8_HUMAN:199:449_7w1m_H_1.meme	DONE
TFS_tr_F8WAI8_F8WAI8_HUMAN:697:1010_7w1m_H_1.meme	DONE
TFS_tr_Q53TD0_Q53TD0_HUMAN:663:795_5ze2_N_1.meme	DONE
TFS_tr_Q53TD0_Q53TD0_HUMAN:663:795_5ze0_N_1.meme	DONE
TFS_tr_A0AV05_A0AV05_HUMAN:181:470_7w1m_H_1.meme	DONE
DIMER_tr_A0A7I2PK40_A0A7I2PK40_HUMAN:30:163_8osk_N_1.meme	DONE
TFS_sp_Q9Y5B6_PAXB1_HUMAN:504:528_4kud_B_1.meme	DONE
TFS_tr_F8W7M8_F8W7M8_HUMAN:793:1009_7w1m_H_1.meme	DONE
TFS_tr_Q53TD0_Q53TD0_HUMAN:663:795_5zdz_N_1.meme	DONE
TFS_tr_E7ES08_E7ES08_HUMAN:10:155_5ze0_N_1.meme	DONE
TFS_sp_Q9Y5B6_PAXB1_HUMAN:504:528_4kud_F_1.meme	DONE
TFS_tr_E9PES6_E9PES6_HUMAN:11:153_5ze2_N_1.meme	DONE
TFS_tr_A0A286R9D9_A0A286R9D9_HUMAN:1:136_5ze2_N_1.meme	DONE
TFS_tr_E9PES6_E9PES6_HUMAN:11:153_5zdz_N_1.meme	DONE
TFS_tr_A8K5C8_A8K5C8_HUMAN:202:500_7w1m_H_1.meme	DONE
TFS_tr_B3KQX0_B3KQX0_HUMAN:3:238_7w1m_H_1.meme	DONE
TFS_tr_B4DR15_B4DR15_HUMAN:171:432_7w1m_H_1.meme	DONE
TFS_tr_Q96F93_Q96F93_HUMAN:95:349_7w1m_H_1.meme	DONE
TFS_tr_E5KSU5_E5KSU5_HUMAN:44:236_7lbw_A_1.meme	DONE
TFS_tr_B4DU56_B4DU56_HUMAN:168:466_7w1m_H_1.meme	DONE
TFS_tr_Q1RMZ5_Q1RMZ5_HUMAN:697:1010_7w1m_H_1.meme	DONE
TFS_tr_B4E1F9_B4E1F9_HUMAN:226:523_7w1m_H_1.meme	DONE
TFS_tr_Q59G67_Q59G67_HUMAN:58:356_7w1m_H_1.meme	DONE
TFS_tr_H7BXP3_H7BXP3_HUMAN:367:664_7w1m_H_1.meme	DONE
TFS_sp_Q96JF6_ZN594_HUMAN:376:670_7w1m_H_1.meme	DONE
TFS_tr_Q6LES8_Q6LES8_HUMAN:44:236_4nnu_A_1.meme	DONE
TFS_tr_B4DMI8_B4DMI8_HUMAN:103:401_7w1m_H_1.meme	DONE
TFS_tr_M0R1P0_M0R1P0_HUMAN:233:532_7w1m_H_1.meme	DONE
TFS_tr_A0A286R9D9_A0A286R9D9_HUMAN:1:136_5ze1_N_1.meme	DONE
TFS_tr_A0A0A0MTK1_A0A0A0MTK1_HUMAN:309:607_7w1m_H_1.meme	DONE
TFS_tr_Q6PJQ2_Q6PJQ2_HUMAN:776:1019_8ssr_A_1.meme	DONE
DIMER_sp_Q12870_TCF15_HUMAN:73:121_5i50_B_1.meme	DONE
TFS_sp_Q7RTU7_SCX_HUMAN:76:124_8ott_M_1.meme	DONE
TFS_sp_Q96SQ7_ATOH8_HUMAN:228:282_5i50_B_1.meme	DONE
TFS_sp_O94892_ZN432_HUMAN:233:531_7w1m_H_1.meme	DONE
TFS_tr_Q59HC5_Q59HC5_HUMAN:508:785_7w1m_H_1.meme	DONE
DIMER_sp_A9YTQ3_AHRR_HUMAN:34:167_8osk_N_1.meme	DONE
TFS_tr_A8K3P5_A8K3P5_HUMAN:439:736_7w1m_H_1.meme	DONE
TFS_tr_E7ES08_E7ES08_HUMAN:11:155_5zdz_N_1.meme	DONE
TFS_tr_Q05BW2_Q05BW2_HUMAN:59:135_8ots_M_1.meme	DONE
DIMER_sp_A9YTQ3_AHRR_HUMAN:34:167_8osl_N_1.meme	DONE
TFS_sp_Q86T29_ZN605_HUMAN:337:638_7w1m_H_1.meme	DONE
TFS_tr_A8K433_A8K433_HUMAN:116:377_7w1m_H_1.meme	DONE
TFS_tr_E5KSU5_E5KSU5_HUMAN:44:236_4nnu_A_1.meme	DONE
TFS_sp_Q14190_SIM2_HUMAN:2:332_8osl_N_1.meme	DONE
DIMER_sp_Q14190_SIM2_HUMAN:2:332_8osk_N_1.meme	DONE
TFS_tr_G3V131_G3V131_HUMAN:139:434_7w1m_H_1.meme	DONE
TFS_sp_A9YTQ3_AHRR_HUMAN:34:167_8osk_N_1.meme	DONE
TFS_tr_B3KR55_B3KR55_HUMAN:308:598_7w1m_H_1.meme	DONE
TFS_tr_A0A8V8TMG8_A0A8V8TMG8_HUMAN:141:402_7w1m_H_1.meme	DONE
TFS_tr_A0A7I2PK40_A0A7I2PK40_HUMAN:30:163_8osl_N_1.meme	DONE
DIMER_tr_A0A7P0TA87_A0A7P0TA87_HUMAN:7:55_8osl_N_1.meme	DONE
TFS_sp_Q14190_SIM2_HUMAN:2:332_8osk_N_1.meme	DONE
TFS_tr_A0A5F9ZHS3_A0A5F9ZHS3_HUMAN:2:629_8gpn_K_1.meme	DONE
DIMER_tr_A0A7P0TA87_A0A7P0TA87_HUMAN:7:55_8osl_N_1.meme	DONE
TFS_tr_A0A7I2PK40_A0A7I2PK40_HUMAN:30:163_8osl_N_1.meme	DONE
TFS_sp_Q14190_SIM2_HUMAN:2:332_8osk_N_1.meme	DONE
TFS_tr_A0A5F9ZHS3_A0A5F9ZHS3_HUMAN:2:629_8gpn_K_1.meme	DONE
TFS_sp_A9YTQ3_AHRR_HUMAN:34:167_8osl_N_1.meme	DONE
DIMER_sp_Q14190_SIM2_HUMAN:2:332_8osl_N_1.meme	DONE
DIMER_sp_Q12870_TCF15_HUMAN:74:121_8osl_N_1.meme	DONE
TFS_sp_A9YTQ3_AHRR_HUMAN:34:167_8osl_N_1.meme	DONE
DIMER_sp_Q12870_TCF15_HUMAN:74:121_8osl_N_1.meme	DONE
